<stg><name>dense<array<ap_int<4>, 2u>, array<ap_fixed<16, 6, 5, 3, 0>, 10u>, config11></name>


<trans_list>

<trans id="22" from="1" to="2">
<condition id="-1">
<or_exp><and_exp></and_exp></or_exp>
</condition>
</trans>
</trans_list>



<state_list>

<state id="1" st_id="1">

<operation id="3" st_id="1" stage="1" lat="1">
<core>FIFO_SRL</core>
<MemPortIdVec></MemPortIdVec>
<condition id="-1">
<or_exp><and_exp></and_exp></or_exp>
</condition>

<Node id="5" bw="8" op_0_bw="8" op_1_bw="8">
<![CDATA[
entry:2 %layer10_out_read = read i8 @_ssdm_op_Read.ap_fifo.volatile.i8P0A, i8 %layer10_out

]]></Node>
<StgValue><ssdm name="layer10_out_read"/></StgValue>
</operation>

<operation id="4" st_id="1" stage="1" lat="1">
<core>NULL</core>
<MemPortIdVec></MemPortIdVec>
<condition id="-1">
<or_exp><and_exp></and_exp></or_exp>
</condition>

<Node id="7" bw="2" op_0_bw="8">
<![CDATA[
entry:4 %trunc_ln813 = trunc i8 %layer10_out_read

]]></Node>
<StgValue><ssdm name="trunc_ln813"/></StgValue>
</operation>
</state>

<state id="2" st_id="2">

<operation id="5" st_id="2" stage="1" lat="1">
<core>NULL</core>
<MemPortIdVec></MemPortIdVec>
<condition id="-1">
<or_exp><and_exp></and_exp></or_exp>
</condition>

<Node id="3" bw="0" op_0_bw="0" op_1_bw="160" op_2_bw="0" op_3_bw="32" op_4_bw="32" op_5_bw="0" op_6_bw="32" op_7_bw="32" op_8_bw="0" op_9_bw="0" op_10_bw="0" op_11_bw="32" op_12_bw="32" op_13_bw="32" op_14_bw="32" op_15_bw="0" op_16_bw="0" op_17_bw="32" op_18_bw="32">
<![CDATA[
entry:0 %specinterface_ln0 = specinterface void @_ssdm_op_SpecInterface, i160 %layer11_out, void @empty_14, i32 0, i32 0, void @empty_1, i32 0, i32 0, void @empty_1, void @empty_1, void @empty_1, i32 0, i32 0, i32 0, i32 0, void @empty_1, void @empty_1, i32 4294967295, i32 0

]]></Node>
<StgValue><ssdm name="specinterface_ln0"/></StgValue>
</operation>

<operation id="6" st_id="2" stage="1" lat="1">
<core>NULL</core>
<MemPortIdVec></MemPortIdVec>
<condition id="-1">
<or_exp><and_exp></and_exp></or_exp>
</condition>

<Node id="4" bw="0" op_0_bw="0" op_1_bw="8" op_2_bw="0" op_3_bw="32" op_4_bw="32" op_5_bw="0" op_6_bw="32" op_7_bw="32" op_8_bw="0" op_9_bw="0" op_10_bw="0" op_11_bw="32" op_12_bw="32" op_13_bw="32" op_14_bw="32" op_15_bw="0" op_16_bw="0" op_17_bw="32" op_18_bw="32">
<![CDATA[
entry:1 %specinterface_ln0 = specinterface void @_ssdm_op_SpecInterface, i8 %layer10_out, void @empty_14, i32 0, i32 0, void @empty_1, i32 0, i32 0, void @empty_1, void @empty_1, void @empty_1, i32 0, i32 0, i32 0, i32 0, void @empty_1, void @empty_1, i32 4294967295, i32 0

]]></Node>
<StgValue><ssdm name="specinterface_ln0"/></StgValue>
</operation>

<operation id="7" st_id="2" stage="1" lat="1">
<core>NULL</core>
<MemPortIdVec></MemPortIdVec>
<condition id="-1">
<or_exp><and_exp></and_exp></or_exp>
</condition>

<Node id="6" bw="0" op_0_bw="0" op_1_bw="64" op_2_bw="0" op_3_bw="0" op_4_bw="0" op_5_bw="0">
<![CDATA[
entry:3 %specresourcelimit_ln33 = specresourcelimit void @_ssdm_op_SpecResourceLimit, i64 2, void @empty_15, void @empty_1, void @empty_1, void @empty_1

]]></Node>
<StgValue><ssdm name="specresourcelimit_ln33"/></StgValue>
</operation>

<operation id="8" st_id="2" stage="1" lat="1">
<core>NULL</core>
<MemPortIdVec></MemPortIdVec>
<condition id="-1">
<or_exp><and_exp></and_exp></or_exp>
</condition>

<Node id="8" bw="3" op_0_bw="3" op_1_bw="2" op_2_bw="1">
<![CDATA[
entry:5 %shl_ln = bitconcatenate i3 @_ssdm_op_BitConcatenate.i3.i2.i1, i2 %trunc_ln813, i1 0

]]></Node>
<StgValue><ssdm name="shl_ln"/></StgValue>
</operation>

<operation id="9" st_id="2" stage="1" lat="1">
<core>Adder</core>
<MemPortIdVec></MemPortIdVec>
<condition id="-1">
<or_exp><and_exp></and_exp></or_exp>
</condition>

<Node id="9" bw="3" op_0_bw="3" op_1_bw="3">
<![CDATA[
entry:6 %x_V = add i3 %shl_ln, i3 2

]]></Node>
<StgValue><ssdm name="x_V"/></StgValue>
</operation>

<operation id="10" st_id="2" stage="1" lat="1">
<core>Adder</core>
<MemPortIdVec></MemPortIdVec>
<condition id="-1">
<or_exp><and_exp></and_exp></or_exp>
</condition>

<Node id="10" bw="3" op_0_bw="3" op_1_bw="3">
<![CDATA[
entry:7 %x_V_3 = sub i3 2, i3 %shl_ln

]]></Node>
<StgValue><ssdm name="x_V_3"/></StgValue>
</operation>

<operation id="11" st_id="2" stage="1" lat="1">
<core>NULL</core>
<MemPortIdVec></MemPortIdVec>
<condition id="-1">
<or_exp><and_exp></and_exp></or_exp>
</condition>

<Node id="11" bw="13" op_0_bw="13" op_1_bw="3" op_2_bw="10">
<![CDATA[
entry:8 %res_V = bitconcatenate i13 @_ssdm_op_BitConcatenate.i13.i3.i10, i3 %x_V, i10 0

]]></Node>
<StgValue><ssdm name="res_V"/></StgValue>
</operation>

<operation id="12" st_id="2" stage="1" lat="1">
<core>NULL</core>
<MemPortIdVec></MemPortIdVec>
<condition id="-1">
<or_exp><and_exp></and_exp></or_exp>
</condition>

<Node id="12" bw="16" op_0_bw="13">
<![CDATA[
entry:9 %sext_ln77 = sext i13 %res_V

]]></Node>
<StgValue><ssdm name="sext_ln77"/></StgValue>
</operation>

<operation id="13" st_id="2" stage="1" lat="1">
<core>NULL</core>
<MemPortIdVec></MemPortIdVec>
<condition id="-1">
<or_exp><and_exp></and_exp></or_exp>
</condition>

<Node id="13" bw="125" op_0_bw="125" op_1_bw="3" op_2_bw="26" op_3_bw="16" op_4_bw="80">
<![CDATA[
entry:10 %tmp_s = bitconcatenate i125 @_ssdm_op_BitConcatenate.i125.i3.i26.i16.i80, i3 %x_V_3, i26 0, i16 %sext_ln77, i80 0

]]></Node>
<StgValue><ssdm name="tmp_s"/></StgValue>
</operation>

<operation id="14" st_id="2" stage="1" lat="1">
<core>NULL</core>
<MemPortIdVec></MemPortIdVec>
<condition id="-1">
<or_exp><and_exp></and_exp></or_exp>
</condition>

<Node id="14" bw="125" op_0_bw="125" op_1_bw="125">
<![CDATA[
entry:11 %or_ln77 = or i125 %tmp_s, i125 5030037582876779023446594782558208

]]></Node>
<StgValue><ssdm name="or_ln77"/></StgValue>
</operation>

<operation id="15" st_id="2" stage="1" lat="1">
<core>NULL</core>
<MemPortIdVec></MemPortIdVec>
<condition id="-1">
<or_exp><and_exp></and_exp></or_exp>
</condition>

<Node id="15" bw="109" op_0_bw="109" op_1_bw="125" op_2_bw="32" op_3_bw="32">
<![CDATA[
entry:12 %tmp = partselect i109 @_ssdm_op_PartSelect.i109.i125.i32.i32, i125 %or_ln77, i32 16, i32 124

]]></Node>
<StgValue><ssdm name="tmp"/></StgValue>
</operation>

<operation id="16" st_id="2" stage="1" lat="1">
<core>NULL</core>
<MemPortIdVec></MemPortIdVec>
<condition id="-1">
<or_exp><and_exp></and_exp></or_exp>
</condition>

<Node id="16" bw="112" op_0_bw="109">
<![CDATA[
entry:13 %sext_ln77_2 = sext i109 %tmp

]]></Node>
<StgValue><ssdm name="sext_ln77_2"/></StgValue>
</operation>

<operation id="17" st_id="2" stage="1" lat="1">
<core>NULL</core>
<MemPortIdVec></MemPortIdVec>
<condition id="-1">
<or_exp><and_exp></and_exp></or_exp>
</condition>

<Node id="17" bw="156" op_0_bw="156" op_1_bw="28" op_2_bw="112" op_3_bw="16">
<![CDATA[
entry:14 %tmp_1 = bitconcatenate i156 @_ssdm_op_BitConcatenate.i156.i28.i112.i16, i28 134281216, i112 %sext_ln77_2, i16 0

]]></Node>
<StgValue><ssdm name="tmp_1"/></StgValue>
</operation>

<operation id="18" st_id="2" stage="1" lat="1">
<core>NULL</core>
<MemPortIdVec></MemPortIdVec>
<condition id="-1">
<or_exp><and_exp></and_exp></or_exp>
</condition>

<Node id="18" bw="156" op_0_bw="156" op_1_bw="156">
<![CDATA[
entry:15 %or_ln77_1 = or i156 %tmp_1, i156 63488

]]></Node>
<StgValue><ssdm name="or_ln77_1"/></StgValue>
</operation>

<operation id="19" st_id="2" stage="1" lat="1">
<core>NULL</core>
<MemPortIdVec></MemPortIdVec>
<condition id="-1">
<or_exp><and_exp></and_exp></or_exp>
</condition>

<Node id="19" bw="160" op_0_bw="156">
<![CDATA[
entry:16 %sext_ln77_3 = sext i156 %or_ln77_1

]]></Node>
<StgValue><ssdm name="sext_ln77_3"/></StgValue>
</operation>

<operation id="20" st_id="2" stage="1" lat="1">
<core>FIFO_SRL</core>
<MemPortIdVec></MemPortIdVec>
<condition id="-1">
<or_exp><and_exp></and_exp></or_exp>
</condition>

<Node id="20" bw="0" op_0_bw="0" op_1_bw="160" op_2_bw="160">
<![CDATA[
entry:17 %write_ln77 = write void @_ssdm_op_Write.ap_fifo.volatile.i160P0A, i160 %layer11_out, i160 %sext_ln77_3

]]></Node>
<StgValue><ssdm name="write_ln77"/></StgValue>
</operation>

<operation id="21" st_id="2" stage="1" lat="1">
<core>NULL</core>
<MemPortIdVec></MemPortIdVec>
<condition id="-1">
<or_exp><and_exp></and_exp></or_exp>
</condition>

<Node id="21" bw="0">
<![CDATA[
entry:18 %ret_ln101 = ret

]]></Node>
<StgValue><ssdm name="ret_ln101"/></StgValue>
</operation>
</state>
</state_list>


<ports>
</ports>


<dataflows>
</dataflows>


</stg>
