<stg><name>dense<array<ap_int<4>, 2u>, array<ap_fixed<16, 6, 5, 3, 0>, 10u>, config11></name>


<trans_list>

<trans id="22" from="1" to="2">
<condition id="-1">
<or_exp><and_exp></and_exp></or_exp>
</condition>
</trans>
</trans_list>



<state_list>

<state id="1" st_id="1">

<operation id="3" st_id="1" stage="1" lat="1">
<core>FIFO_SRL</core>
<MemPortIdVec></MemPortIdVec>
<condition id="-1">
<or_exp><and_exp></and_exp></or_exp>
</condition>

<Node id="5" bw="8" op_0_bw="8" op_1_bw="8">
<![CDATA[
entry:2 %layer10_out_read = read i8 @_ssdm_op_Read.ap_fifo.volatile.i8P0A, i8 %layer10_out

]]></Node>
<StgValue><ssdm name="layer10_out_read"/></StgValue>
</operation>

<operation id="4" st_id="1" stage="1" lat="1">
<core>NULL</core>
<MemPortIdVec></MemPortIdVec>
<condition id="-1">
<or_exp><and_exp></and_exp></or_exp>
</condition>

<Node id="7" bw="2" op_0_bw="8">
<![CDATA[
entry:4 %trunc_ln813 = trunc i8 %layer10_out_read

]]></Node>
<StgValue><ssdm name="trunc_ln813"/></StgValue>
</operation>
</state>

<state id="2" st_id="2">

<operation id="5" st_id="2" stage="1" lat="1">
<core>NULL</core>
<MemPortIdVec></MemPortIdVec>
<condition id="-1">
<or_exp><and_exp></and_exp></or_exp>
</condition>

<Node id="3" bw="0" op_0_bw="0" op_1_bw="160" op_2_bw="0" op_3_bw="32" op_4_bw="32" op_5_bw="0" op_6_bw="32" op_7_bw="32" op_8_bw="0" op_9_bw="0" op_10_bw="0" op_11_bw="32" op_12_bw="32" op_13_bw="32" op_14_bw="32" op_15_bw="0" op_16_bw="0" op_17_bw="32" op_18_bw="32">
<![CDATA[
entry:0 %specinterface_ln0 = specinterface void @_ssdm_op_SpecInterface, i160 %layer11_out, void @empty_14, i32 0, i32 0, void @empty_1, i32 0, i32 0, void @empty_1, void @empty_1, void @empty_1, i32 0, i32 0, i32 0, i32 0, void @empty_1, void @empty_1, i32 4294967295, i32 0

]]></Node>
<StgValue><ssdm name="specinterface_ln0"/></StgValue>
</operation>

<operation id="6" st_id="2" stage="1" lat="1">
<core>NULL</core>
<MemPortIdVec></MemPortIdVec>
<condition id="-1">
<or_exp><and_exp></and_exp></or_exp>
</condition>

<Node id="4" bw="0" op_0_bw="0" op_1_bw="8" op_2_bw="0" op_3_bw="32" op_4_bw="32" op_5_bw="0" op_6_bw="32" op_7_bw="32" op_8_bw="0" op_9_bw="0" op_10_bw="0" op_11_bw="32" op_12_bw="32" op_13_bw="32" op_14_bw="32" op_15_bw="0" op_16_bw="0" op_17_bw="32" op_18_bw="32">
<![CDATA[
entry:1 %specinterface_ln0 = specinterface void @_ssdm_op_SpecInterface, i8 %layer10_out, void @empty_14, i32 0, i32 0, void @empty_1, i32 0, i32 0, void @empty_1, void @empty_1, void @empty_1, i32 0, i32 0, i32 0, i32 0, void @empty_1, void @empty_1, i32 4294967295, i32 0

]]></Node>
<StgValue><ssdm name="specinterface_ln0"/></StgValue>
</operation>

<operation id="7" st_id="2" stage="1" lat="1">
<core>NULL</core>
<MemPortIdVec></MemPortIdVec>
<condition id="-1">
<or_exp><and_exp></and_exp></or_exp>
</condition>

<Node id="6" bw="0" op_0_bw="0" op_1_bw="64" op_2_bw="0" op_3_bw="0" op_4_bw="0" op_5_bw="0">
<![CDATA[
entry:3 %specresourcelimit_ln33 = specresourcelimit void @_ssdm_op_SpecResourceLimit, i64 2, void @empty_15, void @empty_1, void @empty_1, void @empty_1

]]></Node>
<StgValue><ssdm name="specresourcelimit_ln33"/></StgValue>
</operation>

<operation id="8" st_id="2" stage="1" lat="1">
<core>NULL</core>
<MemPortIdVec></MemPortIdVec>
<condition id="-1">
<or_exp><and_exp></and_exp></or_exp>
</condition>

<Node id="8" bw="3" op_0_bw="3" op_1_bw="2" op_2_bw="1">
<![CDATA[
entry:5 %shl_ln = bitconcatenate i3 @_ssdm_op_BitConcatenate.i3.i2.i1, i2 %trunc_ln813, i1 0

]]></Node>
<StgValue><ssdm name="shl_ln"/></StgValue>
</operation>

<operation id="9" st_id="2" stage="1" lat="1">
<core>Adder</core>
<MemPortIdVec></MemPortIdVec>
<condition id="-1">
<or_exp><and_exp></and_exp></or_exp>
</condition>

<Node id="9" bw="3" op_0_bw="3" op_1_bw="3">
<![CDATA[
entry:6 %x_V = add i3 %shl_ln, i3 2

]]></Node>
<StgValue><ssdm name="x_V"/></StgValue>
</operation>

<operation id="10" st_id="2" stage="1" lat="1">
<core>Adder</core>
<MemPortIdVec></MemPortIdVec>
<condition id="-1">
<or_exp><and_exp></and_exp></or_exp>
</condition>

<Node id="10" bw="3" op_0_bw="3" op_1_bw="3">
<![CDATA[
entry:7 %x_V_3 = sub i3 2, i3 %shl_ln

]]></Node>
<StgValue><ssdm name="x_V_3"/></StgValue>
</operation>

<operation id="11" st_id="2" stage="1" lat="1">
<core>NULL</core>
<MemPortIdVec></MemPortIdVec>
<condition id="-1">
<or_exp><and_exp></and_exp></or_exp>
</condition>

<Node id="11" bw="13" op_0_bw="13" op_1_bw="3" op_2_bw="10">
<![CDATA[
entry:8 %res_V = bitconcatenate i13 @_ssdm_op_BitConcatenate.i13.i3.i10, i3 %x_V, i10 0

]]></Node>
<StgValue><ssdm name="res_V"/></StgValue>
</operation>

<operation id="12" st_id="2" stage="1" lat="1">
<core>NULL</core>
<MemPortIdVec></MemPortIdVec>
<condition id="-1">
<or_exp><and_exp></and_exp></or_exp>
</condition>

<Node id="12" bw="16" op_0_bw="13">
<![CDATA[
entry:9 %sext_ln77 = sext i13 %res_V

]]></Node>
<StgValue><ssdm name="sext_ln77"/></StgValue>
</operation>

<operation id="13" st_id="2" stage="1" lat="1">
<core>NULL</core>
<MemPortIdVec></MemPortIdVec>
<condition id="-1">
<or_exp><and_exp></and_exp></or_exp>
</condition>

<Node id="13" bw="125" op_0_bw="125" op_1_bw="3" op_2_bw="26" op_3_bw="16" op_4_bw="80">
<![CDATA[
entry:10 %tmp_s = bitconcatenate i125 @_ssdm_op_BitConcatenate.i125.i3.i26.i16.i80, i3 %x_V_3, i26 0, i16 %sext_ln77, i80 0

]]></Node>
<StgValue><ssdm name="tmp_s"/></StgValue>
</operation>

<operation id="14" st_id="2" stage="1" lat="1">
<core>NULL</core>
<MemPortIdVec></MemPortIdVec>
<condition id="-1">
<or_exp><and_exp></and_exp></or_exp>
</condition>

<Node id="14" bw="125" op_0_bw="125" op_1_bw="125">
<![CDATA[
entry:11 %or_ln77 = or i125 %tmp_s, i125 5030037582876779023446594782558208

]]></Node>
<StgValue><ssdm name="or_ln77"/></StgValue>
</operation>

<operation id="15" st_id="2" stage="1" lat="1">
<core>NULL</core>
<MemPortIdVec></MemPortIdVec>
<condition id="-1">
<or_exp><and_exp></and_exp></or_exp>
</condition>

<Node id="15" bw="109" op_0_bw="109" op_1_bw="125" op_2_bw="32" op_3_bw="32">
<![CDATA[
entry:12 %tmp = partselect i109 @_ssdm_op_PartSelect.i109.i125.i32.i32, i125 %or_ln77, i32 16, i32 124

]]></Node>
<StgValue><ssdm name="tmp"/></StgValue>
</operation>

<operation id="16" st_id="2" stage="1" lat="1">
<core>NULL</core>
<MemPortIdVec></MemPortIdVec>
<condition id="-1">
<or_exp><and_exp></and_exp></or_exp>
</condition>

<Node id="16" bw="112" op_0_bw="109">
<![CDATA[
entry:13 %sext_ln77_2 = sext i109 %tmp

]]></Node>
<StgValue><ssdm name="sext_ln77_2"/></StgValue>
</operation>

<operation id="17" st_id="2" stage="1" lat="1">
<core>NULL</core>
<MemPortIdVec></MemPortIdVec>
<condition id="-1">
<or_exp><and_exp></and_exp></or_exp>
</condition>

<Node id="17" bw="156" op_0_bw="156" op_1_bw="28" op_2_bw="112" op_3_bw="16">
<![CDATA[
entry:14 %tmp_1 = bitconcatenate i156 @_ssdm_op_BitConcatenate.i156.i28.i112.i16, i28 134281216, i112 %sext_ln77_2, i16 0

]]></Node>
<StgValue><ssdm name="tmp_1"/></StgValue>
</operation>

<operation id="18" st_id="2" stage="1" lat="1">
<core>NULL</core>
<MemPortIdVec></MemPortIdVec>
<condition id="-1">
<or_exp><and_exp></and_exp></or_exp>
</condition>

<Node id="18" bw="156" op_0_bw="156" op_1_bw="156">
<![CDATA[
entry:15 %or_ln77_1 = or i156 %tmp_1, i156 63488

]]></Node>
<StgValue><ssdm name="or_ln77_1"/></StgValue>
</operation>

<operation id="19" st_id="2" stage="1" lat="1">
<core>NULL</core>
<MemPortIdVec></MemPortIdVec>
<condition id="-1">
<or_exp><and_exp></and_exp></or_exp>
</condition>

<Node id="19" bw="160" op_0_bw="156">
<![CDATA[
entry:16 %sext_ln77_3 = sext i156 %or_ln77_1

]]></Node>
<StgValue><ssdm name="sext_ln77_3"/></StgValue>
</operation>

<operation id="20" st_id="2" stage="1" lat="1">
<core>FIFO_SRL</core>
<MemPortIdVec></MemPortIdVec>
<condition id="-1">
<or_exp><and_exp></and_exp></or_exp>
</condition>

<Node id="20" bw="0" op_0_bw="0" op_1_bw="160" op_2_bw="160">
<![CDATA[
entry:17 %write_ln77 = write void @_ssdm_op_Write.ap_fifo.volatile.i160P0A, i160 %layer11_out, i160 %sext_ln77_3

]]></Node>
<StgValue><ssdm name="write_ln77"/></StgValue>
</operation>

<operation id="21" st_id="2" stage="1" lat="1">
<core>NULL</core>
<MemPortIdVec></MemPortIdVec>
<condition id="-1">
<or_exp><and_exp></and_exp></or_exp>
</condition>

<Node id="21" bw="0">
<![CDATA[
entry:18 %ret_ln101 = ret

]]></Node>
<StgValue><ssdm name="ret_ln101"/></StgValue>
</operation>
</state>
</state_list>


<ports>
<port id="23" name="layer10_out" dir="0" iftype="3">
<core>FIFO_SRL</core><StgValue><ssdm name="layer10_out"/></StgValue>
</port>
<port id="24" name="layer11_out" dir="1" iftype="3">
<core>FIFO_SRL</core><StgValue><ssdm name="layer11_out"/></StgValue>
</port>
</ports>


<dataflows>
<dataflow id="26" from="_ssdm_op_Read.ap_fifo.volatile.i8P0A" to="layer10_out_read" fromId="25" toId="3">
</dataflow>
<dataflow id="27" from="layer10_out" to="layer10_out_read" fromId="23" toId="3">
</dataflow>
<dataflow id="28" from="layer10_out_read" to="trunc_ln813" fromId="3" toId="4">
</dataflow>
<dataflow id="30" from="_ssdm_op_SpecInterface" to="specinterface_ln0" fromId="29" toId="5">
</dataflow>
<dataflow id="31" from="layer11_out" to="specinterface_ln0" fromId="24" toId="5">
</dataflow>
<dataflow id="33" from="empty_14" to="specinterface_ln0" fromId="32" toId="5">
</dataflow>
<dataflow id="35" from="StgValue_34" to="specinterface_ln0" fromId="34" toId="5">
</dataflow>
<dataflow id="36" from="StgValue_34" to="specinterface_ln0" fromId="34" toId="5">
</dataflow>
<dataflow id="38" from="empty_1" to="specinterface_ln0" fromId="37" toId="5">
</dataflow>
<dataflow id="39" from="StgValue_34" to="specinterface_ln0" fromId="34" toId="5">
</dataflow>
<dataflow id="40" from="StgValue_34" to="specinterface_ln0" fromId="34" toId="5">
</dataflow>
<dataflow id="41" from="empty_1" to="specinterface_ln0" fromId="37" toId="5">
</dataflow>
<dataflow id="42" from="empty_1" to="specinterface_ln0" fromId="37" toId="5">
</dataflow>
<dataflow id="43" from="empty_1" to="specinterface_ln0" fromId="37" toId="5">
</dataflow>
<dataflow id="44" from="StgValue_34" to="specinterface_ln0" fromId="34" toId="5">
</dataflow>
<dataflow id="45" from="StgValue_34" to="specinterface_ln0" fromId="34" toId="5">
</dataflow>
<dataflow id="46" from="StgValue_34" to="specinterface_ln0" fromId="34" toId="5">
</dataflow>
<dataflow id="47" from="StgValue_34" to="specinterface_ln0" fromId="34" toId="5">
</dataflow>
<dataflow id="48" from="empty_1" to="specinterface_ln0" fromId="37" toId="5">
</dataflow>
<dataflow id="49" from="empty_1" to="specinterface_ln0" fromId="37" toId="5">
</dataflow>
<dataflow id="51" from="StgValue_50" to="specinterface_ln0" fromId="50" toId="5">
</dataflow>
<dataflow id="52" from="StgValue_34" to="specinterface_ln0" fromId="34" toId="5">
</dataflow>
<dataflow id="53" from="_ssdm_op_SpecInterface" to="specinterface_ln0" fromId="29" toId="6">
</dataflow>
<dataflow id="54" from="layer10_out" to="specinterface_ln0" fromId="23" toId="6">
</dataflow>
<dataflow id="55" from="empty_14" to="specinterface_ln0" fromId="32" toId="6">
</dataflow>
<dataflow id="56" from="StgValue_34" to="specinterface_ln0" fromId="34" toId="6">
</dataflow>
<dataflow id="57" from="StgValue_34" to="specinterface_ln0" fromId="34" toId="6">
</dataflow>
<dataflow id="58" from="empty_1" to="specinterface_ln0" fromId="37" toId="6">
</dataflow>
<dataflow id="59" from="StgValue_34" to="specinterface_ln0" fromId="34" toId="6">
</dataflow>
<dataflow id="60" from="StgValue_34" to="specinterface_ln0" fromId="34" toId="6">
</dataflow>
<dataflow id="61" from="empty_1" to="specinterface_ln0" fromId="37" toId="6">
</dataflow>
<dataflow id="62" from="empty_1" to="specinterface_ln0" fromId="37" toId="6">
</dataflow>
<dataflow id="63" from="empty_1" to="specinterface_ln0" fromId="37" toId="6">
</dataflow>
<dataflow id="64" from="StgValue_34" to="specinterface_ln0" fromId="34" toId="6">
</dataflow>
<dataflow id="65" from="StgValue_34" to="specinterface_ln0" fromId="34" toId="6">
</dataflow>
<dataflow id="66" from="StgValue_34" to="specinterface_ln0" fromId="34" toId="6">
</dataflow>
<dataflow id="67" from="StgValue_34" to="specinterface_ln0" fromId="34" toId="6">
</dataflow>
<dataflow id="68" from="empty_1" to="specinterface_ln0" fromId="37" toId="6">
</dataflow>
<dataflow id="69" from="empty_1" to="specinterface_ln0" fromId="37" toId="6">
</dataflow>
<dataflow id="70" from="StgValue_50" to="specinterface_ln0" fromId="50" toId="6">
</dataflow>
<dataflow id="71" from="StgValue_34" to="specinterface_ln0" fromId="34" toId="6">
</dataflow>
<dataflow id="73" from="_ssdm_op_SpecResourceLimit" to="specresourcelimit_ln33" fromId="72" toId="7">
</dataflow>
<dataflow id="75" from="StgValue_74" to="specresourcelimit_ln33" fromId="74" toId="7">
</dataflow>
<dataflow id="77" from="empty_15" to="specresourcelimit_ln33" fromId="76" toId="7">
</dataflow>
<dataflow id="78" from="empty_1" to="specresourcelimit_ln33" fromId="37" toId="7">
</dataflow>
<dataflow id="79" from="empty_1" to="specresourcelimit_ln33" fromId="37" toId="7">
</dataflow>
<dataflow id="80" from="empty_1" to="specresourcelimit_ln33" fromId="37" toId="7">
</dataflow>
<dataflow id="82" from="_ssdm_op_BitConcatenate.i3.i2.i1" to="shl_ln" fromId="81" toId="8">
</dataflow>
<dataflow id="83" from="trunc_ln813" to="shl_ln" fromId="4" toId="8">
</dataflow>
<dataflow id="85" from="StgValue_84" to="shl_ln" fromId="84" toId="8">
</dataflow>
<dataflow id="86" from="shl_ln" to="x_V" fromId="8" toId="9">
</dataflow>
<dataflow id="88" from="StgValue_87" to="x_V" fromId="87" toId="9">
</dataflow>
<dataflow id="89" from="StgValue_87" to="x_V_3" fromId="87" toId="10">
</dataflow>
<dataflow id="90" from="shl_ln" to="x_V_3" fromId="8" toId="10">
</dataflow>
<dataflow id="92" from="_ssdm_op_BitConcatenate.i13.i3.i10" to="res_V" fromId="91" toId="11">
</dataflow>
<dataflow id="93" from="x_V" to="res_V" fromId="9" toId="11">
</dataflow>
<dataflow id="95" from="StgValue_94" to="res_V" fromId="94" toId="11">
</dataflow>
<dataflow id="96" from="res_V" to="sext_ln77" fromId="11" toId="12">
</dataflow>
<dataflow id="98" from="_ssdm_op_BitConcatenate.i125.i3.i26.i16.i80" to="tmp_s" fromId="97" toId="13">
</dataflow>
<dataflow id="99" from="x_V_3" to="tmp_s" fromId="10" toId="13">
</dataflow>
<dataflow id="101" from="StgValue_100" to="tmp_s" fromId="100" toId="13">
</dataflow>
<dataflow id="102" from="sext_ln77" to="tmp_s" fromId="12" toId="13">
</dataflow>
<dataflow id="104" from="StgValue_103" to="tmp_s" fromId="103" toId="13">
</dataflow>
<dataflow id="105" from="tmp_s" to="or_ln77" fromId="13" toId="14">
</dataflow>
<dataflow id="107" from="StgValue_106" to="or_ln77" fromId="106" toId="14">
</dataflow>
<dataflow id="109" from="_ssdm_op_PartSelect.i109.i125.i32.i32" to="tmp" fromId="108" toId="15">
</dataflow>
<dataflow id="110" from="or_ln77" to="tmp" fromId="14" toId="15">
</dataflow>
<dataflow id="112" from="StgValue_111" to="tmp" fromId="111" toId="15">
</dataflow>
<dataflow id="114" from="StgValue_113" to="tmp" fromId="113" toId="15">
</dataflow>
<dataflow id="115" from="tmp" to="sext_ln77_2" fromId="15" toId="16">
</dataflow>
<dataflow id="117" from="_ssdm_op_BitConcatenate.i156.i28.i112.i16" to="tmp_1" fromId="116" toId="17">
</dataflow>
<dataflow id="119" from="StgValue_118" to="tmp_1" fromId="118" toId="17">
</dataflow>
<dataflow id="120" from="sext_ln77_2" to="tmp_1" fromId="16" toId="17">
</dataflow>
<dataflow id="122" from="StgValue_121" to="tmp_1" fromId="121" toId="17">
</dataflow>
<dataflow id="123" from="tmp_1" to="or_ln77_1" fromId="17" toId="18">
</dataflow>
<dataflow id="125" from="StgValue_124" to="or_ln77_1" fromId="124" toId="18">
</dataflow>
<dataflow id="126" from="or_ln77_1" to="sext_ln77_3" fromId="18" toId="19">
</dataflow>
<dataflow id="128" from="_ssdm_op_Write.ap_fifo.volatile.i160P0A" to="write_ln77" fromId="127" toId="20">
</dataflow>
<dataflow id="129" from="layer11_out" to="write_ln77" fromId="24" toId="20">
</dataflow>
<dataflow id="130" from="sext_ln77_3" to="write_ln77" fromId="19" toId="20">
</dataflow>
</dataflows>


</stg>
