<stg><name>dense<array<ap_int<4>, 3u>, array<ap_fixed<16, 6, 5, 3, 0>, 2u>, config8></name>


<trans_list>

<trans id="18" from="1" to="2">
<condition id="-1">
<or_exp><and_exp></and_exp></or_exp>
</condition>
</trans>
</trans_list>



<state_list>

<state id="1" st_id="1">

<operation id="3" st_id="1" stage="1" lat="1">
<core>FIFO_SRL</core>
<MemPortIdVec></MemPortIdVec>
<condition id="-1">
<or_exp><and_exp></and_exp></or_exp>
</condition>

<Node id="5" bw="12" op_0_bw="12" op_1_bw="12">
<![CDATA[
entry:2 %layer7_out_read = read i12 @_ssdm_op_Read.ap_fifo.volatile.i12P0A, i12 %layer7_out

]]></Node>
<StgValue><ssdm name="layer7_out_read"/></StgValue>
</operation>

<operation id="4" st_id="1" stage="1" lat="1">
<core>NULL</core>
<MemPortIdVec></MemPortIdVec>
<condition id="-1">
<or_exp><and_exp></and_exp></or_exp>
</condition>

<Node id="7" bw="2" op_0_bw="2" op_1_bw="12" op_2_bw="32" op_3_bw="32">
<![CDATA[
entry:4 %tmp = partselect i2 @_ssdm_op_PartSelect.i2.i12.i32.i32, i12 %layer7_out_read, i32 4, i32 5

]]></Node>
<StgValue><ssdm name="tmp"/></StgValue>
</operation>

<operation id="5" st_id="1" stage="1" lat="1">
<core>NULL</core>
<MemPortIdVec></MemPortIdVec>
<condition id="-1">
<or_exp><and_exp></and_exp></or_exp>
</condition>

<Node id="8" bw="2" op_0_bw="12">
<![CDATA[
entry:5 %empty = trunc i12 %layer7_out_read

]]></Node>
<StgValue><ssdm name="empty"/></StgValue>
</operation>

<operation id="6" st_id="1" stage="1" lat="1">
<core>NULL</core>
<MemPortIdVec></MemPortIdVec>
<condition id="-1">
<or_exp><and_exp></and_exp></or_exp>
</condition>

<Node id="9" bw="2" op_0_bw="2" op_1_bw="12" op_2_bw="32" op_3_bw="32">
<![CDATA[
entry:6 %tmp_2 = partselect i2 @_ssdm_op_PartSelect.i2.i12.i32.i32, i12 %layer7_out_read, i32 8, i32 9

]]></Node>
<StgValue><ssdm name="tmp_2"/></StgValue>
</operation>

<operation id="7" st_id="1" stage="1" lat="1">
<core>TAddSub</core>
<MemPortIdVec></MemPortIdVec>
<condition id="-1">
<or_exp><and_exp></and_exp></or_exp>
</condition>

<Node id="10" bw="2" op_0_bw="2" op_1_bw="2">
<![CDATA[
entry:7 %empty_55 = sub i2 %tmp, i2 %empty

]]></Node>
<StgValue><ssdm name="empty_55"/></StgValue>
</operation>

<operation id="8" st_id="1" stage="1" lat="1">
<core>TAddSub</core>
<MemPortIdVec></MemPortIdVec>
<condition id="-1">
<or_exp><and_exp></and_exp></or_exp>
</condition>

<Node id="11" bw="2" op_0_bw="2" op_1_bw="2">
<![CDATA[
entry:8 %add_ln813 = add i2 %empty_55, i2 %tmp_2

]]></Node>
<StgValue><ssdm name="add_ln813"/></StgValue>
</operation>
</state>

<state id="2" st_id="2">

<operation id="9" st_id="2" stage="1" lat="1">
<core>NULL</core>
<MemPortIdVec></MemPortIdVec>
<condition id="-1">
<or_exp><and_exp></and_exp></or_exp>
</condition>

<Node id="3" bw="0" op_0_bw="0" op_1_bw="32" op_2_bw="0" op_3_bw="32" op_4_bw="32" op_5_bw="0" op_6_bw="32" op_7_bw="32" op_8_bw="0" op_9_bw="0" op_10_bw="0" op_11_bw="32" op_12_bw="32" op_13_bw="32" op_14_bw="32" op_15_bw="0" op_16_bw="0" op_17_bw="32" op_18_bw="32">
<![CDATA[
entry:0 %specinterface_ln0 = specinterface void @_ssdm_op_SpecInterface, i32 %layer8_out, void @empty_14, i32 0, i32 0, void @empty_1, i32 0, i32 0, void @empty_1, void @empty_1, void @empty_1, i32 0, i32 0, i32 0, i32 0, void @empty_1, void @empty_1, i32 4294967295, i32 0

]]></Node>
<StgValue><ssdm name="specinterface_ln0"/></StgValue>
</operation>

<operation id="10" st_id="2" stage="1" lat="1">
<core>NULL</core>
<MemPortIdVec></MemPortIdVec>
<condition id="-1">
<or_exp><and_exp></and_exp></or_exp>
</condition>

<Node id="4" bw="0" op_0_bw="0" op_1_bw="12" op_2_bw="0" op_3_bw="32" op_4_bw="32" op_5_bw="0" op_6_bw="32" op_7_bw="32" op_8_bw="0" op_9_bw="0" op_10_bw="0" op_11_bw="32" op_12_bw="32" op_13_bw="32" op_14_bw="32" op_15_bw="0" op_16_bw="0" op_17_bw="32" op_18_bw="32">
<![CDATA[
entry:1 %specinterface_ln0 = specinterface void @_ssdm_op_SpecInterface, i12 %layer7_out, void @empty_14, i32 0, i32 0, void @empty_1, i32 0, i32 0, void @empty_1, void @empty_1, void @empty_1, i32 0, i32 0, i32 0, i32 0, void @empty_1, void @empty_1, i32 4294967295, i32 0

]]></Node>
<StgValue><ssdm name="specinterface_ln0"/></StgValue>
</operation>

<operation id="11" st_id="2" stage="1" lat="1">
<core>NULL</core>
<MemPortIdVec></MemPortIdVec>
<condition id="-1">
<or_exp><and_exp></and_exp></or_exp>
</condition>

<Node id="6" bw="0" op_0_bw="0" op_1_bw="64" op_2_bw="0" op_3_bw="0" op_4_bw="0" op_5_bw="0">
<![CDATA[
entry:3 %specresourcelimit_ln33 = specresourcelimit void @_ssdm_op_SpecResourceLimit, i64 3, void @empty_15, void @empty_1, void @empty_1, void @empty_1

]]></Node>
<StgValue><ssdm name="specresourcelimit_ln33"/></StgValue>
</operation>

<operation id="12" st_id="2" stage="1" lat="1">
<core>NULL</core>
<MemPortIdVec></MemPortIdVec>
<condition id="-1">
<or_exp><and_exp></and_exp></or_exp>
</condition>

<Node id="12" bw="13" op_0_bw="13" op_1_bw="2" op_2_bw="11">
<![CDATA[
entry:9 %res_V = bitconcatenate i13 @_ssdm_op_BitConcatenate.i13.i2.i11, i2 %add_ln813, i11 0

]]></Node>
<StgValue><ssdm name="res_V"/></StgValue>
</operation>

<operation id="13" st_id="2" stage="1" lat="1">
<core>NULL</core>
<MemPortIdVec></MemPortIdVec>
<condition id="-1">
<or_exp><and_exp></and_exp></or_exp>
</condition>

<Node id="13" bw="16" op_0_bw="13">
<![CDATA[
entry:10 %sext_ln66 = sext i13 %res_V

]]></Node>
<StgValue><ssdm name="sext_ln66"/></StgValue>
</operation>

<operation id="14" st_id="2" stage="1" lat="1">
<core>NULL</core>
<MemPortIdVec></MemPortIdVec>
<condition id="-1">
<or_exp><and_exp></and_exp></or_exp>
</condition>

<Node id="14" bw="17" op_0_bw="17" op_1_bw="1" op_2_bw="16">
<![CDATA[
entry:11 %tmp_s = bitconcatenate i17 @_ssdm_op_BitConcatenate.i17.i1.i16, i1 0, i16 %sext_ln66

]]></Node>
<StgValue><ssdm name="tmp_s"/></StgValue>
</operation>

<operation id="15" st_id="2" stage="1" lat="1">
<core>NULL</core>
<MemPortIdVec></MemPortIdVec>
<condition id="-1">
<or_exp><and_exp></and_exp></or_exp>
</condition>

<Node id="15" bw="32" op_0_bw="17">
<![CDATA[
entry:12 %zext_ln77 = zext i17 %tmp_s

]]></Node>
<StgValue><ssdm name="zext_ln77"/></StgValue>
</operation>

<operation id="16" st_id="2" stage="1" lat="1">
<core>FIFO_SRL</core>
<MemPortIdVec></MemPortIdVec>
<condition id="-1">
<or_exp><and_exp></and_exp></or_exp>
</condition>

<Node id="16" bw="0" op_0_bw="0" op_1_bw="32" op_2_bw="32">
<![CDATA[
entry:13 %write_ln77 = write void @_ssdm_op_Write.ap_fifo.volatile.i32P0A, i32 %layer8_out, i32 %zext_ln77

]]></Node>
<StgValue><ssdm name="write_ln77"/></StgValue>
</operation>

<operation id="17" st_id="2" stage="1" lat="1">
<core>NULL</core>
<MemPortIdVec></MemPortIdVec>
<condition id="-1">
<or_exp><and_exp></and_exp></or_exp>
</condition>

<Node id="17" bw="0">
<![CDATA[
entry:14 %ret_ln101 = ret

]]></Node>
<StgValue><ssdm name="ret_ln101"/></StgValue>
</operation>
</state>
</state_list>


<ports>
<port id="19" name="layer7_out" dir="0" iftype="3">
<core>FIFO_SRL</core><StgValue><ssdm name="layer7_out"/></StgValue>
</port>
<port id="20" name="layer8_out" dir="1" iftype="3">
<core>FIFO_SRL</core><StgValue><ssdm name="layer8_out"/></StgValue>
</port>
</ports>


<dataflows>
<dataflow id="22" from="_ssdm_op_Read.ap_fifo.volatile.i12P0A" to="layer7_out_read" fromId="21" toId="3">
</dataflow>
<dataflow id="23" from="layer7_out" to="layer7_out_read" fromId="19" toId="3">
</dataflow>
<dataflow id="25" from="_ssdm_op_PartSelect.i2.i12.i32.i32" to="tmp" fromId="24" toId="4">
</dataflow>
<dataflow id="26" from="layer7_out_read" to="tmp" fromId="3" toId="4">
</dataflow>
<dataflow id="28" from="StgValue_27" to="tmp" fromId="27" toId="4">
</dataflow>
<dataflow id="30" from="StgValue_29" to="tmp" fromId="29" toId="4">
</dataflow>
<dataflow id="31" from="layer7_out_read" to="empty" fromId="3" toId="5">
</dataflow>
<dataflow id="32" from="_ssdm_op_PartSelect.i2.i12.i32.i32" to="tmp_2" fromId="24" toId="6">
</dataflow>
<dataflow id="33" from="layer7_out_read" to="tmp_2" fromId="3" toId="6">
</dataflow>
<dataflow id="35" from="StgValue_34" to="tmp_2" fromId="34" toId="6">
</dataflow>
<dataflow id="37" from="StgValue_36" to="tmp_2" fromId="36" toId="6">
</dataflow>
<dataflow id="38" from="tmp" to="empty_55" fromId="4" toId="7">
</dataflow>
<dataflow id="39" from="empty" to="empty_55" fromId="5" toId="7">
</dataflow>
<dataflow id="40" from="empty_55" to="add_ln813" fromId="7" toId="8">
</dataflow>
<dataflow id="41" from="tmp_2" to="add_ln813" fromId="6" toId="8">
</dataflow>
<dataflow id="43" from="_ssdm_op_SpecInterface" to="specinterface_ln0" fromId="42" toId="9">
</dataflow>
<dataflow id="44" from="layer8_out" to="specinterface_ln0" fromId="20" toId="9">
</dataflow>
<dataflow id="46" from="empty_14" to="specinterface_ln0" fromId="45" toId="9">
</dataflow>
<dataflow id="48" from="StgValue_47" to="specinterface_ln0" fromId="47" toId="9">
</dataflow>
<dataflow id="49" from="StgValue_47" to="specinterface_ln0" fromId="47" toId="9">
</dataflow>
<dataflow id="51" from="empty_1" to="specinterface_ln0" fromId="50" toId="9">
</dataflow>
<dataflow id="52" from="StgValue_47" to="specinterface_ln0" fromId="47" toId="9">
</dataflow>
<dataflow id="53" from="StgValue_47" to="specinterface_ln0" fromId="47" toId="9">
</dataflow>
<dataflow id="54" from="empty_1" to="specinterface_ln0" fromId="50" toId="9">
</dataflow>
<dataflow id="55" from="empty_1" to="specinterface_ln0" fromId="50" toId="9">
</dataflow>
<dataflow id="56" from="empty_1" to="specinterface_ln0" fromId="50" toId="9">
</dataflow>
<dataflow id="57" from="StgValue_47" to="specinterface_ln0" fromId="47" toId="9">
</dataflow>
<dataflow id="58" from="StgValue_47" to="specinterface_ln0" fromId="47" toId="9">
</dataflow>
<dataflow id="59" from="StgValue_47" to="specinterface_ln0" fromId="47" toId="9">
</dataflow>
<dataflow id="60" from="StgValue_47" to="specinterface_ln0" fromId="47" toId="9">
</dataflow>
<dataflow id="61" from="empty_1" to="specinterface_ln0" fromId="50" toId="9">
</dataflow>
<dataflow id="62" from="empty_1" to="specinterface_ln0" fromId="50" toId="9">
</dataflow>
<dataflow id="64" from="StgValue_63" to="specinterface_ln0" fromId="63" toId="9">
</dataflow>
<dataflow id="65" from="StgValue_47" to="specinterface_ln0" fromId="47" toId="9">
</dataflow>
<dataflow id="66" from="_ssdm_op_SpecInterface" to="specinterface_ln0" fromId="42" toId="10">
</dataflow>
<dataflow id="67" from="layer7_out" to="specinterface_ln0" fromId="19" toId="10">
</dataflow>
<dataflow id="68" from="empty_14" to="specinterface_ln0" fromId="45" toId="10">
</dataflow>
<dataflow id="69" from="StgValue_47" to="specinterface_ln0" fromId="47" toId="10">
</dataflow>
<dataflow id="70" from="StgValue_47" to="specinterface_ln0" fromId="47" toId="10">
</dataflow>
<dataflow id="71" from="empty_1" to="specinterface_ln0" fromId="50" toId="10">
</dataflow>
<dataflow id="72" from="StgValue_47" to="specinterface_ln0" fromId="47" toId="10">
</dataflow>
<dataflow id="73" from="StgValue_47" to="specinterface_ln0" fromId="47" toId="10">
</dataflow>
<dataflow id="74" from="empty_1" to="specinterface_ln0" fromId="50" toId="10">
</dataflow>
<dataflow id="75" from="empty_1" to="specinterface_ln0" fromId="50" toId="10">
</dataflow>
<dataflow id="76" from="empty_1" to="specinterface_ln0" fromId="50" toId="10">
</dataflow>
<dataflow id="77" from="StgValue_47" to="specinterface_ln0" fromId="47" toId="10">
</dataflow>
<dataflow id="78" from="StgValue_47" to="specinterface_ln0" fromId="47" toId="10">
</dataflow>
<dataflow id="79" from="StgValue_47" to="specinterface_ln0" fromId="47" toId="10">
</dataflow>
<dataflow id="80" from="StgValue_47" to="specinterface_ln0" fromId="47" toId="10">
</dataflow>
<dataflow id="81" from="empty_1" to="specinterface_ln0" fromId="50" toId="10">
</dataflow>
<dataflow id="82" from="empty_1" to="specinterface_ln0" fromId="50" toId="10">
</dataflow>
<dataflow id="83" from="StgValue_63" to="specinterface_ln0" fromId="63" toId="10">
</dataflow>
<dataflow id="84" from="StgValue_47" to="specinterface_ln0" fromId="47" toId="10">
</dataflow>
<dataflow id="86" from="_ssdm_op_SpecResourceLimit" to="specresourcelimit_ln33" fromId="85" toId="11">
</dataflow>
<dataflow id="88" from="StgValue_87" to="specresourcelimit_ln33" fromId="87" toId="11">
</dataflow>
<dataflow id="90" from="empty_15" to="specresourcelimit_ln33" fromId="89" toId="11">
</dataflow>
<dataflow id="91" from="empty_1" to="specresourcelimit_ln33" fromId="50" toId="11">
</dataflow>
<dataflow id="92" from="empty_1" to="specresourcelimit_ln33" fromId="50" toId="11">
</dataflow>
<dataflow id="93" from="empty_1" to="specresourcelimit_ln33" fromId="50" toId="11">
</dataflow>
<dataflow id="95" from="_ssdm_op_BitConcatenate.i13.i2.i11" to="res_V" fromId="94" toId="12">
</dataflow>
<dataflow id="96" from="add_ln813" to="res_V" fromId="8" toId="12">
</dataflow>
<dataflow id="98" from="StgValue_97" to="res_V" fromId="97" toId="12">
</dataflow>
<dataflow id="99" from="res_V" to="sext_ln66" fromId="12" toId="13">
</dataflow>
<dataflow id="101" from="_ssdm_op_BitConcatenate.i17.i1.i16" to="tmp_s" fromId="100" toId="14">
</dataflow>
<dataflow id="103" from="StgValue_102" to="tmp_s" fromId="102" toId="14">
</dataflow>
<dataflow id="104" from="sext_ln66" to="tmp_s" fromId="13" toId="14">
</dataflow>
<dataflow id="105" from="tmp_s" to="zext_ln77" fromId="14" toId="15">
</dataflow>
<dataflow id="107" from="_ssdm_op_Write.ap_fifo.volatile.i32P0A" to="write_ln77" fromId="106" toId="16">
</dataflow>
<dataflow id="108" from="layer8_out" to="write_ln77" fromId="20" toId="16">
</dataflow>
<dataflow id="109" from="zext_ln77" to="write_ln77" fromId="15" toId="16">
</dataflow>
</dataflows>


</stg>
