<stg><name>dense<array<ap_int<4>, 4u>, array<ap_fixed<16, 6, 5, 3, 0>, 3u>, config5></name>


<trans_list>

<trans id="37" from="1" to="2">
<condition id="-1">
<or_exp><and_exp></and_exp></or_exp>
</condition>
</trans>

<trans id="38" from="2" to="3">
<condition id="-1">
<or_exp><and_exp></and_exp></or_exp>
</condition>
</trans>
</trans_list>



<state_list>

<state id="1" st_id="1">

<operation id="4" st_id="1" stage="1" lat="1">
<core>FIFO_SRL</core>
<MemPortIdVec></MemPortIdVec>
<condition id="-1">
<or_exp><and_exp></and_exp></or_exp>
</condition>

<Node id="5" bw="16" op_0_bw="16" op_1_bw="16">
<![CDATA[
entry:2 %layer4_out_read = read i16 @_ssdm_op_Read.ap_fifo.volatile.i16P0A, i16 %layer4_out

]]></Node>
<StgValue><ssdm name="layer4_out_read"/></StgValue>
</operation>

<operation id="5" st_id="1" stage="1" lat="1">
<core>NULL</core>
<MemPortIdVec></MemPortIdVec>
<condition id="-1">
<or_exp><and_exp></and_exp></or_exp>
</condition>

<Node id="7" bw="2" op_0_bw="16">
<![CDATA[
entry:4 %trunc_ln813 = trunc i16 %layer4_out_read

]]></Node>
<StgValue><ssdm name="trunc_ln813"/></StgValue>
</operation>

<operation id="6" st_id="1" stage="1" lat="1">
<core>NULL</core>
<MemPortIdVec></MemPortIdVec>
<condition id="-1">
<or_exp><and_exp></and_exp></or_exp>
</condition>

<Node id="8" bw="1" op_0_bw="16">
<![CDATA[
entry:5 %trunc_ln813_1 = trunc i16 %layer4_out_read

]]></Node>
<StgValue><ssdm name="trunc_ln813_1"/></StgValue>
</operation>

<operation id="7" st_id="1" stage="1" lat="1">
<core>NULL</core>
<MemPortIdVec></MemPortIdVec>
<condition id="-1">
<or_exp><and_exp></and_exp></or_exp>
</condition>

<Node id="11" bw="2" op_0_bw="2" op_1_bw="16" op_2_bw="32" op_3_bw="32">
<![CDATA[
entry:8 %tmp_3 = partselect i2 @_ssdm_op_PartSelect.i2.i16.i32.i32, i16 %layer4_out_read, i32 4, i32 5

]]></Node>
<StgValue><ssdm name="tmp_3"/></StgValue>
</operation>

<operation id="8" st_id="1" stage="1" lat="1">
<core>NULL</core>
<MemPortIdVec></MemPortIdVec>
<condition id="-1">
<or_exp><and_exp></and_exp></or_exp>
</condition>

<Node id="13" bw="1" op_0_bw="1" op_1_bw="16" op_2_bw="32">
<![CDATA[
entry:10 %tmp_47 = bitselect i1 @_ssdm_op_BitSelect.i1.i16.i32, i16 %layer4_out_read, i32 4

]]></Node>
<StgValue><ssdm name="tmp_47"/></StgValue>
</operation>

<operation id="9" st_id="1" stage="1" lat="1">
<core>NULL</core>
<MemPortIdVec></MemPortIdVec>
<condition id="-1">
<or_exp><and_exp></and_exp></or_exp>
</condition>

<Node id="15" bw="2" op_0_bw="2" op_1_bw="16" op_2_bw="32" op_3_bw="32">
<![CDATA[
entry:12 %tmp_5 = partselect i2 @_ssdm_op_PartSelect.i2.i16.i32.i32, i16 %layer4_out_read, i32 8, i32 9

]]></Node>
<StgValue><ssdm name="tmp_5"/></StgValue>
</operation>

<operation id="10" st_id="1" stage="1" lat="1">
<core>NULL</core>
<MemPortIdVec></MemPortIdVec>
<condition id="-1">
<or_exp><and_exp></and_exp></or_exp>
</condition>

<Node id="17" bw="2" op_0_bw="2" op_1_bw="16" op_2_bw="32" op_3_bw="32">
<![CDATA[
entry:14 %tmp_6 = partselect i2 @_ssdm_op_PartSelect.i2.i16.i32.i32, i16 %layer4_out_read, i32 12, i32 13

]]></Node>
<StgValue><ssdm name="tmp_6"/></StgValue>
</operation>
</state>

<state id="2" st_id="2">

<operation id="11" st_id="2" stage="1" lat="1">
<core>NULL</core>
<MemPortIdVec></MemPortIdVec>
<condition id="-1">
<or_exp><and_exp></and_exp></or_exp>
</condition>

<Node id="9" bw="3" op_0_bw="3" op_1_bw="1" op_2_bw="2">
<![CDATA[
entry:6 %shl_ln813_2 = bitconcatenate i3 @_ssdm_op_BitConcatenate.i3.i1.i2, i1 %trunc_ln813_1, i2 0

]]></Node>
<StgValue><ssdm name="shl_ln813_2"/></StgValue>
</operation>

<operation id="12" st_id="2" stage="1" lat="1">
<core>NULL</core>
<MemPortIdVec></MemPortIdVec>
<condition id="-1">
<or_exp><and_exp></and_exp></or_exp>
</condition>

<Node id="10" bw="3" op_0_bw="3" op_1_bw="2" op_2_bw="1">
<![CDATA[
entry:7 %shl_ln813_3 = bitconcatenate i3 @_ssdm_op_BitConcatenate.i3.i2.i1, i2 %trunc_ln813, i1 0

]]></Node>
<StgValue><ssdm name="shl_ln813_3"/></StgValue>
</operation>

<operation id="13" st_id="2" stage="1" lat="1">
<core>NULL</core>
<MemPortIdVec></MemPortIdVec>
<condition id="-1">
<or_exp><and_exp></and_exp></or_exp>
</condition>

<Node id="12" bw="3" op_0_bw="3" op_1_bw="2" op_2_bw="1">
<![CDATA[
entry:9 %and_ln = bitconcatenate i3 @_ssdm_op_BitConcatenate.i3.i2.i1, i2 %tmp_3, i1 0

]]></Node>
<StgValue><ssdm name="and_ln"/></StgValue>
</operation>

<operation id="14" st_id="2" stage="1" lat="1">
<core>NULL</core>
<MemPortIdVec></MemPortIdVec>
<condition id="-1">
<or_exp><and_exp></and_exp></or_exp>
</condition>

<Node id="14" bw="3" op_0_bw="3" op_1_bw="1" op_2_bw="2">
<![CDATA[
entry:11 %and_ln813_1 = bitconcatenate i3 @_ssdm_op_BitConcatenate.i3.i1.i2, i1 %tmp_47, i2 0

]]></Node>
<StgValue><ssdm name="and_ln813_1"/></StgValue>
</operation>

<operation id="15" st_id="2" stage="1" lat="1">
<core>NULL</core>
<MemPortIdVec></MemPortIdVec>
<condition id="-1">
<or_exp><and_exp></and_exp></or_exp>
</condition>

<Node id="16" bw="3" op_0_bw="3" op_1_bw="2" op_2_bw="1">
<![CDATA[
entry:13 %shl_ln = bitconcatenate i3 @_ssdm_op_BitConcatenate.i3.i2.i1, i2 %tmp_5, i1 0

]]></Node>
<StgValue><ssdm name="shl_ln"/></StgValue>
</operation>

<operation id="16" st_id="2" stage="1" lat="1">
<core>NULL</core>
<MemPortIdVec></MemPortIdVec>
<condition id="-1">
<or_exp><and_exp></and_exp></or_exp>
</condition>

<Node id="18" bw="3" op_0_bw="3" op_1_bw="2" op_2_bw="1">
<![CDATA[
entry:15 %and_ln813_2 = bitconcatenate i3 @_ssdm_op_BitConcatenate.i3.i2.i1, i2 %tmp_6, i1 0

]]></Node>
<StgValue><ssdm name="and_ln813_2"/></StgValue>
</operation>

<operation id="17" st_id="2" stage="1" lat="1">
<core>Adder</core>
<MemPortIdVec></MemPortIdVec>
<condition id="-1">
<or_exp><and_exp></and_exp></or_exp>
</condition>

<Node id="19" bw="3" op_0_bw="3" op_1_bw="3">
<![CDATA[
entry:16 %add_ln813 = add i3 %and_ln, i3 %shl_ln813_2

]]></Node>
<StgValue><ssdm name="add_ln813"/></StgValue>
</operation>

<operation id="18" st_id="2" stage="1" lat="1">
<core>TAddSub</core>
<MemPortIdVec></MemPortIdVec>
<condition id="-1">
<or_exp><and_exp></and_exp></or_exp>
</condition>

<Node id="20" bw="3" op_0_bw="3" op_1_bw="3">
<![CDATA[
entry:17 %sub_ln813 = sub i3 %add_ln813, i3 %shl_ln

]]></Node>
<StgValue><ssdm name="sub_ln813"/></StgValue>
</operation>

<operation id="19" st_id="2" stage="1" lat="1">
<core>TAddSub</core>
<MemPortIdVec></MemPortIdVec>
<condition id="-1">
<or_exp><and_exp></and_exp></or_exp>
</condition>

<Node id="21" bw="3" op_0_bw="3" op_1_bw="3">
<![CDATA[
entry:18 %x_V = add i3 %sub_ln813, i3 %and_ln813_2

]]></Node>
<StgValue><ssdm name="x_V"/></StgValue>
</operation>

<operation id="20" st_id="2" stage="1" lat="1">
<core>Adder</core>
<MemPortIdVec></MemPortIdVec>
<condition id="-1">
<or_exp><and_exp></and_exp></or_exp>
</condition>

<Node id="22" bw="3" op_0_bw="3" op_1_bw="3">
<![CDATA[
entry:19 %sub_ln813_1 = sub i3 %and_ln813_1, i3 %shl_ln813_3

]]></Node>
<StgValue><ssdm name="sub_ln813_1"/></StgValue>
</operation>

<operation id="21" st_id="2" stage="1" lat="1">
<core>TAddSub</core>
<MemPortIdVec></MemPortIdVec>
<condition id="-1">
<or_exp><and_exp></and_exp></or_exp>
</condition>

<Node id="23" bw="3" op_0_bw="3" op_1_bw="3">
<![CDATA[
entry:20 %sub_ln813_2 = sub i3 %sub_ln813_1, i3 %shl_ln

]]></Node>
<StgValue><ssdm name="sub_ln813_2"/></StgValue>
</operation>

<operation id="22" st_id="2" stage="1" lat="1">
<core>TAddSub</core>
<MemPortIdVec></MemPortIdVec>
<condition id="-1">
<or_exp><and_exp></and_exp></or_exp>
</condition>

<Node id="24" bw="3" op_0_bw="3" op_1_bw="3">
<![CDATA[
entry:21 %x_V_1 = add i3 %sub_ln813_2, i3 %and_ln813_2

]]></Node>
<StgValue><ssdm name="x_V_1"/></StgValue>
</operation>

<operation id="23" st_id="2" stage="1" lat="1">
<core>Adder</core>
<MemPortIdVec></MemPortIdVec>
<condition id="-1">
<or_exp><and_exp></and_exp></or_exp>
</condition>

<Node id="25" bw="2" op_0_bw="2" op_1_bw="2">
<![CDATA[
entry:22 %tmp_i1 = sub i2 %trunc_ln813, i2 %tmp_6

]]></Node>
<StgValue><ssdm name="tmp_i1"/></StgValue>
</operation>

<operation id="24" st_id="2" stage="1" lat="1">
<core>NULL</core>
<MemPortIdVec></MemPortIdVec>
<condition id="-1">
<or_exp><and_exp></and_exp></or_exp>
</condition>

<Node id="26" bw="3" op_0_bw="3" op_1_bw="2" op_2_bw="1">
<![CDATA[
entry:23 %tmp15_i = bitconcatenate i3 @_ssdm_op_BitConcatenate.i3.i2.i1, i2 %tmp_i1, i1 0

]]></Node>
<StgValue><ssdm name="tmp15_i"/></StgValue>
</operation>

<operation id="25" st_id="2" stage="1" lat="1">
<core>Adder</core>
<MemPortIdVec></MemPortIdVec>
<condition id="-1">
<or_exp><and_exp></and_exp></or_exp>
</condition>

<Node id="27" bw="3" op_0_bw="3" op_1_bw="3">
<![CDATA[
entry:24 %x_V_2 = add i3 %tmp15_i, i3 %and_ln

]]></Node>
<StgValue><ssdm name="x_V_2"/></StgValue>
</operation>
</state>

<state id="3" st_id="3">

<operation id="26" st_id="3" stage="1" lat="1">
<core>NULL</core>
<MemPortIdVec></MemPortIdVec>
<condition id="-1">
<or_exp><and_exp></and_exp></or_exp>
</condition>

<Node id="3" bw="0" op_0_bw="0" op_1_bw="48" op_2_bw="0" op_3_bw="32" op_4_bw="32" op_5_bw="0" op_6_bw="32" op_7_bw="32" op_8_bw="0" op_9_bw="0" op_10_bw="0" op_11_bw="32" op_12_bw="32" op_13_bw="32" op_14_bw="32" op_15_bw="0" op_16_bw="0" op_17_bw="32" op_18_bw="32">
<![CDATA[
entry:0 %specinterface_ln0 = specinterface void @_ssdm_op_SpecInterface, i48 %layer5_out, void @empty_14, i32 0, i32 0, void @empty_1, i32 0, i32 0, void @empty_1, void @empty_1, void @empty_1, i32 0, i32 0, i32 0, i32 0, void @empty_1, void @empty_1, i32 4294967295, i32 0

]]></Node>
<StgValue><ssdm name="specinterface_ln0"/></StgValue>
</operation>

<operation id="27" st_id="3" stage="1" lat="1">
<core>NULL</core>
<MemPortIdVec></MemPortIdVec>
<condition id="-1">
<or_exp><and_exp></and_exp></or_exp>
</condition>

<Node id="4" bw="0" op_0_bw="0" op_1_bw="16" op_2_bw="0" op_3_bw="32" op_4_bw="32" op_5_bw="0" op_6_bw="32" op_7_bw="32" op_8_bw="0" op_9_bw="0" op_10_bw="0" op_11_bw="32" op_12_bw="32" op_13_bw="32" op_14_bw="32" op_15_bw="0" op_16_bw="0" op_17_bw="32" op_18_bw="32">
<![CDATA[
entry:1 %specinterface_ln0 = specinterface void @_ssdm_op_SpecInterface, i16 %layer4_out, void @empty_14, i32 0, i32 0, void @empty_1, i32 0, i32 0, void @empty_1, void @empty_1, void @empty_1, i32 0, i32 0, i32 0, i32 0, void @empty_1, void @empty_1, i32 4294967295, i32 0

]]></Node>
<StgValue><ssdm name="specinterface_ln0"/></StgValue>
</operation>

<operation id="28" st_id="3" stage="1" lat="1">
<core>NULL</core>
<MemPortIdVec></MemPortIdVec>
<condition id="-1">
<or_exp><and_exp></and_exp></or_exp>
</condition>

<Node id="6" bw="0" op_0_bw="0" op_1_bw="64" op_2_bw="0" op_3_bw="0" op_4_bw="0" op_5_bw="0">
<![CDATA[
entry:3 %specresourcelimit_ln33 = specresourcelimit void @_ssdm_op_SpecResourceLimit, i64 11, void @empty_15, void @empty_1, void @empty_1, void @empty_1

]]></Node>
<StgValue><ssdm name="specresourcelimit_ln33"/></StgValue>
</operation>

<operation id="29" st_id="3" stage="1" lat="1">
<core>NULL</core>
<MemPortIdVec></MemPortIdVec>
<condition id="-1">
<or_exp><and_exp></and_exp></or_exp>
</condition>

<Node id="28" bw="13" op_0_bw="13" op_1_bw="3" op_2_bw="10">
<![CDATA[
entry:25 %res_V = bitconcatenate i13 @_ssdm_op_BitConcatenate.i13.i3.i10, i3 %x_V, i10 0

]]></Node>
<StgValue><ssdm name="res_V"/></StgValue>
</operation>

<operation id="30" st_id="3" stage="1" lat="1">
<core>NULL</core>
<MemPortIdVec></MemPortIdVec>
<condition id="-1">
<or_exp><and_exp></and_exp></or_exp>
</condition>

<Node id="29" bw="16" op_0_bw="13">
<![CDATA[
entry:26 %sext_ln66 = sext i13 %res_V

]]></Node>
<StgValue><ssdm name="sext_ln66"/></StgValue>
</operation>

<operation id="31" st_id="3" stage="1" lat="1">
<core>NULL</core>
<MemPortIdVec></MemPortIdVec>
<condition id="-1">
<or_exp><and_exp></and_exp></or_exp>
</condition>

<Node id="30" bw="13" op_0_bw="13" op_1_bw="3" op_2_bw="10">
<![CDATA[
entry:27 %res_V_1 = bitconcatenate i13 @_ssdm_op_BitConcatenate.i13.i3.i10, i3 %x_V_1, i10 0

]]></Node>
<StgValue><ssdm name="res_V_1"/></StgValue>
</operation>

<operation id="32" st_id="3" stage="1" lat="1">
<core>NULL</core>
<MemPortIdVec></MemPortIdVec>
<condition id="-1">
<or_exp><and_exp></and_exp></or_exp>
</condition>

<Node id="31" bw="16" op_0_bw="13">
<![CDATA[
entry:28 %sext_ln77 = sext i13 %res_V_1

]]></Node>
<StgValue><ssdm name="sext_ln77"/></StgValue>
</operation>

<operation id="33" st_id="3" stage="1" lat="1">
<core>NULL</core>
<MemPortIdVec></MemPortIdVec>
<condition id="-1">
<or_exp><and_exp></and_exp></or_exp>
</condition>

<Node id="32" bw="45" op_0_bw="45" op_1_bw="3" op_2_bw="10" op_3_bw="16" op_4_bw="16">
<![CDATA[
entry:29 %tmp = bitconcatenate i45 @_ssdm_op_BitConcatenate.i45.i3.i10.i16.i16, i3 %x_V_2, i10 0, i16 %sext_ln77, i16 %sext_ln66

]]></Node>
<StgValue><ssdm name="tmp"/></StgValue>
</operation>

<operation id="34" st_id="3" stage="1" lat="1">
<core>NULL</core>
<MemPortIdVec></MemPortIdVec>
<condition id="-1">
<or_exp><and_exp></and_exp></or_exp>
</condition>

<Node id="33" bw="48" op_0_bw="45">
<![CDATA[
entry:30 %sext_ln77_1 = sext i45 %tmp

]]></Node>
<StgValue><ssdm name="sext_ln77_1"/></StgValue>
</operation>

<operation id="35" st_id="3" stage="1" lat="1">
<core>FIFO_SRL</core>
<MemPortIdVec></MemPortIdVec>
<condition id="-1">
<or_exp><and_exp></and_exp></or_exp>
</condition>

<Node id="34" bw="0" op_0_bw="0" op_1_bw="48" op_2_bw="48">
<![CDATA[
entry:31 %write_ln77 = write void @_ssdm_op_Write.ap_fifo.volatile.i48P0A, i48 %layer5_out, i48 %sext_ln77_1

]]></Node>
<StgValue><ssdm name="write_ln77"/></StgValue>
</operation>

<operation id="36" st_id="3" stage="1" lat="1">
<core>NULL</core>
<MemPortIdVec></MemPortIdVec>
<condition id="-1">
<or_exp><and_exp></and_exp></or_exp>
</condition>

<Node id="35" bw="0">
<![CDATA[
entry:32 %ret_ln101 = ret

]]></Node>
<StgValue><ssdm name="ret_ln101"/></StgValue>
</operation>
</state>
</state_list>


<ports>
<port id="39" name="layer4_out" dir="0" iftype="3">
<core>FIFO_SRL</core><StgValue><ssdm name="layer4_out"/></StgValue>
</port>
<port id="40" name="layer5_out" dir="1" iftype="3">
<core>FIFO_SRL</core><StgValue><ssdm name="layer5_out"/></StgValue>
</port>
</ports>


<dataflows>
<dataflow id="42" from="_ssdm_op_Read.ap_fifo.volatile.i16P0A" to="layer4_out_read" fromId="41" toId="4">
</dataflow>
<dataflow id="43" from="layer4_out" to="layer4_out_read" fromId="39" toId="4">
</dataflow>
<dataflow id="44" from="layer4_out_read" to="trunc_ln813" fromId="4" toId="5">
</dataflow>
<dataflow id="45" from="layer4_out_read" to="trunc_ln813_1" fromId="4" toId="6">
</dataflow>
<dataflow id="47" from="_ssdm_op_PartSelect.i2.i16.i32.i32" to="tmp_3" fromId="46" toId="7">
</dataflow>
<dataflow id="48" from="layer4_out_read" to="tmp_3" fromId="4" toId="7">
</dataflow>
<dataflow id="50" from="StgValue_49" to="tmp_3" fromId="49" toId="7">
</dataflow>
<dataflow id="52" from="StgValue_51" to="tmp_3" fromId="51" toId="7">
</dataflow>
<dataflow id="54" from="_ssdm_op_BitSelect.i1.i16.i32" to="tmp_47" fromId="53" toId="8">
</dataflow>
<dataflow id="55" from="layer4_out_read" to="tmp_47" fromId="4" toId="8">
</dataflow>
<dataflow id="56" from="StgValue_49" to="tmp_47" fromId="49" toId="8">
</dataflow>
<dataflow id="57" from="_ssdm_op_PartSelect.i2.i16.i32.i32" to="tmp_5" fromId="46" toId="9">
</dataflow>
<dataflow id="58" from="layer4_out_read" to="tmp_5" fromId="4" toId="9">
</dataflow>
<dataflow id="60" from="StgValue_59" to="tmp_5" fromId="59" toId="9">
</dataflow>
<dataflow id="62" from="StgValue_61" to="tmp_5" fromId="61" toId="9">
</dataflow>
<dataflow id="63" from="_ssdm_op_PartSelect.i2.i16.i32.i32" to="tmp_6" fromId="46" toId="10">
</dataflow>
<dataflow id="64" from="layer4_out_read" to="tmp_6" fromId="4" toId="10">
</dataflow>
<dataflow id="66" from="StgValue_65" to="tmp_6" fromId="65" toId="10">
</dataflow>
<dataflow id="68" from="StgValue_67" to="tmp_6" fromId="67" toId="10">
</dataflow>
<dataflow id="70" from="_ssdm_op_BitConcatenate.i3.i1.i2" to="shl_ln813_2" fromId="69" toId="11">
</dataflow>
<dataflow id="71" from="trunc_ln813_1" to="shl_ln813_2" fromId="6" toId="11">
</dataflow>
<dataflow id="73" from="StgValue_72" to="shl_ln813_2" fromId="72" toId="11">
</dataflow>
<dataflow id="75" from="_ssdm_op_BitConcatenate.i3.i2.i1" to="shl_ln813_3" fromId="74" toId="12">
</dataflow>
<dataflow id="76" from="trunc_ln813" to="shl_ln813_3" fromId="5" toId="12">
</dataflow>
<dataflow id="78" from="StgValue_77" to="shl_ln813_3" fromId="77" toId="12">
</dataflow>
<dataflow id="79" from="_ssdm_op_BitConcatenate.i3.i2.i1" to="and_ln" fromId="74" toId="13">
</dataflow>
<dataflow id="80" from="tmp_3" to="and_ln" fromId="7" toId="13">
</dataflow>
<dataflow id="81" from="StgValue_77" to="and_ln" fromId="77" toId="13">
</dataflow>
<dataflow id="82" from="_ssdm_op_BitConcatenate.i3.i1.i2" to="and_ln813_1" fromId="69" toId="14">
</dataflow>
<dataflow id="83" from="tmp_47" to="and_ln813_1" fromId="8" toId="14">
</dataflow>
<dataflow id="84" from="StgValue_72" to="and_ln813_1" fromId="72" toId="14">
</dataflow>
<dataflow id="85" from="_ssdm_op_BitConcatenate.i3.i2.i1" to="shl_ln" fromId="74" toId="15">
</dataflow>
<dataflow id="86" from="tmp_5" to="shl_ln" fromId="9" toId="15">
</dataflow>
<dataflow id="87" from="StgValue_77" to="shl_ln" fromId="77" toId="15">
</dataflow>
<dataflow id="88" from="_ssdm_op_BitConcatenate.i3.i2.i1" to="and_ln813_2" fromId="74" toId="16">
</dataflow>
<dataflow id="89" from="tmp_6" to="and_ln813_2" fromId="10" toId="16">
</dataflow>
<dataflow id="90" from="StgValue_77" to="and_ln813_2" fromId="77" toId="16">
</dataflow>
<dataflow id="91" from="and_ln" to="add_ln813" fromId="13" toId="17">
</dataflow>
<dataflow id="92" from="shl_ln813_2" to="add_ln813" fromId="11" toId="17">
</dataflow>
<dataflow id="93" from="add_ln813" to="sub_ln813" fromId="17" toId="18">
</dataflow>
<dataflow id="94" from="shl_ln" to="sub_ln813" fromId="15" toId="18">
</dataflow>
<dataflow id="95" from="sub_ln813" to="x_V" fromId="18" toId="19">
</dataflow>
<dataflow id="96" from="and_ln813_2" to="x_V" fromId="16" toId="19">
</dataflow>
<dataflow id="97" from="and_ln813_1" to="sub_ln813_1" fromId="14" toId="20">
</dataflow>
<dataflow id="98" from="shl_ln813_3" to="sub_ln813_1" fromId="12" toId="20">
</dataflow>
<dataflow id="99" from="sub_ln813_1" to="sub_ln813_2" fromId="20" toId="21">
</dataflow>
<dataflow id="100" from="shl_ln" to="sub_ln813_2" fromId="15" toId="21">
</dataflow>
<dataflow id="101" from="sub_ln813_2" to="x_V_1" fromId="21" toId="22">
</dataflow>
<dataflow id="102" from="and_ln813_2" to="x_V_1" fromId="16" toId="22">
</dataflow>
<dataflow id="103" from="trunc_ln813" to="tmp_i1" fromId="5" toId="23">
</dataflow>
<dataflow id="104" from="tmp_6" to="tmp_i1" fromId="10" toId="23">
</dataflow>
<dataflow id="105" from="_ssdm_op_BitConcatenate.i3.i2.i1" to="tmp15_i" fromId="74" toId="24">
</dataflow>
<dataflow id="106" from="tmp_i1" to="tmp15_i" fromId="23" toId="24">
</dataflow>
<dataflow id="107" from="StgValue_77" to="tmp15_i" fromId="77" toId="24">
</dataflow>
<dataflow id="108" from="tmp15_i" to="x_V_2" fromId="24" toId="25">
</dataflow>
<dataflow id="109" from="and_ln" to="x_V_2" fromId="13" toId="25">
</dataflow>
<dataflow id="111" from="_ssdm_op_SpecInterface" to="specinterface_ln0" fromId="110" toId="26">
</dataflow>
<dataflow id="112" from="layer5_out" to="specinterface_ln0" fromId="40" toId="26">
</dataflow>
<dataflow id="114" from="empty_14" to="specinterface_ln0" fromId="113" toId="26">
</dataflow>
<dataflow id="116" from="StgValue_115" to="specinterface_ln0" fromId="115" toId="26">
</dataflow>
<dataflow id="117" from="StgValue_115" to="specinterface_ln0" fromId="115" toId="26">
</dataflow>
<dataflow id="119" from="empty_1" to="specinterface_ln0" fromId="118" toId="26">
</dataflow>
<dataflow id="120" from="StgValue_115" to="specinterface_ln0" fromId="115" toId="26">
</dataflow>
<dataflow id="121" from="StgValue_115" to="specinterface_ln0" fromId="115" toId="26">
</dataflow>
<dataflow id="122" from="empty_1" to="specinterface_ln0" fromId="118" toId="26">
</dataflow>
<dataflow id="123" from="empty_1" to="specinterface_ln0" fromId="118" toId="26">
</dataflow>
<dataflow id="124" from="empty_1" to="specinterface_ln0" fromId="118" toId="26">
</dataflow>
<dataflow id="125" from="StgValue_115" to="specinterface_ln0" fromId="115" toId="26">
</dataflow>
<dataflow id="126" from="StgValue_115" to="specinterface_ln0" fromId="115" toId="26">
</dataflow>
<dataflow id="127" from="StgValue_115" to="specinterface_ln0" fromId="115" toId="26">
</dataflow>
<dataflow id="128" from="StgValue_115" to="specinterface_ln0" fromId="115" toId="26">
</dataflow>
<dataflow id="129" from="empty_1" to="specinterface_ln0" fromId="118" toId="26">
</dataflow>
<dataflow id="130" from="empty_1" to="specinterface_ln0" fromId="118" toId="26">
</dataflow>
<dataflow id="132" from="StgValue_131" to="specinterface_ln0" fromId="131" toId="26">
</dataflow>
<dataflow id="133" from="StgValue_115" to="specinterface_ln0" fromId="115" toId="26">
</dataflow>
<dataflow id="134" from="_ssdm_op_SpecInterface" to="specinterface_ln0" fromId="110" toId="27">
</dataflow>
<dataflow id="135" from="layer4_out" to="specinterface_ln0" fromId="39" toId="27">
</dataflow>
<dataflow id="136" from="empty_14" to="specinterface_ln0" fromId="113" toId="27">
</dataflow>
<dataflow id="137" from="StgValue_115" to="specinterface_ln0" fromId="115" toId="27">
</dataflow>
<dataflow id="138" from="StgValue_115" to="specinterface_ln0" fromId="115" toId="27">
</dataflow>
<dataflow id="139" from="empty_1" to="specinterface_ln0" fromId="118" toId="27">
</dataflow>
<dataflow id="140" from="StgValue_115" to="specinterface_ln0" fromId="115" toId="27">
</dataflow>
<dataflow id="141" from="StgValue_115" to="specinterface_ln0" fromId="115" toId="27">
</dataflow>
<dataflow id="142" from="empty_1" to="specinterface_ln0" fromId="118" toId="27">
</dataflow>
<dataflow id="143" from="empty_1" to="specinterface_ln0" fromId="118" toId="27">
</dataflow>
<dataflow id="144" from="empty_1" to="specinterface_ln0" fromId="118" toId="27">
</dataflow>
<dataflow id="145" from="StgValue_115" to="specinterface_ln0" fromId="115" toId="27">
</dataflow>
<dataflow id="146" from="StgValue_115" to="specinterface_ln0" fromId="115" toId="27">
</dataflow>
<dataflow id="147" from="StgValue_115" to="specinterface_ln0" fromId="115" toId="27">
</dataflow>
<dataflow id="148" from="StgValue_115" to="specinterface_ln0" fromId="115" toId="27">
</dataflow>
<dataflow id="149" from="empty_1" to="specinterface_ln0" fromId="118" toId="27">
</dataflow>
<dataflow id="150" from="empty_1" to="specinterface_ln0" fromId="118" toId="27">
</dataflow>
<dataflow id="151" from="StgValue_131" to="specinterface_ln0" fromId="131" toId="27">
</dataflow>
<dataflow id="152" from="StgValue_115" to="specinterface_ln0" fromId="115" toId="27">
</dataflow>
<dataflow id="154" from="_ssdm_op_SpecResourceLimit" to="specresourcelimit_ln33" fromId="153" toId="28">
</dataflow>
<dataflow id="156" from="StgValue_155" to="specresourcelimit_ln33" fromId="155" toId="28">
</dataflow>
<dataflow id="158" from="empty_15" to="specresourcelimit_ln33" fromId="157" toId="28">
</dataflow>
<dataflow id="159" from="empty_1" to="specresourcelimit_ln33" fromId="118" toId="28">
</dataflow>
<dataflow id="160" from="empty_1" to="specresourcelimit_ln33" fromId="118" toId="28">
</dataflow>
<dataflow id="161" from="empty_1" to="specresourcelimit_ln33" fromId="118" toId="28">
</dataflow>
<dataflow id="163" from="_ssdm_op_BitConcatenate.i13.i3.i10" to="res_V" fromId="162" toId="29">
</dataflow>
<dataflow id="164" from="x_V" to="res_V" fromId="19" toId="29">
</dataflow>
<dataflow id="166" from="StgValue_165" to="res_V" fromId="165" toId="29">
</dataflow>
<dataflow id="167" from="res_V" to="sext_ln66" fromId="29" toId="30">
</dataflow>
<dataflow id="168" from="_ssdm_op_BitConcatenate.i13.i3.i10" to="res_V_1" fromId="162" toId="31">
</dataflow>
<dataflow id="169" from="x_V_1" to="res_V_1" fromId="22" toId="31">
</dataflow>
<dataflow id="170" from="StgValue_165" to="res_V_1" fromId="165" toId="31">
</dataflow>
<dataflow id="171" from="res_V_1" to="sext_ln77" fromId="31" toId="32">
</dataflow>
<dataflow id="173" from="_ssdm_op_BitConcatenate.i45.i3.i10.i16.i16" to="tmp" fromId="172" toId="33">
</dataflow>
<dataflow id="174" from="x_V_2" to="tmp" fromId="25" toId="33">
</dataflow>
<dataflow id="175" from="StgValue_165" to="tmp" fromId="165" toId="33">
</dataflow>
<dataflow id="176" from="sext_ln77" to="tmp" fromId="32" toId="33">
</dataflow>
<dataflow id="177" from="sext_ln66" to="tmp" fromId="30" toId="33">
</dataflow>
<dataflow id="178" from="tmp" to="sext_ln77_1" fromId="33" toId="34">
</dataflow>
<dataflow id="180" from="_ssdm_op_Write.ap_fifo.volatile.i48P0A" to="write_ln77" fromId="179" toId="35">
</dataflow>
<dataflow id="181" from="layer5_out" to="write_ln77" fromId="40" toId="35">
</dataflow>
<dataflow id="182" from="sext_ln77_1" to="write_ln77" fromId="34" toId="35">
</dataflow>
</dataflows>


</stg>
