<stg><name>dense<array<ap_int<4>, 4u>, array<ap_fixed<16, 6, 5, 3, 0>, 3u>, config5></name>


<trans_list>

<trans id="37" from="1" to="2">
<condition id="-1">
<or_exp><and_exp></and_exp></or_exp>
</condition>
</trans>

<trans id="38" from="2" to="3">
<condition id="-1">
<or_exp><and_exp></and_exp></or_exp>
</condition>
</trans>
</trans_list>



<state_list>

<state id="1" st_id="1">

<operation id="4" st_id="1" stage="1" lat="1">
<core>FIFO_SRL</core>
<MemPortIdVec></MemPortIdVec>
<condition id="-1">
<or_exp><and_exp></and_exp></or_exp>
</condition>

<Node id="5" bw="16" op_0_bw="16" op_1_bw="16">
<![CDATA[
entry:2 %layer4_out_read = read i16 @_ssdm_op_Read.ap_fifo.volatile.i16P0A, i16 %layer4_out

]]></Node>
<StgValue><ssdm name="layer4_out_read"/></StgValue>
</operation>

<operation id="5" st_id="1" stage="1" lat="1">
<core>NULL</core>
<MemPortIdVec></MemPortIdVec>
<condition id="-1">
<or_exp><and_exp></and_exp></or_exp>
</condition>

<Node id="7" bw="2" op_0_bw="16">
<![CDATA[
entry:4 %trunc_ln813 = trunc i16 %layer4_out_read

]]></Node>
<StgValue><ssdm name="trunc_ln813"/></StgValue>
</operation>

<operation id="6" st_id="1" stage="1" lat="1">
<core>NULL</core>
<MemPortIdVec></MemPortIdVec>
<condition id="-1">
<or_exp><and_exp></and_exp></or_exp>
</condition>

<Node id="8" bw="1" op_0_bw="16">
<![CDATA[
entry:5 %trunc_ln813_1 = trunc i16 %layer4_out_read

]]></Node>
<StgValue><ssdm name="trunc_ln813_1"/></StgValue>
</operation>

<operation id="7" st_id="1" stage="1" lat="1">
<core>NULL</core>
<MemPortIdVec></MemPortIdVec>
<condition id="-1">
<or_exp><and_exp></and_exp></or_exp>
</condition>

<Node id="11" bw="2" op_0_bw="2" op_1_bw="16" op_2_bw="32" op_3_bw="32">
<![CDATA[
entry:8 %tmp_3 = partselect i2 @_ssdm_op_PartSelect.i2.i16.i32.i32, i16 %layer4_out_read, i32 4, i32 5

]]></Node>
<StgValue><ssdm name="tmp_3"/></StgValue>
</operation>

<operation id="8" st_id="1" stage="1" lat="1">
<core>NULL</core>
<MemPortIdVec></MemPortIdVec>
<condition id="-1">
<or_exp><and_exp></and_exp></or_exp>
</condition>

<Node id="13" bw="1" op_0_bw="1" op_1_bw="16" op_2_bw="32">
<![CDATA[
entry:10 %tmp_47 = bitselect i1 @_ssdm_op_BitSelect.i1.i16.i32, i16 %layer4_out_read, i32 4

]]></Node>
<StgValue><ssdm name="tmp_47"/></StgValue>
</operation>

<operation id="9" st_id="1" stage="1" lat="1">
<core>NULL</core>
<MemPortIdVec></MemPortIdVec>
<condition id="-1">
<or_exp><and_exp></and_exp></or_exp>
</condition>

<Node id="15" bw="2" op_0_bw="2" op_1_bw="16" op_2_bw="32" op_3_bw="32">
<![CDATA[
entry:12 %tmp_5 = partselect i2 @_ssdm_op_PartSelect.i2.i16.i32.i32, i16 %layer4_out_read, i32 8, i32 9

]]></Node>
<StgValue><ssdm name="tmp_5"/></StgValue>
</operation>

<operation id="10" st_id="1" stage="1" lat="1">
<core>NULL</core>
<MemPortIdVec></MemPortIdVec>
<condition id="-1">
<or_exp><and_exp></and_exp></or_exp>
</condition>

<Node id="17" bw="2" op_0_bw="2" op_1_bw="16" op_2_bw="32" op_3_bw="32">
<![CDATA[
entry:14 %tmp_6 = partselect i2 @_ssdm_op_PartSelect.i2.i16.i32.i32, i16 %layer4_out_read, i32 12, i32 13

]]></Node>
<StgValue><ssdm name="tmp_6"/></StgValue>
</operation>
</state>

<state id="2" st_id="2">

<operation id="11" st_id="2" stage="1" lat="1">
<core>NULL</core>
<MemPortIdVec></MemPortIdVec>
<condition id="-1">
<or_exp><and_exp></and_exp></or_exp>
</condition>

<Node id="9" bw="3" op_0_bw="3" op_1_bw="1" op_2_bw="2">
<![CDATA[
entry:6 %shl_ln813_2 = bitconcatenate i3 @_ssdm_op_BitConcatenate.i3.i1.i2, i1 %trunc_ln813_1, i2 0

]]></Node>
<StgValue><ssdm name="shl_ln813_2"/></StgValue>
</operation>

<operation id="12" st_id="2" stage="1" lat="1">
<core>NULL</core>
<MemPortIdVec></MemPortIdVec>
<condition id="-1">
<or_exp><and_exp></and_exp></or_exp>
</condition>

<Node id="10" bw="3" op_0_bw="3" op_1_bw="2" op_2_bw="1">
<![CDATA[
entry:7 %shl_ln813_3 = bitconcatenate i3 @_ssdm_op_BitConcatenate.i3.i2.i1, i2 %trunc_ln813, i1 0

]]></Node>
<StgValue><ssdm name="shl_ln813_3"/></StgValue>
</operation>

<operation id="13" st_id="2" stage="1" lat="1">
<core>NULL</core>
<MemPortIdVec></MemPortIdVec>
<condition id="-1">
<or_exp><and_exp></and_exp></or_exp>
</condition>

<Node id="12" bw="3" op_0_bw="3" op_1_bw="2" op_2_bw="1">
<![CDATA[
entry:9 %and_ln = bitconcatenate i3 @_ssdm_op_BitConcatenate.i3.i2.i1, i2 %tmp_3, i1 0

]]></Node>
<StgValue><ssdm name="and_ln"/></StgValue>
</operation>

<operation id="14" st_id="2" stage="1" lat="1">
<core>NULL</core>
<MemPortIdVec></MemPortIdVec>
<condition id="-1">
<or_exp><and_exp></and_exp></or_exp>
</condition>

<Node id="14" bw="3" op_0_bw="3" op_1_bw="1" op_2_bw="2">
<![CDATA[
entry:11 %and_ln813_1 = bitconcatenate i3 @_ssdm_op_BitConcatenate.i3.i1.i2, i1 %tmp_47, i2 0

]]></Node>
<StgValue><ssdm name="and_ln813_1"/></StgValue>
</operation>

<operation id="15" st_id="2" stage="1" lat="1">
<core>NULL</core>
<MemPortIdVec></MemPortIdVec>
<condition id="-1">
<or_exp><and_exp></and_exp></or_exp>
</condition>

<Node id="16" bw="3" op_0_bw="3" op_1_bw="2" op_2_bw="1">
<![CDATA[
entry:13 %shl_ln = bitconcatenate i3 @_ssdm_op_BitConcatenate.i3.i2.i1, i2 %tmp_5, i1 0

]]></Node>
<StgValue><ssdm name="shl_ln"/></StgValue>
</operation>

<operation id="16" st_id="2" stage="1" lat="1">
<core>NULL</core>
<MemPortIdVec></MemPortIdVec>
<condition id="-1">
<or_exp><and_exp></and_exp></or_exp>
</condition>

<Node id="18" bw="3" op_0_bw="3" op_1_bw="2" op_2_bw="1">
<![CDATA[
entry:15 %and_ln813_2 = bitconcatenate i3 @_ssdm_op_BitConcatenate.i3.i2.i1, i2 %tmp_6, i1 0

]]></Node>
<StgValue><ssdm name="and_ln813_2"/></StgValue>
</operation>

<operation id="17" st_id="2" stage="1" lat="1">
<core>Adder</core>
<MemPortIdVec></MemPortIdVec>
<condition id="-1">
<or_exp><and_exp></and_exp></or_exp>
</condition>

<Node id="19" bw="3" op_0_bw="3" op_1_bw="3">
<![CDATA[
entry:16 %add_ln813 = add i3 %and_ln, i3 %shl_ln813_2

]]></Node>
<StgValue><ssdm name="add_ln813"/></StgValue>
</operation>

<operation id="18" st_id="2" stage="1" lat="1">
<core>TAddSub</core>
<MemPortIdVec></MemPortIdVec>
<condition id="-1">
<or_exp><and_exp></and_exp></or_exp>
</condition>

<Node id="20" bw="3" op_0_bw="3" op_1_bw="3">
<![CDATA[
entry:17 %sub_ln813 = sub i3 %add_ln813, i3 %shl_ln

]]></Node>
<StgValue><ssdm name="sub_ln813"/></StgValue>
</operation>

<operation id="19" st_id="2" stage="1" lat="1">
<core>TAddSub</core>
<MemPortIdVec></MemPortIdVec>
<condition id="-1">
<or_exp><and_exp></and_exp></or_exp>
</condition>

<Node id="21" bw="3" op_0_bw="3" op_1_bw="3">
<![CDATA[
entry:18 %x_V = add i3 %sub_ln813, i3 %and_ln813_2

]]></Node>
<StgValue><ssdm name="x_V"/></StgValue>
</operation>

<operation id="20" st_id="2" stage="1" lat="1">
<core>Adder</core>
<MemPortIdVec></MemPortIdVec>
<condition id="-1">
<or_exp><and_exp></and_exp></or_exp>
</condition>

<Node id="22" bw="3" op_0_bw="3" op_1_bw="3">
<![CDATA[
entry:19 %sub_ln813_1 = sub i3 %and_ln813_1, i3 %shl_ln813_3

]]></Node>
<StgValue><ssdm name="sub_ln813_1"/></StgValue>
</operation>

<operation id="21" st_id="2" stage="1" lat="1">
<core>TAddSub</core>
<MemPortIdVec></MemPortIdVec>
<condition id="-1">
<or_exp><and_exp></and_exp></or_exp>
</condition>

<Node id="23" bw="3" op_0_bw="3" op_1_bw="3">
<![CDATA[
entry:20 %sub_ln813_2 = sub i3 %sub_ln813_1, i3 %shl_ln

]]></Node>
<StgValue><ssdm name="sub_ln813_2"/></StgValue>
</operation>

<operation id="22" st_id="2" stage="1" lat="1">
<core>TAddSub</core>
<MemPortIdVec></MemPortIdVec>
<condition id="-1">
<or_exp><and_exp></and_exp></or_exp>
</condition>

<Node id="24" bw="3" op_0_bw="3" op_1_bw="3">
<![CDATA[
entry:21 %x_V_1 = add i3 %sub_ln813_2, i3 %and_ln813_2

]]></Node>
<StgValue><ssdm name="x_V_1"/></StgValue>
</operation>

<operation id="23" st_id="2" stage="1" lat="1">
<core>Adder</core>
<MemPortIdVec></MemPortIdVec>
<condition id="-1">
<or_exp><and_exp></and_exp></or_exp>
</condition>

<Node id="25" bw="2" op_0_bw="2" op_1_bw="2">
<![CDATA[
entry:22 %tmp_i1 = sub i2 %trunc_ln813, i2 %tmp_6

]]></Node>
<StgValue><ssdm name="tmp_i1"/></StgValue>
</operation>

<operation id="24" st_id="2" stage="1" lat="1">
<core>NULL</core>
<MemPortIdVec></MemPortIdVec>
<condition id="-1">
<or_exp><and_exp></and_exp></or_exp>
</condition>

<Node id="26" bw="3" op_0_bw="3" op_1_bw="2" op_2_bw="1">
<![CDATA[
entry:23 %tmp15_i = bitconcatenate i3 @_ssdm_op_BitConcatenate.i3.i2.i1, i2 %tmp_i1, i1 0

]]></Node>
<StgValue><ssdm name="tmp15_i"/></StgValue>
</operation>

<operation id="25" st_id="2" stage="1" lat="1">
<core>Adder</core>
<MemPortIdVec></MemPortIdVec>
<condition id="-1">
<or_exp><and_exp></and_exp></or_exp>
</condition>

<Node id="27" bw="3" op_0_bw="3" op_1_bw="3">
<![CDATA[
entry:24 %x_V_2 = add i3 %tmp15_i, i3 %and_ln

]]></Node>
<StgValue><ssdm name="x_V_2"/></StgValue>
</operation>
</state>

<state id="3" st_id="3">

<operation id="26" st_id="3" stage="1" lat="1">
<core>NULL</core>
<MemPortIdVec></MemPortIdVec>
<condition id="-1">
<or_exp><and_exp></and_exp></or_exp>
</condition>

<Node id="3" bw="0" op_0_bw="0" op_1_bw="48" op_2_bw="0" op_3_bw="32" op_4_bw="32" op_5_bw="0" op_6_bw="32" op_7_bw="32" op_8_bw="0" op_9_bw="0" op_10_bw="0" op_11_bw="32" op_12_bw="32" op_13_bw="32" op_14_bw="32" op_15_bw="0" op_16_bw="0" op_17_bw="32" op_18_bw="32">
<![CDATA[
entry:0 %specinterface_ln0 = specinterface void @_ssdm_op_SpecInterface, i48 %layer5_out, void @empty_14, i32 0, i32 0, void @empty_1, i32 0, i32 0, void @empty_1, void @empty_1, void @empty_1, i32 0, i32 0, i32 0, i32 0, void @empty_1, void @empty_1, i32 4294967295, i32 0

]]></Node>
<StgValue><ssdm name="specinterface_ln0"/></StgValue>
</operation>

<operation id="27" st_id="3" stage="1" lat="1">
<core>NULL</core>
<MemPortIdVec></MemPortIdVec>
<condition id="-1">
<or_exp><and_exp></and_exp></or_exp>
</condition>

<Node id="4" bw="0" op_0_bw="0" op_1_bw="16" op_2_bw="0" op_3_bw="32" op_4_bw="32" op_5_bw="0" op_6_bw="32" op_7_bw="32" op_8_bw="0" op_9_bw="0" op_10_bw="0" op_11_bw="32" op_12_bw="32" op_13_bw="32" op_14_bw="32" op_15_bw="0" op_16_bw="0" op_17_bw="32" op_18_bw="32">
<![CDATA[
entry:1 %specinterface_ln0 = specinterface void @_ssdm_op_SpecInterface, i16 %layer4_out, void @empty_14, i32 0, i32 0, void @empty_1, i32 0, i32 0, void @empty_1, void @empty_1, void @empty_1, i32 0, i32 0, i32 0, i32 0, void @empty_1, void @empty_1, i32 4294967295, i32 0

]]></Node>
<StgValue><ssdm name="specinterface_ln0"/></StgValue>
</operation>

<operation id="28" st_id="3" stage="1" lat="1">
<core>NULL</core>
<MemPortIdVec></MemPortIdVec>
<condition id="-1">
<or_exp><and_exp></and_exp></or_exp>
</condition>

<Node id="6" bw="0" op_0_bw="0" op_1_bw="64" op_2_bw="0" op_3_bw="0" op_4_bw="0" op_5_bw="0">
<![CDATA[
entry:3 %specresourcelimit_ln33 = specresourcelimit void @_ssdm_op_SpecResourceLimit, i64 11, void @empty_15, void @empty_1, void @empty_1, void @empty_1

]]></Node>
<StgValue><ssdm name="specresourcelimit_ln33"/></StgValue>
</operation>

<operation id="29" st_id="3" stage="1" lat="1">
<core>NULL</core>
<MemPortIdVec></MemPortIdVec>
<condition id="-1">
<or_exp><and_exp></and_exp></or_exp>
</condition>

<Node id="28" bw="13" op_0_bw="13" op_1_bw="3" op_2_bw="10">
<![CDATA[
entry:25 %res_V = bitconcatenate i13 @_ssdm_op_BitConcatenate.i13.i3.i10, i3 %x_V, i10 0

]]></Node>
<StgValue><ssdm name="res_V"/></StgValue>
</operation>

<operation id="30" st_id="3" stage="1" lat="1">
<core>NULL</core>
<MemPortIdVec></MemPortIdVec>
<condition id="-1">
<or_exp><and_exp></and_exp></or_exp>
</condition>

<Node id="29" bw="16" op_0_bw="13">
<![CDATA[
entry:26 %sext_ln66 = sext i13 %res_V

]]></Node>
<StgValue><ssdm name="sext_ln66"/></StgValue>
</operation>

<operation id="31" st_id="3" stage="1" lat="1">
<core>NULL</core>
<MemPortIdVec></MemPortIdVec>
<condition id="-1">
<or_exp><and_exp></and_exp></or_exp>
</condition>

<Node id="30" bw="13" op_0_bw="13" op_1_bw="3" op_2_bw="10">
<![CDATA[
entry:27 %res_V_1 = bitconcatenate i13 @_ssdm_op_BitConcatenate.i13.i3.i10, i3 %x_V_1, i10 0

]]></Node>
<StgValue><ssdm name="res_V_1"/></StgValue>
</operation>

<operation id="32" st_id="3" stage="1" lat="1">
<core>NULL</core>
<MemPortIdVec></MemPortIdVec>
<condition id="-1">
<or_exp><and_exp></and_exp></or_exp>
</condition>

<Node id="31" bw="16" op_0_bw="13">
<![CDATA[
entry:28 %sext_ln77 = sext i13 %res_V_1

]]></Node>
<StgValue><ssdm name="sext_ln77"/></StgValue>
</operation>

<operation id="33" st_id="3" stage="1" lat="1">
<core>NULL</core>
<MemPortIdVec></MemPortIdVec>
<condition id="-1">
<or_exp><and_exp></and_exp></or_exp>
</condition>

<Node id="32" bw="45" op_0_bw="45" op_1_bw="3" op_2_bw="10" op_3_bw="16" op_4_bw="16">
<![CDATA[
entry:29 %tmp = bitconcatenate i45 @_ssdm_op_BitConcatenate.i45.i3.i10.i16.i16, i3 %x_V_2, i10 0, i16 %sext_ln77, i16 %sext_ln66

]]></Node>
<StgValue><ssdm name="tmp"/></StgValue>
</operation>

<operation id="34" st_id="3" stage="1" lat="1">
<core>NULL</core>
<MemPortIdVec></MemPortIdVec>
<condition id="-1">
<or_exp><and_exp></and_exp></or_exp>
</condition>

<Node id="33" bw="48" op_0_bw="45">
<![CDATA[
entry:30 %sext_ln77_1 = sext i45 %tmp

]]></Node>
<StgValue><ssdm name="sext_ln77_1"/></StgValue>
</operation>

<operation id="35" st_id="3" stage="1" lat="1">
<core>FIFO_SRL</core>
<MemPortIdVec></MemPortIdVec>
<condition id="-1">
<or_exp><and_exp></and_exp></or_exp>
</condition>

<Node id="34" bw="0" op_0_bw="0" op_1_bw="48" op_2_bw="48">
<![CDATA[
entry:31 %write_ln77 = write void @_ssdm_op_Write.ap_fifo.volatile.i48P0A, i48 %layer5_out, i48 %sext_ln77_1

]]></Node>
<StgValue><ssdm name="write_ln77"/></StgValue>
</operation>

<operation id="36" st_id="3" stage="1" lat="1">
<core>NULL</core>
<MemPortIdVec></MemPortIdVec>
<condition id="-1">
<or_exp><and_exp></and_exp></or_exp>
</condition>

<Node id="35" bw="0">
<![CDATA[
entry:32 %ret_ln101 = ret

]]></Node>
<StgValue><ssdm name="ret_ln101"/></StgValue>
</operation>
</state>
</state_list>


<ports>
</ports>


<dataflows>
</dataflows>


</stg>
