<profile>

<section name = "Vitis HLS Report for 'dense_array_ap_int_4_4u_array_ap_fixed_16_6_5_3_0_3u_config5_s'" level="0">
<item name = "Date">Fri Apr 11 08:10:50 2025
</item>
<item name = "Version">2022.2 (Build 3670227 on Oct 13 2022)</item>
<item name = "Project">myproject_prj</item>
<item name = "Solution">solution1 (Vivado IP Flow Target)</item>
<item name = "Product family">zynq</item>
<item name = "Target device">xc7z020-clg484-1</item>
</section>

<section name = "Performance Estimates" level="0">
<item name = "Timing">
<section name = "" level="1">
<item name = "Summary"><table name="" hasTotal="0">
<keys size="4">Clock, Target, Estimated, Uncertainty</keys>
<column name="ap_clk">5.00 ns, 4.343 ns, 0.62 ns</column>
</table>
</item>
</section>
</item>
<item name = "Latency">
<section name = "" level="1">
<item name = "Summary"><table name="" hasTotal="0">
<keys size="8">, min, max, min, max, min, max, Type</keys>
<column name="">2, 2, 10.000 ns, 10.000 ns, 2, 2, no</column>
</table>
</item>
<item name = "Detail">
<section name = "" level="1">
<item name = "Instance"><table name="" hasTotal="0">
<keys size="9">Instance, Module, min, max, min, max, min, max, Type</keys>
</table>
</item>
<item name = "Loop"><table name="" hasTotal="0">
<keys size="8">Loop Name, min, max, Latency, achieved, target, Count, Pipelined</keys>
</table>
</item>
</section>
</item>
</section>
</item>
</section>

<section name = "Utilization Estimates" level="0">
<item name = "Summary"><table name="" hasTotal="1">
<keys size="6">Name, BRAM_18K, DSP, FF, LUT, URAM</keys>
<column name="DSP">-, -, -, -, -</column>
<column name="Expression">-, -, 0, 61, -</column>
<column name="FIFO">-, -, -, -, -</column>
<column name="Instance">-, -, -, -, -</column>
<column name="Memory">-, -, -, -, -</column>
<column name="Multiplexer">-, -, -, 56, -</column>
<column name="Register">-, -, 21, -, -</column>
<specialColumn name="Available">280, 220, 106400, 53200, 0</specialColumn>
<specialColumn name="Utilization (%)">0, 0, ~0, ~0, 0</specialColumn>
</table>
</item>
<item name = "Detail">
<section name = "" level="1">
<item name = "Instance"><table name="" hasTotal="1">
<keys size="7">Instance, Module, BRAM_18K, DSP, FF, LUT, URAM</keys>
</table>
</item>
<item name = "DSP"><table name="" hasTotal="0">
<keys size="3">Instance, Module, Expression</keys>
</table>
</item>
<item name = "Memory"><table name="" hasTotal="1">
<keys size="10">Memory, Module, BRAM_18K, FF, LUT, URAM, Words, Bits, Banks, W*Bits*Banks</keys>
</table>
</item>
<item name = "FIFO"><table name="" hasTotal="1">
<keys size="8">Name, BRAM_18K, FF, LUT, URAM, Depth, Bits, Size:D*B</keys>
</table>
</item>
<item name = "Expression"><table name="" hasTotal="1">
<keys size="7">Variable Name, Operation, DSP, FF, LUT, Bitwidth P0, Bitwidth P1</keys>
<column name="add_ln813_fu_155_p2">+, 0, 0, 11, 3, 3</column>
<column name="x_V_1_fu_185_p2">+, 0, 0, 4, 3, 3</column>
<column name="x_V_2_fu_203_p2">+, 0, 0, 11, 3, 3</column>
<column name="x_V_fu_167_p2">+, 0, 0, 4, 3, 3</column>
<column name="sub_ln813_1_fu_173_p2">-, 0, 0, 11, 3, 3</column>
<column name="sub_ln813_2_fu_179_p2">-, 0, 0, 4, 3, 3</column>
<column name="sub_ln813_fu_161_p2">-, 0, 0, 4, 3, 3</column>
<column name="tmp_i1_fu_191_p2">-, 0, 0, 10, 2, 2</column>
<column name="ap_block_state1">or, 0, 0, 2, 1, 1</column>
</table>
</item>
<item name = "Multiplexer"><table name="" hasTotal="1">
<keys size="5">Name, LUT, Input Size, Bits, Total Bits</keys>
<column name="ap_NS_fsm">20, 4, 1, 4</column>
<column name="ap_done">9, 2, 1, 2</column>
<column name="layer4_out_blk_n">9, 2, 1, 2</column>
<column name="layer5_out_blk_n">9, 2, 1, 2</column>
<column name="real_start">9, 2, 1, 2</column>
</table>
</item>
<item name = "Register"><table name="" hasTotal="1">
<keys size="5">Name, FF, LUT, Bits, Const Bits</keys>
<column name="ap_CS_fsm">3, 0, 3, 0</column>
<column name="ap_done_reg">1, 0, 1, 0</column>
<column name="start_once_reg">1, 0, 1, 0</column>
<column name="tmp_3_reg_258">2, 0, 2, 0</column>
<column name="tmp_47_reg_263">1, 0, 1, 0</column>
<column name="tmp_5_reg_268">2, 0, 2, 0</column>
<column name="tmp_6_reg_273">2, 0, 2, 0</column>
<column name="trunc_ln813_1_reg_253">1, 0, 1, 0</column>
<column name="trunc_ln813_reg_247">2, 0, 2, 0</column>
<column name="x_V_1_reg_284">2, 0, 3, 1</column>
<column name="x_V_2_reg_289">2, 0, 3, 1</column>
<column name="x_V_reg_279">2, 0, 3, 1</column>
</table>
</item>
</section>
</item>
</section>

<section name = "Interface" level="0">
<item name = "Summary"><table name="" hasTotal="0">
<keys size="6">RTL Ports, Dir, Bits, Protocol, Source Object, C Type</keys>
<column name="ap_clk">in, 1, ap_ctrl_hs, dense&lt;array&lt;ap_int&lt;4&gt;, 4u&gt;, array&lt;ap_fixed&lt;16, 6, 5, 3, 0&gt;, 3u&gt;, config5&gt;, return value</column>
<column name="ap_rst">in, 1, ap_ctrl_hs, dense&lt;array&lt;ap_int&lt;4&gt;, 4u&gt;, array&lt;ap_fixed&lt;16, 6, 5, 3, 0&gt;, 3u&gt;, config5&gt;, return value</column>
<column name="ap_start">in, 1, ap_ctrl_hs, dense&lt;array&lt;ap_int&lt;4&gt;, 4u&gt;, array&lt;ap_fixed&lt;16, 6, 5, 3, 0&gt;, 3u&gt;, config5&gt;, return value</column>
<column name="start_full_n">in, 1, ap_ctrl_hs, dense&lt;array&lt;ap_int&lt;4&gt;, 4u&gt;, array&lt;ap_fixed&lt;16, 6, 5, 3, 0&gt;, 3u&gt;, config5&gt;, return value</column>
<column name="ap_done">out, 1, ap_ctrl_hs, dense&lt;array&lt;ap_int&lt;4&gt;, 4u&gt;, array&lt;ap_fixed&lt;16, 6, 5, 3, 0&gt;, 3u&gt;, config5&gt;, return value</column>
<column name="ap_continue">in, 1, ap_ctrl_hs, dense&lt;array&lt;ap_int&lt;4&gt;, 4u&gt;, array&lt;ap_fixed&lt;16, 6, 5, 3, 0&gt;, 3u&gt;, config5&gt;, return value</column>
<column name="ap_idle">out, 1, ap_ctrl_hs, dense&lt;array&lt;ap_int&lt;4&gt;, 4u&gt;, array&lt;ap_fixed&lt;16, 6, 5, 3, 0&gt;, 3u&gt;, config5&gt;, return value</column>
<column name="ap_ready">out, 1, ap_ctrl_hs, dense&lt;array&lt;ap_int&lt;4&gt;, 4u&gt;, array&lt;ap_fixed&lt;16, 6, 5, 3, 0&gt;, 3u&gt;, config5&gt;, return value</column>
<column name="start_out">out, 1, ap_ctrl_hs, dense&lt;array&lt;ap_int&lt;4&gt;, 4u&gt;, array&lt;ap_fixed&lt;16, 6, 5, 3, 0&gt;, 3u&gt;, config5&gt;, return value</column>
<column name="start_write">out, 1, ap_ctrl_hs, dense&lt;array&lt;ap_int&lt;4&gt;, 4u&gt;, array&lt;ap_fixed&lt;16, 6, 5, 3, 0&gt;, 3u&gt;, config5&gt;, return value</column>
<column name="layer4_out_dout">in, 16, ap_fifo, layer4_out, pointer</column>
<column name="layer4_out_num_data_valid">in, 2, ap_fifo, layer4_out, pointer</column>
<column name="layer4_out_fifo_cap">in, 2, ap_fifo, layer4_out, pointer</column>
<column name="layer4_out_empty_n">in, 1, ap_fifo, layer4_out, pointer</column>
<column name="layer4_out_read">out, 1, ap_fifo, layer4_out, pointer</column>
<column name="layer5_out_din">out, 48, ap_fifo, layer5_out, pointer</column>
<column name="layer5_out_num_data_valid">in, 2, ap_fifo, layer5_out, pointer</column>
<column name="layer5_out_fifo_cap">in, 2, ap_fifo, layer5_out, pointer</column>
<column name="layer5_out_full_n">in, 1, ap_fifo, layer5_out, pointer</column>
<column name="layer5_out_write">out, 1, ap_fifo, layer5_out, pointer</column>
</table>
</item>
</section>
</profile>
