<profile>

<section name = "Vitis HLS Report for 'dense_array_ap_fixed_784u_array_ap_fixed_16_6_5_3_0_4u_config2_s'" level="0">
<item name = "Date">Fri Apr 11 08:10:49 2025
</item>
<item name = "Version">2022.2 (Build 3670227 on Oct 13 2022)</item>
<item name = "Project">myproject_prj</item>
<item name = "Solution">solution1 (Vivado IP Flow Target)</item>
<item name = "Product family">zynq</item>
<item name = "Target device">xc7z020-clg484-1</item>
</section>

<section name = "Performance Estimates" level="0">
<item name = "Timing">
<section name = "" level="1">
<item name = "Summary"><table name="" hasTotal="0">
<keys size="4">Clock, Target, Estimated, Uncertainty</keys>
<column name="ap_clk">5.00 ns, 4.372 ns, 0.62 ns</column>
</table>
</item>
</section>
</item>
<item name = "Latency">
<section name = "" level="1">
<item name = "Summary"><table name="" hasTotal="0">
<keys size="8">, min, max, min, max, min, max, Type</keys>
<column name="">7, 7, 35.000 ns, 35.000 ns, 7, 7, no</column>
</table>
</item>
<item name = "Detail">
<section name = "" level="1">
<item name = "Instance"><table name="" hasTotal="0">
<keys size="9">Instance, Module, min, max, min, max, min, max, Type</keys>
</table>
</item>
<item name = "Loop"><table name="" hasTotal="0">
<keys size="8">Loop Name, min, max, Latency, achieved, target, Count, Pipelined</keys>
</table>
</item>
</section>
</item>
</section>
</item>
</section>

<section name = "Utilization Estimates" level="0">
<item name = "Summary"><table name="" hasTotal="1">
<keys size="6">Name, BRAM_18K, DSP, FF, LUT, URAM</keys>
<column name="DSP">-, -, -, -, -</column>
<column name="Expression">-, -, 0, 4504, -</column>
<column name="FIFO">-, -, -, -, -</column>
<column name="Instance">-, -, -, -, -</column>
<column name="Memory">-, -, -, -, -</column>
<column name="Multiplexer">-, -, -, 84, -</column>
<column name="Register">-, -, 976, -, -</column>
<specialColumn name="Available">280, 220, 106400, 53200, 0</specialColumn>
<specialColumn name="Utilization (%)">0, 0, ~0, 8, 0</specialColumn>
</table>
</item>
<item name = "Detail">
<section name = "" level="1">
<item name = "Instance"><table name="" hasTotal="1">
<keys size="7">Instance, Module, BRAM_18K, DSP, FF, LUT, URAM</keys>
</table>
</item>
<item name = "DSP"><table name="" hasTotal="0">
<keys size="3">Instance, Module, Expression</keys>
</table>
</item>
<item name = "Memory"><table name="" hasTotal="1">
<keys size="10">Memory, Module, BRAM_18K, FF, LUT, URAM, Words, Bits, Banks, W*Bits*Banks</keys>
</table>
</item>
<item name = "FIFO"><table name="" hasTotal="1">
<keys size="8">Name, BRAM_18K, FF, LUT, URAM, Depth, Bits, Size:D*B</keys>
</table>
</item>
<item name = "Expression"><table name="" hasTotal="1">
<keys size="7">Variable Name, Operation, DSP, FF, LUT, Bitwidth P0, Bitwidth P1</keys>
<column name="add_ln813_100_fu_9826_p2">+, 0, 0, 11, 3, 3</column>
<column name="add_ln813_101_fu_9830_p2">+, 0, 0, 4, 3, 3</column>
<column name="add_ln813_102_fu_10504_p2">+, 0, 0, 4, 3, 3</column>
<column name="add_ln813_103_fu_9836_p2">+, 0, 0, 11, 3, 3</column>
<column name="add_ln813_104_fu_8893_p2">+, 0, 0, 11, 3, 3</column>
<column name="add_ln813_105_fu_10306_p2">+, 0, 0, 4, 3, 3</column>
<column name="add_ln813_106_fu_9840_p2">+, 0, 0, 4, 3, 3</column>
<column name="add_ln813_107_fu_8899_p2">+, 0, 0, 11, 3, 3</column>
<column name="add_ln813_108_fu_9844_p2">+, 0, 0, 4, 3, 3</column>
<column name="add_ln813_109_fu_10310_p2">+, 0, 0, 4, 3, 3</column>
<column name="add_ln813_10_fu_9710_p2">+, 0, 0, 4, 3, 3</column>
<column name="add_ln813_110_fu_10508_p2">+, 0, 0, 4, 3, 3</column>
<column name="add_ln813_111_fu_10616_p2">+, 0, 0, 4, 3, 3</column>
<column name="add_ln813_112_fu_8905_p2">+, 0, 0, 11, 3, 3</column>
<column name="add_ln813_113_fu_9849_p2">+, 0, 0, 4, 3, 3</column>
<column name="add_ln813_114_fu_8911_p2">+, 0, 0, 4, 3, 3</column>
<column name="add_ln813_115_fu_8917_p2">+, 0, 0, 11, 3, 3</column>
<column name="add_ln813_116_fu_8923_p2">+, 0, 0, 4, 3, 3</column>
<column name="add_ln813_117_fu_9853_p2">+, 0, 0, 4, 3, 3</column>
<column name="add_ln813_118_fu_8929_p2">+, 0, 0, 11, 3, 3</column>
<column name="add_ln813_119_fu_10315_p2">+, 0, 0, 4, 3, 3</column>
<column name="add_ln813_11_fu_10477_p2">+, 0, 0, 4, 3, 3</column>
<column name="add_ln813_120_fu_9858_p2">+, 0, 0, 4, 3, 3</column>
<column name="add_ln813_121_fu_8935_p2">+, 0, 0, 11, 3, 3</column>
<column name="add_ln813_122_fu_9862_p2">+, 0, 0, 4, 3, 3</column>
<column name="add_ln813_123_fu_10319_p2">+, 0, 0, 4, 3, 3</column>
<column name="add_ln813_124_fu_10621_p2">+, 0, 0, 4, 3, 3</column>
<column name="add_ln813_125_fu_9867_p2">+, 0, 0, 4, 3, 3</column>
<column name="add_ln813_126_fu_9871_p2">+, 0, 0, 11, 3, 3</column>
<column name="add_ln813_127_fu_9875_p2">+, 0, 0, 4, 3, 3</column>
<column name="add_ln813_128_fu_9881_p2">+, 0, 0, 4, 3, 3</column>
<column name="add_ln813_129_fu_8941_p2">+, 0, 0, 11, 3, 3</column>
<column name="add_ln813_12_fu_8635_p2">+, 0, 0, 11, 3, 3</column>
<column name="add_ln813_130_fu_9885_p2">+, 0, 0, 4, 3, 3</column>
<column name="add_ln813_131_fu_10513_p2">+, 0, 0, 4, 3, 3</column>
<column name="add_ln813_132_fu_8947_p2">+, 0, 0, 11, 3, 3</column>
<column name="add_ln813_133_fu_8953_p2">+, 0, 0, 11, 3, 3</column>
<column name="add_ln813_134_fu_10324_p2">+, 0, 0, 4, 3, 3</column>
<column name="add_ln813_135_fu_9890_p2">+, 0, 0, 4, 3, 3</column>
<column name="add_ln813_136_fu_8959_p2">+, 0, 0, 11, 3, 3</column>
<column name="add_ln813_137_fu_9894_p2">+, 0, 0, 4, 3, 3</column>
<column name="add_ln813_138_fu_10328_p2">+, 0, 0, 4, 3, 3</column>
<column name="add_ln813_139_fu_10517_p2">+, 0, 0, 4, 3, 3</column>
<column name="add_ln813_13_fu_8641_p2">+, 0, 0, 4, 3, 3</column>
<column name="add_ln813_140_fu_10625_p2">+, 0, 0, 4, 3, 3</column>
<column name="add_ln813_141_fu_10702_p2">+, 0, 0, 4, 3, 3</column>
<column name="add_ln813_142_fu_8965_p2">+, 0, 0, 4, 3, 3</column>
<column name="add_ln813_143_fu_8971_p2">+, 0, 0, 4, 3, 3</column>
<column name="add_ln813_144_fu_9899_p2">+, 0, 0, 4, 3, 3</column>
<column name="add_ln813_145_fu_8977_p2">+, 0, 0, 11, 3, 3</column>
<column name="add_ln813_146_fu_9903_p2">+, 0, 0, 4, 3, 3</column>
<column name="add_ln813_147_fu_10522_p2">+, 0, 0, 4, 3, 3</column>
<column name="add_ln813_148_fu_8983_p2">+, 0, 0, 11, 3, 3</column>
<column name="add_ln813_149_fu_8989_p2">+, 0, 0, 11, 3, 3</column>
<column name="add_ln813_14_fu_8647_p2">+, 0, 0, 4, 3, 3</column>
<column name="add_ln813_150_fu_10333_p2">+, 0, 0, 4, 3, 3</column>
<column name="add_ln813_151_fu_9908_p2">+, 0, 0, 4, 3, 3</column>
<column name="add_ln813_152_fu_8995_p2">+, 0, 0, 11, 3, 3</column>
<column name="add_ln813_153_fu_9912_p2">+, 0, 0, 4, 3, 3</column>
<column name="add_ln813_154_fu_10337_p2">+, 0, 0, 4, 3, 3</column>
<column name="add_ln813_155_fu_10526_p2">+, 0, 0, 4, 3, 3</column>
<column name="add_ln813_156_fu_9917_p2">+, 0, 0, 4, 3, 3</column>
<column name="add_ln813_157_fu_9001_p2">+, 0, 0, 11, 3, 3</column>
<column name="add_ln813_158_fu_9921_p2">+, 0, 0, 4, 3, 3</column>
<column name="add_ln813_159_fu_9926_p2">+, 0, 0, 4, 3, 3</column>
<column name="add_ln813_15_fu_10261_p2">+, 0, 0, 4, 3, 3</column>
<column name="add_ln813_160_fu_9007_p2">+, 0, 0, 11, 3, 3</column>
<column name="add_ln813_161_fu_9930_p2">+, 0, 0, 4, 3, 3</column>
<column name="add_ln813_162_fu_10342_p2">+, 0, 0, 4, 3, 3</column>
<column name="add_ln813_163_fu_9013_p2">+, 0, 0, 11, 3, 3</column>
<column name="add_ln813_164_fu_9019_p2">+, 0, 0, 11, 3, 3</column>
<column name="add_ln813_165_fu_9935_p2">+, 0, 0, 4, 3, 3</column>
<column name="add_ln813_166_fu_9025_p2">+, 0, 0, 4, 3, 3</column>
<column name="add_ln813_167_fu_9031_p2">+, 0, 0, 11, 3, 3</column>
<column name="add_ln813_168_fu_9037_p2">+, 0, 0, 4, 3, 3</column>
<column name="add_ln813_169_fu_9939_p2">+, 0, 0, 4, 3, 3</column>
<column name="add_ln813_16_fu_9715_p2">+, 0, 0, 4, 3, 3</column>
<column name="add_ln813_170_fu_10346_p2">+, 0, 0, 4, 3, 3</column>
<column name="add_ln813_171_fu_10675_p2">+, 0, 0, 4, 3, 3</column>
<column name="add_ln813_172_fu_9944_p2">+, 0, 0, 11, 3, 3</column>
<column name="add_ln813_173_fu_9948_p2">+, 0, 0, 4, 3, 3</column>
<column name="add_ln813_174_fu_9043_p2">+, 0, 0, 4, 3, 3</column>
<column name="add_ln813_175_fu_9049_p2">+, 0, 0, 11, 3, 3</column>
<column name="add_ln813_176_fu_9055_p2">+, 0, 0, 4, 3, 3</column>
<column name="add_ln813_177_fu_9953_p2">+, 0, 0, 4, 3, 3</column>
<column name="add_ln813_178_fu_9061_p2">+, 0, 0, 11, 3, 3</column>
<column name="add_ln813_179_fu_9958_p2">+, 0, 0, 11, 3, 3</column>
<column name="add_ln813_17_fu_8653_p2">+, 0, 0, 4, 3, 3</column>
<column name="add_ln813_180_fu_10351_p2">+, 0, 0, 4, 3, 3</column>
<column name="add_ln813_181_fu_9962_p2">+, 0, 0, 4, 3, 3</column>
<column name="add_ln813_182_fu_9966_p2">+, 0, 0, 11, 3, 3</column>
<column name="add_ln813_183_fu_9970_p2">+, 0, 0, 4, 3, 3</column>
<column name="add_ln813_184_fu_10355_p2">+, 0, 0, 4, 3, 3</column>
<column name="add_ln813_185_fu_10630_p2">+, 0, 0, 4, 3, 3</column>
<column name="add_ln813_186_fu_9976_p2">+, 0, 0, 4, 3, 3</column>
<column name="add_ln813_187_fu_9980_p2">+, 0, 0, 11, 3, 3</column>
<column name="add_ln813_188_fu_9984_p2">+, 0, 0, 4, 3, 3</column>
<column name="add_ln813_189_fu_9067_p2">+, 0, 0, 11, 3, 3</column>
<column name="add_ln813_18_fu_8659_p2">+, 0, 0, 4, 3, 3</column>
<column name="add_ln813_190_fu_9990_p2">+, 0, 0, 4, 3, 3</column>
<column name="add_ln813_191_fu_9994_p2">+, 0, 0, 4, 3, 3</column>
<column name="add_ln813_192_fu_10531_p2">+, 0, 0, 4, 3, 3</column>
<column name="add_ln813_193_fu_9073_p2">+, 0, 0, 11, 3, 3</column>
<column name="add_ln813_194_fu_9079_p2">+, 0, 0, 11, 3, 3</column>
<column name="add_ln813_195_fu_10360_p2">+, 0, 0, 4, 3, 3</column>
<column name="add_ln813_196_fu_9999_p2">+, 0, 0, 4, 3, 3</column>
<column name="add_ln813_197_fu_9085_p2">+, 0, 0, 11, 3, 3</column>
<column name="add_ln813_198_fu_10003_p2">+, 0, 0, 4, 3, 3</column>
<column name="add_ln813_199_fu_10364_p2">+, 0, 0, 4, 3, 3</column>
<column name="add_ln813_19_fu_9719_p2">+, 0, 0, 4, 3, 3</column>
<column name="add_ln813_200_fu_10535_p2">+, 0, 0, 4, 3, 3</column>
<column name="add_ln813_201_fu_10634_p2">+, 0, 0, 4, 3, 3</column>
<column name="add_ln813_202_fu_10679_p2">+, 0, 0, 4, 3, 3</column>
<column name="add_ln813_204_fu_9091_p2">+, 0, 0, 11, 3, 3</column>
<column name="add_ln813_205_fu_10008_p2">+, 0, 0, 4, 3, 3</column>
<column name="add_ln813_206_fu_9097_p2">+, 0, 0, 4, 3, 3</column>
<column name="add_ln813_207_fu_9103_p2">+, 0, 0, 4, 3, 3</column>
<column name="add_ln813_208_fu_10012_p2">+, 0, 0, 4, 3, 3</column>
<column name="add_ln813_209_fu_9109_p2">+, 0, 0, 11, 3, 3</column>
<column name="add_ln813_20_fu_10265_p2">+, 0, 0, 4, 3, 3</column>
<column name="add_ln813_210_fu_9115_p2">+, 0, 0, 11, 3, 3</column>
<column name="add_ln813_211_fu_10017_p2">+, 0, 0, 4, 3, 3</column>
<column name="add_ln813_212_fu_9121_p2">+, 0, 0, 4, 3, 3</column>
<column name="add_ln813_213_fu_9127_p2">+, 0, 0, 11, 3, 3</column>
<column name="add_ln813_214_fu_9133_p2">+, 0, 0, 4, 3, 3</column>
<column name="add_ln813_215_fu_10021_p2">+, 0, 0, 4, 3, 3</column>
<column name="add_ln813_216_fu_10639_p2">+, 0, 0, 4, 3, 3</column>
<column name="add_ln813_217_fu_9139_p2">+, 0, 0, 4, 3, 3</column>
<column name="add_ln813_218_fu_9145_p2">+, 0, 0, 4, 3, 3</column>
<column name="add_ln813_219_fu_9151_p2">+, 0, 0, 4, 3, 3</column>
<column name="add_ln813_21_fu_10481_p2">+, 0, 0, 4, 3, 3</column>
<column name="add_ln813_220_fu_9157_p2">+, 0, 0, 11, 3, 3</column>
<column name="add_ln813_221_fu_9163_p2">+, 0, 0, 4, 3, 3</column>
<column name="add_ln813_222_fu_10540_p2">+, 0, 0, 4, 3, 3</column>
<column name="add_ln813_223_fu_10026_p2">+, 0, 0, 11, 3, 3</column>
<column name="add_ln813_224_fu_9169_p2">+, 0, 0, 11, 3, 3</column>
<column name="add_ln813_225_fu_10369_p2">+, 0, 0, 4, 3, 3</column>
<column name="add_ln813_226_fu_10030_p2">+, 0, 0, 4, 3, 3</column>
<column name="add_ln813_227_fu_9175_p2">+, 0, 0, 11, 3, 3</column>
<column name="add_ln813_228_fu_10034_p2">+, 0, 0, 4, 3, 3</column>
<column name="add_ln813_229_fu_10373_p2">+, 0, 0, 4, 3, 3</column>
<column name="add_ln813_22_fu_9724_p2">+, 0, 0, 4, 3, 3</column>
<column name="add_ln813_230_fu_10544_p2">+, 0, 0, 4, 3, 3</column>
<column name="add_ln813_231_fu_10643_p2">+, 0, 0, 4, 3, 3</column>
<column name="add_ln813_232_fu_9181_p2">+, 0, 0, 11, 3, 3</column>
<column name="add_ln813_233_fu_10039_p2">+, 0, 0, 4, 3, 3</column>
<column name="add_ln813_234_fu_9187_p2">+, 0, 0, 4, 3, 3</column>
<column name="add_ln813_235_fu_9193_p2">+, 0, 0, 11, 3, 3</column>
<column name="add_ln813_236_fu_9199_p2">+, 0, 0, 4, 3, 3</column>
<column name="add_ln813_237_fu_10043_p2">+, 0, 0, 4, 3, 3</column>
<column name="add_ln813_238_fu_9205_p2">+, 0, 0, 11, 3, 3</column>
<column name="add_ln813_239_fu_10048_p2">+, 0, 0, 11, 3, 3</column>
<column name="add_ln813_23_fu_8665_p2">+, 0, 0, 4, 3, 3</column>
<column name="add_ln813_240_fu_10378_p2">+, 0, 0, 4, 3, 3</column>
<column name="add_ln813_241_fu_10052_p2">+, 0, 0, 4, 3, 3</column>
<column name="add_ln813_242_fu_10056_p2">+, 0, 0, 11, 3, 3</column>
<column name="add_ln813_243_fu_10060_p2">+, 0, 0, 4, 3, 3</column>
<column name="add_ln813_244_fu_10382_p2">+, 0, 0, 4, 3, 3</column>
<column name="add_ln813_245_fu_10549_p2">+, 0, 0, 4, 3, 3</column>
<column name="add_ln813_246_fu_9211_p2">+, 0, 0, 4, 3, 3</column>
<column name="add_ln813_247_fu_9217_p2">+, 0, 0, 4, 3, 3</column>
<column name="add_ln813_248_fu_10066_p2">+, 0, 0, 4, 3, 3</column>
<column name="add_ln813_249_fu_10070_p2">+, 0, 0, 4, 3, 3</column>
<column name="add_ln813_24_fu_8671_p2">+, 0, 0, 4, 3, 3</column>
<column name="add_ln813_250_fu_10387_p2">+, 0, 0, 4, 3, 3</column>
<column name="add_ln813_251_fu_9223_p2">+, 0, 0, 11, 3, 3</column>
<column name="add_ln813_252_fu_9229_p2">+, 0, 0, 11, 3, 3</column>
<column name="add_ln813_253_fu_10075_p2">+, 0, 0, 4, 3, 3</column>
<column name="add_ln813_254_fu_9235_p2">+, 0, 0, 4, 3, 3</column>
<column name="add_ln813_255_fu_9241_p2">+, 0, 0, 11, 3, 3</column>
<column name="add_ln813_256_fu_9247_p2">+, 0, 0, 4, 3, 3</column>
<column name="add_ln813_257_fu_10079_p2">+, 0, 0, 4, 3, 3</column>
<column name="add_ln813_258_fu_10391_p2">+, 0, 0, 4, 3, 3</column>
<column name="add_ln813_259_fu_10553_p2">+, 0, 0, 4, 3, 3</column>
<column name="add_ln813_25_fu_9728_p2">+, 0, 0, 4, 3, 3</column>
<column name="add_ln813_260_fu_10711_p2">+, 0, 0, 4, 3, 3</column>
<column name="add_ln813_261_fu_9253_p2">+, 0, 0, 4, 3, 3</column>
<column name="add_ln813_262_fu_9259_p2">+, 0, 0, 4, 3, 3</column>
<column name="add_ln813_263_fu_9265_p2">+, 0, 0, 4, 3, 3</column>
<column name="add_ln813_264_fu_9271_p2">+, 0, 0, 11, 3, 3</column>
<column name="add_ln813_265_fu_9277_p2">+, 0, 0, 4, 3, 3</column>
<column name="add_ln813_266_fu_10558_p2">+, 0, 0, 4, 3, 3</column>
<column name="add_ln813_267_fu_9283_p2">+, 0, 0, 11, 3, 3</column>
<column name="add_ln813_268_fu_9289_p2">+, 0, 0, 11, 3, 3</column>
<column name="add_ln813_269_fu_10396_p2">+, 0, 0, 4, 3, 3</column>
<column name="add_ln813_26_fu_9733_p2">+, 0, 0, 4, 3, 3</column>
<column name="add_ln813_270_fu_10084_p2">+, 0, 0, 4, 3, 3</column>
<column name="add_ln813_271_fu_9295_p2">+, 0, 0, 11, 3, 3</column>
<column name="add_ln813_272_fu_10088_p2">+, 0, 0, 4, 3, 3</column>
<column name="add_ln813_273_fu_10400_p2">+, 0, 0, 4, 3, 3</column>
<column name="add_ln813_274_fu_10562_p2">+, 0, 0, 4, 3, 3</column>
<column name="add_ln813_275_fu_9301_p2">+, 0, 0, 4, 3, 3</column>
<column name="add_ln813_276_fu_9307_p2">+, 0, 0, 4, 3, 3</column>
<column name="add_ln813_277_fu_9313_p2">+, 0, 0, 4, 3, 3</column>
<column name="add_ln813_278_fu_9319_p2">+, 0, 0, 11, 3, 3</column>
<column name="add_ln813_279_fu_9325_p2">+, 0, 0, 4, 3, 3</column>
<column name="add_ln813_27_fu_8677_p2">+, 0, 0, 4, 3, 3</column>
<column name="add_ln813_280_fu_10405_p2">+, 0, 0, 4, 3, 3</column>
<column name="add_ln813_281_fu_9331_p2">+, 0, 0, 11, 3, 3</column>
<column name="add_ln813_282_fu_9337_p2">+, 0, 0, 11, 3, 3</column>
<column name="add_ln813_283_fu_10093_p2">+, 0, 0, 4, 3, 3</column>
<column name="add_ln813_284_fu_9343_p2">+, 0, 0, 4, 3, 3</column>
<column name="add_ln813_285_fu_9349_p2">+, 0, 0, 11, 3, 3</column>
<column name="add_ln813_286_fu_9355_p2">+, 0, 0, 4, 3, 3</column>
<column name="add_ln813_287_fu_10097_p2">+, 0, 0, 4, 3, 3</column>
<column name="add_ln813_288_fu_10409_p2">+, 0, 0, 4, 3, 3</column>
<column name="add_ln813_289_fu_10684_p2">+, 0, 0, 4, 3, 3</column>
<column name="add_ln813_28_fu_8683_p2">+, 0, 0, 4, 3, 3</column>
<column name="add_ln813_290_fu_10102_p2">+, 0, 0, 11, 3, 3</column>
<column name="add_ln813_291_fu_10106_p2">+, 0, 0, 4, 3, 3</column>
<column name="add_ln813_292_fu_9361_p2">+, 0, 0, 4, 3, 3</column>
<column name="add_ln813_293_fu_9367_p2">+, 0, 0, 11, 3, 3</column>
<column name="add_ln813_294_fu_9373_p2">+, 0, 0, 4, 3, 3</column>
<column name="add_ln813_295_fu_10111_p2">+, 0, 0, 4, 3, 3</column>
<column name="add_ln813_296_fu_9379_p2">+, 0, 0, 11, 3, 3</column>
<column name="add_ln813_297_fu_9385_p2">+, 0, 0, 11, 3, 3</column>
<column name="add_ln813_298_fu_10414_p2">+, 0, 0, 4, 3, 3</column>
<column name="add_ln813_299_fu_10116_p2">+, 0, 0, 4, 3, 3</column>
<column name="add_ln813_29_fu_9737_p2">+, 0, 0, 4, 3, 3</column>
<column name="add_ln813_300_fu_10120_p2">+, 0, 0, 11, 3, 3</column>
<column name="add_ln813_301_fu_10124_p2">+, 0, 0, 4, 3, 3</column>
<column name="add_ln813_302_fu_10418_p2">+, 0, 0, 4, 3, 3</column>
<column name="add_ln813_303_fu_10648_p2">+, 0, 0, 4, 3, 3</column>
<column name="add_ln813_304_fu_10130_p2">+, 0, 0, 4, 3, 3</column>
<column name="add_ln813_305_fu_10134_p2">+, 0, 0, 11, 3, 3</column>
<column name="add_ln813_306_fu_10138_p2">+, 0, 0, 4, 3, 3</column>
<column name="add_ln813_307_fu_10144_p2">+, 0, 0, 4, 3, 3</column>
<column name="add_ln813_308_fu_10148_p2">+, 0, 0, 4, 3, 3</column>
<column name="add_ln813_309_fu_10567_p2">+, 0, 0, 4, 3, 3</column>
<column name="add_ln813_30_fu_10486_p2">+, 0, 0, 4, 3, 3</column>
<column name="add_ln813_310_fu_9391_p2">+, 0, 0, 11, 3, 3</column>
<column name="add_ln813_311_fu_9397_p2">+, 0, 0, 11, 3, 3</column>
<column name="add_ln813_312_fu_10423_p2">+, 0, 0, 4, 3, 3</column>
<column name="add_ln813_313_fu_10153_p2">+, 0, 0, 4, 3, 3</column>
<column name="add_ln813_314_fu_9403_p2">+, 0, 0, 11, 3, 3</column>
<column name="add_ln813_315_fu_10157_p2">+, 0, 0, 4, 3, 3</column>
<column name="add_ln813_316_fu_10427_p2">+, 0, 0, 4, 3, 3</column>
<column name="add_ln813_317_fu_10571_p2">+, 0, 0, 4, 3, 3</column>
<column name="add_ln813_318_fu_10652_p2">+, 0, 0, 4, 3, 3</column>
<column name="add_ln813_319_fu_10688_p2">+, 0, 0, 4, 3, 3</column>
<column name="add_ln813_31_fu_8689_p2">+, 0, 0, 11, 3, 3</column>
<column name="add_ln813_321_fu_10162_p2">+, 0, 0, 4, 3, 3</column>
<column name="add_ln813_322_fu_9409_p2">+, 0, 0, 4, 3, 3</column>
<column name="add_ln813_323_fu_9415_p2">+, 0, 0, 4, 3, 3</column>
<column name="add_ln813_324_fu_10166_p2">+, 0, 0, 4, 3, 3</column>
<column name="add_ln813_325_fu_9421_p2">+, 0, 0, 11, 3, 3</column>
<column name="add_ln813_326_fu_10171_p2">+, 0, 0, 4, 3, 3</column>
<column name="add_ln813_327_fu_9427_p2">+, 0, 0, 4, 3, 3</column>
<column name="add_ln813_328_fu_9433_p2">+, 0, 0, 4, 3, 3</column>
<column name="add_ln813_329_fu_10175_p2">+, 0, 0, 4, 3, 3</column>
<column name="add_ln813_32_fu_8695_p2">+, 0, 0, 4, 3, 3</column>
<column name="add_ln813_330_fu_10576_p2">+, 0, 0, 4, 3, 3</column>
<column name="add_ln813_331_fu_9439_p2">+, 0, 0, 11, 3, 3</column>
<column name="add_ln813_332_fu_9445_p2">+, 0, 0, 4, 3, 3</column>
<column name="add_ln813_333_fu_9451_p2">+, 0, 0, 4, 3, 3</column>
<column name="add_ln813_334_fu_10432_p2">+, 0, 0, 4, 3, 3</column>
<column name="add_ln813_335_fu_9457_p2">+, 0, 0, 11, 3, 3</column>
<column name="add_ln813_336_fu_10180_p2">+, 0, 0, 4, 3, 3</column>
<column name="add_ln813_337_fu_9463_p2">+, 0, 0, 4, 3, 3</column>
<column name="add_ln813_338_fu_9469_p2">+, 0, 0, 4, 3, 3</column>
<column name="add_ln813_339_fu_10184_p2">+, 0, 0, 4, 3, 3</column>
<column name="add_ln813_33_fu_8701_p2">+, 0, 0, 4, 3, 3</column>
<column name="add_ln813_340_fu_10436_p2">+, 0, 0, 4, 3, 3</column>
<column name="add_ln813_341_fu_10580_p2">+, 0, 0, 4, 3, 3</column>
<column name="add_ln813_342_fu_10189_p2">+, 0, 0, 4, 3, 3</column>
<column name="add_ln813_343_fu_9475_p2">+, 0, 0, 4, 3, 3</column>
<column name="add_ln813_344_fu_9481_p2">+, 0, 0, 4, 3, 3</column>
<column name="add_ln813_345_fu_10193_p2">+, 0, 0, 4, 3, 3</column>
<column name="add_ln813_346_fu_9487_p2">+, 0, 0, 11, 3, 3</column>
<column name="add_ln813_347_fu_10198_p2">+, 0, 0, 4, 3, 3</column>
<column name="add_ln813_348_fu_9493_p2">+, 0, 0, 4, 3, 3</column>
<column name="add_ln813_349_fu_9499_p2">+, 0, 0, 4, 3, 3</column>
<column name="add_ln813_34_fu_10270_p2">+, 0, 0, 4, 3, 3</column>
<column name="add_ln813_350_fu_10202_p2">+, 0, 0, 4, 3, 3</column>
<column name="add_ln813_351_fu_10585_p2">+, 0, 0, 4, 3, 3</column>
<column name="add_ln813_352_fu_9505_p2">+, 0, 0, 4, 3, 3</column>
<column name="add_ln813_353_fu_9511_p2">+, 0, 0, 4, 3, 3</column>
<column name="add_ln813_354_fu_9517_p2">+, 0, 0, 4, 3, 3</column>
<column name="add_ln813_355_fu_9523_p2">+, 0, 0, 4, 3, 3</column>
<column name="add_ln813_356_fu_10441_p2">+, 0, 0, 4, 3, 3</column>
<column name="add_ln813_357_fu_9529_p2">+, 0, 0, 11, 3, 3</column>
<column name="add_ln813_358_fu_10207_p2">+, 0, 0, 4, 3, 3</column>
<column name="add_ln813_359_fu_9535_p2">+, 0, 0, 4, 3, 3</column>
<column name="add_ln813_35_fu_9742_p2">+, 0, 0, 4, 3, 3</column>
<column name="add_ln813_360_fu_9541_p2">+, 0, 0, 4, 3, 3</column>
<column name="add_ln813_361_fu_10211_p2">+, 0, 0, 4, 3, 3</column>
<column name="add_ln813_362_fu_10445_p2">+, 0, 0, 4, 3, 3</column>
<column name="add_ln813_363_fu_10589_p2">+, 0, 0, 4, 3, 3</column>
<column name="add_ln813_364_fu_10693_p2">+, 0, 0, 4, 3, 3</column>
<column name="add_ln813_365_fu_9547_p2">+, 0, 0, 11, 3, 3</column>
<column name="add_ln813_366_fu_9553_p2">+, 0, 0, 4, 3, 3</column>
<column name="add_ln813_367_fu_9559_p2">+, 0, 0, 4, 3, 3</column>
<column name="add_ln813_368_fu_10450_p2">+, 0, 0, 4, 3, 3</column>
<column name="add_ln813_369_fu_9565_p2">+, 0, 0, 11, 3, 3</column>
<column name="add_ln813_36_fu_8707_p2">+, 0, 0, 4, 3, 3</column>
<column name="add_ln813_370_fu_10216_p2">+, 0, 0, 4, 3, 3</column>
<column name="add_ln813_371_fu_9571_p2">+, 0, 0, 4, 3, 3</column>
<column name="add_ln813_372_fu_9577_p2">+, 0, 0, 4, 3, 3</column>
<column name="add_ln813_373_fu_10220_p2">+, 0, 0, 4, 3, 3</column>
<column name="add_ln813_374_fu_10454_p2">+, 0, 0, 4, 3, 3</column>
<column name="add_ln813_375_fu_9583_p2">+, 0, 0, 4, 3, 3</column>
<column name="add_ln813_376_fu_9589_p2">+, 0, 0, 4, 3, 3</column>
<column name="add_ln813_377_fu_9595_p2">+, 0, 0, 4, 3, 3</column>
<column name="add_ln813_378_fu_9601_p2">+, 0, 0, 4, 3, 3</column>
<column name="add_ln813_379_fu_10459_p2">+, 0, 0, 4, 3, 3</column>
<column name="add_ln813_37_fu_8713_p2">+, 0, 0, 4, 3, 3</column>
<column name="add_ln813_380_fu_9607_p2">+, 0, 0, 11, 3, 3</column>
<column name="add_ln813_381_fu_10225_p2">+, 0, 0, 4, 3, 3</column>
<column name="add_ln813_382_fu_9613_p2">+, 0, 0, 4, 3, 3</column>
<column name="add_ln813_383_fu_9619_p2">+, 0, 0, 4, 3, 3</column>
<column name="add_ln813_384_fu_10229_p2">+, 0, 0, 4, 3, 3</column>
<column name="add_ln813_385_fu_10463_p2">+, 0, 0, 4, 3, 3</column>
<column name="add_ln813_386_fu_10657_p2">+, 0, 0, 4, 3, 3</column>
<column name="add_ln813_387_fu_10234_p2">+, 0, 0, 4, 3, 3</column>
<column name="add_ln813_388_fu_9625_p2">+, 0, 0, 4, 3, 3</column>
<column name="add_ln813_389_fu_9631_p2">+, 0, 0, 4, 3, 3</column>
<column name="add_ln813_38_fu_9746_p2">+, 0, 0, 4, 3, 3</column>
<column name="add_ln813_390_fu_10238_p2">+, 0, 0, 4, 3, 3</column>
<column name="add_ln813_391_fu_9637_p2">+, 0, 0, 11, 3, 3</column>
<column name="add_ln813_392_fu_10243_p2">+, 0, 0, 4, 3, 3</column>
<column name="add_ln813_393_fu_9643_p2">+, 0, 0, 4, 3, 3</column>
<column name="add_ln813_394_fu_9649_p2">+, 0, 0, 4, 3, 3</column>
<column name="add_ln813_395_fu_10247_p2">+, 0, 0, 4, 3, 3</column>
<column name="add_ln813_396_fu_10594_p2">+, 0, 0, 4, 3, 3</column>
<column name="add_ln813_397_fu_9655_p2">+, 0, 0, 4, 3, 3</column>
<column name="add_ln813_398_fu_9661_p2">+, 0, 0, 4, 3, 3</column>
<column name="add_ln813_399_fu_9667_p2">+, 0, 0, 4, 3, 3</column>
<column name="add_ln813_39_fu_10274_p2">+, 0, 0, 4, 3, 3</column>
<column name="add_ln813_400_fu_9673_p2">+, 0, 0, 4, 3, 3</column>
<column name="add_ln813_401_fu_10468_p2">+, 0, 0, 4, 3, 3</column>
<column name="add_ln813_402_fu_9679_p2">+, 0, 0, 11, 3, 3</column>
<column name="add_ln813_403_fu_10252_p2">+, 0, 0, 4, 3, 3</column>
<column name="add_ln813_404_fu_9685_p2">+, 0, 0, 4, 3, 3</column>
<column name="add_ln813_405_fu_9691_p2">+, 0, 0, 4, 3, 3</column>
<column name="add_ln813_406_fu_10256_p2">+, 0, 0, 4, 3, 3</column>
<column name="add_ln813_407_fu_10472_p2">+, 0, 0, 4, 3, 3</column>
<column name="add_ln813_408_fu_10598_p2">+, 0, 0, 4, 3, 3</column>
<column name="add_ln813_409_fu_10661_p2">+, 0, 0, 4, 3, 3</column>
<column name="add_ln813_40_fu_10490_p2">+, 0, 0, 4, 3, 3</column>
<column name="add_ln813_41_fu_10666_p2">+, 0, 0, 4, 3, 3</column>
<column name="add_ln813_42_fu_9751_p2">+, 0, 0, 11, 3, 3</column>
<column name="add_ln813_43_fu_8719_p2">+, 0, 0, 4, 3, 3</column>
<column name="add_ln813_44_fu_8725_p2">+, 0, 0, 4, 3, 3</column>
<column name="add_ln813_45_fu_10279_p2">+, 0, 0, 4, 3, 3</column>
<column name="add_ln813_46_fu_9755_p2">+, 0, 0, 4, 3, 3</column>
<column name="add_ln813_47_fu_8731_p2">+, 0, 0, 4, 3, 3</column>
<column name="add_ln813_48_fu_8737_p2">+, 0, 0, 4, 3, 3</column>
<column name="add_ln813_49_fu_9759_p2">+, 0, 0, 4, 3, 3</column>
<column name="add_ln813_4_fu_8611_p2">+, 0, 0, 4, 3, 3</column>
<column name="add_ln813_50_fu_10283_p2">+, 0, 0, 4, 3, 3</column>
<column name="add_ln813_51_fu_9764_p2">+, 0, 0, 11, 3, 3</column>
<column name="add_ln813_52_fu_8743_p2">+, 0, 0, 4, 3, 3</column>
<column name="add_ln813_53_fu_8749_p2">+, 0, 0, 4, 3, 3</column>
<column name="add_ln813_54_fu_10288_p2">+, 0, 0, 4, 3, 3</column>
<column name="add_ln813_55_fu_9768_p2">+, 0, 0, 4, 3, 3</column>
<column name="add_ln813_56_fu_8755_p2">+, 0, 0, 4, 3, 3</column>
<column name="add_ln813_57_fu_8761_p2">+, 0, 0, 4, 3, 3</column>
<column name="add_ln813_58_fu_9772_p2">+, 0, 0, 4, 3, 3</column>
<column name="add_ln813_59_fu_10292_p2">+, 0, 0, 4, 3, 3</column>
<column name="add_ln813_5_fu_8617_p2">+, 0, 0, 4, 3, 3</column>
<column name="add_ln813_60_fu_10603_p2">+, 0, 0, 4, 3, 3</column>
<column name="add_ln813_61_fu_9777_p2">+, 0, 0, 4, 3, 3</column>
<column name="add_ln813_62_fu_8767_p2">+, 0, 0, 4, 3, 3</column>
<column name="add_ln813_63_fu_8773_p2">+, 0, 0, 4, 3, 3</column>
<column name="add_ln813_64_fu_9781_p2">+, 0, 0, 4, 3, 3</column>
<column name="add_ln813_65_fu_9786_p2">+, 0, 0, 4, 3, 3</column>
<column name="add_ln813_66_fu_8779_p2">+, 0, 0, 4, 3, 3</column>
<column name="add_ln813_67_fu_8785_p2">+, 0, 0, 4, 3, 3</column>
<column name="add_ln813_68_fu_9790_p2">+, 0, 0, 4, 3, 3</column>
<column name="add_ln813_69_fu_10495_p2">+, 0, 0, 4, 3, 3</column>
<column name="add_ln813_6_fu_9701_p2">+, 0, 0, 4, 3, 3</column>
<column name="add_ln813_70_fu_8791_p2">+, 0, 0, 11, 3, 3</column>
<column name="add_ln813_71_fu_8797_p2">+, 0, 0, 4, 3, 3</column>
<column name="add_ln813_72_fu_8803_p2">+, 0, 0, 4, 3, 3</column>
<column name="add_ln813_73_fu_10297_p2">+, 0, 0, 4, 3, 3</column>
<column name="add_ln813_74_fu_9795_p2">+, 0, 0, 4, 3, 3</column>
<column name="add_ln813_75_fu_8809_p2">+, 0, 0, 4, 3, 3</column>
<column name="add_ln813_76_fu_8815_p2">+, 0, 0, 4, 3, 3</column>
<column name="add_ln813_77_fu_9799_p2">+, 0, 0, 4, 3, 3</column>
<column name="add_ln813_78_fu_10301_p2">+, 0, 0, 4, 3, 3</column>
<column name="add_ln813_79_fu_10499_p2">+, 0, 0, 4, 3, 3</column>
<column name="add_ln813_7_fu_9706_p2">+, 0, 0, 4, 3, 3</column>
<column name="add_ln813_80_fu_10607_p2">+, 0, 0, 4, 3, 3</column>
<column name="add_ln813_82_fu_8821_p2">+, 0, 0, 11, 3, 3</column>
<column name="add_ln813_83_fu_9804_p2">+, 0, 0, 4, 3, 3</column>
<column name="add_ln813_84_fu_8827_p2">+, 0, 0, 4, 3, 3</column>
<column name="add_ln813_85_fu_8833_p2">+, 0, 0, 11, 3, 3</column>
<column name="add_ln813_86_fu_8839_p2">+, 0, 0, 4, 3, 3</column>
<column name="add_ln813_87_fu_9808_p2">+, 0, 0, 4, 3, 3</column>
<column name="add_ln813_88_fu_8845_p2">+, 0, 0, 11, 3, 3</column>
<column name="add_ln813_89_fu_8851_p2">+, 0, 0, 11, 3, 3</column>
<column name="add_ln813_8_fu_8623_p2">+, 0, 0, 4, 3, 3</column>
<column name="add_ln813_90_fu_9813_p2">+, 0, 0, 4, 3, 3</column>
<column name="add_ln813_91_fu_8857_p2">+, 0, 0, 4, 3, 3</column>
<column name="add_ln813_92_fu_8863_p2">+, 0, 0, 11, 3, 3</column>
<column name="add_ln813_93_fu_8869_p2">+, 0, 0, 4, 3, 3</column>
<column name="add_ln813_94_fu_9817_p2">+, 0, 0, 4, 3, 3</column>
<column name="add_ln813_95_fu_10612_p2">+, 0, 0, 4, 3, 3</column>
<column name="add_ln813_96_fu_8875_p2">+, 0, 0, 4, 3, 3</column>
<column name="add_ln813_97_fu_8881_p2">+, 0, 0, 11, 3, 3</column>
<column name="add_ln813_98_fu_8887_p2">+, 0, 0, 4, 3, 3</column>
<column name="add_ln813_99_fu_9822_p2">+, 0, 0, 4, 3, 3</column>
<column name="add_ln813_9_fu_8629_p2">+, 0, 0, 4, 3, 3</column>
<column name="add_ln813_fu_9697_p2">+, 0, 0, 4, 3, 3</column>
<column name="x_V_4_fu_10706_p2">+, 0, 0, 4, 3, 3</column>
<column name="x_V_5_fu_10670_p2">+, 0, 0, 4, 3, 3</column>
<column name="x_V_6_fu_10697_p2">+, 0, 0, 4, 3, 3</column>
<column name="x_V_fu_10715_p2">+, 0, 0, 4, 3, 3</column>
<column name="r_V_100_fu_5545_p2">-, 0, 0, 14, 1, 13</column>
<column name="r_V_101_fu_5579_p2">-, 0, 0, 14, 1, 13</column>
<column name="r_V_102_fu_5613_p2">-, 0, 0, 14, 1, 13</column>
<column name="r_V_103_fu_5647_p2">-, 0, 0, 14, 1, 13</column>
<column name="r_V_104_fu_5681_p2">-, 0, 0, 14, 1, 13</column>
<column name="r_V_105_fu_5715_p2">-, 0, 0, 14, 1, 13</column>
<column name="r_V_106_fu_5749_p2">-, 0, 0, 14, 1, 13</column>
<column name="r_V_107_fu_5783_p2">-, 0, 0, 14, 1, 13</column>
<column name="r_V_108_fu_5847_p2">-, 0, 0, 14, 1, 13</column>
<column name="r_V_109_fu_5881_p2">-, 0, 0, 14, 1, 13</column>
<column name="r_V_10_fu_1385_p2">-, 0, 0, 14, 1, 13</column>
<column name="r_V_110_fu_5925_p2">-, 0, 0, 14, 1, 13</column>
<column name="r_V_111_fu_5959_p2">-, 0, 0, 14, 1, 13</column>
<column name="r_V_112_fu_6003_p2">-, 0, 0, 14, 1, 13</column>
<column name="r_V_113_fu_6117_p2">-, 0, 0, 14, 1, 13</column>
<column name="r_V_114_fu_6161_p2">-, 0, 0, 14, 1, 13</column>
<column name="r_V_115_fu_6205_p2">-, 0, 0, 14, 1, 13</column>
<column name="r_V_116_fu_6249_p2">-, 0, 0, 14, 1, 13</column>
<column name="r_V_117_fu_6313_p2">-, 0, 0, 14, 1, 13</column>
<column name="r_V_118_fu_6367_p2">-, 0, 0, 14, 1, 13</column>
<column name="r_V_119_fu_6421_p2">-, 0, 0, 14, 1, 13</column>
<column name="r_V_11_fu_1439_p2">-, 0, 0, 14, 1, 13</column>
<column name="r_V_120_fu_6465_p2">-, 0, 0, 14, 1, 13</column>
<column name="r_V_121_fu_6499_p2">-, 0, 0, 14, 1, 13</column>
<column name="r_V_122_fu_6553_p2">-, 0, 0, 14, 1, 13</column>
<column name="r_V_123_fu_6617_p2">-, 0, 0, 14, 1, 13</column>
<column name="r_V_124_fu_6661_p2">-, 0, 0, 14, 1, 13</column>
<column name="r_V_125_fu_6705_p2">-, 0, 0, 14, 1, 13</column>
<column name="r_V_126_fu_6739_p2">-, 0, 0, 14, 1, 13</column>
<column name="r_V_127_fu_6793_p2">-, 0, 0, 14, 1, 13</column>
<column name="r_V_128_fu_6877_p2">-, 0, 0, 14, 1, 13</column>
<column name="r_V_129_fu_6931_p2">-, 0, 0, 14, 1, 13</column>
<column name="r_V_12_fu_1483_p2">-, 0, 0, 14, 1, 13</column>
<column name="r_V_130_fu_6975_p2">-, 0, 0, 14, 1, 13</column>
<column name="r_V_131_fu_7029_p2">-, 0, 0, 14, 1, 13</column>
<column name="r_V_132_fu_7083_p2">-, 0, 0, 14, 1, 13</column>
<column name="r_V_133_fu_7117_p2">-, 0, 0, 14, 1, 13</column>
<column name="r_V_134_fu_7191_p2">-, 0, 0, 14, 1, 13</column>
<column name="r_V_135_fu_7265_p2">-, 0, 0, 14, 1, 13</column>
<column name="r_V_136_fu_7309_p2">-, 0, 0, 14, 1, 13</column>
<column name="r_V_137_fu_7343_p2">-, 0, 0, 14, 1, 13</column>
<column name="r_V_138_fu_7377_p2">-, 0, 0, 14, 1, 13</column>
<column name="r_V_139_fu_7431_p2">-, 0, 0, 14, 1, 13</column>
<column name="r_V_13_fu_1537_p2">-, 0, 0, 14, 1, 13</column>
<column name="r_V_140_fu_7465_p2">-, 0, 0, 14, 1, 13</column>
<column name="r_V_141_fu_7509_p2">-, 0, 0, 14, 1, 13</column>
<column name="r_V_142_fu_7553_p2">-, 0, 0, 14, 1, 13</column>
<column name="r_V_143_fu_7587_p2">-, 0, 0, 14, 1, 13</column>
<column name="r_V_144_fu_7621_p2">-, 0, 0, 14, 1, 13</column>
<column name="r_V_145_fu_7655_p2">-, 0, 0, 14, 1, 13</column>
<column name="r_V_146_fu_7689_p2">-, 0, 0, 14, 1, 13</column>
<column name="r_V_147_fu_7733_p2">-, 0, 0, 14, 1, 13</column>
<column name="r_V_148_fu_7767_p2">-, 0, 0, 14, 1, 13</column>
<column name="r_V_149_fu_7801_p2">-, 0, 0, 14, 1, 13</column>
<column name="r_V_14_fu_1601_p2">-, 0, 0, 14, 1, 13</column>
<column name="r_V_150_fu_7835_p2">-, 0, 0, 14, 1, 13</column>
<column name="r_V_151_fu_7879_p2">-, 0, 0, 14, 1, 13</column>
<column name="r_V_152_fu_7913_p2">-, 0, 0, 14, 1, 13</column>
<column name="r_V_153_fu_7947_p2">-, 0, 0, 14, 1, 13</column>
<column name="r_V_154_fu_7981_p2">-, 0, 0, 14, 1, 13</column>
<column name="r_V_155_fu_8025_p2">-, 0, 0, 14, 1, 13</column>
<column name="r_V_156_fu_8069_p2">-, 0, 0, 14, 1, 13</column>
<column name="r_V_157_fu_8103_p2">-, 0, 0, 14, 1, 13</column>
<column name="r_V_158_fu_8137_p2">-, 0, 0, 14, 1, 13</column>
<column name="r_V_159_fu_8181_p2">-, 0, 0, 14, 1, 13</column>
<column name="r_V_15_fu_1715_p2">-, 0, 0, 14, 1, 13</column>
<column name="r_V_160_fu_8215_p2">-, 0, 0, 14, 1, 13</column>
<column name="r_V_161_fu_8249_p2">-, 0, 0, 14, 1, 13</column>
<column name="r_V_162_fu_8293_p2">-, 0, 0, 14, 1, 13</column>
<column name="r_V_163_fu_8337_p2">-, 0, 0, 14, 1, 13</column>
<column name="r_V_164_fu_8381_p2">-, 0, 0, 14, 1, 13</column>
<column name="r_V_165_fu_8415_p2">-, 0, 0, 14, 1, 13</column>
<column name="r_V_166_fu_8449_p2">-, 0, 0, 14, 1, 13</column>
<column name="r_V_167_fu_8483_p2">-, 0, 0, 14, 1, 13</column>
<column name="r_V_168_fu_8517_p2">-, 0, 0, 14, 1, 13</column>
<column name="r_V_169_fu_8551_p2">-, 0, 0, 14, 1, 13</column>
<column name="r_V_16_fu_1759_p2">-, 0, 0, 14, 1, 13</column>
<column name="r_V_170_fu_8585_p2">-, 0, 0, 14, 1, 13</column>
<column name="r_V_17_fu_1813_p2">-, 0, 0, 14, 1, 13</column>
<column name="r_V_18_fu_1887_p2">-, 0, 0, 14, 1, 13</column>
<column name="r_V_19_fu_1931_p2">-, 0, 0, 14, 1, 13</column>
<column name="r_V_20_fu_1965_p2">-, 0, 0, 14, 1, 13</column>
<column name="r_V_21_fu_1999_p2">-, 0, 0, 14, 1, 13</column>
<column name="r_V_22_fu_2093_p2">-, 0, 0, 14, 1, 13</column>
<column name="r_V_23_fu_2167_p2">-, 0, 0, 14, 1, 13</column>
<column name="r_V_24_fu_2231_p2">-, 0, 0, 14, 1, 13</column>
<column name="r_V_25_fu_2275_p2">-, 0, 0, 14, 1, 13</column>
<column name="r_V_26_fu_2309_p2">-, 0, 0, 14, 1, 13</column>
<column name="r_V_27_fu_2413_p2">-, 0, 0, 14, 1, 13</column>
<column name="r_V_28_fu_2477_p2">-, 0, 0, 14, 1, 13</column>
<column name="r_V_29_fu_2511_p2">-, 0, 0, 14, 1, 13</column>
<column name="r_V_30_fu_2545_p2">-, 0, 0, 14, 1, 13</column>
<column name="r_V_31_fu_2579_p2">-, 0, 0, 14, 1, 13</column>
<column name="r_V_32_fu_2613_p2">-, 0, 0, 14, 1, 13</column>
<column name="r_V_33_fu_2647_p2">-, 0, 0, 14, 1, 13</column>
<column name="r_V_34_fu_2701_p2">-, 0, 0, 14, 1, 13</column>
<column name="r_V_35_fu_2745_p2">-, 0, 0, 14, 1, 13</column>
<column name="r_V_36_fu_2799_p2">-, 0, 0, 14, 1, 13</column>
<column name="r_V_37_fu_2843_p2">-, 0, 0, 14, 1, 13</column>
<column name="r_V_38_fu_2877_p2">-, 0, 0, 14, 1, 13</column>
<column name="r_V_39_fu_2921_p2">-, 0, 0, 14, 1, 13</column>
<column name="r_V_40_fu_2955_p2">-, 0, 0, 14, 1, 13</column>
<column name="r_V_41_fu_2999_p2">-, 0, 0, 14, 1, 13</column>
<column name="r_V_42_fu_3033_p2">-, 0, 0, 14, 1, 13</column>
<column name="r_V_43_fu_3077_p2">-, 0, 0, 14, 1, 13</column>
<column name="r_V_44_fu_3111_p2">-, 0, 0, 14, 1, 13</column>
<column name="r_V_45_fu_3145_p2">-, 0, 0, 14, 1, 13</column>
<column name="r_V_46_fu_3199_p2">-, 0, 0, 14, 1, 13</column>
<column name="r_V_47_fu_3263_p2">-, 0, 0, 14, 1, 13</column>
<column name="r_V_48_fu_3317_p2">-, 0, 0, 14, 1, 13</column>
<column name="r_V_49_fu_3351_p2">-, 0, 0, 14, 1, 13</column>
<column name="r_V_50_fu_3385_p2">-, 0, 0, 14, 1, 13</column>
<column name="r_V_51_fu_3429_p2">-, 0, 0, 14, 1, 13</column>
<column name="r_V_52_fu_3463_p2">-, 0, 0, 14, 1, 13</column>
<column name="r_V_53_fu_3507_p2">-, 0, 0, 14, 1, 13</column>
<column name="r_V_54_fu_3551_p2">-, 0, 0, 14, 1, 13</column>
<column name="r_V_55_fu_3595_p2">-, 0, 0, 14, 1, 13</column>
<column name="r_V_56_fu_3639_p2">-, 0, 0, 14, 1, 13</column>
<column name="r_V_57_fu_3683_p2">-, 0, 0, 14, 1, 13</column>
<column name="r_V_58_fu_3717_p2">-, 0, 0, 14, 1, 13</column>
<column name="r_V_59_fu_3761_p2">-, 0, 0, 14, 1, 13</column>
<column name="r_V_60_fu_3795_p2">-, 0, 0, 14, 1, 13</column>
<column name="r_V_61_fu_3839_p2">-, 0, 0, 14, 1, 13</column>
<column name="r_V_62_fu_3893_p2">-, 0, 0, 14, 1, 13</column>
<column name="r_V_63_fu_3947_p2">-, 0, 0, 14, 1, 13</column>
<column name="r_V_64_fu_4001_p2">-, 0, 0, 14, 1, 13</column>
<column name="r_V_65_fu_4035_p2">-, 0, 0, 14, 1, 13</column>
<column name="r_V_66_fu_4069_p2">-, 0, 0, 14, 1, 13</column>
<column name="r_V_67_fu_4113_p2">-, 0, 0, 14, 1, 13</column>
<column name="r_V_68_fu_4147_p2">-, 0, 0, 14, 1, 13</column>
<column name="r_V_69_fu_4201_p2">-, 0, 0, 14, 1, 13</column>
<column name="r_V_70_fu_4245_p2">-, 0, 0, 14, 1, 13</column>
<column name="r_V_71_fu_4279_p2">-, 0, 0, 14, 1, 13</column>
<column name="r_V_72_fu_4373_p2">-, 0, 0, 14, 1, 13</column>
<column name="r_V_73_fu_4407_p2">-, 0, 0, 14, 1, 13</column>
<column name="r_V_74_fu_4451_p2">-, 0, 0, 14, 1, 13</column>
<column name="r_V_75_fu_4485_p2">-, 0, 0, 14, 1, 13</column>
<column name="r_V_76_fu_4519_p2">-, 0, 0, 14, 1, 13</column>
<column name="r_V_77_fu_4563_p2">-, 0, 0, 14, 1, 13</column>
<column name="r_V_78_fu_4597_p2">-, 0, 0, 14, 1, 13</column>
<column name="r_V_79_fu_4631_p2">-, 0, 0, 14, 1, 13</column>
<column name="r_V_80_fu_4685_p2">-, 0, 0, 14, 1, 13</column>
<column name="r_V_81_fu_4719_p2">-, 0, 0, 14, 1, 13</column>
<column name="r_V_82_fu_4753_p2">-, 0, 0, 14, 1, 13</column>
<column name="r_V_83_fu_4837_p2">-, 0, 0, 14, 1, 13</column>
<column name="r_V_84_fu_4881_p2">-, 0, 0, 14, 1, 13</column>
<column name="r_V_85_fu_4925_p2">-, 0, 0, 14, 1, 13</column>
<column name="r_V_86_fu_4959_p2">-, 0, 0, 14, 1, 13</column>
<column name="r_V_87_fu_5003_p2">-, 0, 0, 14, 1, 13</column>
<column name="r_V_88_fu_5037_p2">-, 0, 0, 14, 1, 13</column>
<column name="r_V_89_fu_5081_p2">-, 0, 0, 14, 1, 13</column>
<column name="r_V_90_fu_5115_p2">-, 0, 0, 14, 1, 13</column>
<column name="r_V_91_fu_5159_p2">-, 0, 0, 14, 1, 13</column>
<column name="r_V_92_fu_5193_p2">-, 0, 0, 14, 1, 13</column>
<column name="r_V_93_fu_5267_p2">-, 0, 0, 14, 1, 13</column>
<column name="r_V_94_fu_5301_p2">-, 0, 0, 14, 1, 13</column>
<column name="r_V_95_fu_5345_p2">-, 0, 0, 14, 1, 13</column>
<column name="r_V_96_fu_5379_p2">-, 0, 0, 14, 1, 13</column>
<column name="r_V_97_fu_5413_p2">-, 0, 0, 14, 1, 13</column>
<column name="r_V_98_fu_5457_p2">-, 0, 0, 14, 1, 13</column>
<column name="r_V_99_fu_5511_p2">-, 0, 0, 14, 1, 13</column>
<column name="r_V_fu_1331_p2">-, 0, 0, 14, 1, 13</column>
<column name="ap_block_state1">or, 0, 0, 2, 1, 1</column>
</table>
</item>
<item name = "Multiplexer"><table name="" hasTotal="1">
<keys size="5">Name, LUT, Input Size, Bits, Total Bits</keys>
<column name="ap_NS_fsm">48, 9, 1, 9</column>
<column name="ap_done">9, 2, 1, 2</column>
<column name="fc1_input_TDATA_blk_n">9, 2, 1, 2</column>
<column name="layer2_out_blk_n">9, 2, 1, 2</column>
<column name="real_start">9, 2, 1, 2</column>
</table>
</item>
<item name = "Register"><table name="" hasTotal="1">
<keys size="5">Name, FF, LUT, Bits, Const Bits</keys>
<column name="add_ln813_101_reg_11917">3, 0, 3, 0</column>
<column name="add_ln813_103_reg_11922">3, 0, 3, 0</column>
<column name="add_ln813_104_reg_11405">3, 0, 3, 0</column>
<column name="add_ln813_107_reg_11410">3, 0, 3, 0</column>
<column name="add_ln813_108_reg_11927">3, 0, 3, 0</column>
<column name="add_ln813_109_reg_12172">3, 0, 3, 0</column>
<column name="add_ln813_10_reg_11847">3, 0, 3, 0</column>
<column name="add_ln813_110_reg_12282">3, 0, 3, 0</column>
<column name="add_ln813_111_reg_12342">3, 0, 3, 0</column>
<column name="add_ln813_112_reg_11415">3, 0, 3, 0</column>
<column name="add_ln813_116_reg_11420">3, 0, 3, 0</column>
<column name="add_ln813_117_reg_11932">3, 0, 3, 0</column>
<column name="add_ln813_118_reg_11425">3, 0, 3, 0</column>
<column name="add_ln813_121_reg_11430">3, 0, 3, 0</column>
<column name="add_ln813_122_reg_11937">3, 0, 3, 0</column>
<column name="add_ln813_123_reg_12177">3, 0, 3, 0</column>
<column name="add_ln813_127_reg_11942">3, 0, 3, 0</column>
<column name="add_ln813_129_reg_11435">3, 0, 3, 0</column>
<column name="add_ln813_12_reg_11289">3, 0, 3, 0</column>
<column name="add_ln813_130_reg_11947">3, 0, 3, 0</column>
<column name="add_ln813_132_reg_11440">3, 0, 3, 0</column>
<column name="add_ln813_133_reg_11446">3, 0, 3, 0</column>
<column name="add_ln813_136_reg_11451">3, 0, 3, 0</column>
<column name="add_ln813_137_reg_11952">3, 0, 3, 0</column>
<column name="add_ln813_138_reg_12182">3, 0, 3, 0</column>
<column name="add_ln813_139_reg_12287">3, 0, 3, 0</column>
<column name="add_ln813_140_reg_12347">3, 0, 3, 0</column>
<column name="add_ln813_143_reg_11456">3, 0, 3, 0</column>
<column name="add_ln813_145_reg_11461">3, 0, 3, 0</column>
<column name="add_ln813_146_reg_11957">3, 0, 3, 0</column>
<column name="add_ln813_148_reg_11466">3, 0, 3, 0</column>
<column name="add_ln813_149_reg_11471">3, 0, 3, 0</column>
<column name="add_ln813_14_reg_11294">3, 0, 3, 0</column>
<column name="add_ln813_152_reg_11476">3, 0, 3, 0</column>
<column name="add_ln813_153_reg_11962">3, 0, 3, 0</column>
<column name="add_ln813_154_reg_12187">3, 0, 3, 0</column>
<column name="add_ln813_155_reg_12292">3, 0, 3, 0</column>
<column name="add_ln813_157_reg_11481">3, 0, 3, 0</column>
<column name="add_ln813_158_reg_11967">3, 0, 3, 0</column>
<column name="add_ln813_160_reg_11486">3, 0, 3, 0</column>
<column name="add_ln813_161_reg_11972">3, 0, 3, 0</column>
<column name="add_ln813_163_reg_11491">3, 0, 3, 0</column>
<column name="add_ln813_164_reg_11496">3, 0, 3, 0</column>
<column name="add_ln813_168_reg_11501">3, 0, 3, 0</column>
<column name="add_ln813_169_reg_11977">3, 0, 3, 0</column>
<column name="add_ln813_170_reg_12192">3, 0, 3, 0</column>
<column name="add_ln813_176_reg_11506">3, 0, 3, 0</column>
<column name="add_ln813_177_reg_11982">3, 0, 3, 0</column>
<column name="add_ln813_178_reg_11511">3, 0, 3, 0</column>
<column name="add_ln813_179_reg_11987">3, 0, 3, 0</column>
<column name="add_ln813_183_reg_11992">3, 0, 3, 0</column>
<column name="add_ln813_184_reg_12197">3, 0, 3, 0</column>
<column name="add_ln813_188_reg_11997">3, 0, 3, 0</column>
<column name="add_ln813_189_reg_11516">3, 0, 3, 0</column>
<column name="add_ln813_18_reg_11299">3, 0, 3, 0</column>
<column name="add_ln813_191_reg_12002">3, 0, 3, 0</column>
<column name="add_ln813_193_reg_11522">3, 0, 3, 0</column>
<column name="add_ln813_194_reg_11527">3, 0, 3, 0</column>
<column name="add_ln813_197_reg_11532">3, 0, 3, 0</column>
<column name="add_ln813_198_reg_12007">3, 0, 3, 0</column>
<column name="add_ln813_199_reg_12202">3, 0, 3, 0</column>
<column name="add_ln813_19_reg_11852">3, 0, 3, 0</column>
<column name="add_ln813_200_reg_12297">3, 0, 3, 0</column>
<column name="add_ln813_201_reg_12352">3, 0, 3, 0</column>
<column name="add_ln813_202_reg_12377">3, 0, 3, 0</column>
<column name="add_ln813_204_reg_11537">3, 0, 3, 0</column>
<column name="add_ln813_207_reg_11542">3, 0, 3, 0</column>
<column name="add_ln813_208_reg_12012">3, 0, 3, 0</column>
<column name="add_ln813_209_reg_11547">3, 0, 3, 0</column>
<column name="add_ln813_20_reg_12147">3, 0, 3, 0</column>
<column name="add_ln813_210_reg_11552">3, 0, 3, 0</column>
<column name="add_ln813_214_reg_11557">3, 0, 3, 0</column>
<column name="add_ln813_215_reg_12017">3, 0, 3, 0</column>
<column name="add_ln813_218_reg_11562">3, 0, 3, 0</column>
<column name="add_ln813_21_reg_12267">3, 0, 3, 0</column>
<column name="add_ln813_221_reg_11567">3, 0, 3, 0</column>
<column name="add_ln813_223_reg_12022">3, 0, 3, 0</column>
<column name="add_ln813_224_reg_11572">3, 0, 3, 0</column>
<column name="add_ln813_227_reg_11577">3, 0, 3, 0</column>
<column name="add_ln813_228_reg_12027">3, 0, 3, 0</column>
<column name="add_ln813_229_reg_12207">3, 0, 3, 0</column>
<column name="add_ln813_230_reg_12302">3, 0, 3, 0</column>
<column name="add_ln813_231_reg_12357">3, 0, 3, 0</column>
<column name="add_ln813_232_reg_11582">3, 0, 3, 0</column>
<column name="add_ln813_236_reg_11587">3, 0, 3, 0</column>
<column name="add_ln813_237_reg_12032">3, 0, 3, 0</column>
<column name="add_ln813_238_reg_11592">3, 0, 3, 0</column>
<column name="add_ln813_239_reg_12037">3, 0, 3, 0</column>
<column name="add_ln813_243_reg_12042">3, 0, 3, 0</column>
<column name="add_ln813_244_reg_12212">3, 0, 3, 0</column>
<column name="add_ln813_247_reg_11597">3, 0, 3, 0</column>
<column name="add_ln813_249_reg_12047">3, 0, 3, 0</column>
<column name="add_ln813_24_reg_11304">3, 0, 3, 0</column>
<column name="add_ln813_251_reg_11602">3, 0, 3, 0</column>
<column name="add_ln813_252_reg_11607">3, 0, 3, 0</column>
<column name="add_ln813_256_reg_11612">3, 0, 3, 0</column>
<column name="add_ln813_257_reg_12052">3, 0, 3, 0</column>
<column name="add_ln813_258_reg_12217">3, 0, 3, 0</column>
<column name="add_ln813_259_reg_12307">3, 0, 3, 0</column>
<column name="add_ln813_25_reg_11857">3, 0, 3, 0</column>
<column name="add_ln813_262_reg_11617">3, 0, 3, 0</column>
<column name="add_ln813_265_reg_11622">3, 0, 3, 0</column>
<column name="add_ln813_267_reg_11627">3, 0, 3, 0</column>
<column name="add_ln813_268_reg_11632">3, 0, 3, 0</column>
<column name="add_ln813_271_reg_11637">3, 0, 3, 0</column>
<column name="add_ln813_272_reg_12057">3, 0, 3, 0</column>
<column name="add_ln813_273_reg_12222">3, 0, 3, 0</column>
<column name="add_ln813_274_reg_12312">3, 0, 3, 0</column>
<column name="add_ln813_276_reg_11642">3, 0, 3, 0</column>
<column name="add_ln813_279_reg_11647">3, 0, 3, 0</column>
<column name="add_ln813_281_reg_11652">3, 0, 3, 0</column>
<column name="add_ln813_282_reg_11657">3, 0, 3, 0</column>
<column name="add_ln813_286_reg_11662">3, 0, 3, 0</column>
<column name="add_ln813_287_reg_12062">3, 0, 3, 0</column>
<column name="add_ln813_288_reg_12227">3, 0, 3, 0</column>
<column name="add_ln813_28_reg_11309">3, 0, 3, 0</column>
<column name="add_ln813_294_reg_11667">3, 0, 3, 0</column>
<column name="add_ln813_295_reg_12067">3, 0, 3, 0</column>
<column name="add_ln813_296_reg_11672">3, 0, 3, 0</column>
<column name="add_ln813_297_reg_11677">3, 0, 3, 0</column>
<column name="add_ln813_29_reg_11862">3, 0, 3, 0</column>
<column name="add_ln813_301_reg_12072">3, 0, 3, 0</column>
<column name="add_ln813_302_reg_12232">3, 0, 3, 0</column>
<column name="add_ln813_306_reg_12077">3, 0, 3, 0</column>
<column name="add_ln813_308_reg_12082">3, 0, 3, 0</column>
<column name="add_ln813_310_reg_11682">3, 0, 3, 0</column>
<column name="add_ln813_311_reg_11687">3, 0, 3, 0</column>
<column name="add_ln813_314_reg_11692">3, 0, 3, 0</column>
<column name="add_ln813_315_reg_12087">3, 0, 3, 0</column>
<column name="add_ln813_316_reg_12237">3, 0, 3, 0</column>
<column name="add_ln813_317_reg_12317">3, 0, 3, 0</column>
<column name="add_ln813_318_reg_12362">3, 0, 3, 0</column>
<column name="add_ln813_319_reg_12382">3, 0, 3, 0</column>
<column name="add_ln813_31_reg_11314">3, 0, 3, 0</column>
<column name="add_ln813_323_reg_11697">3, 0, 3, 0</column>
<column name="add_ln813_324_reg_12092">3, 0, 3, 0</column>
<column name="add_ln813_325_reg_11702">3, 0, 3, 0</column>
<column name="add_ln813_328_reg_11707">3, 0, 3, 0</column>
<column name="add_ln813_329_reg_12097">3, 0, 3, 0</column>
<column name="add_ln813_331_reg_11712">3, 0, 3, 0</column>
<column name="add_ln813_333_reg_11717">3, 0, 3, 0</column>
<column name="add_ln813_335_reg_11722">3, 0, 3, 0</column>
<column name="add_ln813_338_reg_11727">3, 0, 3, 0</column>
<column name="add_ln813_339_reg_12102">3, 0, 3, 0</column>
<column name="add_ln813_33_reg_11320">3, 0, 3, 0</column>
<column name="add_ln813_340_reg_12242">3, 0, 3, 0</column>
<column name="add_ln813_341_reg_12322">3, 0, 3, 0</column>
<column name="add_ln813_344_reg_11732">3, 0, 3, 0</column>
<column name="add_ln813_345_reg_12107">3, 0, 3, 0</column>
<column name="add_ln813_346_reg_11737">3, 0, 3, 0</column>
<column name="add_ln813_349_reg_11742">3, 0, 3, 0</column>
<column name="add_ln813_350_reg_12112">3, 0, 3, 0</column>
<column name="add_ln813_353_reg_11747">3, 0, 3, 0</column>
<column name="add_ln813_355_reg_11752">3, 0, 3, 0</column>
<column name="add_ln813_357_reg_11757">3, 0, 3, 0</column>
<column name="add_ln813_360_reg_11762">3, 0, 3, 0</column>
<column name="add_ln813_361_reg_12117">3, 0, 3, 0</column>
<column name="add_ln813_362_reg_12247">3, 0, 3, 0</column>
<column name="add_ln813_363_reg_12327">3, 0, 3, 0</column>
<column name="add_ln813_365_reg_11767">3, 0, 3, 0</column>
<column name="add_ln813_367_reg_11772">3, 0, 3, 0</column>
<column name="add_ln813_369_reg_11777">3, 0, 3, 0</column>
<column name="add_ln813_372_reg_11782">3, 0, 3, 0</column>
<column name="add_ln813_373_reg_12122">3, 0, 3, 0</column>
<column name="add_ln813_374_reg_12252">3, 0, 3, 0</column>
<column name="add_ln813_376_reg_11787">3, 0, 3, 0</column>
<column name="add_ln813_378_reg_11792">3, 0, 3, 0</column>
<column name="add_ln813_37_reg_11325">3, 0, 3, 0</column>
<column name="add_ln813_380_reg_11797">3, 0, 3, 0</column>
<column name="add_ln813_383_reg_11802">3, 0, 3, 0</column>
<column name="add_ln813_384_reg_12127">3, 0, 3, 0</column>
<column name="add_ln813_385_reg_12257">3, 0, 3, 0</column>
<column name="add_ln813_389_reg_11807">3, 0, 3, 0</column>
<column name="add_ln813_38_reg_11867">3, 0, 3, 0</column>
<column name="add_ln813_390_reg_12132">3, 0, 3, 0</column>
<column name="add_ln813_391_reg_11812">3, 0, 3, 0</column>
<column name="add_ln813_394_reg_11817">3, 0, 3, 0</column>
<column name="add_ln813_395_reg_12137">3, 0, 3, 0</column>
<column name="add_ln813_398_reg_11822">3, 0, 3, 0</column>
<column name="add_ln813_39_reg_12152">3, 0, 3, 0</column>
<column name="add_ln813_400_reg_11827">3, 0, 3, 0</column>
<column name="add_ln813_402_reg_11832">3, 0, 3, 0</column>
<column name="add_ln813_405_reg_11837">3, 0, 3, 0</column>
<column name="add_ln813_406_reg_12142">3, 0, 3, 0</column>
<column name="add_ln813_407_reg_12262">3, 0, 3, 0</column>
<column name="add_ln813_408_reg_12332">3, 0, 3, 0</column>
<column name="add_ln813_409_reg_12367">3, 0, 3, 0</column>
<column name="add_ln813_40_reg_12272">3, 0, 3, 0</column>
<column name="add_ln813_42_reg_11872">3, 0, 3, 0</column>
<column name="add_ln813_44_reg_11330">3, 0, 3, 0</column>
<column name="add_ln813_48_reg_11335">3, 0, 3, 0</column>
<column name="add_ln813_49_reg_11877">3, 0, 3, 0</column>
<column name="add_ln813_50_reg_12157">3, 0, 3, 0</column>
<column name="add_ln813_51_reg_11882">3, 0, 3, 0</column>
<column name="add_ln813_53_reg_11340">3, 0, 3, 0</column>
<column name="add_ln813_57_reg_11345">3, 0, 3, 0</column>
<column name="add_ln813_58_reg_11887">3, 0, 3, 0</column>
<column name="add_ln813_59_reg_12162">3, 0, 3, 0</column>
<column name="add_ln813_5_reg_11279">3, 0, 3, 0</column>
<column name="add_ln813_63_reg_11350">3, 0, 3, 0</column>
<column name="add_ln813_64_reg_11892">3, 0, 3, 0</column>
<column name="add_ln813_67_reg_11355">3, 0, 3, 0</column>
<column name="add_ln813_68_reg_11897">3, 0, 3, 0</column>
<column name="add_ln813_6_reg_11842">3, 0, 3, 0</column>
<column name="add_ln813_70_reg_11360">3, 0, 3, 0</column>
<column name="add_ln813_72_reg_11365">3, 0, 3, 0</column>
<column name="add_ln813_76_reg_11370">3, 0, 3, 0</column>
<column name="add_ln813_77_reg_11902">3, 0, 3, 0</column>
<column name="add_ln813_78_reg_12167">3, 0, 3, 0</column>
<column name="add_ln813_79_reg_12277">3, 0, 3, 0</column>
<column name="add_ln813_80_reg_12337">3, 0, 3, 0</column>
<column name="add_ln813_82_reg_11375">3, 0, 3, 0</column>
<column name="add_ln813_86_reg_11380">3, 0, 3, 0</column>
<column name="add_ln813_87_reg_11907">3, 0, 3, 0</column>
<column name="add_ln813_88_reg_11385">3, 0, 3, 0</column>
<column name="add_ln813_89_reg_11390">3, 0, 3, 0</column>
<column name="add_ln813_93_reg_11395">3, 0, 3, 0</column>
<column name="add_ln813_94_reg_11912">3, 0, 3, 0</column>
<column name="add_ln813_98_reg_11400">3, 0, 3, 0</column>
<column name="add_ln813_9_reg_11284">3, 0, 3, 0</column>
<column name="ap_CS_fsm">8, 0, 8, 0</column>
<column name="ap_done_reg">1, 0, 1, 0</column>
<column name="mult_V_109_reg_10911">3, 0, 3, 0</column>
<column name="mult_V_110_reg_10916">3, 0, 3, 0</column>
<column name="mult_V_112_reg_10921">3, 0, 3, 0</column>
<column name="mult_V_113_reg_10926">3, 0, 3, 0</column>
<column name="mult_V_118_reg_10932">3, 0, 3, 0</column>
<column name="mult_V_121_reg_10937">3, 0, 3, 0</column>
<column name="mult_V_123_reg_10942">3, 0, 3, 0</column>
<column name="mult_V_124_reg_10947">3, 0, 3, 0</column>
<column name="mult_V_126_reg_10952">3, 0, 3, 0</column>
<column name="mult_V_127_reg_10957">3, 0, 3, 0</column>
<column name="mult_V_128_reg_10962">3, 0, 3, 0</column>
<column name="mult_V_130_reg_10968">3, 0, 3, 0</column>
<column name="mult_V_132_reg_10975">3, 0, 3, 0</column>
<column name="mult_V_143_reg_10980">3, 0, 3, 0</column>
<column name="mult_V_146_reg_10985">3, 0, 3, 0</column>
<column name="mult_V_148_reg_10991">3, 0, 3, 0</column>
<column name="mult_V_150_reg_10996">3, 0, 3, 0</column>
<column name="mult_V_152_reg_11001">3, 0, 3, 0</column>
<column name="mult_V_159_reg_11006">3, 0, 3, 0</column>
<column name="mult_V_15_reg_10796">3, 0, 3, 0</column>
<column name="mult_V_165_reg_11011">3, 0, 3, 0</column>
<column name="mult_V_166_reg_11016">3, 0, 3, 0</column>
<column name="mult_V_167_reg_11021">3, 0, 3, 0</column>
<column name="mult_V_178_reg_11026">3, 0, 3, 0</column>
<column name="mult_V_18_reg_10801">3, 0, 3, 0</column>
<column name="mult_V_193_reg_11031">3, 0, 3, 0</column>
<column name="mult_V_197_reg_11036">3, 0, 3, 0</column>
<column name="mult_V_199_reg_11041">3, 0, 3, 0</column>
<column name="mult_V_1_reg_10776">3, 0, 3, 0</column>
<column name="mult_V_200_reg_11046">3, 0, 3, 0</column>
<column name="mult_V_202_reg_11052">3, 0, 3, 0</column>
<column name="mult_V_205_reg_11057">3, 0, 3, 0</column>
<column name="mult_V_206_reg_11062">3, 0, 3, 0</column>
<column name="mult_V_212_reg_11067">3, 0, 3, 0</column>
<column name="mult_V_220_reg_11072">3, 0, 3, 0</column>
<column name="mult_V_227_reg_11077">3, 0, 3, 0</column>
<column name="mult_V_228_reg_11082">3, 0, 3, 0</column>
<column name="mult_V_237_reg_11087">3, 0, 3, 0</column>
<column name="mult_V_238_reg_11092">3, 0, 3, 0</column>
<column name="mult_V_249_reg_11097">3, 0, 3, 0</column>
<column name="mult_V_250_reg_11102">3, 0, 3, 0</column>
<column name="mult_V_256_reg_11107">3, 0, 3, 0</column>
<column name="mult_V_257_reg_11112">3, 0, 3, 0</column>
<column name="mult_V_258_reg_11117">3, 0, 3, 0</column>
<column name="mult_V_259_reg_11122">3, 0, 3, 0</column>
<column name="mult_V_262_reg_11127">3, 0, 3, 0</column>
<column name="mult_V_264_reg_11133">3, 0, 3, 0</column>
<column name="mult_V_266_reg_11138">3, 0, 3, 0</column>
<column name="mult_V_270_reg_11144">3, 0, 3, 0</column>
<column name="mult_V_272_reg_11149">3, 0, 3, 0</column>
<column name="mult_V_284_reg_11154">3, 0, 3, 0</column>
<column name="mult_V_287_reg_11159">3, 0, 3, 0</column>
<column name="mult_V_288_reg_11164">3, 0, 3, 0</column>
<column name="mult_V_289_reg_11170">3, 0, 3, 0</column>
<column name="mult_V_28_reg_10806">3, 0, 3, 0</column>
<column name="mult_V_290_reg_11176">3, 0, 3, 0</column>
<column name="mult_V_291_reg_11181">3, 0, 3, 0</column>
<column name="mult_V_293_reg_11186">3, 0, 3, 0</column>
<column name="mult_V_294_reg_11192">3, 0, 3, 0</column>
<column name="mult_V_295_reg_11197">3, 0, 3, 0</column>
<column name="mult_V_297_reg_11202">3, 0, 3, 0</column>
<column name="mult_V_299_reg_11207">3, 0, 3, 0</column>
<column name="mult_V_301_reg_11213">3, 0, 3, 0</column>
<column name="mult_V_303_reg_11219">3, 0, 3, 0</column>
<column name="mult_V_306_reg_11224">3, 0, 3, 0</column>
<column name="mult_V_307_reg_11229">3, 0, 3, 0</column>
<column name="mult_V_311_reg_11234">3, 0, 3, 0</column>
<column name="mult_V_315_reg_11239">3, 0, 3, 0</column>
<column name="mult_V_316_reg_11244">3, 0, 3, 0</column>
<column name="mult_V_320_reg_11249">3, 0, 3, 0</column>
<column name="mult_V_322_reg_11254">3, 0, 3, 0</column>
<column name="mult_V_331_reg_11259">3, 0, 3, 0</column>
<column name="mult_V_333_reg_11264">3, 0, 3, 0</column>
<column name="mult_V_334_reg_11269">3, 0, 3, 0</column>
<column name="mult_V_335_reg_11274">3, 0, 3, 0</column>
<column name="mult_V_35_reg_10811">3, 0, 3, 0</column>
<column name="mult_V_3_reg_10781">3, 0, 3, 0</column>
<column name="mult_V_52_reg_10816">3, 0, 3, 0</column>
<column name="mult_V_55_reg_10821">3, 0, 3, 0</column>
<column name="mult_V_56_reg_10826">3, 0, 3, 0</column>
<column name="mult_V_57_reg_10831">3, 0, 3, 0</column>
<column name="mult_V_58_reg_10836">3, 0, 3, 0</column>
<column name="mult_V_5_reg_10786">3, 0, 3, 0</column>
<column name="mult_V_60_reg_10842">3, 0, 3, 0</column>
<column name="mult_V_63_reg_10847">3, 0, 3, 0</column>
<column name="mult_V_64_reg_10852">3, 0, 3, 0</column>
<column name="mult_V_66_reg_10857">3, 0, 3, 0</column>
<column name="mult_V_68_reg_10864">3, 0, 3, 0</column>
<column name="mult_V_71_reg_10869">3, 0, 3, 0</column>
<column name="mult_V_76_reg_10875">3, 0, 3, 0</column>
<column name="mult_V_77_reg_10880">3, 0, 3, 0</column>
<column name="mult_V_80_reg_10885">3, 0, 3, 0</column>
<column name="mult_V_81_reg_10891">3, 0, 3, 0</column>
<column name="mult_V_88_reg_10896">3, 0, 3, 0</column>
<column name="mult_V_92_reg_10901">3, 0, 3, 0</column>
<column name="mult_V_95_reg_10906">3, 0, 3, 0</column>
<column name="mult_V_9_reg_10791">3, 0, 3, 0</column>
<column name="mult_V_reg_10771">3, 0, 3, 0</column>
<column name="start_once_reg">1, 0, 1, 0</column>
<column name="x_V_4_reg_12392">3, 0, 3, 0</column>
<column name="x_V_5_reg_12372">3, 0, 3, 0</column>
<column name="x_V_6_reg_12387">3, 0, 3, 0</column>
<column name="x_V_reg_12397">3, 0, 3, 0</column>
</table>
</item>
</section>
</item>
</section>

<section name = "Interface" level="0">
<item name = "Summary"><table name="" hasTotal="0">
<keys size="6">RTL Ports, Dir, Bits, Protocol, Source Object, C Type</keys>
<column name="ap_clk">in, 1, ap_ctrl_hs, dense&lt;array&lt;ap_fixed,784u&gt;,array&lt;ap_fixed&lt;16,6,5,3,0&gt;,4u&gt;,config2&gt;, return value</column>
<column name="ap_rst">in, 1, ap_ctrl_hs, dense&lt;array&lt;ap_fixed,784u&gt;,array&lt;ap_fixed&lt;16,6,5,3,0&gt;,4u&gt;,config2&gt;, return value</column>
<column name="ap_start">in, 1, ap_ctrl_hs, dense&lt;array&lt;ap_fixed,784u&gt;,array&lt;ap_fixed&lt;16,6,5,3,0&gt;,4u&gt;,config2&gt;, return value</column>
<column name="start_full_n">in, 1, ap_ctrl_hs, dense&lt;array&lt;ap_fixed,784u&gt;,array&lt;ap_fixed&lt;16,6,5,3,0&gt;,4u&gt;,config2&gt;, return value</column>
<column name="ap_done">out, 1, ap_ctrl_hs, dense&lt;array&lt;ap_fixed,784u&gt;,array&lt;ap_fixed&lt;16,6,5,3,0&gt;,4u&gt;,config2&gt;, return value</column>
<column name="ap_continue">in, 1, ap_ctrl_hs, dense&lt;array&lt;ap_fixed,784u&gt;,array&lt;ap_fixed&lt;16,6,5,3,0&gt;,4u&gt;,config2&gt;, return value</column>
<column name="ap_idle">out, 1, ap_ctrl_hs, dense&lt;array&lt;ap_fixed,784u&gt;,array&lt;ap_fixed&lt;16,6,5,3,0&gt;,4u&gt;,config2&gt;, return value</column>
<column name="ap_ready">out, 1, ap_ctrl_hs, dense&lt;array&lt;ap_fixed,784u&gt;,array&lt;ap_fixed&lt;16,6,5,3,0&gt;,4u&gt;,config2&gt;, return value</column>
<column name="start_out">out, 1, ap_ctrl_hs, dense&lt;array&lt;ap_fixed,784u&gt;,array&lt;ap_fixed&lt;16,6,5,3,0&gt;,4u&gt;,config2&gt;, return value</column>
<column name="start_write">out, 1, ap_ctrl_hs, dense&lt;array&lt;ap_fixed,784u&gt;,array&lt;ap_fixed&lt;16,6,5,3,0&gt;,4u&gt;,config2&gt;, return value</column>
<column name="fc1_input_TDATA">in, 12544, axis, fc1_input, pointer</column>
<column name="fc1_input_TVALID">in, 1, axis, fc1_input, pointer</column>
<column name="fc1_input_TREADY">out, 1, axis, fc1_input, pointer</column>
<column name="layer2_out_din">out, 64, ap_fifo, layer2_out, pointer</column>
<column name="layer2_out_num_data_valid">in, 2, ap_fifo, layer2_out, pointer</column>
<column name="layer2_out_fifo_cap">in, 2, ap_fifo, layer2_out, pointer</column>
<column name="layer2_out_full_n">in, 1, ap_fifo, layer2_out, pointer</column>
<column name="layer2_out_write">out, 1, ap_fifo, layer2_out, pointer</column>
</table>
</item>
</section>
</profile>
