<stg><name>dense<array<ap_int<4>, 3u>, array<ap_fixed<16, 6, 5, 3, 0>, 2u>, config8></name>


<trans_list>

<trans id="18" from="1" to="2">
<condition id="-1">
<or_exp><and_exp></and_exp></or_exp>
</condition>
</trans>
</trans_list>



<state_list>

<state id="1" st_id="1">

<operation id="3" st_id="1" stage="1" lat="1">
<core>FIFO_SRL</core>
<MemPortIdVec></MemPortIdVec>
<condition id="-1">
<or_exp><and_exp></and_exp></or_exp>
</condition>

<Node id="5" bw="12" op_0_bw="12" op_1_bw="12">
<![CDATA[
entry:2 %layer7_out_read = read i12 @_ssdm_op_Read.ap_fifo.volatile.i12P0A, i12 %layer7_out

]]></Node>
<StgValue><ssdm name="layer7_out_read"/></StgValue>
</operation>

<operation id="4" st_id="1" stage="1" lat="1">
<core>NULL</core>
<MemPortIdVec></MemPortIdVec>
<condition id="-1">
<or_exp><and_exp></and_exp></or_exp>
</condition>

<Node id="7" bw="2" op_0_bw="2" op_1_bw="12" op_2_bw="32" op_3_bw="32">
<![CDATA[
entry:4 %tmp = partselect i2 @_ssdm_op_PartSelect.i2.i12.i32.i32, i12 %layer7_out_read, i32 4, i32 5

]]></Node>
<StgValue><ssdm name="tmp"/></StgValue>
</operation>

<operation id="5" st_id="1" stage="1" lat="1">
<core>NULL</core>
<MemPortIdVec></MemPortIdVec>
<condition id="-1">
<or_exp><and_exp></and_exp></or_exp>
</condition>

<Node id="8" bw="2" op_0_bw="12">
<![CDATA[
entry:5 %empty = trunc i12 %layer7_out_read

]]></Node>
<StgValue><ssdm name="empty"/></StgValue>
</operation>

<operation id="6" st_id="1" stage="1" lat="1">
<core>NULL</core>
<MemPortIdVec></MemPortIdVec>
<condition id="-1">
<or_exp><and_exp></and_exp></or_exp>
</condition>

<Node id="9" bw="2" op_0_bw="2" op_1_bw="12" op_2_bw="32" op_3_bw="32">
<![CDATA[
entry:6 %tmp_2 = partselect i2 @_ssdm_op_PartSelect.i2.i12.i32.i32, i12 %layer7_out_read, i32 8, i32 9

]]></Node>
<StgValue><ssdm name="tmp_2"/></StgValue>
</operation>

<operation id="7" st_id="1" stage="1" lat="1">
<core>TAddSub</core>
<MemPortIdVec></MemPortIdVec>
<condition id="-1">
<or_exp><and_exp></and_exp></or_exp>
</condition>

<Node id="10" bw="2" op_0_bw="2" op_1_bw="2">
<![CDATA[
entry:7 %empty_55 = sub i2 %tmp, i2 %empty

]]></Node>
<StgValue><ssdm name="empty_55"/></StgValue>
</operation>

<operation id="8" st_id="1" stage="1" lat="1">
<core>TAddSub</core>
<MemPortIdVec></MemPortIdVec>
<condition id="-1">
<or_exp><and_exp></and_exp></or_exp>
</condition>

<Node id="11" bw="2" op_0_bw="2" op_1_bw="2">
<![CDATA[
entry:8 %add_ln813 = add i2 %empty_55, i2 %tmp_2

]]></Node>
<StgValue><ssdm name="add_ln813"/></StgValue>
</operation>
</state>

<state id="2" st_id="2">

<operation id="9" st_id="2" stage="1" lat="1">
<core>NULL</core>
<MemPortIdVec></MemPortIdVec>
<condition id="-1">
<or_exp><and_exp></and_exp></or_exp>
</condition>

<Node id="3" bw="0" op_0_bw="0" op_1_bw="32" op_2_bw="0" op_3_bw="32" op_4_bw="32" op_5_bw="0" op_6_bw="32" op_7_bw="32" op_8_bw="0" op_9_bw="0" op_10_bw="0" op_11_bw="32" op_12_bw="32" op_13_bw="32" op_14_bw="32" op_15_bw="0" op_16_bw="0" op_17_bw="32" op_18_bw="32">
<![CDATA[
entry:0 %specinterface_ln0 = specinterface void @_ssdm_op_SpecInterface, i32 %layer8_out, void @empty_14, i32 0, i32 0, void @empty_1, i32 0, i32 0, void @empty_1, void @empty_1, void @empty_1, i32 0, i32 0, i32 0, i32 0, void @empty_1, void @empty_1, i32 4294967295, i32 0

]]></Node>
<StgValue><ssdm name="specinterface_ln0"/></StgValue>
</operation>

<operation id="10" st_id="2" stage="1" lat="1">
<core>NULL</core>
<MemPortIdVec></MemPortIdVec>
<condition id="-1">
<or_exp><and_exp></and_exp></or_exp>
</condition>

<Node id="4" bw="0" op_0_bw="0" op_1_bw="12" op_2_bw="0" op_3_bw="32" op_4_bw="32" op_5_bw="0" op_6_bw="32" op_7_bw="32" op_8_bw="0" op_9_bw="0" op_10_bw="0" op_11_bw="32" op_12_bw="32" op_13_bw="32" op_14_bw="32" op_15_bw="0" op_16_bw="0" op_17_bw="32" op_18_bw="32">
<![CDATA[
entry:1 %specinterface_ln0 = specinterface void @_ssdm_op_SpecInterface, i12 %layer7_out, void @empty_14, i32 0, i32 0, void @empty_1, i32 0, i32 0, void @empty_1, void @empty_1, void @empty_1, i32 0, i32 0, i32 0, i32 0, void @empty_1, void @empty_1, i32 4294967295, i32 0

]]></Node>
<StgValue><ssdm name="specinterface_ln0"/></StgValue>
</operation>

<operation id="11" st_id="2" stage="1" lat="1">
<core>NULL</core>
<MemPortIdVec></MemPortIdVec>
<condition id="-1">
<or_exp><and_exp></and_exp></or_exp>
</condition>

<Node id="6" bw="0" op_0_bw="0" op_1_bw="64" op_2_bw="0" op_3_bw="0" op_4_bw="0" op_5_bw="0">
<![CDATA[
entry:3 %specresourcelimit_ln33 = specresourcelimit void @_ssdm_op_SpecResourceLimit, i64 3, void @empty_15, void @empty_1, void @empty_1, void @empty_1

]]></Node>
<StgValue><ssdm name="specresourcelimit_ln33"/></StgValue>
</operation>

<operation id="12" st_id="2" stage="1" lat="1">
<core>NULL</core>
<MemPortIdVec></MemPortIdVec>
<condition id="-1">
<or_exp><and_exp></and_exp></or_exp>
</condition>

<Node id="12" bw="13" op_0_bw="13" op_1_bw="2" op_2_bw="11">
<![CDATA[
entry:9 %res_V = bitconcatenate i13 @_ssdm_op_BitConcatenate.i13.i2.i11, i2 %add_ln813, i11 0

]]></Node>
<StgValue><ssdm name="res_V"/></StgValue>
</operation>

<operation id="13" st_id="2" stage="1" lat="1">
<core>NULL</core>
<MemPortIdVec></MemPortIdVec>
<condition id="-1">
<or_exp><and_exp></and_exp></or_exp>
</condition>

<Node id="13" bw="16" op_0_bw="13">
<![CDATA[
entry:10 %sext_ln66 = sext i13 %res_V

]]></Node>
<StgValue><ssdm name="sext_ln66"/></StgValue>
</operation>

<operation id="14" st_id="2" stage="1" lat="1">
<core>NULL</core>
<MemPortIdVec></MemPortIdVec>
<condition id="-1">
<or_exp><and_exp></and_exp></or_exp>
</condition>

<Node id="14" bw="17" op_0_bw="17" op_1_bw="1" op_2_bw="16">
<![CDATA[
entry:11 %tmp_s = bitconcatenate i17 @_ssdm_op_BitConcatenate.i17.i1.i16, i1 0, i16 %sext_ln66

]]></Node>
<StgValue><ssdm name="tmp_s"/></StgValue>
</operation>

<operation id="15" st_id="2" stage="1" lat="1">
<core>NULL</core>
<MemPortIdVec></MemPortIdVec>
<condition id="-1">
<or_exp><and_exp></and_exp></or_exp>
</condition>

<Node id="15" bw="32" op_0_bw="17">
<![CDATA[
entry:12 %zext_ln77 = zext i17 %tmp_s

]]></Node>
<StgValue><ssdm name="zext_ln77"/></StgValue>
</operation>

<operation id="16" st_id="2" stage="1" lat="1">
<core>FIFO_SRL</core>
<MemPortIdVec></MemPortIdVec>
<condition id="-1">
<or_exp><and_exp></and_exp></or_exp>
</condition>

<Node id="16" bw="0" op_0_bw="0" op_1_bw="32" op_2_bw="32">
<![CDATA[
entry:13 %write_ln77 = write void @_ssdm_op_Write.ap_fifo.volatile.i32P0A, i32 %layer8_out, i32 %zext_ln77

]]></Node>
<StgValue><ssdm name="write_ln77"/></StgValue>
</operation>

<operation id="17" st_id="2" stage="1" lat="1">
<core>NULL</core>
<MemPortIdVec></MemPortIdVec>
<condition id="-1">
<or_exp><and_exp></and_exp></or_exp>
</condition>

<Node id="17" bw="0">
<![CDATA[
entry:14 %ret_ln101 = ret

]]></Node>
<StgValue><ssdm name="ret_ln101"/></StgValue>
</operation>
</state>
</state_list>


<ports>
</ports>


<dataflows>
</dataflows>


</stg>
