<stg><name>linear<array<ap_fixed,3u>,array<ap_int<4>,3u>,linear_config7></name>


<trans_list>

<trans id="30" from="1" to="2">
<condition id="-1">
<or_exp><and_exp></and_exp></or_exp>
</condition>
</trans>
</trans_list>



<state_list>

<state id="1" st_id="1">

<operation id="3" st_id="1" stage="1" lat="1">
<core>FIFO_SRL</core>
<MemPortIdVec></MemPortIdVec>
<condition id="-1">
<or_exp><and_exp></and_exp></or_exp>
</condition>

<Node id="5" bw="48" op_0_bw="48" op_1_bw="48">
<![CDATA[
entry_ifconv:2 %layer5_out_read = read i48 @_ssdm_op_Read.ap_fifo.volatile.i48P0A, i48 %layer5_out

]]></Node>
<StgValue><ssdm name="layer5_out_read"/></StgValue>
</operation>

<operation id="4" st_id="1" stage="1" lat="1">
<core>NULL</core>
<MemPortIdVec></MemPortIdVec>
<condition id="-1">
<or_exp><and_exp></and_exp></or_exp>
</condition>

<Node id="6" bw="4" op_0_bw="4" op_1_bw="48" op_2_bw="32" op_3_bw="32">
<![CDATA[
entry_ifconv:3 %trunc_ln = partselect i4 @_ssdm_op_PartSelect.i4.i48.i32.i32, i48 %layer5_out_read, i32 10, i32 13

]]></Node>
<StgValue><ssdm name="trunc_ln"/></StgValue>
</operation>

<operation id="5" st_id="1" stage="1" lat="1">
<core>NULL</core>
<MemPortIdVec></MemPortIdVec>
<condition id="-1">
<or_exp><and_exp></and_exp></or_exp>
</condition>

<Node id="8" bw="10" op_0_bw="48">
<![CDATA[
entry_ifconv:5 %trunc_ln1003 = trunc i48 %layer5_out_read

]]></Node>
<StgValue><ssdm name="trunc_ln1003"/></StgValue>
</operation>

<operation id="6" st_id="1" stage="1" lat="1">
<core>Cmp</core>
<MemPortIdVec></MemPortIdVec>
<condition id="-1">
<or_exp><and_exp></and_exp></or_exp>
</condition>

<Node id="9" bw="1" op_0_bw="10" op_1_bw="10">
<![CDATA[
entry_ifconv:6 %icmp_ln1003 = icmp_eq  i10 %trunc_ln1003, i10 0

]]></Node>
<StgValue><ssdm name="icmp_ln1003"/></StgValue>
</operation>

<operation id="7" st_id="1" stage="1" lat="1">
<core>Adder</core>
<MemPortIdVec></MemPortIdVec>
<condition id="-1">
<or_exp><and_exp></and_exp></or_exp>
</condition>

<Node id="10" bw="4" op_0_bw="4" op_1_bw="4">
<![CDATA[
entry_ifconv:7 %ret_V = add i4 %trunc_ln, i4 1

]]></Node>
<StgValue><ssdm name="ret_V"/></StgValue>
</operation>

<operation id="8" st_id="1" stage="1" lat="1">
<core>NULL</core>
<MemPortIdVec></MemPortIdVec>
<condition id="-1">
<or_exp><and_exp></and_exp></or_exp>
</condition>

<Node id="13" bw="4" op_0_bw="4" op_1_bw="48" op_2_bw="32" op_3_bw="32">
<![CDATA[
entry_ifconv:10 %trunc_ln983_4 = partselect i4 @_ssdm_op_PartSelect.i4.i48.i32.i32, i48 %layer5_out_read, i32 26, i32 29

]]></Node>
<StgValue><ssdm name="trunc_ln983_4"/></StgValue>
</operation>

<operation id="9" st_id="1" stage="1" lat="1">
<core>NULL</core>
<MemPortIdVec></MemPortIdVec>
<condition id="-1">
<or_exp><and_exp></and_exp></or_exp>
</condition>

<Node id="15" bw="10" op_0_bw="10" op_1_bw="48" op_2_bw="32" op_3_bw="32">
<![CDATA[
entry_ifconv:12 %tmp_s = partselect i10 @_ssdm_op_PartSelect.i10.i48.i32.i32, i48 %layer5_out_read, i32 16, i32 25

]]></Node>
<StgValue><ssdm name="tmp_s"/></StgValue>
</operation>

<operation id="10" st_id="1" stage="1" lat="1">
<core>Cmp</core>
<MemPortIdVec></MemPortIdVec>
<condition id="-1">
<or_exp><and_exp></and_exp></or_exp>
</condition>

<Node id="16" bw="1" op_0_bw="10" op_1_bw="10">
<![CDATA[
entry_ifconv:13 %icmp_ln1003_4 = icmp_eq  i10 %tmp_s, i10 0

]]></Node>
<StgValue><ssdm name="icmp_ln1003_4"/></StgValue>
</operation>

<operation id="11" st_id="1" stage="1" lat="1">
<core>Adder</core>
<MemPortIdVec></MemPortIdVec>
<condition id="-1">
<or_exp><and_exp></and_exp></or_exp>
</condition>

<Node id="17" bw="4" op_0_bw="4" op_1_bw="4">
<![CDATA[
entry_ifconv:14 %ret_V_22 = add i4 %trunc_ln983_4, i4 1

]]></Node>
<StgValue><ssdm name="ret_V_22"/></StgValue>
</operation>

<operation id="12" st_id="1" stage="1" lat="1">
<core>NULL</core>
<MemPortIdVec></MemPortIdVec>
<condition id="-1">
<or_exp><and_exp></and_exp></or_exp>
</condition>

<Node id="20" bw="4" op_0_bw="4" op_1_bw="48" op_2_bw="32" op_3_bw="32">
<![CDATA[
entry_ifconv:17 %trunc_ln983_5 = partselect i4 @_ssdm_op_PartSelect.i4.i48.i32.i32, i48 %layer5_out_read, i32 42, i32 45

]]></Node>
<StgValue><ssdm name="trunc_ln983_5"/></StgValue>
</operation>

<operation id="13" st_id="1" stage="1" lat="1">
<core>NULL</core>
<MemPortIdVec></MemPortIdVec>
<condition id="-1">
<or_exp><and_exp></and_exp></or_exp>
</condition>

<Node id="22" bw="10" op_0_bw="10" op_1_bw="48" op_2_bw="32" op_3_bw="32">
<![CDATA[
entry_ifconv:19 %tmp_7 = partselect i10 @_ssdm_op_PartSelect.i10.i48.i32.i32, i48 %layer5_out_read, i32 32, i32 41

]]></Node>
<StgValue><ssdm name="tmp_7"/></StgValue>
</operation>

<operation id="14" st_id="1" stage="1" lat="1">
<core>Cmp</core>
<MemPortIdVec></MemPortIdVec>
<condition id="-1">
<or_exp><and_exp></and_exp></or_exp>
</condition>

<Node id="23" bw="1" op_0_bw="10" op_1_bw="10">
<![CDATA[
entry_ifconv:20 %icmp_ln1003_5 = icmp_eq  i10 %tmp_7, i10 0

]]></Node>
<StgValue><ssdm name="icmp_ln1003_5"/></StgValue>
</operation>

<operation id="15" st_id="1" stage="1" lat="1">
<core>Adder</core>
<MemPortIdVec></MemPortIdVec>
<condition id="-1">
<or_exp><and_exp></and_exp></or_exp>
</condition>

<Node id="24" bw="4" op_0_bw="4" op_1_bw="4">
<![CDATA[
entry_ifconv:21 %ret_V_24 = add i4 %trunc_ln983_5, i4 1

]]></Node>
<StgValue><ssdm name="ret_V_24"/></StgValue>
</operation>
</state>

<state id="2" st_id="2">

<operation id="16" st_id="2" stage="1" lat="1">
<core>NULL</core>
<MemPortIdVec></MemPortIdVec>
<condition id="-1">
<or_exp><and_exp></and_exp></or_exp>
</condition>

<Node id="3" bw="0" op_0_bw="0" op_1_bw="12" op_2_bw="0" op_3_bw="32" op_4_bw="32" op_5_bw="0" op_6_bw="32" op_7_bw="32" op_8_bw="0" op_9_bw="0" op_10_bw="0" op_11_bw="32" op_12_bw="32" op_13_bw="32" op_14_bw="32" op_15_bw="0" op_16_bw="0" op_17_bw="32" op_18_bw="32">
<![CDATA[
entry_ifconv:0 %specinterface_ln0 = specinterface void @_ssdm_op_SpecInterface, i12 %layer7_out, void @empty_14, i32 0, i32 0, void @empty_1, i32 0, i32 0, void @empty_1, void @empty_1, void @empty_1, i32 0, i32 0, i32 0, i32 0, void @empty_1, void @empty_1, i32 4294967295, i32 0

]]></Node>
<StgValue><ssdm name="specinterface_ln0"/></StgValue>
</operation>

<operation id="17" st_id="2" stage="1" lat="1">
<core>NULL</core>
<MemPortIdVec></MemPortIdVec>
<condition id="-1">
<or_exp><and_exp></and_exp></or_exp>
</condition>

<Node id="4" bw="0" op_0_bw="0" op_1_bw="48" op_2_bw="0" op_3_bw="32" op_4_bw="32" op_5_bw="0" op_6_bw="32" op_7_bw="32" op_8_bw="0" op_9_bw="0" op_10_bw="0" op_11_bw="32" op_12_bw="32" op_13_bw="32" op_14_bw="32" op_15_bw="0" op_16_bw="0" op_17_bw="32" op_18_bw="32">
<![CDATA[
entry_ifconv:1 %specinterface_ln0 = specinterface void @_ssdm_op_SpecInterface, i48 %layer5_out, void @empty_14, i32 0, i32 0, void @empty_1, i32 0, i32 0, void @empty_1, void @empty_1, void @empty_1, i32 0, i32 0, i32 0, i32 0, void @empty_1, void @empty_1, i32 4294967295, i32 0

]]></Node>
<StgValue><ssdm name="specinterface_ln0"/></StgValue>
</operation>

<operation id="18" st_id="2" stage="1" lat="1">
<core>NULL</core>
<MemPortIdVec></MemPortIdVec>
<condition id="-1">
<or_exp><and_exp></and_exp></or_exp>
</condition>

<Node id="7" bw="1" op_0_bw="1" op_1_bw="48" op_2_bw="32">
<![CDATA[
entry_ifconv:4 %p_Result_s = bitselect i1 @_ssdm_op_BitSelect.i1.i48.i32, i48 %layer5_out_read, i32 15

]]></Node>
<StgValue><ssdm name="p_Result_s"/></StgValue>
</operation>

<operation id="19" st_id="2" stage="1" lat="1">
<core>Sel</core>
<MemPortIdVec></MemPortIdVec>
<condition id="-1">
<or_exp><and_exp></and_exp></or_exp>
</condition>

<Node id="11" bw="4" op_0_bw="1" op_1_bw="4" op_2_bw="4">
<![CDATA[
entry_ifconv:8 %select_ln1002 = select i1 %icmp_ln1003, i4 %trunc_ln, i4 %ret_V

]]></Node>
<StgValue><ssdm name="select_ln1002"/></StgValue>
</operation>

<operation id="20" st_id="2" stage="1" lat="1">
<core>Sel</core>
<MemPortIdVec></MemPortIdVec>
<condition id="-1">
<or_exp><and_exp></and_exp></or_exp>
</condition>

<Node id="12" bw="4" op_0_bw="1" op_1_bw="4" op_2_bw="4">
<![CDATA[
entry_ifconv:9 %ret_V_21 = select i1 %p_Result_s, i4 %select_ln1002, i4 %trunc_ln

]]></Node>
<StgValue><ssdm name="ret_V_21"/></StgValue>
</operation>

<operation id="21" st_id="2" stage="1" lat="1">
<core>NULL</core>
<MemPortIdVec></MemPortIdVec>
<condition id="-1">
<or_exp><and_exp></and_exp></or_exp>
</condition>

<Node id="14" bw="1" op_0_bw="1" op_1_bw="48" op_2_bw="32">
<![CDATA[
entry_ifconv:11 %p_Result_80 = bitselect i1 @_ssdm_op_BitSelect.i1.i48.i32, i48 %layer5_out_read, i32 31

]]></Node>
<StgValue><ssdm name="p_Result_80"/></StgValue>
</operation>

<operation id="22" st_id="2" stage="1" lat="1">
<core>Sel</core>
<MemPortIdVec></MemPortIdVec>
<condition id="-1">
<or_exp><and_exp></and_exp></or_exp>
</condition>

<Node id="18" bw="4" op_0_bw="1" op_1_bw="4" op_2_bw="4">
<![CDATA[
entry_ifconv:15 %select_ln1002_4 = select i1 %icmp_ln1003_4, i4 %trunc_ln983_4, i4 %ret_V_22

]]></Node>
<StgValue><ssdm name="select_ln1002_4"/></StgValue>
</operation>

<operation id="23" st_id="2" stage="1" lat="1">
<core>Sel</core>
<MemPortIdVec></MemPortIdVec>
<condition id="-1">
<or_exp><and_exp></and_exp></or_exp>
</condition>

<Node id="19" bw="4" op_0_bw="1" op_1_bw="4" op_2_bw="4">
<![CDATA[
entry_ifconv:16 %ret_V_23 = select i1 %p_Result_80, i4 %select_ln1002_4, i4 %trunc_ln983_4

]]></Node>
<StgValue><ssdm name="ret_V_23"/></StgValue>
</operation>

<operation id="24" st_id="2" stage="1" lat="1">
<core>NULL</core>
<MemPortIdVec></MemPortIdVec>
<condition id="-1">
<or_exp><and_exp></and_exp></or_exp>
</condition>

<Node id="21" bw="1" op_0_bw="1" op_1_bw="48" op_2_bw="32">
<![CDATA[
entry_ifconv:18 %p_Result_81 = bitselect i1 @_ssdm_op_BitSelect.i1.i48.i32, i48 %layer5_out_read, i32 47

]]></Node>
<StgValue><ssdm name="p_Result_81"/></StgValue>
</operation>

<operation id="25" st_id="2" stage="1" lat="1">
<core>Sel</core>
<MemPortIdVec></MemPortIdVec>
<condition id="-1">
<or_exp><and_exp></and_exp></or_exp>
</condition>

<Node id="25" bw="4" op_0_bw="1" op_1_bw="4" op_2_bw="4">
<![CDATA[
entry_ifconv:22 %select_ln1002_5 = select i1 %icmp_ln1003_5, i4 %trunc_ln983_5, i4 %ret_V_24

]]></Node>
<StgValue><ssdm name="select_ln1002_5"/></StgValue>
</operation>

<operation id="26" st_id="2" stage="1" lat="1">
<core>Sel</core>
<MemPortIdVec></MemPortIdVec>
<condition id="-1">
<or_exp><and_exp></and_exp></or_exp>
</condition>

<Node id="26" bw="4" op_0_bw="1" op_1_bw="4" op_2_bw="4">
<![CDATA[
entry_ifconv:23 %ret_V_25 = select i1 %p_Result_81, i4 %select_ln1002_5, i4 %trunc_ln983_5

]]></Node>
<StgValue><ssdm name="ret_V_25"/></StgValue>
</operation>

<operation id="27" st_id="2" stage="1" lat="1">
<core>NULL</core>
<MemPortIdVec></MemPortIdVec>
<condition id="-1">
<or_exp><and_exp></and_exp></or_exp>
</condition>

<Node id="27" bw="12" op_0_bw="12" op_1_bw="4" op_2_bw="4" op_3_bw="4">
<![CDATA[
entry_ifconv:24 %p_s = bitconcatenate i12 @_ssdm_op_BitConcatenate.i12.i4.i4.i4, i4 %ret_V_25, i4 %ret_V_23, i4 %ret_V_21

]]></Node>
<StgValue><ssdm name="p_s"/></StgValue>
</operation>

<operation id="28" st_id="2" stage="1" lat="1">
<core>FIFO_SRL</core>
<MemPortIdVec></MemPortIdVec>
<condition id="-1">
<or_exp><and_exp></and_exp></or_exp>
</condition>

<Node id="28" bw="0" op_0_bw="0" op_1_bw="12" op_2_bw="12">
<![CDATA[
entry_ifconv:25 %write_ln32 = write void @_ssdm_op_Write.ap_fifo.volatile.i12P0A, i12 %layer7_out, i12 %p_s

]]></Node>
<StgValue><ssdm name="write_ln32"/></StgValue>
</operation>

<operation id="29" st_id="2" stage="1" lat="1">
<core>NULL</core>
<MemPortIdVec></MemPortIdVec>
<condition id="-1">
<or_exp><and_exp></and_exp></or_exp>
</condition>

<Node id="29" bw="0">
<![CDATA[
entry_ifconv:26 %ret_ln34 = ret

]]></Node>
<StgValue><ssdm name="ret_ln34"/></StgValue>
</operation>
</state>
</state_list>


<ports>
<port id="31" name="layer5_out" dir="0" iftype="3">
<core>FIFO_SRL</core><StgValue><ssdm name="layer5_out"/></StgValue>
</port>
<port id="32" name="layer7_out" dir="1" iftype="3">
<core>FIFO_SRL</core><StgValue><ssdm name="layer7_out"/></StgValue>
</port>
</ports>


<dataflows>
<dataflow id="34" from="_ssdm_op_Read.ap_fifo.volatile.i48P0A" to="layer5_out_read" fromId="33" toId="3">
</dataflow>
<dataflow id="35" from="layer5_out" to="layer5_out_read" fromId="31" toId="3">
</dataflow>
<dataflow id="37" from="_ssdm_op_PartSelect.i4.i48.i32.i32" to="trunc_ln" fromId="36" toId="4">
</dataflow>
<dataflow id="38" from="layer5_out_read" to="trunc_ln" fromId="3" toId="4">
</dataflow>
<dataflow id="40" from="StgValue_39" to="trunc_ln" fromId="39" toId="4">
</dataflow>
<dataflow id="42" from="StgValue_41" to="trunc_ln" fromId="41" toId="4">
</dataflow>
<dataflow id="43" from="layer5_out_read" to="trunc_ln1003" fromId="3" toId="5">
</dataflow>
<dataflow id="44" from="trunc_ln1003" to="icmp_ln1003" fromId="5" toId="6">
</dataflow>
<dataflow id="46" from="StgValue_45" to="icmp_ln1003" fromId="45" toId="6">
</dataflow>
<dataflow id="47" from="trunc_ln" to="ret_V" fromId="4" toId="7">
</dataflow>
<dataflow id="49" from="StgValue_48" to="ret_V" fromId="48" toId="7">
</dataflow>
<dataflow id="50" from="_ssdm_op_PartSelect.i4.i48.i32.i32" to="trunc_ln983_4" fromId="36" toId="8">
</dataflow>
<dataflow id="51" from="layer5_out_read" to="trunc_ln983_4" fromId="3" toId="8">
</dataflow>
<dataflow id="53" from="StgValue_52" to="trunc_ln983_4" fromId="52" toId="8">
</dataflow>
<dataflow id="55" from="StgValue_54" to="trunc_ln983_4" fromId="54" toId="8">
</dataflow>
<dataflow id="57" from="_ssdm_op_PartSelect.i10.i48.i32.i32" to="tmp_s" fromId="56" toId="9">
</dataflow>
<dataflow id="58" from="layer5_out_read" to="tmp_s" fromId="3" toId="9">
</dataflow>
<dataflow id="60" from="StgValue_59" to="tmp_s" fromId="59" toId="9">
</dataflow>
<dataflow id="62" from="StgValue_61" to="tmp_s" fromId="61" toId="9">
</dataflow>
<dataflow id="63" from="tmp_s" to="icmp_ln1003_4" fromId="9" toId="10">
</dataflow>
<dataflow id="64" from="StgValue_45" to="icmp_ln1003_4" fromId="45" toId="10">
</dataflow>
<dataflow id="65" from="trunc_ln983_4" to="ret_V_22" fromId="8" toId="11">
</dataflow>
<dataflow id="66" from="StgValue_48" to="ret_V_22" fromId="48" toId="11">
</dataflow>
<dataflow id="67" from="_ssdm_op_PartSelect.i4.i48.i32.i32" to="trunc_ln983_5" fromId="36" toId="12">
</dataflow>
<dataflow id="68" from="layer5_out_read" to="trunc_ln983_5" fromId="3" toId="12">
</dataflow>
<dataflow id="70" from="StgValue_69" to="trunc_ln983_5" fromId="69" toId="12">
</dataflow>
<dataflow id="72" from="StgValue_71" to="trunc_ln983_5" fromId="71" toId="12">
</dataflow>
<dataflow id="73" from="_ssdm_op_PartSelect.i10.i48.i32.i32" to="tmp_7" fromId="56" toId="13">
</dataflow>
<dataflow id="74" from="layer5_out_read" to="tmp_7" fromId="3" toId="13">
</dataflow>
<dataflow id="76" from="StgValue_75" to="tmp_7" fromId="75" toId="13">
</dataflow>
<dataflow id="78" from="StgValue_77" to="tmp_7" fromId="77" toId="13">
</dataflow>
<dataflow id="79" from="tmp_7" to="icmp_ln1003_5" fromId="13" toId="14">
</dataflow>
<dataflow id="80" from="StgValue_45" to="icmp_ln1003_5" fromId="45" toId="14">
</dataflow>
<dataflow id="81" from="trunc_ln983_5" to="ret_V_24" fromId="12" toId="15">
</dataflow>
<dataflow id="82" from="StgValue_48" to="ret_V_24" fromId="48" toId="15">
</dataflow>
<dataflow id="84" from="_ssdm_op_SpecInterface" to="specinterface_ln0" fromId="83" toId="16">
</dataflow>
<dataflow id="85" from="layer7_out" to="specinterface_ln0" fromId="32" toId="16">
</dataflow>
<dataflow id="87" from="empty_14" to="specinterface_ln0" fromId="86" toId="16">
</dataflow>
<dataflow id="89" from="StgValue_88" to="specinterface_ln0" fromId="88" toId="16">
</dataflow>
<dataflow id="90" from="StgValue_88" to="specinterface_ln0" fromId="88" toId="16">
</dataflow>
<dataflow id="92" from="empty_1" to="specinterface_ln0" fromId="91" toId="16">
</dataflow>
<dataflow id="93" from="StgValue_88" to="specinterface_ln0" fromId="88" toId="16">
</dataflow>
<dataflow id="94" from="StgValue_88" to="specinterface_ln0" fromId="88" toId="16">
</dataflow>
<dataflow id="95" from="empty_1" to="specinterface_ln0" fromId="91" toId="16">
</dataflow>
<dataflow id="96" from="empty_1" to="specinterface_ln0" fromId="91" toId="16">
</dataflow>
<dataflow id="97" from="empty_1" to="specinterface_ln0" fromId="91" toId="16">
</dataflow>
<dataflow id="98" from="StgValue_88" to="specinterface_ln0" fromId="88" toId="16">
</dataflow>
<dataflow id="99" from="StgValue_88" to="specinterface_ln0" fromId="88" toId="16">
</dataflow>
<dataflow id="100" from="StgValue_88" to="specinterface_ln0" fromId="88" toId="16">
</dataflow>
<dataflow id="101" from="StgValue_88" to="specinterface_ln0" fromId="88" toId="16">
</dataflow>
<dataflow id="102" from="empty_1" to="specinterface_ln0" fromId="91" toId="16">
</dataflow>
<dataflow id="103" from="empty_1" to="specinterface_ln0" fromId="91" toId="16">
</dataflow>
<dataflow id="105" from="StgValue_104" to="specinterface_ln0" fromId="104" toId="16">
</dataflow>
<dataflow id="106" from="StgValue_88" to="specinterface_ln0" fromId="88" toId="16">
</dataflow>
<dataflow id="107" from="_ssdm_op_SpecInterface" to="specinterface_ln0" fromId="83" toId="17">
</dataflow>
<dataflow id="108" from="layer5_out" to="specinterface_ln0" fromId="31" toId="17">
</dataflow>
<dataflow id="109" from="empty_14" to="specinterface_ln0" fromId="86" toId="17">
</dataflow>
<dataflow id="110" from="StgValue_88" to="specinterface_ln0" fromId="88" toId="17">
</dataflow>
<dataflow id="111" from="StgValue_88" to="specinterface_ln0" fromId="88" toId="17">
</dataflow>
<dataflow id="112" from="empty_1" to="specinterface_ln0" fromId="91" toId="17">
</dataflow>
<dataflow id="113" from="StgValue_88" to="specinterface_ln0" fromId="88" toId="17">
</dataflow>
<dataflow id="114" from="StgValue_88" to="specinterface_ln0" fromId="88" toId="17">
</dataflow>
<dataflow id="115" from="empty_1" to="specinterface_ln0" fromId="91" toId="17">
</dataflow>
<dataflow id="116" from="empty_1" to="specinterface_ln0" fromId="91" toId="17">
</dataflow>
<dataflow id="117" from="empty_1" to="specinterface_ln0" fromId="91" toId="17">
</dataflow>
<dataflow id="118" from="StgValue_88" to="specinterface_ln0" fromId="88" toId="17">
</dataflow>
<dataflow id="119" from="StgValue_88" to="specinterface_ln0" fromId="88" toId="17">
</dataflow>
<dataflow id="120" from="StgValue_88" to="specinterface_ln0" fromId="88" toId="17">
</dataflow>
<dataflow id="121" from="StgValue_88" to="specinterface_ln0" fromId="88" toId="17">
</dataflow>
<dataflow id="122" from="empty_1" to="specinterface_ln0" fromId="91" toId="17">
</dataflow>
<dataflow id="123" from="empty_1" to="specinterface_ln0" fromId="91" toId="17">
</dataflow>
<dataflow id="124" from="StgValue_104" to="specinterface_ln0" fromId="104" toId="17">
</dataflow>
<dataflow id="125" from="StgValue_88" to="specinterface_ln0" fromId="88" toId="17">
</dataflow>
<dataflow id="127" from="_ssdm_op_BitSelect.i1.i48.i32" to="p_Result_s" fromId="126" toId="18">
</dataflow>
<dataflow id="128" from="layer5_out_read" to="p_Result_s" fromId="3" toId="18">
</dataflow>
<dataflow id="130" from="StgValue_129" to="p_Result_s" fromId="129" toId="18">
</dataflow>
<dataflow id="131" from="icmp_ln1003" to="select_ln1002" fromId="6" toId="19">
</dataflow>
<dataflow id="132" from="trunc_ln" to="select_ln1002" fromId="4" toId="19">
</dataflow>
<dataflow id="133" from="ret_V" to="select_ln1002" fromId="7" toId="19">
</dataflow>
<dataflow id="134" from="p_Result_s" to="ret_V_21" fromId="18" toId="20">
</dataflow>
<dataflow id="135" from="select_ln1002" to="ret_V_21" fromId="19" toId="20">
</dataflow>
<dataflow id="136" from="trunc_ln" to="ret_V_21" fromId="4" toId="20">
</dataflow>
<dataflow id="137" from="_ssdm_op_BitSelect.i1.i48.i32" to="p_Result_80" fromId="126" toId="21">
</dataflow>
<dataflow id="138" from="layer5_out_read" to="p_Result_80" fromId="3" toId="21">
</dataflow>
<dataflow id="140" from="StgValue_139" to="p_Result_80" fromId="139" toId="21">
</dataflow>
<dataflow id="141" from="icmp_ln1003_4" to="select_ln1002_4" fromId="10" toId="22">
</dataflow>
<dataflow id="142" from="trunc_ln983_4" to="select_ln1002_4" fromId="8" toId="22">
</dataflow>
<dataflow id="143" from="ret_V_22" to="select_ln1002_4" fromId="11" toId="22">
</dataflow>
<dataflow id="144" from="p_Result_80" to="ret_V_23" fromId="21" toId="23">
</dataflow>
<dataflow id="145" from="select_ln1002_4" to="ret_V_23" fromId="22" toId="23">
</dataflow>
<dataflow id="146" from="trunc_ln983_4" to="ret_V_23" fromId="8" toId="23">
</dataflow>
<dataflow id="147" from="_ssdm_op_BitSelect.i1.i48.i32" to="p_Result_81" fromId="126" toId="24">
</dataflow>
<dataflow id="148" from="layer5_out_read" to="p_Result_81" fromId="3" toId="24">
</dataflow>
<dataflow id="150" from="StgValue_149" to="p_Result_81" fromId="149" toId="24">
</dataflow>
<dataflow id="151" from="icmp_ln1003_5" to="select_ln1002_5" fromId="14" toId="25">
</dataflow>
<dataflow id="152" from="trunc_ln983_5" to="select_ln1002_5" fromId="12" toId="25">
</dataflow>
<dataflow id="153" from="ret_V_24" to="select_ln1002_5" fromId="15" toId="25">
</dataflow>
<dataflow id="154" from="p_Result_81" to="ret_V_25" fromId="24" toId="26">
</dataflow>
<dataflow id="155" from="select_ln1002_5" to="ret_V_25" fromId="25" toId="26">
</dataflow>
<dataflow id="156" from="trunc_ln983_5" to="ret_V_25" fromId="12" toId="26">
</dataflow>
<dataflow id="158" from="_ssdm_op_BitConcatenate.i12.i4.i4.i4" to="p_s" fromId="157" toId="27">
</dataflow>
<dataflow id="159" from="ret_V_25" to="p_s" fromId="26" toId="27">
</dataflow>
<dataflow id="160" from="ret_V_23" to="p_s" fromId="23" toId="27">
</dataflow>
<dataflow id="161" from="ret_V_21" to="p_s" fromId="20" toId="27">
</dataflow>
<dataflow id="163" from="_ssdm_op_Write.ap_fifo.volatile.i12P0A" to="write_ln32" fromId="162" toId="28">
</dataflow>
<dataflow id="164" from="layer7_out" to="write_ln32" fromId="32" toId="28">
</dataflow>
<dataflow id="165" from="p_s" to="write_ln32" fromId="27" toId="28">
</dataflow>
</dataflows>


</stg>
