<stg><name>linear<array<ap_fixed,4u>,array<ap_int<4>,4u>,linear_config4></name>


<trans_list>

<trans id="37" from="1" to="2">
<condition id="-1">
<or_exp><and_exp></and_exp></or_exp>
</condition>
</trans>
</trans_list>



<state_list>

<state id="1" st_id="1">

<operation id="3" st_id="1" stage="1" lat="1">
<core>FIFO_SRL</core>
<MemPortIdVec></MemPortIdVec>
<condition id="-1">
<or_exp><and_exp></and_exp></or_exp>
</condition>

<Node id="5" bw="64" op_0_bw="64" op_1_bw="64">
<![CDATA[
entry_ifconv:2 %layer2_out_read = read i64 @_ssdm_op_Read.ap_fifo.volatile.i64P0A, i64 %layer2_out

]]></Node>
<StgValue><ssdm name="layer2_out_read"/></StgValue>
</operation>

<operation id="4" st_id="1" stage="1" lat="1">
<core>NULL</core>
<MemPortIdVec></MemPortIdVec>
<condition id="-1">
<or_exp><and_exp></and_exp></or_exp>
</condition>

<Node id="6" bw="4" op_0_bw="4" op_1_bw="64" op_2_bw="32" op_3_bw="32">
<![CDATA[
entry_ifconv:3 %trunc_ln = partselect i4 @_ssdm_op_PartSelect.i4.i64.i32.i32, i64 %layer2_out_read, i32 10, i32 13

]]></Node>
<StgValue><ssdm name="trunc_ln"/></StgValue>
</operation>

<operation id="5" st_id="1" stage="1" lat="1">
<core>NULL</core>
<MemPortIdVec></MemPortIdVec>
<condition id="-1">
<or_exp><and_exp></and_exp></or_exp>
</condition>

<Node id="8" bw="10" op_0_bw="64">
<![CDATA[
entry_ifconv:5 %trunc_ln1003 = trunc i64 %layer2_out_read

]]></Node>
<StgValue><ssdm name="trunc_ln1003"/></StgValue>
</operation>

<operation id="6" st_id="1" stage="1" lat="1">
<core>Cmp</core>
<MemPortIdVec></MemPortIdVec>
<condition id="-1">
<or_exp><and_exp></and_exp></or_exp>
</condition>

<Node id="9" bw="1" op_0_bw="10" op_1_bw="10">
<![CDATA[
entry_ifconv:6 %icmp_ln1003 = icmp_eq  i10 %trunc_ln1003, i10 0

]]></Node>
<StgValue><ssdm name="icmp_ln1003"/></StgValue>
</operation>

<operation id="7" st_id="1" stage="1" lat="1">
<core>Adder</core>
<MemPortIdVec></MemPortIdVec>
<condition id="-1">
<or_exp><and_exp></and_exp></or_exp>
</condition>

<Node id="10" bw="4" op_0_bw="4" op_1_bw="4">
<![CDATA[
entry_ifconv:7 %ret_V = add i4 %trunc_ln, i4 1

]]></Node>
<StgValue><ssdm name="ret_V"/></StgValue>
</operation>

<operation id="8" st_id="1" stage="1" lat="1">
<core>NULL</core>
<MemPortIdVec></MemPortIdVec>
<condition id="-1">
<or_exp><and_exp></and_exp></or_exp>
</condition>

<Node id="13" bw="4" op_0_bw="4" op_1_bw="64" op_2_bw="32" op_3_bw="32">
<![CDATA[
entry_ifconv:10 %trunc_ln983_1 = partselect i4 @_ssdm_op_PartSelect.i4.i64.i32.i32, i64 %layer2_out_read, i32 26, i32 29

]]></Node>
<StgValue><ssdm name="trunc_ln983_1"/></StgValue>
</operation>

<operation id="9" st_id="1" stage="1" lat="1">
<core>NULL</core>
<MemPortIdVec></MemPortIdVec>
<condition id="-1">
<or_exp><and_exp></and_exp></or_exp>
</condition>

<Node id="15" bw="10" op_0_bw="10" op_1_bw="64" op_2_bw="32" op_3_bw="32">
<![CDATA[
entry_ifconv:12 %tmp_s = partselect i10 @_ssdm_op_PartSelect.i10.i64.i32.i32, i64 %layer2_out_read, i32 16, i32 25

]]></Node>
<StgValue><ssdm name="tmp_s"/></StgValue>
</operation>

<operation id="10" st_id="1" stage="1" lat="1">
<core>Cmp</core>
<MemPortIdVec></MemPortIdVec>
<condition id="-1">
<or_exp><and_exp></and_exp></or_exp>
</condition>

<Node id="16" bw="1" op_0_bw="10" op_1_bw="10">
<![CDATA[
entry_ifconv:13 %icmp_ln1003_1 = icmp_eq  i10 %tmp_s, i10 0

]]></Node>
<StgValue><ssdm name="icmp_ln1003_1"/></StgValue>
</operation>

<operation id="11" st_id="1" stage="1" lat="1">
<core>Adder</core>
<MemPortIdVec></MemPortIdVec>
<condition id="-1">
<or_exp><and_exp></and_exp></or_exp>
</condition>

<Node id="17" bw="4" op_0_bw="4" op_1_bw="4">
<![CDATA[
entry_ifconv:14 %ret_V_15 = add i4 %trunc_ln983_1, i4 1

]]></Node>
<StgValue><ssdm name="ret_V_15"/></StgValue>
</operation>

<operation id="12" st_id="1" stage="1" lat="1">
<core>NULL</core>
<MemPortIdVec></MemPortIdVec>
<condition id="-1">
<or_exp><and_exp></and_exp></or_exp>
</condition>

<Node id="20" bw="4" op_0_bw="4" op_1_bw="64" op_2_bw="32" op_3_bw="32">
<![CDATA[
entry_ifconv:17 %trunc_ln983_2 = partselect i4 @_ssdm_op_PartSelect.i4.i64.i32.i32, i64 %layer2_out_read, i32 42, i32 45

]]></Node>
<StgValue><ssdm name="trunc_ln983_2"/></StgValue>
</operation>

<operation id="13" st_id="1" stage="1" lat="1">
<core>NULL</core>
<MemPortIdVec></MemPortIdVec>
<condition id="-1">
<or_exp><and_exp></and_exp></or_exp>
</condition>

<Node id="22" bw="10" op_0_bw="10" op_1_bw="64" op_2_bw="32" op_3_bw="32">
<![CDATA[
entry_ifconv:19 %tmp_2 = partselect i10 @_ssdm_op_PartSelect.i10.i64.i32.i32, i64 %layer2_out_read, i32 32, i32 41

]]></Node>
<StgValue><ssdm name="tmp_2"/></StgValue>
</operation>

<operation id="14" st_id="1" stage="1" lat="1">
<core>Cmp</core>
<MemPortIdVec></MemPortIdVec>
<condition id="-1">
<or_exp><and_exp></and_exp></or_exp>
</condition>

<Node id="23" bw="1" op_0_bw="10" op_1_bw="10">
<![CDATA[
entry_ifconv:20 %icmp_ln1003_2 = icmp_eq  i10 %tmp_2, i10 0

]]></Node>
<StgValue><ssdm name="icmp_ln1003_2"/></StgValue>
</operation>

<operation id="15" st_id="1" stage="1" lat="1">
<core>Adder</core>
<MemPortIdVec></MemPortIdVec>
<condition id="-1">
<or_exp><and_exp></and_exp></or_exp>
</condition>

<Node id="24" bw="4" op_0_bw="4" op_1_bw="4">
<![CDATA[
entry_ifconv:21 %ret_V_17 = add i4 %trunc_ln983_2, i4 1

]]></Node>
<StgValue><ssdm name="ret_V_17"/></StgValue>
</operation>

<operation id="16" st_id="1" stage="1" lat="1">
<core>NULL</core>
<MemPortIdVec></MemPortIdVec>
<condition id="-1">
<or_exp><and_exp></and_exp></or_exp>
</condition>

<Node id="27" bw="4" op_0_bw="4" op_1_bw="64" op_2_bw="32" op_3_bw="32">
<![CDATA[
entry_ifconv:24 %trunc_ln983_3 = partselect i4 @_ssdm_op_PartSelect.i4.i64.i32.i32, i64 %layer2_out_read, i32 58, i32 61

]]></Node>
<StgValue><ssdm name="trunc_ln983_3"/></StgValue>
</operation>

<operation id="17" st_id="1" stage="1" lat="1">
<core>NULL</core>
<MemPortIdVec></MemPortIdVec>
<condition id="-1">
<or_exp><and_exp></and_exp></or_exp>
</condition>

<Node id="29" bw="10" op_0_bw="10" op_1_bw="64" op_2_bw="32" op_3_bw="32">
<![CDATA[
entry_ifconv:26 %tmp_3 = partselect i10 @_ssdm_op_PartSelect.i10.i64.i32.i32, i64 %layer2_out_read, i32 48, i32 57

]]></Node>
<StgValue><ssdm name="tmp_3"/></StgValue>
</operation>

<operation id="18" st_id="1" stage="1" lat="1">
<core>Cmp</core>
<MemPortIdVec></MemPortIdVec>
<condition id="-1">
<or_exp><and_exp></and_exp></or_exp>
</condition>

<Node id="30" bw="1" op_0_bw="10" op_1_bw="10">
<![CDATA[
entry_ifconv:27 %icmp_ln1003_3 = icmp_eq  i10 %tmp_3, i10 0

]]></Node>
<StgValue><ssdm name="icmp_ln1003_3"/></StgValue>
</operation>

<operation id="19" st_id="1" stage="1" lat="1">
<core>Adder</core>
<MemPortIdVec></MemPortIdVec>
<condition id="-1">
<or_exp><and_exp></and_exp></or_exp>
</condition>

<Node id="31" bw="4" op_0_bw="4" op_1_bw="4">
<![CDATA[
entry_ifconv:28 %ret_V_19 = add i4 %trunc_ln983_3, i4 1

]]></Node>
<StgValue><ssdm name="ret_V_19"/></StgValue>
</operation>
</state>

<state id="2" st_id="2">

<operation id="20" st_id="2" stage="1" lat="1">
<core>NULL</core>
<MemPortIdVec></MemPortIdVec>
<condition id="-1">
<or_exp><and_exp></and_exp></or_exp>
</condition>

<Node id="3" bw="0" op_0_bw="0" op_1_bw="16" op_2_bw="0" op_3_bw="32" op_4_bw="32" op_5_bw="0" op_6_bw="32" op_7_bw="32" op_8_bw="0" op_9_bw="0" op_10_bw="0" op_11_bw="32" op_12_bw="32" op_13_bw="32" op_14_bw="32" op_15_bw="0" op_16_bw="0" op_17_bw="32" op_18_bw="32">
<![CDATA[
entry_ifconv:0 %specinterface_ln0 = specinterface void @_ssdm_op_SpecInterface, i16 %layer4_out, void @empty_14, i32 0, i32 0, void @empty_1, i32 0, i32 0, void @empty_1, void @empty_1, void @empty_1, i32 0, i32 0, i32 0, i32 0, void @empty_1, void @empty_1, i32 4294967295, i32 0

]]></Node>
<StgValue><ssdm name="specinterface_ln0"/></StgValue>
</operation>

<operation id="21" st_id="2" stage="1" lat="1">
<core>NULL</core>
<MemPortIdVec></MemPortIdVec>
<condition id="-1">
<or_exp><and_exp></and_exp></or_exp>
</condition>

<Node id="4" bw="0" op_0_bw="0" op_1_bw="64" op_2_bw="0" op_3_bw="32" op_4_bw="32" op_5_bw="0" op_6_bw="32" op_7_bw="32" op_8_bw="0" op_9_bw="0" op_10_bw="0" op_11_bw="32" op_12_bw="32" op_13_bw="32" op_14_bw="32" op_15_bw="0" op_16_bw="0" op_17_bw="32" op_18_bw="32">
<![CDATA[
entry_ifconv:1 %specinterface_ln0 = specinterface void @_ssdm_op_SpecInterface, i64 %layer2_out, void @empty_14, i32 0, i32 0, void @empty_1, i32 0, i32 0, void @empty_1, void @empty_1, void @empty_1, i32 0, i32 0, i32 0, i32 0, void @empty_1, void @empty_1, i32 4294967295, i32 0

]]></Node>
<StgValue><ssdm name="specinterface_ln0"/></StgValue>
</operation>

<operation id="22" st_id="2" stage="1" lat="1">
<core>NULL</core>
<MemPortIdVec></MemPortIdVec>
<condition id="-1">
<or_exp><and_exp></and_exp></or_exp>
</condition>

<Node id="7" bw="1" op_0_bw="1" op_1_bw="64" op_2_bw="32">
<![CDATA[
entry_ifconv:4 %p_Result_s = bitselect i1 @_ssdm_op_BitSelect.i1.i64.i32, i64 %layer2_out_read, i32 15

]]></Node>
<StgValue><ssdm name="p_Result_s"/></StgValue>
</operation>

<operation id="23" st_id="2" stage="1" lat="1">
<core>Sel</core>
<MemPortIdVec></MemPortIdVec>
<condition id="-1">
<or_exp><and_exp></and_exp></or_exp>
</condition>

<Node id="11" bw="4" op_0_bw="1" op_1_bw="4" op_2_bw="4">
<![CDATA[
entry_ifconv:8 %select_ln1002 = select i1 %icmp_ln1003, i4 %trunc_ln, i4 %ret_V

]]></Node>
<StgValue><ssdm name="select_ln1002"/></StgValue>
</operation>

<operation id="24" st_id="2" stage="1" lat="1">
<core>Sel</core>
<MemPortIdVec></MemPortIdVec>
<condition id="-1">
<or_exp><and_exp></and_exp></or_exp>
</condition>

<Node id="12" bw="4" op_0_bw="1" op_1_bw="4" op_2_bw="4">
<![CDATA[
entry_ifconv:9 %ret_V_14 = select i1 %p_Result_s, i4 %select_ln1002, i4 %trunc_ln

]]></Node>
<StgValue><ssdm name="ret_V_14"/></StgValue>
</operation>

<operation id="25" st_id="2" stage="1" lat="1">
<core>NULL</core>
<MemPortIdVec></MemPortIdVec>
<condition id="-1">
<or_exp><and_exp></and_exp></or_exp>
</condition>

<Node id="14" bw="1" op_0_bw="1" op_1_bw="64" op_2_bw="32">
<![CDATA[
entry_ifconv:11 %p_Result_77 = bitselect i1 @_ssdm_op_BitSelect.i1.i64.i32, i64 %layer2_out_read, i32 31

]]></Node>
<StgValue><ssdm name="p_Result_77"/></StgValue>
</operation>

<operation id="26" st_id="2" stage="1" lat="1">
<core>Sel</core>
<MemPortIdVec></MemPortIdVec>
<condition id="-1">
<or_exp><and_exp></and_exp></or_exp>
</condition>

<Node id="18" bw="4" op_0_bw="1" op_1_bw="4" op_2_bw="4">
<![CDATA[
entry_ifconv:15 %select_ln1002_1 = select i1 %icmp_ln1003_1, i4 %trunc_ln983_1, i4 %ret_V_15

]]></Node>
<StgValue><ssdm name="select_ln1002_1"/></StgValue>
</operation>

<operation id="27" st_id="2" stage="1" lat="1">
<core>Sel</core>
<MemPortIdVec></MemPortIdVec>
<condition id="-1">
<or_exp><and_exp></and_exp></or_exp>
</condition>

<Node id="19" bw="4" op_0_bw="1" op_1_bw="4" op_2_bw="4">
<![CDATA[
entry_ifconv:16 %ret_V_16 = select i1 %p_Result_77, i4 %select_ln1002_1, i4 %trunc_ln983_1

]]></Node>
<StgValue><ssdm name="ret_V_16"/></StgValue>
</operation>

<operation id="28" st_id="2" stage="1" lat="1">
<core>NULL</core>
<MemPortIdVec></MemPortIdVec>
<condition id="-1">
<or_exp><and_exp></and_exp></or_exp>
</condition>

<Node id="21" bw="1" op_0_bw="1" op_1_bw="64" op_2_bw="32">
<![CDATA[
entry_ifconv:18 %p_Result_78 = bitselect i1 @_ssdm_op_BitSelect.i1.i64.i32, i64 %layer2_out_read, i32 47

]]></Node>
<StgValue><ssdm name="p_Result_78"/></StgValue>
</operation>

<operation id="29" st_id="2" stage="1" lat="1">
<core>Sel</core>
<MemPortIdVec></MemPortIdVec>
<condition id="-1">
<or_exp><and_exp></and_exp></or_exp>
</condition>

<Node id="25" bw="4" op_0_bw="1" op_1_bw="4" op_2_bw="4">
<![CDATA[
entry_ifconv:22 %select_ln1002_2 = select i1 %icmp_ln1003_2, i4 %trunc_ln983_2, i4 %ret_V_17

]]></Node>
<StgValue><ssdm name="select_ln1002_2"/></StgValue>
</operation>

<operation id="30" st_id="2" stage="1" lat="1">
<core>Sel</core>
<MemPortIdVec></MemPortIdVec>
<condition id="-1">
<or_exp><and_exp></and_exp></or_exp>
</condition>

<Node id="26" bw="4" op_0_bw="1" op_1_bw="4" op_2_bw="4">
<![CDATA[
entry_ifconv:23 %ret_V_18 = select i1 %p_Result_78, i4 %select_ln1002_2, i4 %trunc_ln983_2

]]></Node>
<StgValue><ssdm name="ret_V_18"/></StgValue>
</operation>

<operation id="31" st_id="2" stage="1" lat="1">
<core>NULL</core>
<MemPortIdVec></MemPortIdVec>
<condition id="-1">
<or_exp><and_exp></and_exp></or_exp>
</condition>

<Node id="28" bw="1" op_0_bw="1" op_1_bw="64" op_2_bw="32">
<![CDATA[
entry_ifconv:25 %p_Result_79 = bitselect i1 @_ssdm_op_BitSelect.i1.i64.i32, i64 %layer2_out_read, i32 63

]]></Node>
<StgValue><ssdm name="p_Result_79"/></StgValue>
</operation>

<operation id="32" st_id="2" stage="1" lat="1">
<core>Sel</core>
<MemPortIdVec></MemPortIdVec>
<condition id="-1">
<or_exp><and_exp></and_exp></or_exp>
</condition>

<Node id="32" bw="4" op_0_bw="1" op_1_bw="4" op_2_bw="4">
<![CDATA[
entry_ifconv:29 %select_ln1002_3 = select i1 %icmp_ln1003_3, i4 %trunc_ln983_3, i4 %ret_V_19

]]></Node>
<StgValue><ssdm name="select_ln1002_3"/></StgValue>
</operation>

<operation id="33" st_id="2" stage="1" lat="1">
<core>Sel</core>
<MemPortIdVec></MemPortIdVec>
<condition id="-1">
<or_exp><and_exp></and_exp></or_exp>
</condition>

<Node id="33" bw="4" op_0_bw="1" op_1_bw="4" op_2_bw="4">
<![CDATA[
entry_ifconv:30 %ret_V_20 = select i1 %p_Result_79, i4 %select_ln1002_3, i4 %trunc_ln983_3

]]></Node>
<StgValue><ssdm name="ret_V_20"/></StgValue>
</operation>

<operation id="34" st_id="2" stage="1" lat="1">
<core>NULL</core>
<MemPortIdVec></MemPortIdVec>
<condition id="-1">
<or_exp><and_exp></and_exp></or_exp>
</condition>

<Node id="34" bw="16" op_0_bw="16" op_1_bw="4" op_2_bw="4" op_3_bw="4" op_4_bw="4">
<![CDATA[
entry_ifconv:31 %p_s = bitconcatenate i16 @_ssdm_op_BitConcatenate.i16.i4.i4.i4.i4, i4 %ret_V_20, i4 %ret_V_18, i4 %ret_V_16, i4 %ret_V_14

]]></Node>
<StgValue><ssdm name="p_s"/></StgValue>
</operation>

<operation id="35" st_id="2" stage="1" lat="1">
<core>FIFO_SRL</core>
<MemPortIdVec></MemPortIdVec>
<condition id="-1">
<or_exp><and_exp></and_exp></or_exp>
</condition>

<Node id="35" bw="0" op_0_bw="0" op_1_bw="16" op_2_bw="16">
<![CDATA[
entry_ifconv:32 %write_ln32 = write void @_ssdm_op_Write.ap_fifo.volatile.i16P0A, i16 %layer4_out, i16 %p_s

]]></Node>
<StgValue><ssdm name="write_ln32"/></StgValue>
</operation>

<operation id="36" st_id="2" stage="1" lat="1">
<core>NULL</core>
<MemPortIdVec></MemPortIdVec>
<condition id="-1">
<or_exp><and_exp></and_exp></or_exp>
</condition>

<Node id="36" bw="0">
<![CDATA[
entry_ifconv:33 %ret_ln34 = ret

]]></Node>
<StgValue><ssdm name="ret_ln34"/></StgValue>
</operation>
</state>
</state_list>


<ports>
</ports>


<dataflows>
</dataflows>


</stg>
