<stg><name>linear<array<ap_fixed,4u>,array<ap_int<4>,4u>,linear_config4></name>


<trans_list>

<trans id="37" from="1" to="2">
<condition id="-1">
<or_exp><and_exp></and_exp></or_exp>
</condition>
</trans>
</trans_list>



<state_list>

<state id="1" st_id="1">

<operation id="3" st_id="1" stage="1" lat="1">
<core>FIFO_SRL</core>
<MemPortIdVec></MemPortIdVec>
<condition id="-1">
<or_exp><and_exp></and_exp></or_exp>
</condition>

<Node id="5" bw="64" op_0_bw="64" op_1_bw="64">
<![CDATA[
entry_ifconv:2 %layer2_out_read = read i64 @_ssdm_op_Read.ap_fifo.volatile.i64P0A, i64 %layer2_out

]]></Node>
<StgValue><ssdm name="layer2_out_read"/></StgValue>
</operation>

<operation id="4" st_id="1" stage="1" lat="1">
<core>NULL</core>
<MemPortIdVec></MemPortIdVec>
<condition id="-1">
<or_exp><and_exp></and_exp></or_exp>
</condition>

<Node id="6" bw="4" op_0_bw="4" op_1_bw="64" op_2_bw="32" op_3_bw="32">
<![CDATA[
entry_ifconv:3 %trunc_ln = partselect i4 @_ssdm_op_PartSelect.i4.i64.i32.i32, i64 %layer2_out_read, i32 10, i32 13

]]></Node>
<StgValue><ssdm name="trunc_ln"/></StgValue>
</operation>

<operation id="5" st_id="1" stage="1" lat="1">
<core>NULL</core>
<MemPortIdVec></MemPortIdVec>
<condition id="-1">
<or_exp><and_exp></and_exp></or_exp>
</condition>

<Node id="8" bw="10" op_0_bw="64">
<![CDATA[
entry_ifconv:5 %trunc_ln1003 = trunc i64 %layer2_out_read

]]></Node>
<StgValue><ssdm name="trunc_ln1003"/></StgValue>
</operation>

<operation id="6" st_id="1" stage="1" lat="1">
<core>Cmp</core>
<MemPortIdVec></MemPortIdVec>
<condition id="-1">
<or_exp><and_exp></and_exp></or_exp>
</condition>

<Node id="9" bw="1" op_0_bw="10" op_1_bw="10">
<![CDATA[
entry_ifconv:6 %icmp_ln1003 = icmp_eq  i10 %trunc_ln1003, i10 0

]]></Node>
<StgValue><ssdm name="icmp_ln1003"/></StgValue>
</operation>

<operation id="7" st_id="1" stage="1" lat="1">
<core>Adder</core>
<MemPortIdVec></MemPortIdVec>
<condition id="-1">
<or_exp><and_exp></and_exp></or_exp>
</condition>

<Node id="10" bw="4" op_0_bw="4" op_1_bw="4">
<![CDATA[
entry_ifconv:7 %ret_V = add i4 %trunc_ln, i4 1

]]></Node>
<StgValue><ssdm name="ret_V"/></StgValue>
</operation>

<operation id="8" st_id="1" stage="1" lat="1">
<core>NULL</core>
<MemPortIdVec></MemPortIdVec>
<condition id="-1">
<or_exp><and_exp></and_exp></or_exp>
</condition>

<Node id="13" bw="4" op_0_bw="4" op_1_bw="64" op_2_bw="32" op_3_bw="32">
<![CDATA[
entry_ifconv:10 %trunc_ln983_1 = partselect i4 @_ssdm_op_PartSelect.i4.i64.i32.i32, i64 %layer2_out_read, i32 26, i32 29

]]></Node>
<StgValue><ssdm name="trunc_ln983_1"/></StgValue>
</operation>

<operation id="9" st_id="1" stage="1" lat="1">
<core>NULL</core>
<MemPortIdVec></MemPortIdVec>
<condition id="-1">
<or_exp><and_exp></and_exp></or_exp>
</condition>

<Node id="15" bw="10" op_0_bw="10" op_1_bw="64" op_2_bw="32" op_3_bw="32">
<![CDATA[
entry_ifconv:12 %tmp_s = partselect i10 @_ssdm_op_PartSelect.i10.i64.i32.i32, i64 %layer2_out_read, i32 16, i32 25

]]></Node>
<StgValue><ssdm name="tmp_s"/></StgValue>
</operation>

<operation id="10" st_id="1" stage="1" lat="1">
<core>Cmp</core>
<MemPortIdVec></MemPortIdVec>
<condition id="-1">
<or_exp><and_exp></and_exp></or_exp>
</condition>

<Node id="16" bw="1" op_0_bw="10" op_1_bw="10">
<![CDATA[
entry_ifconv:13 %icmp_ln1003_1 = icmp_eq  i10 %tmp_s, i10 0

]]></Node>
<StgValue><ssdm name="icmp_ln1003_1"/></StgValue>
</operation>

<operation id="11" st_id="1" stage="1" lat="1">
<core>Adder</core>
<MemPortIdVec></MemPortIdVec>
<condition id="-1">
<or_exp><and_exp></and_exp></or_exp>
</condition>

<Node id="17" bw="4" op_0_bw="4" op_1_bw="4">
<![CDATA[
entry_ifconv:14 %ret_V_15 = add i4 %trunc_ln983_1, i4 1

]]></Node>
<StgValue><ssdm name="ret_V_15"/></StgValue>
</operation>

<operation id="12" st_id="1" stage="1" lat="1">
<core>NULL</core>
<MemPortIdVec></MemPortIdVec>
<condition id="-1">
<or_exp><and_exp></and_exp></or_exp>
</condition>

<Node id="20" bw="4" op_0_bw="4" op_1_bw="64" op_2_bw="32" op_3_bw="32">
<![CDATA[
entry_ifconv:17 %trunc_ln983_2 = partselect i4 @_ssdm_op_PartSelect.i4.i64.i32.i32, i64 %layer2_out_read, i32 42, i32 45

]]></Node>
<StgValue><ssdm name="trunc_ln983_2"/></StgValue>
</operation>

<operation id="13" st_id="1" stage="1" lat="1">
<core>NULL</core>
<MemPortIdVec></MemPortIdVec>
<condition id="-1">
<or_exp><and_exp></and_exp></or_exp>
</condition>

<Node id="22" bw="10" op_0_bw="10" op_1_bw="64" op_2_bw="32" op_3_bw="32">
<![CDATA[
entry_ifconv:19 %tmp_2 = partselect i10 @_ssdm_op_PartSelect.i10.i64.i32.i32, i64 %layer2_out_read, i32 32, i32 41

]]></Node>
<StgValue><ssdm name="tmp_2"/></StgValue>
</operation>

<operation id="14" st_id="1" stage="1" lat="1">
<core>Cmp</core>
<MemPortIdVec></MemPortIdVec>
<condition id="-1">
<or_exp><and_exp></and_exp></or_exp>
</condition>

<Node id="23" bw="1" op_0_bw="10" op_1_bw="10">
<![CDATA[
entry_ifconv:20 %icmp_ln1003_2 = icmp_eq  i10 %tmp_2, i10 0

]]></Node>
<StgValue><ssdm name="icmp_ln1003_2"/></StgValue>
</operation>

<operation id="15" st_id="1" stage="1" lat="1">
<core>Adder</core>
<MemPortIdVec></MemPortIdVec>
<condition id="-1">
<or_exp><and_exp></and_exp></or_exp>
</condition>

<Node id="24" bw="4" op_0_bw="4" op_1_bw="4">
<![CDATA[
entry_ifconv:21 %ret_V_17 = add i4 %trunc_ln983_2, i4 1

]]></Node>
<StgValue><ssdm name="ret_V_17"/></StgValue>
</operation>

<operation id="16" st_id="1" stage="1" lat="1">
<core>NULL</core>
<MemPortIdVec></MemPortIdVec>
<condition id="-1">
<or_exp><and_exp></and_exp></or_exp>
</condition>

<Node id="27" bw="4" op_0_bw="4" op_1_bw="64" op_2_bw="32" op_3_bw="32">
<![CDATA[
entry_ifconv:24 %trunc_ln983_3 = partselect i4 @_ssdm_op_PartSelect.i4.i64.i32.i32, i64 %layer2_out_read, i32 58, i32 61

]]></Node>
<StgValue><ssdm name="trunc_ln983_3"/></StgValue>
</operation>

<operation id="17" st_id="1" stage="1" lat="1">
<core>NULL</core>
<MemPortIdVec></MemPortIdVec>
<condition id="-1">
<or_exp><and_exp></and_exp></or_exp>
</condition>

<Node id="29" bw="10" op_0_bw="10" op_1_bw="64" op_2_bw="32" op_3_bw="32">
<![CDATA[
entry_ifconv:26 %tmp_3 = partselect i10 @_ssdm_op_PartSelect.i10.i64.i32.i32, i64 %layer2_out_read, i32 48, i32 57

]]></Node>
<StgValue><ssdm name="tmp_3"/></StgValue>
</operation>

<operation id="18" st_id="1" stage="1" lat="1">
<core>Cmp</core>
<MemPortIdVec></MemPortIdVec>
<condition id="-1">
<or_exp><and_exp></and_exp></or_exp>
</condition>

<Node id="30" bw="1" op_0_bw="10" op_1_bw="10">
<![CDATA[
entry_ifconv:27 %icmp_ln1003_3 = icmp_eq  i10 %tmp_3, i10 0

]]></Node>
<StgValue><ssdm name="icmp_ln1003_3"/></StgValue>
</operation>

<operation id="19" st_id="1" stage="1" lat="1">
<core>Adder</core>
<MemPortIdVec></MemPortIdVec>
<condition id="-1">
<or_exp><and_exp></and_exp></or_exp>
</condition>

<Node id="31" bw="4" op_0_bw="4" op_1_bw="4">
<![CDATA[
entry_ifconv:28 %ret_V_19 = add i4 %trunc_ln983_3, i4 1

]]></Node>
<StgValue><ssdm name="ret_V_19"/></StgValue>
</operation>
</state>

<state id="2" st_id="2">

<operation id="20" st_id="2" stage="1" lat="1">
<core>NULL</core>
<MemPortIdVec></MemPortIdVec>
<condition id="-1">
<or_exp><and_exp></and_exp></or_exp>
</condition>

<Node id="3" bw="0" op_0_bw="0" op_1_bw="16" op_2_bw="0" op_3_bw="32" op_4_bw="32" op_5_bw="0" op_6_bw="32" op_7_bw="32" op_8_bw="0" op_9_bw="0" op_10_bw="0" op_11_bw="32" op_12_bw="32" op_13_bw="32" op_14_bw="32" op_15_bw="0" op_16_bw="0" op_17_bw="32" op_18_bw="32">
<![CDATA[
entry_ifconv:0 %specinterface_ln0 = specinterface void @_ssdm_op_SpecInterface, i16 %layer4_out, void @empty_14, i32 0, i32 0, void @empty_1, i32 0, i32 0, void @empty_1, void @empty_1, void @empty_1, i32 0, i32 0, i32 0, i32 0, void @empty_1, void @empty_1, i32 4294967295, i32 0

]]></Node>
<StgValue><ssdm name="specinterface_ln0"/></StgValue>
</operation>

<operation id="21" st_id="2" stage="1" lat="1">
<core>NULL</core>
<MemPortIdVec></MemPortIdVec>
<condition id="-1">
<or_exp><and_exp></and_exp></or_exp>
</condition>

<Node id="4" bw="0" op_0_bw="0" op_1_bw="64" op_2_bw="0" op_3_bw="32" op_4_bw="32" op_5_bw="0" op_6_bw="32" op_7_bw="32" op_8_bw="0" op_9_bw="0" op_10_bw="0" op_11_bw="32" op_12_bw="32" op_13_bw="32" op_14_bw="32" op_15_bw="0" op_16_bw="0" op_17_bw="32" op_18_bw="32">
<![CDATA[
entry_ifconv:1 %specinterface_ln0 = specinterface void @_ssdm_op_SpecInterface, i64 %layer2_out, void @empty_14, i32 0, i32 0, void @empty_1, i32 0, i32 0, void @empty_1, void @empty_1, void @empty_1, i32 0, i32 0, i32 0, i32 0, void @empty_1, void @empty_1, i32 4294967295, i32 0

]]></Node>
<StgValue><ssdm name="specinterface_ln0"/></StgValue>
</operation>

<operation id="22" st_id="2" stage="1" lat="1">
<core>NULL</core>
<MemPortIdVec></MemPortIdVec>
<condition id="-1">
<or_exp><and_exp></and_exp></or_exp>
</condition>

<Node id="7" bw="1" op_0_bw="1" op_1_bw="64" op_2_bw="32">
<![CDATA[
entry_ifconv:4 %p_Result_s = bitselect i1 @_ssdm_op_BitSelect.i1.i64.i32, i64 %layer2_out_read, i32 15

]]></Node>
<StgValue><ssdm name="p_Result_s"/></StgValue>
</operation>

<operation id="23" st_id="2" stage="1" lat="1">
<core>Sel</core>
<MemPortIdVec></MemPortIdVec>
<condition id="-1">
<or_exp><and_exp></and_exp></or_exp>
</condition>

<Node id="11" bw="4" op_0_bw="1" op_1_bw="4" op_2_bw="4">
<![CDATA[
entry_ifconv:8 %select_ln1002 = select i1 %icmp_ln1003, i4 %trunc_ln, i4 %ret_V

]]></Node>
<StgValue><ssdm name="select_ln1002"/></StgValue>
</operation>

<operation id="24" st_id="2" stage="1" lat="1">
<core>Sel</core>
<MemPortIdVec></MemPortIdVec>
<condition id="-1">
<or_exp><and_exp></and_exp></or_exp>
</condition>

<Node id="12" bw="4" op_0_bw="1" op_1_bw="4" op_2_bw="4">
<![CDATA[
entry_ifconv:9 %ret_V_14 = select i1 %p_Result_s, i4 %select_ln1002, i4 %trunc_ln

]]></Node>
<StgValue><ssdm name="ret_V_14"/></StgValue>
</operation>

<operation id="25" st_id="2" stage="1" lat="1">
<core>NULL</core>
<MemPortIdVec></MemPortIdVec>
<condition id="-1">
<or_exp><and_exp></and_exp></or_exp>
</condition>

<Node id="14" bw="1" op_0_bw="1" op_1_bw="64" op_2_bw="32">
<![CDATA[
entry_ifconv:11 %p_Result_77 = bitselect i1 @_ssdm_op_BitSelect.i1.i64.i32, i64 %layer2_out_read, i32 31

]]></Node>
<StgValue><ssdm name="p_Result_77"/></StgValue>
</operation>

<operation id="26" st_id="2" stage="1" lat="1">
<core>Sel</core>
<MemPortIdVec></MemPortIdVec>
<condition id="-1">
<or_exp><and_exp></and_exp></or_exp>
</condition>

<Node id="18" bw="4" op_0_bw="1" op_1_bw="4" op_2_bw="4">
<![CDATA[
entry_ifconv:15 %select_ln1002_1 = select i1 %icmp_ln1003_1, i4 %trunc_ln983_1, i4 %ret_V_15

]]></Node>
<StgValue><ssdm name="select_ln1002_1"/></StgValue>
</operation>

<operation id="27" st_id="2" stage="1" lat="1">
<core>Sel</core>
<MemPortIdVec></MemPortIdVec>
<condition id="-1">
<or_exp><and_exp></and_exp></or_exp>
</condition>

<Node id="19" bw="4" op_0_bw="1" op_1_bw="4" op_2_bw="4">
<![CDATA[
entry_ifconv:16 %ret_V_16 = select i1 %p_Result_77, i4 %select_ln1002_1, i4 %trunc_ln983_1

]]></Node>
<StgValue><ssdm name="ret_V_16"/></StgValue>
</operation>

<operation id="28" st_id="2" stage="1" lat="1">
<core>NULL</core>
<MemPortIdVec></MemPortIdVec>
<condition id="-1">
<or_exp><and_exp></and_exp></or_exp>
</condition>

<Node id="21" bw="1" op_0_bw="1" op_1_bw="64" op_2_bw="32">
<![CDATA[
entry_ifconv:18 %p_Result_78 = bitselect i1 @_ssdm_op_BitSelect.i1.i64.i32, i64 %layer2_out_read, i32 47

]]></Node>
<StgValue><ssdm name="p_Result_78"/></StgValue>
</operation>

<operation id="29" st_id="2" stage="1" lat="1">
<core>Sel</core>
<MemPortIdVec></MemPortIdVec>
<condition id="-1">
<or_exp><and_exp></and_exp></or_exp>
</condition>

<Node id="25" bw="4" op_0_bw="1" op_1_bw="4" op_2_bw="4">
<![CDATA[
entry_ifconv:22 %select_ln1002_2 = select i1 %icmp_ln1003_2, i4 %trunc_ln983_2, i4 %ret_V_17

]]></Node>
<StgValue><ssdm name="select_ln1002_2"/></StgValue>
</operation>

<operation id="30" st_id="2" stage="1" lat="1">
<core>Sel</core>
<MemPortIdVec></MemPortIdVec>
<condition id="-1">
<or_exp><and_exp></and_exp></or_exp>
</condition>

<Node id="26" bw="4" op_0_bw="1" op_1_bw="4" op_2_bw="4">
<![CDATA[
entry_ifconv:23 %ret_V_18 = select i1 %p_Result_78, i4 %select_ln1002_2, i4 %trunc_ln983_2

]]></Node>
<StgValue><ssdm name="ret_V_18"/></StgValue>
</operation>

<operation id="31" st_id="2" stage="1" lat="1">
<core>NULL</core>
<MemPortIdVec></MemPortIdVec>
<condition id="-1">
<or_exp><and_exp></and_exp></or_exp>
</condition>

<Node id="28" bw="1" op_0_bw="1" op_1_bw="64" op_2_bw="32">
<![CDATA[
entry_ifconv:25 %p_Result_79 = bitselect i1 @_ssdm_op_BitSelect.i1.i64.i32, i64 %layer2_out_read, i32 63

]]></Node>
<StgValue><ssdm name="p_Result_79"/></StgValue>
</operation>

<operation id="32" st_id="2" stage="1" lat="1">
<core>Sel</core>
<MemPortIdVec></MemPortIdVec>
<condition id="-1">
<or_exp><and_exp></and_exp></or_exp>
</condition>

<Node id="32" bw="4" op_0_bw="1" op_1_bw="4" op_2_bw="4">
<![CDATA[
entry_ifconv:29 %select_ln1002_3 = select i1 %icmp_ln1003_3, i4 %trunc_ln983_3, i4 %ret_V_19

]]></Node>
<StgValue><ssdm name="select_ln1002_3"/></StgValue>
</operation>

<operation id="33" st_id="2" stage="1" lat="1">
<core>Sel</core>
<MemPortIdVec></MemPortIdVec>
<condition id="-1">
<or_exp><and_exp></and_exp></or_exp>
</condition>

<Node id="33" bw="4" op_0_bw="1" op_1_bw="4" op_2_bw="4">
<![CDATA[
entry_ifconv:30 %ret_V_20 = select i1 %p_Result_79, i4 %select_ln1002_3, i4 %trunc_ln983_3

]]></Node>
<StgValue><ssdm name="ret_V_20"/></StgValue>
</operation>

<operation id="34" st_id="2" stage="1" lat="1">
<core>NULL</core>
<MemPortIdVec></MemPortIdVec>
<condition id="-1">
<or_exp><and_exp></and_exp></or_exp>
</condition>

<Node id="34" bw="16" op_0_bw="16" op_1_bw="4" op_2_bw="4" op_3_bw="4" op_4_bw="4">
<![CDATA[
entry_ifconv:31 %p_s = bitconcatenate i16 @_ssdm_op_BitConcatenate.i16.i4.i4.i4.i4, i4 %ret_V_20, i4 %ret_V_18, i4 %ret_V_16, i4 %ret_V_14

]]></Node>
<StgValue><ssdm name="p_s"/></StgValue>
</operation>

<operation id="35" st_id="2" stage="1" lat="1">
<core>FIFO_SRL</core>
<MemPortIdVec></MemPortIdVec>
<condition id="-1">
<or_exp><and_exp></and_exp></or_exp>
</condition>

<Node id="35" bw="0" op_0_bw="0" op_1_bw="16" op_2_bw="16">
<![CDATA[
entry_ifconv:32 %write_ln32 = write void @_ssdm_op_Write.ap_fifo.volatile.i16P0A, i16 %layer4_out, i16 %p_s

]]></Node>
<StgValue><ssdm name="write_ln32"/></StgValue>
</operation>

<operation id="36" st_id="2" stage="1" lat="1">
<core>NULL</core>
<MemPortIdVec></MemPortIdVec>
<condition id="-1">
<or_exp><and_exp></and_exp></or_exp>
</condition>

<Node id="36" bw="0">
<![CDATA[
entry_ifconv:33 %ret_ln34 = ret

]]></Node>
<StgValue><ssdm name="ret_ln34"/></StgValue>
</operation>
</state>
</state_list>


<ports>
<port id="38" name="layer2_out" dir="0" iftype="3">
<core>FIFO_SRL</core><StgValue><ssdm name="layer2_out"/></StgValue>
</port>
<port id="39" name="layer4_out" dir="1" iftype="3">
<core>FIFO_SRL</core><StgValue><ssdm name="layer4_out"/></StgValue>
</port>
</ports>


<dataflows>
<dataflow id="41" from="_ssdm_op_Read.ap_fifo.volatile.i64P0A" to="layer2_out_read" fromId="40" toId="3">
</dataflow>
<dataflow id="42" from="layer2_out" to="layer2_out_read" fromId="38" toId="3">
</dataflow>
<dataflow id="44" from="_ssdm_op_PartSelect.i4.i64.i32.i32" to="trunc_ln" fromId="43" toId="4">
</dataflow>
<dataflow id="45" from="layer2_out_read" to="trunc_ln" fromId="3" toId="4">
</dataflow>
<dataflow id="47" from="StgValue_46" to="trunc_ln" fromId="46" toId="4">
</dataflow>
<dataflow id="49" from="StgValue_48" to="trunc_ln" fromId="48" toId="4">
</dataflow>
<dataflow id="50" from="layer2_out_read" to="trunc_ln1003" fromId="3" toId="5">
</dataflow>
<dataflow id="51" from="trunc_ln1003" to="icmp_ln1003" fromId="5" toId="6">
</dataflow>
<dataflow id="53" from="StgValue_52" to="icmp_ln1003" fromId="52" toId="6">
</dataflow>
<dataflow id="54" from="trunc_ln" to="ret_V" fromId="4" toId="7">
</dataflow>
<dataflow id="56" from="StgValue_55" to="ret_V" fromId="55" toId="7">
</dataflow>
<dataflow id="57" from="_ssdm_op_PartSelect.i4.i64.i32.i32" to="trunc_ln983_1" fromId="43" toId="8">
</dataflow>
<dataflow id="58" from="layer2_out_read" to="trunc_ln983_1" fromId="3" toId="8">
</dataflow>
<dataflow id="60" from="StgValue_59" to="trunc_ln983_1" fromId="59" toId="8">
</dataflow>
<dataflow id="62" from="StgValue_61" to="trunc_ln983_1" fromId="61" toId="8">
</dataflow>
<dataflow id="64" from="_ssdm_op_PartSelect.i10.i64.i32.i32" to="tmp_s" fromId="63" toId="9">
</dataflow>
<dataflow id="65" from="layer2_out_read" to="tmp_s" fromId="3" toId="9">
</dataflow>
<dataflow id="67" from="StgValue_66" to="tmp_s" fromId="66" toId="9">
</dataflow>
<dataflow id="69" from="StgValue_68" to="tmp_s" fromId="68" toId="9">
</dataflow>
<dataflow id="70" from="tmp_s" to="icmp_ln1003_1" fromId="9" toId="10">
</dataflow>
<dataflow id="71" from="StgValue_52" to="icmp_ln1003_1" fromId="52" toId="10">
</dataflow>
<dataflow id="72" from="trunc_ln983_1" to="ret_V_15" fromId="8" toId="11">
</dataflow>
<dataflow id="73" from="StgValue_55" to="ret_V_15" fromId="55" toId="11">
</dataflow>
<dataflow id="74" from="_ssdm_op_PartSelect.i4.i64.i32.i32" to="trunc_ln983_2" fromId="43" toId="12">
</dataflow>
<dataflow id="75" from="layer2_out_read" to="trunc_ln983_2" fromId="3" toId="12">
</dataflow>
<dataflow id="77" from="StgValue_76" to="trunc_ln983_2" fromId="76" toId="12">
</dataflow>
<dataflow id="79" from="StgValue_78" to="trunc_ln983_2" fromId="78" toId="12">
</dataflow>
<dataflow id="80" from="_ssdm_op_PartSelect.i10.i64.i32.i32" to="tmp_2" fromId="63" toId="13">
</dataflow>
<dataflow id="81" from="layer2_out_read" to="tmp_2" fromId="3" toId="13">
</dataflow>
<dataflow id="83" from="StgValue_82" to="tmp_2" fromId="82" toId="13">
</dataflow>
<dataflow id="85" from="StgValue_84" to="tmp_2" fromId="84" toId="13">
</dataflow>
<dataflow id="86" from="tmp_2" to="icmp_ln1003_2" fromId="13" toId="14">
</dataflow>
<dataflow id="87" from="StgValue_52" to="icmp_ln1003_2" fromId="52" toId="14">
</dataflow>
<dataflow id="88" from="trunc_ln983_2" to="ret_V_17" fromId="12" toId="15">
</dataflow>
<dataflow id="89" from="StgValue_55" to="ret_V_17" fromId="55" toId="15">
</dataflow>
<dataflow id="90" from="_ssdm_op_PartSelect.i4.i64.i32.i32" to="trunc_ln983_3" fromId="43" toId="16">
</dataflow>
<dataflow id="91" from="layer2_out_read" to="trunc_ln983_3" fromId="3" toId="16">
</dataflow>
<dataflow id="93" from="StgValue_92" to="trunc_ln983_3" fromId="92" toId="16">
</dataflow>
<dataflow id="95" from="StgValue_94" to="trunc_ln983_3" fromId="94" toId="16">
</dataflow>
<dataflow id="96" from="_ssdm_op_PartSelect.i10.i64.i32.i32" to="tmp_3" fromId="63" toId="17">
</dataflow>
<dataflow id="97" from="layer2_out_read" to="tmp_3" fromId="3" toId="17">
</dataflow>
<dataflow id="99" from="StgValue_98" to="tmp_3" fromId="98" toId="17">
</dataflow>
<dataflow id="101" from="StgValue_100" to="tmp_3" fromId="100" toId="17">
</dataflow>
<dataflow id="102" from="tmp_3" to="icmp_ln1003_3" fromId="17" toId="18">
</dataflow>
<dataflow id="103" from="StgValue_52" to="icmp_ln1003_3" fromId="52" toId="18">
</dataflow>
<dataflow id="104" from="trunc_ln983_3" to="ret_V_19" fromId="16" toId="19">
</dataflow>
<dataflow id="105" from="StgValue_55" to="ret_V_19" fromId="55" toId="19">
</dataflow>
<dataflow id="107" from="_ssdm_op_SpecInterface" to="specinterface_ln0" fromId="106" toId="20">
</dataflow>
<dataflow id="108" from="layer4_out" to="specinterface_ln0" fromId="39" toId="20">
</dataflow>
<dataflow id="110" from="empty_14" to="specinterface_ln0" fromId="109" toId="20">
</dataflow>
<dataflow id="112" from="StgValue_111" to="specinterface_ln0" fromId="111" toId="20">
</dataflow>
<dataflow id="113" from="StgValue_111" to="specinterface_ln0" fromId="111" toId="20">
</dataflow>
<dataflow id="115" from="empty_1" to="specinterface_ln0" fromId="114" toId="20">
</dataflow>
<dataflow id="116" from="StgValue_111" to="specinterface_ln0" fromId="111" toId="20">
</dataflow>
<dataflow id="117" from="StgValue_111" to="specinterface_ln0" fromId="111" toId="20">
</dataflow>
<dataflow id="118" from="empty_1" to="specinterface_ln0" fromId="114" toId="20">
</dataflow>
<dataflow id="119" from="empty_1" to="specinterface_ln0" fromId="114" toId="20">
</dataflow>
<dataflow id="120" from="empty_1" to="specinterface_ln0" fromId="114" toId="20">
</dataflow>
<dataflow id="121" from="StgValue_111" to="specinterface_ln0" fromId="111" toId="20">
</dataflow>
<dataflow id="122" from="StgValue_111" to="specinterface_ln0" fromId="111" toId="20">
</dataflow>
<dataflow id="123" from="StgValue_111" to="specinterface_ln0" fromId="111" toId="20">
</dataflow>
<dataflow id="124" from="StgValue_111" to="specinterface_ln0" fromId="111" toId="20">
</dataflow>
<dataflow id="125" from="empty_1" to="specinterface_ln0" fromId="114" toId="20">
</dataflow>
<dataflow id="126" from="empty_1" to="specinterface_ln0" fromId="114" toId="20">
</dataflow>
<dataflow id="128" from="StgValue_127" to="specinterface_ln0" fromId="127" toId="20">
</dataflow>
<dataflow id="129" from="StgValue_111" to="specinterface_ln0" fromId="111" toId="20">
</dataflow>
<dataflow id="130" from="_ssdm_op_SpecInterface" to="specinterface_ln0" fromId="106" toId="21">
</dataflow>
<dataflow id="131" from="layer2_out" to="specinterface_ln0" fromId="38" toId="21">
</dataflow>
<dataflow id="132" from="empty_14" to="specinterface_ln0" fromId="109" toId="21">
</dataflow>
<dataflow id="133" from="StgValue_111" to="specinterface_ln0" fromId="111" toId="21">
</dataflow>
<dataflow id="134" from="StgValue_111" to="specinterface_ln0" fromId="111" toId="21">
</dataflow>
<dataflow id="135" from="empty_1" to="specinterface_ln0" fromId="114" toId="21">
</dataflow>
<dataflow id="136" from="StgValue_111" to="specinterface_ln0" fromId="111" toId="21">
</dataflow>
<dataflow id="137" from="StgValue_111" to="specinterface_ln0" fromId="111" toId="21">
</dataflow>
<dataflow id="138" from="empty_1" to="specinterface_ln0" fromId="114" toId="21">
</dataflow>
<dataflow id="139" from="empty_1" to="specinterface_ln0" fromId="114" toId="21">
</dataflow>
<dataflow id="140" from="empty_1" to="specinterface_ln0" fromId="114" toId="21">
</dataflow>
<dataflow id="141" from="StgValue_111" to="specinterface_ln0" fromId="111" toId="21">
</dataflow>
<dataflow id="142" from="StgValue_111" to="specinterface_ln0" fromId="111" toId="21">
</dataflow>
<dataflow id="143" from="StgValue_111" to="specinterface_ln0" fromId="111" toId="21">
</dataflow>
<dataflow id="144" from="StgValue_111" to="specinterface_ln0" fromId="111" toId="21">
</dataflow>
<dataflow id="145" from="empty_1" to="specinterface_ln0" fromId="114" toId="21">
</dataflow>
<dataflow id="146" from="empty_1" to="specinterface_ln0" fromId="114" toId="21">
</dataflow>
<dataflow id="147" from="StgValue_127" to="specinterface_ln0" fromId="127" toId="21">
</dataflow>
<dataflow id="148" from="StgValue_111" to="specinterface_ln0" fromId="111" toId="21">
</dataflow>
<dataflow id="150" from="_ssdm_op_BitSelect.i1.i64.i32" to="p_Result_s" fromId="149" toId="22">
</dataflow>
<dataflow id="151" from="layer2_out_read" to="p_Result_s" fromId="3" toId="22">
</dataflow>
<dataflow id="153" from="StgValue_152" to="p_Result_s" fromId="152" toId="22">
</dataflow>
<dataflow id="154" from="icmp_ln1003" to="select_ln1002" fromId="6" toId="23">
</dataflow>
<dataflow id="155" from="trunc_ln" to="select_ln1002" fromId="4" toId="23">
</dataflow>
<dataflow id="156" from="ret_V" to="select_ln1002" fromId="7" toId="23">
</dataflow>
<dataflow id="157" from="p_Result_s" to="ret_V_14" fromId="22" toId="24">
</dataflow>
<dataflow id="158" from="select_ln1002" to="ret_V_14" fromId="23" toId="24">
</dataflow>
<dataflow id="159" from="trunc_ln" to="ret_V_14" fromId="4" toId="24">
</dataflow>
<dataflow id="160" from="_ssdm_op_BitSelect.i1.i64.i32" to="p_Result_77" fromId="149" toId="25">
</dataflow>
<dataflow id="161" from="layer2_out_read" to="p_Result_77" fromId="3" toId="25">
</dataflow>
<dataflow id="163" from="StgValue_162" to="p_Result_77" fromId="162" toId="25">
</dataflow>
<dataflow id="164" from="icmp_ln1003_1" to="select_ln1002_1" fromId="10" toId="26">
</dataflow>
<dataflow id="165" from="trunc_ln983_1" to="select_ln1002_1" fromId="8" toId="26">
</dataflow>
<dataflow id="166" from="ret_V_15" to="select_ln1002_1" fromId="11" toId="26">
</dataflow>
<dataflow id="167" from="p_Result_77" to="ret_V_16" fromId="25" toId="27">
</dataflow>
<dataflow id="168" from="select_ln1002_1" to="ret_V_16" fromId="26" toId="27">
</dataflow>
<dataflow id="169" from="trunc_ln983_1" to="ret_V_16" fromId="8" toId="27">
</dataflow>
<dataflow id="170" from="_ssdm_op_BitSelect.i1.i64.i32" to="p_Result_78" fromId="149" toId="28">
</dataflow>
<dataflow id="171" from="layer2_out_read" to="p_Result_78" fromId="3" toId="28">
</dataflow>
<dataflow id="173" from="StgValue_172" to="p_Result_78" fromId="172" toId="28">
</dataflow>
<dataflow id="174" from="icmp_ln1003_2" to="select_ln1002_2" fromId="14" toId="29">
</dataflow>
<dataflow id="175" from="trunc_ln983_2" to="select_ln1002_2" fromId="12" toId="29">
</dataflow>
<dataflow id="176" from="ret_V_17" to="select_ln1002_2" fromId="15" toId="29">
</dataflow>
<dataflow id="177" from="p_Result_78" to="ret_V_18" fromId="28" toId="30">
</dataflow>
<dataflow id="178" from="select_ln1002_2" to="ret_V_18" fromId="29" toId="30">
</dataflow>
<dataflow id="179" from="trunc_ln983_2" to="ret_V_18" fromId="12" toId="30">
</dataflow>
<dataflow id="180" from="_ssdm_op_BitSelect.i1.i64.i32" to="p_Result_79" fromId="149" toId="31">
</dataflow>
<dataflow id="181" from="layer2_out_read" to="p_Result_79" fromId="3" toId="31">
</dataflow>
<dataflow id="183" from="StgValue_182" to="p_Result_79" fromId="182" toId="31">
</dataflow>
<dataflow id="184" from="icmp_ln1003_3" to="select_ln1002_3" fromId="18" toId="32">
</dataflow>
<dataflow id="185" from="trunc_ln983_3" to="select_ln1002_3" fromId="16" toId="32">
</dataflow>
<dataflow id="186" from="ret_V_19" to="select_ln1002_3" fromId="19" toId="32">
</dataflow>
<dataflow id="187" from="p_Result_79" to="ret_V_20" fromId="31" toId="33">
</dataflow>
<dataflow id="188" from="select_ln1002_3" to="ret_V_20" fromId="32" toId="33">
</dataflow>
<dataflow id="189" from="trunc_ln983_3" to="ret_V_20" fromId="16" toId="33">
</dataflow>
<dataflow id="191" from="_ssdm_op_BitConcatenate.i16.i4.i4.i4.i4" to="p_s" fromId="190" toId="34">
</dataflow>
<dataflow id="192" from="ret_V_20" to="p_s" fromId="33" toId="34">
</dataflow>
<dataflow id="193" from="ret_V_18" to="p_s" fromId="30" toId="34">
</dataflow>
<dataflow id="194" from="ret_V_16" to="p_s" fromId="27" toId="34">
</dataflow>
<dataflow id="195" from="ret_V_14" to="p_s" fromId="24" toId="34">
</dataflow>
<dataflow id="197" from="_ssdm_op_Write.ap_fifo.volatile.i16P0A" to="write_ln32" fromId="196" toId="35">
</dataflow>
<dataflow id="198" from="layer4_out" to="write_ln32" fromId="39" toId="35">
</dataflow>
<dataflow id="199" from="p_s" to="write_ln32" fromId="34" toId="35">
</dataflow>
</dataflows>


</stg>
