<profile>

<section name = "Vitis HLS Report for 'linear_array_ap_fixed_2u_array_ap_int_4_2u_linear_config10_s'" level="0">
<item name = "Date">Fri Apr 11 08:10:51 2025
</item>
<item name = "Version">2022.2 (Build 3670227 on Oct 13 2022)</item>
<item name = "Project">myproject_prj</item>
<item name = "Solution">solution1 (Vivado IP Flow Target)</item>
<item name = "Product family">zynq</item>
<item name = "Target device">xc7z020-clg484-1</item>
</section>

<section name = "Performance Estimates" level="0">
<item name = "Timing">
<section name = "" level="1">
<item name = "Summary"><table name="" hasTotal="0">
<keys size="4">Clock, Target, Estimated, Uncertainty</keys>
<column name="ap_clk">5.00 ns, 3.958 ns, 0.62 ns</column>
</table>
</item>
</section>
</item>
<item name = "Latency">
<section name = "" level="1">
<item name = "Summary"><table name="" hasTotal="0">
<keys size="8">, min, max, min, max, min, max, Type</keys>
<column name="">1, 1, 5.000 ns, 5.000 ns, 1, 1, no</column>
</table>
</item>
<item name = "Detail">
<section name = "" level="1">
<item name = "Instance"><table name="" hasTotal="0">
<keys size="9">Instance, Module, min, max, min, max, min, max, Type</keys>
</table>
</item>
<item name = "Loop"><table name="" hasTotal="0">
<keys size="8">Loop Name, min, max, Latency, achieved, target, Count, Pipelined</keys>
</table>
</item>
</section>
</item>
</section>
</item>
</section>

<section name = "Utilization Estimates" level="0">
<item name = "Summary"><table name="" hasTotal="1">
<keys size="6">Name, BRAM_18K, DSP, FF, LUT, URAM</keys>
<column name="DSP">-, -, -, -, -</column>
<column name="Expression">-, -, 0, 66, -</column>
<column name="FIFO">-, -, -, -, -</column>
<column name="Instance">-, -, -, -, -</column>
<column name="Memory">-, -, -, -, -</column>
<column name="Multiplexer">-, -, -, 50, -</column>
<column name="Register">-, -, 54, -, -</column>
<specialColumn name="Available">280, 220, 106400, 53200, 0</specialColumn>
<specialColumn name="Utilization (%)">0, 0, ~0, ~0, 0</specialColumn>
</table>
</item>
<item name = "Detail">
<section name = "" level="1">
<item name = "Instance"><table name="" hasTotal="1">
<keys size="7">Instance, Module, BRAM_18K, DSP, FF, LUT, URAM</keys>
</table>
</item>
<item name = "DSP"><table name="" hasTotal="0">
<keys size="3">Instance, Module, Expression</keys>
</table>
</item>
<item name = "Memory"><table name="" hasTotal="1">
<keys size="10">Memory, Module, BRAM_18K, FF, LUT, URAM, Words, Bits, Banks, W*Bits*Banks</keys>
</table>
</item>
<item name = "FIFO"><table name="" hasTotal="1">
<keys size="8">Name, BRAM_18K, FF, LUT, URAM, Depth, Bits, Size:D*B</keys>
</table>
</item>
<item name = "Expression"><table name="" hasTotal="1">
<keys size="7">Variable Name, Operation, DSP, FF, LUT, Bitwidth P0, Bitwidth P1</keys>
<column name="ret_V_27_fu_111_p2">+, 0, 0, 13, 4, 1</column>
<column name="ret_V_fu_79_p2">+, 0, 0, 13, 4, 1</column>
<column name="icmp_ln1003_6_fu_105_p2">icmp, 0, 0, 11, 10, 1</column>
<column name="icmp_ln1003_fu_73_p2">icmp, 0, 0, 11, 10, 1</column>
<column name="ap_block_state1">or, 0, 0, 2, 1, 1</column>
<column name="ret_V_26_fu_129_p3">select, 0, 0, 4, 1, 4</column>
<column name="ret_V_28_fu_148_p3">select, 0, 0, 4, 1, 4</column>
<column name="select_ln1002_6_fu_143_p3">select, 0, 0, 4, 1, 4</column>
<column name="select_ln1002_fu_124_p3">select, 0, 0, 4, 1, 4</column>
</table>
</item>
<item name = "Multiplexer"><table name="" hasTotal="1">
<keys size="5">Name, LUT, Input Size, Bits, Total Bits</keys>
<column name="ap_NS_fsm">14, 3, 1, 3</column>
<column name="ap_done">9, 2, 1, 2</column>
<column name="layer10_out_blk_n">9, 2, 1, 2</column>
<column name="layer8_out_blk_n">9, 2, 1, 2</column>
<column name="real_start">9, 2, 1, 2</column>
</table>
</item>
<item name = "Register"><table name="" hasTotal="1">
<keys size="5">Name, FF, LUT, Bits, Const Bits</keys>
<column name="ap_CS_fsm">2, 0, 2, 0</column>
<column name="ap_done_reg">1, 0, 1, 0</column>
<column name="icmp_ln1003_6_reg_192">1, 0, 1, 0</column>
<column name="icmp_ln1003_reg_176">1, 0, 1, 0</column>
<column name="layer8_out_read_reg_164">32, 0, 32, 0</column>
<column name="ret_V_27_reg_197">4, 0, 4, 0</column>
<column name="ret_V_reg_181">4, 0, 4, 0</column>
<column name="start_once_reg">1, 0, 1, 0</column>
<column name="trunc_ln983_6_reg_186">4, 0, 4, 0</column>
<column name="trunc_ln_reg_170">4, 0, 4, 0</column>
</table>
</item>
</section>
</item>
</section>

<section name = "Interface" level="0">
<item name = "Summary"><table name="" hasTotal="0">
<keys size="6">RTL Ports, Dir, Bits, Protocol, Source Object, C Type</keys>
<column name="ap_clk">in, 1, ap_ctrl_hs, linear&lt;array&lt;ap_fixed,2u&gt;,array&lt;ap_int&lt;4&gt;,2u&gt;,linear_config10&gt;, return value</column>
<column name="ap_rst">in, 1, ap_ctrl_hs, linear&lt;array&lt;ap_fixed,2u&gt;,array&lt;ap_int&lt;4&gt;,2u&gt;,linear_config10&gt;, return value</column>
<column name="ap_start">in, 1, ap_ctrl_hs, linear&lt;array&lt;ap_fixed,2u&gt;,array&lt;ap_int&lt;4&gt;,2u&gt;,linear_config10&gt;, return value</column>
<column name="start_full_n">in, 1, ap_ctrl_hs, linear&lt;array&lt;ap_fixed,2u&gt;,array&lt;ap_int&lt;4&gt;,2u&gt;,linear_config10&gt;, return value</column>
<column name="ap_done">out, 1, ap_ctrl_hs, linear&lt;array&lt;ap_fixed,2u&gt;,array&lt;ap_int&lt;4&gt;,2u&gt;,linear_config10&gt;, return value</column>
<column name="ap_continue">in, 1, ap_ctrl_hs, linear&lt;array&lt;ap_fixed,2u&gt;,array&lt;ap_int&lt;4&gt;,2u&gt;,linear_config10&gt;, return value</column>
<column name="ap_idle">out, 1, ap_ctrl_hs, linear&lt;array&lt;ap_fixed,2u&gt;,array&lt;ap_int&lt;4&gt;,2u&gt;,linear_config10&gt;, return value</column>
<column name="ap_ready">out, 1, ap_ctrl_hs, linear&lt;array&lt;ap_fixed,2u&gt;,array&lt;ap_int&lt;4&gt;,2u&gt;,linear_config10&gt;, return value</column>
<column name="start_out">out, 1, ap_ctrl_hs, linear&lt;array&lt;ap_fixed,2u&gt;,array&lt;ap_int&lt;4&gt;,2u&gt;,linear_config10&gt;, return value</column>
<column name="start_write">out, 1, ap_ctrl_hs, linear&lt;array&lt;ap_fixed,2u&gt;,array&lt;ap_int&lt;4&gt;,2u&gt;,linear_config10&gt;, return value</column>
<column name="layer8_out_dout">in, 32, ap_fifo, layer8_out, pointer</column>
<column name="layer8_out_num_data_valid">in, 2, ap_fifo, layer8_out, pointer</column>
<column name="layer8_out_fifo_cap">in, 2, ap_fifo, layer8_out, pointer</column>
<column name="layer8_out_empty_n">in, 1, ap_fifo, layer8_out, pointer</column>
<column name="layer8_out_read">out, 1, ap_fifo, layer8_out, pointer</column>
<column name="layer10_out_din">out, 8, ap_fifo, layer10_out, pointer</column>
<column name="layer10_out_num_data_valid">in, 2, ap_fifo, layer10_out, pointer</column>
<column name="layer10_out_fifo_cap">in, 2, ap_fifo, layer10_out, pointer</column>
<column name="layer10_out_full_n">in, 1, ap_fifo, layer10_out, pointer</column>
<column name="layer10_out_write">out, 1, ap_fifo, layer10_out, pointer</column>
</table>
</item>
</section>
</profile>
