<stg><name>linear<array<ap_fixed,3u>,array<ap_int<4>,3u>,linear_config7></name>


<trans_list>

<trans id="30" from="1" to="2">
<condition id="-1">
<or_exp><and_exp></and_exp></or_exp>
</condition>
</trans>
</trans_list>



<state_list>

<state id="1" st_id="1">

<operation id="3" st_id="1" stage="1" lat="1">
<core>FIFO_SRL</core>
<MemPortIdVec></MemPortIdVec>
<condition id="-1">
<or_exp><and_exp></and_exp></or_exp>
</condition>

<Node id="5" bw="48" op_0_bw="48" op_1_bw="48">
<![CDATA[
entry_ifconv:2 %layer5_out_read = read i48 @_ssdm_op_Read.ap_fifo.volatile.i48P0A, i48 %layer5_out

]]></Node>
<StgValue><ssdm name="layer5_out_read"/></StgValue>
</operation>

<operation id="4" st_id="1" stage="1" lat="1">
<core>NULL</core>
<MemPortIdVec></MemPortIdVec>
<condition id="-1">
<or_exp><and_exp></and_exp></or_exp>
</condition>

<Node id="6" bw="4" op_0_bw="4" op_1_bw="48" op_2_bw="32" op_3_bw="32">
<![CDATA[
entry_ifconv:3 %trunc_ln = partselect i4 @_ssdm_op_PartSelect.i4.i48.i32.i32, i48 %layer5_out_read, i32 10, i32 13

]]></Node>
<StgValue><ssdm name="trunc_ln"/></StgValue>
</operation>

<operation id="5" st_id="1" stage="1" lat="1">
<core>NULL</core>
<MemPortIdVec></MemPortIdVec>
<condition id="-1">
<or_exp><and_exp></and_exp></or_exp>
</condition>

<Node id="8" bw="10" op_0_bw="48">
<![CDATA[
entry_ifconv:5 %trunc_ln1003 = trunc i48 %layer5_out_read

]]></Node>
<StgValue><ssdm name="trunc_ln1003"/></StgValue>
</operation>

<operation id="6" st_id="1" stage="1" lat="1">
<core>Cmp</core>
<MemPortIdVec></MemPortIdVec>
<condition id="-1">
<or_exp><and_exp></and_exp></or_exp>
</condition>

<Node id="9" bw="1" op_0_bw="10" op_1_bw="10">
<![CDATA[
entry_ifconv:6 %icmp_ln1003 = icmp_eq  i10 %trunc_ln1003, i10 0

]]></Node>
<StgValue><ssdm name="icmp_ln1003"/></StgValue>
</operation>

<operation id="7" st_id="1" stage="1" lat="1">
<core>Adder</core>
<MemPortIdVec></MemPortIdVec>
<condition id="-1">
<or_exp><and_exp></and_exp></or_exp>
</condition>

<Node id="10" bw="4" op_0_bw="4" op_1_bw="4">
<![CDATA[
entry_ifconv:7 %ret_V = add i4 %trunc_ln, i4 1

]]></Node>
<StgValue><ssdm name="ret_V"/></StgValue>
</operation>

<operation id="8" st_id="1" stage="1" lat="1">
<core>NULL</core>
<MemPortIdVec></MemPortIdVec>
<condition id="-1">
<or_exp><and_exp></and_exp></or_exp>
</condition>

<Node id="13" bw="4" op_0_bw="4" op_1_bw="48" op_2_bw="32" op_3_bw="32">
<![CDATA[
entry_ifconv:10 %trunc_ln983_4 = partselect i4 @_ssdm_op_PartSelect.i4.i48.i32.i32, i48 %layer5_out_read, i32 26, i32 29

]]></Node>
<StgValue><ssdm name="trunc_ln983_4"/></StgValue>
</operation>

<operation id="9" st_id="1" stage="1" lat="1">
<core>NULL</core>
<MemPortIdVec></MemPortIdVec>
<condition id="-1">
<or_exp><and_exp></and_exp></or_exp>
</condition>

<Node id="15" bw="10" op_0_bw="10" op_1_bw="48" op_2_bw="32" op_3_bw="32">
<![CDATA[
entry_ifconv:12 %tmp_s = partselect i10 @_ssdm_op_PartSelect.i10.i48.i32.i32, i48 %layer5_out_read, i32 16, i32 25

]]></Node>
<StgValue><ssdm name="tmp_s"/></StgValue>
</operation>

<operation id="10" st_id="1" stage="1" lat="1">
<core>Cmp</core>
<MemPortIdVec></MemPortIdVec>
<condition id="-1">
<or_exp><and_exp></and_exp></or_exp>
</condition>

<Node id="16" bw="1" op_0_bw="10" op_1_bw="10">
<![CDATA[
entry_ifconv:13 %icmp_ln1003_4 = icmp_eq  i10 %tmp_s, i10 0

]]></Node>
<StgValue><ssdm name="icmp_ln1003_4"/></StgValue>
</operation>

<operation id="11" st_id="1" stage="1" lat="1">
<core>Adder</core>
<MemPortIdVec></MemPortIdVec>
<condition id="-1">
<or_exp><and_exp></and_exp></or_exp>
</condition>

<Node id="17" bw="4" op_0_bw="4" op_1_bw="4">
<![CDATA[
entry_ifconv:14 %ret_V_22 = add i4 %trunc_ln983_4, i4 1

]]></Node>
<StgValue><ssdm name="ret_V_22"/></StgValue>
</operation>

<operation id="12" st_id="1" stage="1" lat="1">
<core>NULL</core>
<MemPortIdVec></MemPortIdVec>
<condition id="-1">
<or_exp><and_exp></and_exp></or_exp>
</condition>

<Node id="20" bw="4" op_0_bw="4" op_1_bw="48" op_2_bw="32" op_3_bw="32">
<![CDATA[
entry_ifconv:17 %trunc_ln983_5 = partselect i4 @_ssdm_op_PartSelect.i4.i48.i32.i32, i48 %layer5_out_read, i32 42, i32 45

]]></Node>
<StgValue><ssdm name="trunc_ln983_5"/></StgValue>
</operation>

<operation id="13" st_id="1" stage="1" lat="1">
<core>NULL</core>
<MemPortIdVec></MemPortIdVec>
<condition id="-1">
<or_exp><and_exp></and_exp></or_exp>
</condition>

<Node id="22" bw="10" op_0_bw="10" op_1_bw="48" op_2_bw="32" op_3_bw="32">
<![CDATA[
entry_ifconv:19 %tmp_7 = partselect i10 @_ssdm_op_PartSelect.i10.i48.i32.i32, i48 %layer5_out_read, i32 32, i32 41

]]></Node>
<StgValue><ssdm name="tmp_7"/></StgValue>
</operation>

<operation id="14" st_id="1" stage="1" lat="1">
<core>Cmp</core>
<MemPortIdVec></MemPortIdVec>
<condition id="-1">
<or_exp><and_exp></and_exp></or_exp>
</condition>

<Node id="23" bw="1" op_0_bw="10" op_1_bw="10">
<![CDATA[
entry_ifconv:20 %icmp_ln1003_5 = icmp_eq  i10 %tmp_7, i10 0

]]></Node>
<StgValue><ssdm name="icmp_ln1003_5"/></StgValue>
</operation>

<operation id="15" st_id="1" stage="1" lat="1">
<core>Adder</core>
<MemPortIdVec></MemPortIdVec>
<condition id="-1">
<or_exp><and_exp></and_exp></or_exp>
</condition>

<Node id="24" bw="4" op_0_bw="4" op_1_bw="4">
<![CDATA[
entry_ifconv:21 %ret_V_24 = add i4 %trunc_ln983_5, i4 1

]]></Node>
<StgValue><ssdm name="ret_V_24"/></StgValue>
</operation>
</state>

<state id="2" st_id="2">

<operation id="16" st_id="2" stage="1" lat="1">
<core>NULL</core>
<MemPortIdVec></MemPortIdVec>
<condition id="-1">
<or_exp><and_exp></and_exp></or_exp>
</condition>

<Node id="3" bw="0" op_0_bw="0" op_1_bw="12" op_2_bw="0" op_3_bw="32" op_4_bw="32" op_5_bw="0" op_6_bw="32" op_7_bw="32" op_8_bw="0" op_9_bw="0" op_10_bw="0" op_11_bw="32" op_12_bw="32" op_13_bw="32" op_14_bw="32" op_15_bw="0" op_16_bw="0" op_17_bw="32" op_18_bw="32">
<![CDATA[
entry_ifconv:0 %specinterface_ln0 = specinterface void @_ssdm_op_SpecInterface, i12 %layer7_out, void @empty_14, i32 0, i32 0, void @empty_1, i32 0, i32 0, void @empty_1, void @empty_1, void @empty_1, i32 0, i32 0, i32 0, i32 0, void @empty_1, void @empty_1, i32 4294967295, i32 0

]]></Node>
<StgValue><ssdm name="specinterface_ln0"/></StgValue>
</operation>

<operation id="17" st_id="2" stage="1" lat="1">
<core>NULL</core>
<MemPortIdVec></MemPortIdVec>
<condition id="-1">
<or_exp><and_exp></and_exp></or_exp>
</condition>

<Node id="4" bw="0" op_0_bw="0" op_1_bw="48" op_2_bw="0" op_3_bw="32" op_4_bw="32" op_5_bw="0" op_6_bw="32" op_7_bw="32" op_8_bw="0" op_9_bw="0" op_10_bw="0" op_11_bw="32" op_12_bw="32" op_13_bw="32" op_14_bw="32" op_15_bw="0" op_16_bw="0" op_17_bw="32" op_18_bw="32">
<![CDATA[
entry_ifconv:1 %specinterface_ln0 = specinterface void @_ssdm_op_SpecInterface, i48 %layer5_out, void @empty_14, i32 0, i32 0, void @empty_1, i32 0, i32 0, void @empty_1, void @empty_1, void @empty_1, i32 0, i32 0, i32 0, i32 0, void @empty_1, void @empty_1, i32 4294967295, i32 0

]]></Node>
<StgValue><ssdm name="specinterface_ln0"/></StgValue>
</operation>

<operation id="18" st_id="2" stage="1" lat="1">
<core>NULL</core>
<MemPortIdVec></MemPortIdVec>
<condition id="-1">
<or_exp><and_exp></and_exp></or_exp>
</condition>

<Node id="7" bw="1" op_0_bw="1" op_1_bw="48" op_2_bw="32">
<![CDATA[
entry_ifconv:4 %p_Result_s = bitselect i1 @_ssdm_op_BitSelect.i1.i48.i32, i48 %layer5_out_read, i32 15

]]></Node>
<StgValue><ssdm name="p_Result_s"/></StgValue>
</operation>

<operation id="19" st_id="2" stage="1" lat="1">
<core>Sel</core>
<MemPortIdVec></MemPortIdVec>
<condition id="-1">
<or_exp><and_exp></and_exp></or_exp>
</condition>

<Node id="11" bw="4" op_0_bw="1" op_1_bw="4" op_2_bw="4">
<![CDATA[
entry_ifconv:8 %select_ln1002 = select i1 %icmp_ln1003, i4 %trunc_ln, i4 %ret_V

]]></Node>
<StgValue><ssdm name="select_ln1002"/></StgValue>
</operation>

<operation id="20" st_id="2" stage="1" lat="1">
<core>Sel</core>
<MemPortIdVec></MemPortIdVec>
<condition id="-1">
<or_exp><and_exp></and_exp></or_exp>
</condition>

<Node id="12" bw="4" op_0_bw="1" op_1_bw="4" op_2_bw="4">
<![CDATA[
entry_ifconv:9 %ret_V_21 = select i1 %p_Result_s, i4 %select_ln1002, i4 %trunc_ln

]]></Node>
<StgValue><ssdm name="ret_V_21"/></StgValue>
</operation>

<operation id="21" st_id="2" stage="1" lat="1">
<core>NULL</core>
<MemPortIdVec></MemPortIdVec>
<condition id="-1">
<or_exp><and_exp></and_exp></or_exp>
</condition>

<Node id="14" bw="1" op_0_bw="1" op_1_bw="48" op_2_bw="32">
<![CDATA[
entry_ifconv:11 %p_Result_80 = bitselect i1 @_ssdm_op_BitSelect.i1.i48.i32, i48 %layer5_out_read, i32 31

]]></Node>
<StgValue><ssdm name="p_Result_80"/></StgValue>
</operation>

<operation id="22" st_id="2" stage="1" lat="1">
<core>Sel</core>
<MemPortIdVec></MemPortIdVec>
<condition id="-1">
<or_exp><and_exp></and_exp></or_exp>
</condition>

<Node id="18" bw="4" op_0_bw="1" op_1_bw="4" op_2_bw="4">
<![CDATA[
entry_ifconv:15 %select_ln1002_4 = select i1 %icmp_ln1003_4, i4 %trunc_ln983_4, i4 %ret_V_22

]]></Node>
<StgValue><ssdm name="select_ln1002_4"/></StgValue>
</operation>

<operation id="23" st_id="2" stage="1" lat="1">
<core>Sel</core>
<MemPortIdVec></MemPortIdVec>
<condition id="-1">
<or_exp><and_exp></and_exp></or_exp>
</condition>

<Node id="19" bw="4" op_0_bw="1" op_1_bw="4" op_2_bw="4">
<![CDATA[
entry_ifconv:16 %ret_V_23 = select i1 %p_Result_80, i4 %select_ln1002_4, i4 %trunc_ln983_4

]]></Node>
<StgValue><ssdm name="ret_V_23"/></StgValue>
</operation>

<operation id="24" st_id="2" stage="1" lat="1">
<core>NULL</core>
<MemPortIdVec></MemPortIdVec>
<condition id="-1">
<or_exp><and_exp></and_exp></or_exp>
</condition>

<Node id="21" bw="1" op_0_bw="1" op_1_bw="48" op_2_bw="32">
<![CDATA[
entry_ifconv:18 %p_Result_81 = bitselect i1 @_ssdm_op_BitSelect.i1.i48.i32, i48 %layer5_out_read, i32 47

]]></Node>
<StgValue><ssdm name="p_Result_81"/></StgValue>
</operation>

<operation id="25" st_id="2" stage="1" lat="1">
<core>Sel</core>
<MemPortIdVec></MemPortIdVec>
<condition id="-1">
<or_exp><and_exp></and_exp></or_exp>
</condition>

<Node id="25" bw="4" op_0_bw="1" op_1_bw="4" op_2_bw="4">
<![CDATA[
entry_ifconv:22 %select_ln1002_5 = select i1 %icmp_ln1003_5, i4 %trunc_ln983_5, i4 %ret_V_24

]]></Node>
<StgValue><ssdm name="select_ln1002_5"/></StgValue>
</operation>

<operation id="26" st_id="2" stage="1" lat="1">
<core>Sel</core>
<MemPortIdVec></MemPortIdVec>
<condition id="-1">
<or_exp><and_exp></and_exp></or_exp>
</condition>

<Node id="26" bw="4" op_0_bw="1" op_1_bw="4" op_2_bw="4">
<![CDATA[
entry_ifconv:23 %ret_V_25 = select i1 %p_Result_81, i4 %select_ln1002_5, i4 %trunc_ln983_5

]]></Node>
<StgValue><ssdm name="ret_V_25"/></StgValue>
</operation>

<operation id="27" st_id="2" stage="1" lat="1">
<core>NULL</core>
<MemPortIdVec></MemPortIdVec>
<condition id="-1">
<or_exp><and_exp></and_exp></or_exp>
</condition>

<Node id="27" bw="12" op_0_bw="12" op_1_bw="4" op_2_bw="4" op_3_bw="4">
<![CDATA[
entry_ifconv:24 %p_s = bitconcatenate i12 @_ssdm_op_BitConcatenate.i12.i4.i4.i4, i4 %ret_V_25, i4 %ret_V_23, i4 %ret_V_21

]]></Node>
<StgValue><ssdm name="p_s"/></StgValue>
</operation>

<operation id="28" st_id="2" stage="1" lat="1">
<core>FIFO_SRL</core>
<MemPortIdVec></MemPortIdVec>
<condition id="-1">
<or_exp><and_exp></and_exp></or_exp>
</condition>

<Node id="28" bw="0" op_0_bw="0" op_1_bw="12" op_2_bw="12">
<![CDATA[
entry_ifconv:25 %write_ln32 = write void @_ssdm_op_Write.ap_fifo.volatile.i12P0A, i12 %layer7_out, i12 %p_s

]]></Node>
<StgValue><ssdm name="write_ln32"/></StgValue>
</operation>

<operation id="29" st_id="2" stage="1" lat="1">
<core>NULL</core>
<MemPortIdVec></MemPortIdVec>
<condition id="-1">
<or_exp><and_exp></and_exp></or_exp>
</condition>

<Node id="29" bw="0">
<![CDATA[
entry_ifconv:26 %ret_ln34 = ret

]]></Node>
<StgValue><ssdm name="ret_ln34"/></StgValue>
</operation>
</state>
</state_list>


<ports>
</ports>


<dataflows>
</dataflows>


</stg>
