<stg><name>linear<array<ap_fixed,2u>,array<ap_int<4>,2u>,linear_config10></name>


<trans_list>

<trans id="23" from="1" to="2">
<condition id="-1">
<or_exp><and_exp></and_exp></or_exp>
</condition>
</trans>
</trans_list>



<state_list>

<state id="1" st_id="1">

<operation id="3" st_id="1" stage="1" lat="1">
<core>FIFO_SRL</core>
<MemPortIdVec></MemPortIdVec>
<condition id="-1">
<or_exp><and_exp></and_exp></or_exp>
</condition>

<Node id="5" bw="32" op_0_bw="32" op_1_bw="32">
<![CDATA[
entry_ifconv:2 %layer8_out_read = read i32 @_ssdm_op_Read.ap_fifo.volatile.i32P0A, i32 %layer8_out

]]></Node>
<StgValue><ssdm name="layer8_out_read"/></StgValue>
</operation>

<operation id="4" st_id="1" stage="1" lat="1">
<core>NULL</core>
<MemPortIdVec></MemPortIdVec>
<condition id="-1">
<or_exp><and_exp></and_exp></or_exp>
</condition>

<Node id="6" bw="4" op_0_bw="4" op_1_bw="32" op_2_bw="32" op_3_bw="32">
<![CDATA[
entry_ifconv:3 %trunc_ln = partselect i4 @_ssdm_op_PartSelect.i4.i32.i32.i32, i32 %layer8_out_read, i32 10, i32 13

]]></Node>
<StgValue><ssdm name="trunc_ln"/></StgValue>
</operation>

<operation id="5" st_id="1" stage="1" lat="1">
<core>NULL</core>
<MemPortIdVec></MemPortIdVec>
<condition id="-1">
<or_exp><and_exp></and_exp></or_exp>
</condition>

<Node id="8" bw="10" op_0_bw="32">
<![CDATA[
entry_ifconv:5 %trunc_ln1003 = trunc i32 %layer8_out_read

]]></Node>
<StgValue><ssdm name="trunc_ln1003"/></StgValue>
</operation>

<operation id="6" st_id="1" stage="1" lat="1">
<core>Cmp</core>
<MemPortIdVec></MemPortIdVec>
<condition id="-1">
<or_exp><and_exp></and_exp></or_exp>
</condition>

<Node id="9" bw="1" op_0_bw="10" op_1_bw="10">
<![CDATA[
entry_ifconv:6 %icmp_ln1003 = icmp_eq  i10 %trunc_ln1003, i10 0

]]></Node>
<StgValue><ssdm name="icmp_ln1003"/></StgValue>
</operation>

<operation id="7" st_id="1" stage="1" lat="1">
<core>Adder</core>
<MemPortIdVec></MemPortIdVec>
<condition id="-1">
<or_exp><and_exp></and_exp></or_exp>
</condition>

<Node id="10" bw="4" op_0_bw="4" op_1_bw="4">
<![CDATA[
entry_ifconv:7 %ret_V = add i4 %trunc_ln, i4 1

]]></Node>
<StgValue><ssdm name="ret_V"/></StgValue>
</operation>

<operation id="8" st_id="1" stage="1" lat="1">
<core>NULL</core>
<MemPortIdVec></MemPortIdVec>
<condition id="-1">
<or_exp><and_exp></and_exp></or_exp>
</condition>

<Node id="13" bw="4" op_0_bw="4" op_1_bw="32" op_2_bw="32" op_3_bw="32">
<![CDATA[
entry_ifconv:10 %trunc_ln983_6 = partselect i4 @_ssdm_op_PartSelect.i4.i32.i32.i32, i32 %layer8_out_read, i32 26, i32 29

]]></Node>
<StgValue><ssdm name="trunc_ln983_6"/></StgValue>
</operation>

<operation id="9" st_id="1" stage="1" lat="1">
<core>NULL</core>
<MemPortIdVec></MemPortIdVec>
<condition id="-1">
<or_exp><and_exp></and_exp></or_exp>
</condition>

<Node id="15" bw="10" op_0_bw="10" op_1_bw="32" op_2_bw="32" op_3_bw="32">
<![CDATA[
entry_ifconv:12 %tmp_1 = partselect i10 @_ssdm_op_PartSelect.i10.i32.i32.i32, i32 %layer8_out_read, i32 16, i32 25

]]></Node>
<StgValue><ssdm name="tmp_1"/></StgValue>
</operation>

<operation id="10" st_id="1" stage="1" lat="1">
<core>Cmp</core>
<MemPortIdVec></MemPortIdVec>
<condition id="-1">
<or_exp><and_exp></and_exp></or_exp>
</condition>

<Node id="16" bw="1" op_0_bw="10" op_1_bw="10">
<![CDATA[
entry_ifconv:13 %icmp_ln1003_6 = icmp_eq  i10 %tmp_1, i10 0

]]></Node>
<StgValue><ssdm name="icmp_ln1003_6"/></StgValue>
</operation>

<operation id="11" st_id="1" stage="1" lat="1">
<core>Adder</core>
<MemPortIdVec></MemPortIdVec>
<condition id="-1">
<or_exp><and_exp></and_exp></or_exp>
</condition>

<Node id="17" bw="4" op_0_bw="4" op_1_bw="4">
<![CDATA[
entry_ifconv:14 %ret_V_27 = add i4 %trunc_ln983_6, i4 1

]]></Node>
<StgValue><ssdm name="ret_V_27"/></StgValue>
</operation>
</state>

<state id="2" st_id="2">

<operation id="12" st_id="2" stage="1" lat="1">
<core>NULL</core>
<MemPortIdVec></MemPortIdVec>
<condition id="-1">
<or_exp><and_exp></and_exp></or_exp>
</condition>

<Node id="3" bw="0" op_0_bw="0" op_1_bw="8" op_2_bw="0" op_3_bw="32" op_4_bw="32" op_5_bw="0" op_6_bw="32" op_7_bw="32" op_8_bw="0" op_9_bw="0" op_10_bw="0" op_11_bw="32" op_12_bw="32" op_13_bw="32" op_14_bw="32" op_15_bw="0" op_16_bw="0" op_17_bw="32" op_18_bw="32">
<![CDATA[
entry_ifconv:0 %specinterface_ln0 = specinterface void @_ssdm_op_SpecInterface, i8 %layer10_out, void @empty_14, i32 0, i32 0, void @empty_1, i32 0, i32 0, void @empty_1, void @empty_1, void @empty_1, i32 0, i32 0, i32 0, i32 0, void @empty_1, void @empty_1, i32 4294967295, i32 0

]]></Node>
<StgValue><ssdm name="specinterface_ln0"/></StgValue>
</operation>

<operation id="13" st_id="2" stage="1" lat="1">
<core>NULL</core>
<MemPortIdVec></MemPortIdVec>
<condition id="-1">
<or_exp><and_exp></and_exp></or_exp>
</condition>

<Node id="4" bw="0" op_0_bw="0" op_1_bw="32" op_2_bw="0" op_3_bw="32" op_4_bw="32" op_5_bw="0" op_6_bw="32" op_7_bw="32" op_8_bw="0" op_9_bw="0" op_10_bw="0" op_11_bw="32" op_12_bw="32" op_13_bw="32" op_14_bw="32" op_15_bw="0" op_16_bw="0" op_17_bw="32" op_18_bw="32">
<![CDATA[
entry_ifconv:1 %specinterface_ln0 = specinterface void @_ssdm_op_SpecInterface, i32 %layer8_out, void @empty_14, i32 0, i32 0, void @empty_1, i32 0, i32 0, void @empty_1, void @empty_1, void @empty_1, i32 0, i32 0, i32 0, i32 0, void @empty_1, void @empty_1, i32 4294967295, i32 0

]]></Node>
<StgValue><ssdm name="specinterface_ln0"/></StgValue>
</operation>

<operation id="14" st_id="2" stage="1" lat="1">
<core>NULL</core>
<MemPortIdVec></MemPortIdVec>
<condition id="-1">
<or_exp><and_exp></and_exp></or_exp>
</condition>

<Node id="7" bw="1" op_0_bw="1" op_1_bw="32" op_2_bw="32">
<![CDATA[
entry_ifconv:4 %p_Result_s = bitselect i1 @_ssdm_op_BitSelect.i1.i32.i32, i32 %layer8_out_read, i32 15

]]></Node>
<StgValue><ssdm name="p_Result_s"/></StgValue>
</operation>

<operation id="15" st_id="2" stage="1" lat="1">
<core>Sel</core>
<MemPortIdVec></MemPortIdVec>
<condition id="-1">
<or_exp><and_exp></and_exp></or_exp>
</condition>

<Node id="11" bw="4" op_0_bw="1" op_1_bw="4" op_2_bw="4">
<![CDATA[
entry_ifconv:8 %select_ln1002 = select i1 %icmp_ln1003, i4 %trunc_ln, i4 %ret_V

]]></Node>
<StgValue><ssdm name="select_ln1002"/></StgValue>
</operation>

<operation id="16" st_id="2" stage="1" lat="1">
<core>Sel</core>
<MemPortIdVec></MemPortIdVec>
<condition id="-1">
<or_exp><and_exp></and_exp></or_exp>
</condition>

<Node id="12" bw="4" op_0_bw="1" op_1_bw="4" op_2_bw="4">
<![CDATA[
entry_ifconv:9 %ret_V_26 = select i1 %p_Result_s, i4 %select_ln1002, i4 %trunc_ln

]]></Node>
<StgValue><ssdm name="ret_V_26"/></StgValue>
</operation>

<operation id="17" st_id="2" stage="1" lat="1">
<core>NULL</core>
<MemPortIdVec></MemPortIdVec>
<condition id="-1">
<or_exp><and_exp></and_exp></or_exp>
</condition>

<Node id="14" bw="1" op_0_bw="1" op_1_bw="32" op_2_bw="32">
<![CDATA[
entry_ifconv:11 %p_Result_82 = bitselect i1 @_ssdm_op_BitSelect.i1.i32.i32, i32 %layer8_out_read, i32 31

]]></Node>
<StgValue><ssdm name="p_Result_82"/></StgValue>
</operation>

<operation id="18" st_id="2" stage="1" lat="1">
<core>Sel</core>
<MemPortIdVec></MemPortIdVec>
<condition id="-1">
<or_exp><and_exp></and_exp></or_exp>
</condition>

<Node id="18" bw="4" op_0_bw="1" op_1_bw="4" op_2_bw="4">
<![CDATA[
entry_ifconv:15 %select_ln1002_6 = select i1 %icmp_ln1003_6, i4 %trunc_ln983_6, i4 %ret_V_27

]]></Node>
<StgValue><ssdm name="select_ln1002_6"/></StgValue>
</operation>

<operation id="19" st_id="2" stage="1" lat="1">
<core>Sel</core>
<MemPortIdVec></MemPortIdVec>
<condition id="-1">
<or_exp><and_exp></and_exp></or_exp>
</condition>

<Node id="19" bw="4" op_0_bw="1" op_1_bw="4" op_2_bw="4">
<![CDATA[
entry_ifconv:16 %ret_V_28 = select i1 %p_Result_82, i4 %select_ln1002_6, i4 %trunc_ln983_6

]]></Node>
<StgValue><ssdm name="ret_V_28"/></StgValue>
</operation>

<operation id="20" st_id="2" stage="1" lat="1">
<core>NULL</core>
<MemPortIdVec></MemPortIdVec>
<condition id="-1">
<or_exp><and_exp></and_exp></or_exp>
</condition>

<Node id="20" bw="8" op_0_bw="8" op_1_bw="4" op_2_bw="4">
<![CDATA[
entry_ifconv:17 %p_s = bitconcatenate i8 @_ssdm_op_BitConcatenate.i8.i4.i4, i4 %ret_V_28, i4 %ret_V_26

]]></Node>
<StgValue><ssdm name="p_s"/></StgValue>
</operation>

<operation id="21" st_id="2" stage="1" lat="1">
<core>FIFO_SRL</core>
<MemPortIdVec></MemPortIdVec>
<condition id="-1">
<or_exp><and_exp></and_exp></or_exp>
</condition>

<Node id="21" bw="0" op_0_bw="0" op_1_bw="8" op_2_bw="8">
<![CDATA[
entry_ifconv:18 %write_ln32 = write void @_ssdm_op_Write.ap_fifo.volatile.i8P0A, i8 %layer10_out, i8 %p_s

]]></Node>
<StgValue><ssdm name="write_ln32"/></StgValue>
</operation>

<operation id="22" st_id="2" stage="1" lat="1">
<core>NULL</core>
<MemPortIdVec></MemPortIdVec>
<condition id="-1">
<or_exp><and_exp></and_exp></or_exp>
</condition>

<Node id="22" bw="0">
<![CDATA[
entry_ifconv:19 %ret_ln34 = ret

]]></Node>
<StgValue><ssdm name="ret_ln34"/></StgValue>
</operation>
</state>
</state_list>


<ports>
<port id="24" name="layer8_out" dir="0" iftype="3">
<core>FIFO_SRL</core><StgValue><ssdm name="layer8_out"/></StgValue>
</port>
<port id="25" name="layer10_out" dir="1" iftype="3">
<core>FIFO_SRL</core><StgValue><ssdm name="layer10_out"/></StgValue>
</port>
</ports>


<dataflows>
<dataflow id="27" from="_ssdm_op_Read.ap_fifo.volatile.i32P0A" to="layer8_out_read" fromId="26" toId="3">
</dataflow>
<dataflow id="28" from="layer8_out" to="layer8_out_read" fromId="24" toId="3">
</dataflow>
<dataflow id="30" from="_ssdm_op_PartSelect.i4.i32.i32.i32" to="trunc_ln" fromId="29" toId="4">
</dataflow>
<dataflow id="31" from="layer8_out_read" to="trunc_ln" fromId="3" toId="4">
</dataflow>
<dataflow id="33" from="StgValue_32" to="trunc_ln" fromId="32" toId="4">
</dataflow>
<dataflow id="35" from="StgValue_34" to="trunc_ln" fromId="34" toId="4">
</dataflow>
<dataflow id="36" from="layer8_out_read" to="trunc_ln1003" fromId="3" toId="5">
</dataflow>
<dataflow id="37" from="trunc_ln1003" to="icmp_ln1003" fromId="5" toId="6">
</dataflow>
<dataflow id="39" from="StgValue_38" to="icmp_ln1003" fromId="38" toId="6">
</dataflow>
<dataflow id="40" from="trunc_ln" to="ret_V" fromId="4" toId="7">
</dataflow>
<dataflow id="42" from="StgValue_41" to="ret_V" fromId="41" toId="7">
</dataflow>
<dataflow id="43" from="_ssdm_op_PartSelect.i4.i32.i32.i32" to="trunc_ln983_6" fromId="29" toId="8">
</dataflow>
<dataflow id="44" from="layer8_out_read" to="trunc_ln983_6" fromId="3" toId="8">
</dataflow>
<dataflow id="46" from="StgValue_45" to="trunc_ln983_6" fromId="45" toId="8">
</dataflow>
<dataflow id="48" from="StgValue_47" to="trunc_ln983_6" fromId="47" toId="8">
</dataflow>
<dataflow id="50" from="_ssdm_op_PartSelect.i10.i32.i32.i32" to="tmp_1" fromId="49" toId="9">
</dataflow>
<dataflow id="51" from="layer8_out_read" to="tmp_1" fromId="3" toId="9">
</dataflow>
<dataflow id="53" from="StgValue_52" to="tmp_1" fromId="52" toId="9">
</dataflow>
<dataflow id="55" from="StgValue_54" to="tmp_1" fromId="54" toId="9">
</dataflow>
<dataflow id="56" from="tmp_1" to="icmp_ln1003_6" fromId="9" toId="10">
</dataflow>
<dataflow id="57" from="StgValue_38" to="icmp_ln1003_6" fromId="38" toId="10">
</dataflow>
<dataflow id="58" from="trunc_ln983_6" to="ret_V_27" fromId="8" toId="11">
</dataflow>
<dataflow id="59" from="StgValue_41" to="ret_V_27" fromId="41" toId="11">
</dataflow>
<dataflow id="61" from="_ssdm_op_SpecInterface" to="specinterface_ln0" fromId="60" toId="12">
</dataflow>
<dataflow id="62" from="layer10_out" to="specinterface_ln0" fromId="25" toId="12">
</dataflow>
<dataflow id="64" from="empty_14" to="specinterface_ln0" fromId="63" toId="12">
</dataflow>
<dataflow id="66" from="StgValue_65" to="specinterface_ln0" fromId="65" toId="12">
</dataflow>
<dataflow id="67" from="StgValue_65" to="specinterface_ln0" fromId="65" toId="12">
</dataflow>
<dataflow id="69" from="empty_1" to="specinterface_ln0" fromId="68" toId="12">
</dataflow>
<dataflow id="70" from="StgValue_65" to="specinterface_ln0" fromId="65" toId="12">
</dataflow>
<dataflow id="71" from="StgValue_65" to="specinterface_ln0" fromId="65" toId="12">
</dataflow>
<dataflow id="72" from="empty_1" to="specinterface_ln0" fromId="68" toId="12">
</dataflow>
<dataflow id="73" from="empty_1" to="specinterface_ln0" fromId="68" toId="12">
</dataflow>
<dataflow id="74" from="empty_1" to="specinterface_ln0" fromId="68" toId="12">
</dataflow>
<dataflow id="75" from="StgValue_65" to="specinterface_ln0" fromId="65" toId="12">
</dataflow>
<dataflow id="76" from="StgValue_65" to="specinterface_ln0" fromId="65" toId="12">
</dataflow>
<dataflow id="77" from="StgValue_65" to="specinterface_ln0" fromId="65" toId="12">
</dataflow>
<dataflow id="78" from="StgValue_65" to="specinterface_ln0" fromId="65" toId="12">
</dataflow>
<dataflow id="79" from="empty_1" to="specinterface_ln0" fromId="68" toId="12">
</dataflow>
<dataflow id="80" from="empty_1" to="specinterface_ln0" fromId="68" toId="12">
</dataflow>
<dataflow id="82" from="StgValue_81" to="specinterface_ln0" fromId="81" toId="12">
</dataflow>
<dataflow id="83" from="StgValue_65" to="specinterface_ln0" fromId="65" toId="12">
</dataflow>
<dataflow id="84" from="_ssdm_op_SpecInterface" to="specinterface_ln0" fromId="60" toId="13">
</dataflow>
<dataflow id="85" from="layer8_out" to="specinterface_ln0" fromId="24" toId="13">
</dataflow>
<dataflow id="86" from="empty_14" to="specinterface_ln0" fromId="63" toId="13">
</dataflow>
<dataflow id="87" from="StgValue_65" to="specinterface_ln0" fromId="65" toId="13">
</dataflow>
<dataflow id="88" from="StgValue_65" to="specinterface_ln0" fromId="65" toId="13">
</dataflow>
<dataflow id="89" from="empty_1" to="specinterface_ln0" fromId="68" toId="13">
</dataflow>
<dataflow id="90" from="StgValue_65" to="specinterface_ln0" fromId="65" toId="13">
</dataflow>
<dataflow id="91" from="StgValue_65" to="specinterface_ln0" fromId="65" toId="13">
</dataflow>
<dataflow id="92" from="empty_1" to="specinterface_ln0" fromId="68" toId="13">
</dataflow>
<dataflow id="93" from="empty_1" to="specinterface_ln0" fromId="68" toId="13">
</dataflow>
<dataflow id="94" from="empty_1" to="specinterface_ln0" fromId="68" toId="13">
</dataflow>
<dataflow id="95" from="StgValue_65" to="specinterface_ln0" fromId="65" toId="13">
</dataflow>
<dataflow id="96" from="StgValue_65" to="specinterface_ln0" fromId="65" toId="13">
</dataflow>
<dataflow id="97" from="StgValue_65" to="specinterface_ln0" fromId="65" toId="13">
</dataflow>
<dataflow id="98" from="StgValue_65" to="specinterface_ln0" fromId="65" toId="13">
</dataflow>
<dataflow id="99" from="empty_1" to="specinterface_ln0" fromId="68" toId="13">
</dataflow>
<dataflow id="100" from="empty_1" to="specinterface_ln0" fromId="68" toId="13">
</dataflow>
<dataflow id="101" from="StgValue_81" to="specinterface_ln0" fromId="81" toId="13">
</dataflow>
<dataflow id="102" from="StgValue_65" to="specinterface_ln0" fromId="65" toId="13">
</dataflow>
<dataflow id="104" from="_ssdm_op_BitSelect.i1.i32.i32" to="p_Result_s" fromId="103" toId="14">
</dataflow>
<dataflow id="105" from="layer8_out_read" to="p_Result_s" fromId="3" toId="14">
</dataflow>
<dataflow id="107" from="StgValue_106" to="p_Result_s" fromId="106" toId="14">
</dataflow>
<dataflow id="108" from="icmp_ln1003" to="select_ln1002" fromId="6" toId="15">
</dataflow>
<dataflow id="109" from="trunc_ln" to="select_ln1002" fromId="4" toId="15">
</dataflow>
<dataflow id="110" from="ret_V" to="select_ln1002" fromId="7" toId="15">
</dataflow>
<dataflow id="111" from="p_Result_s" to="ret_V_26" fromId="14" toId="16">
</dataflow>
<dataflow id="112" from="select_ln1002" to="ret_V_26" fromId="15" toId="16">
</dataflow>
<dataflow id="113" from="trunc_ln" to="ret_V_26" fromId="4" toId="16">
</dataflow>
<dataflow id="114" from="_ssdm_op_BitSelect.i1.i32.i32" to="p_Result_82" fromId="103" toId="17">
</dataflow>
<dataflow id="115" from="layer8_out_read" to="p_Result_82" fromId="3" toId="17">
</dataflow>
<dataflow id="117" from="StgValue_116" to="p_Result_82" fromId="116" toId="17">
</dataflow>
<dataflow id="118" from="icmp_ln1003_6" to="select_ln1002_6" fromId="10" toId="18">
</dataflow>
<dataflow id="119" from="trunc_ln983_6" to="select_ln1002_6" fromId="8" toId="18">
</dataflow>
<dataflow id="120" from="ret_V_27" to="select_ln1002_6" fromId="11" toId="18">
</dataflow>
<dataflow id="121" from="p_Result_82" to="ret_V_28" fromId="17" toId="19">
</dataflow>
<dataflow id="122" from="select_ln1002_6" to="ret_V_28" fromId="18" toId="19">
</dataflow>
<dataflow id="123" from="trunc_ln983_6" to="ret_V_28" fromId="8" toId="19">
</dataflow>
<dataflow id="125" from="_ssdm_op_BitConcatenate.i8.i4.i4" to="p_s" fromId="124" toId="20">
</dataflow>
<dataflow id="126" from="ret_V_28" to="p_s" fromId="19" toId="20">
</dataflow>
<dataflow id="127" from="ret_V_26" to="p_s" fromId="16" toId="20">
</dataflow>
<dataflow id="129" from="_ssdm_op_Write.ap_fifo.volatile.i8P0A" to="write_ln32" fromId="128" toId="21">
</dataflow>
<dataflow id="130" from="layer10_out" to="write_ln32" fromId="25" toId="21">
</dataflow>
<dataflow id="131" from="p_s" to="write_ln32" fromId="20" toId="21">
</dataflow>
</dataflows>


</stg>
