<profile>

<RTLDesignHierarchy>
<TopModule>
<ModuleName>myproject</ModuleName>
<InstancesList>
<Instance>
<InstName>dense_array_ap_fixed_784u_array_ap_fixed_16_6_5_3_0_4u_config2_U0</InstName>
<ModuleName>dense_array_ap_fixed_784u_array_ap_fixed_16_6_5_3_0_4u_config2_s</ModuleName>
<IsCompInst>true</IsCompInst>
<ID>96</ID>
</Instance>
<Instance>
<InstName>linear_array_ap_fixed_4u_array_ap_int_4_4u_linear_config4_U0</InstName>
<ModuleName>linear_array_ap_fixed_4u_array_ap_int_4_4u_linear_config4_s</ModuleName>
<IsCompInst>true</IsCompInst>
<ID>103</ID>
</Instance>
<Instance>
<InstName>dense_array_ap_int_4_4u_array_ap_fixed_16_6_5_3_0_3u_config5_U0</InstName>
<ModuleName>dense_array_ap_int_4_4u_array_ap_fixed_16_6_5_3_0_3u_config5_s</ModuleName>
<IsCompInst>true</IsCompInst>
<ID>109</ID>
</Instance>
<Instance>
<InstName>linear_array_ap_fixed_3u_array_ap_int_4_3u_linear_config7_U0</InstName>
<ModuleName>linear_array_ap_fixed_3u_array_ap_int_4_3u_linear_config7_s</ModuleName>
<IsCompInst>true</IsCompInst>
<ID>115</ID>
</Instance>
<Instance>
<InstName>dense_array_ap_int_4_3u_array_ap_fixed_16_6_5_3_0_2u_config8_U0</InstName>
<ModuleName>dense_array_ap_int_4_3u_array_ap_fixed_16_6_5_3_0_2u_config8_s</ModuleName>
<IsCompInst>true</IsCompInst>
<ID>121</ID>
</Instance>
<Instance>
<InstName>linear_array_ap_fixed_2u_array_ap_int_4_2u_linear_config10_U0</InstName>
<ModuleName>linear_array_ap_fixed_2u_array_ap_int_4_2u_linear_config10_s</ModuleName>
<IsCompInst>true</IsCompInst>
<ID>127</ID>
</Instance>
<Instance>
<InstName>dense_array_ap_int_4_2u_array_ap_fixed_16_6_5_3_0_10u_config11_U0</InstName>
<ModuleName>dense_array_ap_int_4_2u_array_ap_fixed_16_6_5_3_0_10u_config11_s</ModuleName>
<IsCompInst>true</IsCompInst>
<ID>133</ID>
</Instance>
<Instance>
<InstName>softmax_array_array_ap_fixed_16_6_5_3_0_10u_softmax_config13_U0</InstName>
<ModuleName>softmax_array_array_ap_fixed_16_6_5_3_0_10u_softmax_config13_s</ModuleName>
<IsCompInst>true</IsCompInst>
<ID>139</ID>
<InstancesList>
<Instance>
<InstName>grp_softmax_stable_array_array_ap_fixed_16_6_5_3_0_10u_softmax_config13_s_fu_26</InstName>
<ModuleName>softmax_stable_array_array_ap_fixed_16_6_5_3_0_10u_softmax_config13_s</ModuleName>
<IsCompInst>true</IsCompInst>
<ID>26</ID>
</Instance>
</InstancesList>
</Instance>
</InstancesList>
</TopModule>
</RTLDesignHierarchy>

<ModuleInformation>
<Module>
<Name>dense_array_ap_fixed_784u_array_ap_fixed_16_6_5_3_0_4u_config2_s</Name>
<PerformanceEstimates>
<SummaryOfTimingAnalysis>
<TargetClockPeriod>5.00</TargetClockPeriod>
<ClockUncertainty>0.62</ClockUncertainty>
<EstimatedClockPeriod>4.372</EstimatedClockPeriod>
</SummaryOfTimingAnalysis>
<SummaryOfOverallLatency>
<Best-caseLatency>7</Best-caseLatency>
<Average-caseLatency>7</Average-caseLatency>
<Worst-caseLatency>7</Worst-caseLatency>
<Best-caseRealTimeLatency>35.000 ns</Best-caseRealTimeLatency>
<Average-caseRealTimeLatency>35.000 ns</Average-caseRealTimeLatency>
<Worst-caseRealTimeLatency>35.000 ns</Worst-caseRealTimeLatency>
<PipelineInitiationInterval>7</PipelineInitiationInterval>
<PipelineType>no</PipelineType>
</SummaryOfOverallLatency>
</PerformanceEstimates>
<AreaEstimates>
<Resources>
<FF>976</FF>
<AVAIL_FF>106400</AVAIL_FF>
<UTIL_FF>~0</UTIL_FF>
<LUT>4588</LUT>
<AVAIL_LUT>53200</AVAIL_LUT>
<UTIL_LUT>8</UTIL_LUT>
<BRAM_18K>0</BRAM_18K>
<AVAIL_BRAM>280</AVAIL_BRAM>
<UTIL_BRAM>0</UTIL_BRAM>
<DSP>0</DSP>
<AVAIL_DSP>220</AVAIL_DSP>
<UTIL_DSP>0</UTIL_DSP>
<URAM>0</URAM>
<AVAIL_URAM>0</AVAIL_URAM>
<UTIL_URAM>0</UTIL_URAM>
</Resources>
</AreaEstimates>
<InterfaceSummary>
<RtlPorts>
<name>ap_clk</name>
<Object>dense&lt;array&lt;ap_fixed,784u&gt;,array&lt;ap_fixed&lt;16,6,5,3,0&gt;,4u&gt;,config2&gt;</Object>
<Type>return value</Type>
<Scope></Scope>
<IOProtocol>ap_ctrl_hs</IOProtocol>
<IOConfig></IOConfig>
<Dir>in</Dir>
<Bits>1</Bits>
<Attribute>control</Attribute>
</RtlPorts>
<RtlPorts>
<name>ap_rst</name>
<Object>dense&lt;array&lt;ap_fixed,784u&gt;,array&lt;ap_fixed&lt;16,6,5,3,0&gt;,4u&gt;,config2&gt;</Object>
<Type>return value</Type>
<Scope></Scope>
<IOProtocol>ap_ctrl_hs</IOProtocol>
<IOConfig></IOConfig>
<Dir>in</Dir>
<Bits>1</Bits>
<Attribute>control</Attribute>
</RtlPorts>
<RtlPorts>
<name>ap_start</name>
<Object>dense&lt;array&lt;ap_fixed,784u&gt;,array&lt;ap_fixed&lt;16,6,5,3,0&gt;,4u&gt;,config2&gt;</Object>
<Type>return value</Type>
<Scope></Scope>
<IOProtocol>ap_ctrl_hs</IOProtocol>
<IOConfig></IOConfig>
<Dir>in</Dir>
<Bits>1</Bits>
<Attribute>control</Attribute>
</RtlPorts>
<RtlPorts>
<name>start_full_n</name>
<Object>dense&lt;array&lt;ap_fixed,784u&gt;,array&lt;ap_fixed&lt;16,6,5,3,0&gt;,4u&gt;,config2&gt;</Object>
<Type>return value</Type>
<Scope></Scope>
<IOProtocol>ap_ctrl_hs</IOProtocol>
<IOConfig></IOConfig>
<Dir>in</Dir>
<Bits>1</Bits>
<Attribute>unknown</Attribute>
</RtlPorts>
<RtlPorts>
<name>ap_done</name>
<Object>dense&lt;array&lt;ap_fixed,784u&gt;,array&lt;ap_fixed&lt;16,6,5,3,0&gt;,4u&gt;,config2&gt;</Object>
<Type>return value</Type>
<Scope></Scope>
<IOProtocol>ap_ctrl_hs</IOProtocol>
<IOConfig></IOConfig>
<Dir>out</Dir>
<Bits>1</Bits>
<Attribute>control</Attribute>
</RtlPorts>
<RtlPorts>
<name>ap_continue</name>
<Object>dense&lt;array&lt;ap_fixed,784u&gt;,array&lt;ap_fixed&lt;16,6,5,3,0&gt;,4u&gt;,config2&gt;</Object>
<Type>return value</Type>
<Scope></Scope>
<IOProtocol>ap_ctrl_hs</IOProtocol>
<IOConfig></IOConfig>
<Dir>in</Dir>
<Bits>1</Bits>
<Attribute>control</Attribute>
</RtlPorts>
<RtlPorts>
<name>ap_idle</name>
<Object>dense&lt;array&lt;ap_fixed,784u&gt;,array&lt;ap_fixed&lt;16,6,5,3,0&gt;,4u&gt;,config2&gt;</Object>
<Type>return value</Type>
<Scope></Scope>
<IOProtocol>ap_ctrl_hs</IOProtocol>
<IOConfig></IOConfig>
<Dir>out</Dir>
<Bits>1</Bits>
<Attribute>control</Attribute>
</RtlPorts>
<RtlPorts>
<name>ap_ready</name>
<Object>dense&lt;array&lt;ap_fixed,784u&gt;,array&lt;ap_fixed&lt;16,6,5,3,0&gt;,4u&gt;,config2&gt;</Object>
<Type>return value</Type>
<Scope></Scope>
<IOProtocol>ap_ctrl_hs</IOProtocol>
<IOConfig></IOConfig>
<Dir>out</Dir>
<Bits>1</Bits>
<Attribute>control</Attribute>
</RtlPorts>
<RtlPorts>
<name>start_out</name>
<Object>dense&lt;array&lt;ap_fixed,784u&gt;,array&lt;ap_fixed&lt;16,6,5,3,0&gt;,4u&gt;,config2&gt;</Object>
<Type>return value</Type>
<Scope></Scope>
<IOProtocol>ap_ctrl_hs</IOProtocol>
<IOConfig></IOConfig>
<Dir>out</Dir>
<Bits>1</Bits>
<Attribute>unknown</Attribute>
</RtlPorts>
<RtlPorts>
<name>start_write</name>
<Object>dense&lt;array&lt;ap_fixed,784u&gt;,array&lt;ap_fixed&lt;16,6,5,3,0&gt;,4u&gt;,config2&gt;</Object>
<Type>return value</Type>
<Scope></Scope>
<IOProtocol>ap_ctrl_hs</IOProtocol>
<IOConfig></IOConfig>
<Dir>out</Dir>
<Bits>1</Bits>
<Attribute>unknown</Attribute>
</RtlPorts>
<RtlPorts>
<name>fc1_input_TDATA</name>
<Object>fc1_input</Object>
<Type>pointer</Type>
<Scope></Scope>
<IOProtocol>axis</IOProtocol>
<IOConfig>register, both mode</IOConfig>
<Dir>in</Dir>
<Bits>12544</Bits>
<Attribute>data</Attribute>
</RtlPorts>
<RtlPorts>
<name>fc1_input_TVALID</name>
<Object>fc1_input</Object>
<Type>pointer</Type>
<Scope></Scope>
<IOProtocol>axis</IOProtocol>
<IOConfig>register, both mode</IOConfig>
<Dir>in</Dir>
<Bits>1</Bits>
<Attribute>control</Attribute>
</RtlPorts>
<RtlPorts>
<name>fc1_input_TREADY</name>
<Object>fc1_input</Object>
<Type>pointer</Type>
<Scope></Scope>
<IOProtocol>axis</IOProtocol>
<IOConfig>register, both mode</IOConfig>
<Dir>out</Dir>
<Bits>1</Bits>
<Attribute>control</Attribute>
</RtlPorts>
<RtlPorts>
<name>layer2_out_din</name>
<Object>layer2_out</Object>
<Type>pointer</Type>
<Scope></Scope>
<IOProtocol>ap_fifo</IOProtocol>
<IOConfig></IOConfig>
<Dir>out</Dir>
<Bits>64</Bits>
<Attribute>control</Attribute>
</RtlPorts>
<RtlPorts>
<name>layer2_out_num_data_valid</name>
<Object>layer2_out</Object>
<Type>pointer</Type>
<Scope></Scope>
<IOProtocol>ap_fifo</IOProtocol>
<IOConfig></IOConfig>
<Dir>in</Dir>
<Bits>2</Bits>
<Attribute>control</Attribute>
</RtlPorts>
<RtlPorts>
<name>layer2_out_fifo_cap</name>
<Object>layer2_out</Object>
<Type>pointer</Type>
<Scope></Scope>
<IOProtocol>ap_fifo</IOProtocol>
<IOConfig></IOConfig>
<Dir>in</Dir>
<Bits>2</Bits>
<Attribute>unknown</Attribute>
</RtlPorts>
<RtlPorts>
<name>layer2_out_full_n</name>
<Object>layer2_out</Object>
<Type>pointer</Type>
<Scope></Scope>
<IOProtocol>ap_fifo</IOProtocol>
<IOConfig></IOConfig>
<Dir>in</Dir>
<Bits>1</Bits>
<Attribute>control</Attribute>
</RtlPorts>
<RtlPorts>
<name>layer2_out_write</name>
<Object>layer2_out</Object>
<Type>pointer</Type>
<Scope></Scope>
<IOProtocol>ap_fifo</IOProtocol>
<IOConfig></IOConfig>
<Dir>out</Dir>
<Bits>1</Bits>
<Attribute>control</Attribute>
</RtlPorts>
</InterfaceSummary>
</Module>
<Module>
<Name>linear_array_ap_fixed_4u_array_ap_int_4_4u_linear_config4_s</Name>
<PerformanceEstimates>
<SummaryOfTimingAnalysis>
<TargetClockPeriod>5.00</TargetClockPeriod>
<ClockUncertainty>0.62</ClockUncertainty>
<EstimatedClockPeriod>3.958</EstimatedClockPeriod>
</SummaryOfTimingAnalysis>
<SummaryOfOverallLatency>
<Best-caseLatency>1</Best-caseLatency>
<Average-caseLatency>1</Average-caseLatency>
<Worst-caseLatency>1</Worst-caseLatency>
<Best-caseRealTimeLatency>5.000 ns</Best-caseRealTimeLatency>
<Average-caseRealTimeLatency>5.000 ns</Average-caseRealTimeLatency>
<Worst-caseRealTimeLatency>5.000 ns</Worst-caseRealTimeLatency>
<PipelineInitiationInterval>1</PipelineInitiationInterval>
<PipelineType>no</PipelineType>
</SummaryOfOverallLatency>
</PerformanceEstimates>
<AreaEstimates>
<Resources>
<FF>104</FF>
<AVAIL_FF>106400</AVAIL_FF>
<UTIL_FF>~0</UTIL_FF>
<LUT>180</LUT>
<AVAIL_LUT>53200</AVAIL_LUT>
<UTIL_LUT>~0</UTIL_LUT>
<BRAM_18K>0</BRAM_18K>
<AVAIL_BRAM>280</AVAIL_BRAM>
<UTIL_BRAM>0</UTIL_BRAM>
<DSP>0</DSP>
<AVAIL_DSP>220</AVAIL_DSP>
<UTIL_DSP>0</UTIL_DSP>
<URAM>0</URAM>
<AVAIL_URAM>0</AVAIL_URAM>
<UTIL_URAM>0</UTIL_URAM>
</Resources>
</AreaEstimates>
<InterfaceSummary>
<RtlPorts>
<name>ap_clk</name>
<Object>linear&lt;array&lt;ap_fixed,4u&gt;,array&lt;ap_int&lt;4&gt;,4u&gt;,linear_config4&gt;</Object>
<Type>return value</Type>
<Scope></Scope>
<IOProtocol>ap_ctrl_hs</IOProtocol>
<IOConfig></IOConfig>
<Dir>in</Dir>
<Bits>1</Bits>
<Attribute>control</Attribute>
</RtlPorts>
<RtlPorts>
<name>ap_rst</name>
<Object>linear&lt;array&lt;ap_fixed,4u&gt;,array&lt;ap_int&lt;4&gt;,4u&gt;,linear_config4&gt;</Object>
<Type>return value</Type>
<Scope></Scope>
<IOProtocol>ap_ctrl_hs</IOProtocol>
<IOConfig></IOConfig>
<Dir>in</Dir>
<Bits>1</Bits>
<Attribute>control</Attribute>
</RtlPorts>
<RtlPorts>
<name>ap_start</name>
<Object>linear&lt;array&lt;ap_fixed,4u&gt;,array&lt;ap_int&lt;4&gt;,4u&gt;,linear_config4&gt;</Object>
<Type>return value</Type>
<Scope></Scope>
<IOProtocol>ap_ctrl_hs</IOProtocol>
<IOConfig></IOConfig>
<Dir>in</Dir>
<Bits>1</Bits>
<Attribute>control</Attribute>
</RtlPorts>
<RtlPorts>
<name>start_full_n</name>
<Object>linear&lt;array&lt;ap_fixed,4u&gt;,array&lt;ap_int&lt;4&gt;,4u&gt;,linear_config4&gt;</Object>
<Type>return value</Type>
<Scope></Scope>
<IOProtocol>ap_ctrl_hs</IOProtocol>
<IOConfig></IOConfig>
<Dir>in</Dir>
<Bits>1</Bits>
<Attribute>unknown</Attribute>
</RtlPorts>
<RtlPorts>
<name>ap_done</name>
<Object>linear&lt;array&lt;ap_fixed,4u&gt;,array&lt;ap_int&lt;4&gt;,4u&gt;,linear_config4&gt;</Object>
<Type>return value</Type>
<Scope></Scope>
<IOProtocol>ap_ctrl_hs</IOProtocol>
<IOConfig></IOConfig>
<Dir>out</Dir>
<Bits>1</Bits>
<Attribute>control</Attribute>
</RtlPorts>
<RtlPorts>
<name>ap_continue</name>
<Object>linear&lt;array&lt;ap_fixed,4u&gt;,array&lt;ap_int&lt;4&gt;,4u&gt;,linear_config4&gt;</Object>
<Type>return value</Type>
<Scope></Scope>
<IOProtocol>ap_ctrl_hs</IOProtocol>
<IOConfig></IOConfig>
<Dir>in</Dir>
<Bits>1</Bits>
<Attribute>control</Attribute>
</RtlPorts>
<RtlPorts>
<name>ap_idle</name>
<Object>linear&lt;array&lt;ap_fixed,4u&gt;,array&lt;ap_int&lt;4&gt;,4u&gt;,linear_config4&gt;</Object>
<Type>return value</Type>
<Scope></Scope>
<IOProtocol>ap_ctrl_hs</IOProtocol>
<IOConfig></IOConfig>
<Dir>out</Dir>
<Bits>1</Bits>
<Attribute>control</Attribute>
</RtlPorts>
<RtlPorts>
<name>ap_ready</name>
<Object>linear&lt;array&lt;ap_fixed,4u&gt;,array&lt;ap_int&lt;4&gt;,4u&gt;,linear_config4&gt;</Object>
<Type>return value</Type>
<Scope></Scope>
<IOProtocol>ap_ctrl_hs</IOProtocol>
<IOConfig></IOConfig>
<Dir>out</Dir>
<Bits>1</Bits>
<Attribute>control</Attribute>
</RtlPorts>
<RtlPorts>
<name>start_out</name>
<Object>linear&lt;array&lt;ap_fixed,4u&gt;,array&lt;ap_int&lt;4&gt;,4u&gt;,linear_config4&gt;</Object>
<Type>return value</Type>
<Scope></Scope>
<IOProtocol>ap_ctrl_hs</IOProtocol>
<IOConfig></IOConfig>
<Dir>out</Dir>
<Bits>1</Bits>
<Attribute>unknown</Attribute>
</RtlPorts>
<RtlPorts>
<name>start_write</name>
<Object>linear&lt;array&lt;ap_fixed,4u&gt;,array&lt;ap_int&lt;4&gt;,4u&gt;,linear_config4&gt;</Object>
<Type>return value</Type>
<Scope></Scope>
<IOProtocol>ap_ctrl_hs</IOProtocol>
<IOConfig></IOConfig>
<Dir>out</Dir>
<Bits>1</Bits>
<Attribute>unknown</Attribute>
</RtlPorts>
<RtlPorts>
<name>layer2_out_dout</name>
<Object>layer2_out</Object>
<Type>pointer</Type>
<Scope></Scope>
<IOProtocol>ap_fifo</IOProtocol>
<IOConfig></IOConfig>
<Dir>in</Dir>
<Bits>64</Bits>
<Attribute>control</Attribute>
</RtlPorts>
<RtlPorts>
<name>layer2_out_num_data_valid</name>
<Object>layer2_out</Object>
<Type>pointer</Type>
<Scope></Scope>
<IOProtocol>ap_fifo</IOProtocol>
<IOConfig></IOConfig>
<Dir>in</Dir>
<Bits>2</Bits>
<Attribute>control</Attribute>
</RtlPorts>
<RtlPorts>
<name>layer2_out_fifo_cap</name>
<Object>layer2_out</Object>
<Type>pointer</Type>
<Scope></Scope>
<IOProtocol>ap_fifo</IOProtocol>
<IOConfig></IOConfig>
<Dir>in</Dir>
<Bits>2</Bits>
<Attribute>unknown</Attribute>
</RtlPorts>
<RtlPorts>
<name>layer2_out_empty_n</name>
<Object>layer2_out</Object>
<Type>pointer</Type>
<Scope></Scope>
<IOProtocol>ap_fifo</IOProtocol>
<IOConfig></IOConfig>
<Dir>in</Dir>
<Bits>1</Bits>
<Attribute>control</Attribute>
</RtlPorts>
<RtlPorts>
<name>layer2_out_read</name>
<Object>layer2_out</Object>
<Type>pointer</Type>
<Scope></Scope>
<IOProtocol>ap_fifo</IOProtocol>
<IOConfig></IOConfig>
<Dir>out</Dir>
<Bits>1</Bits>
<Attribute>control</Attribute>
</RtlPorts>
<RtlPorts>
<name>layer4_out_din</name>
<Object>layer4_out</Object>
<Type>pointer</Type>
<Scope></Scope>
<IOProtocol>ap_fifo</IOProtocol>
<IOConfig></IOConfig>
<Dir>out</Dir>
<Bits>16</Bits>
<Attribute>control</Attribute>
</RtlPorts>
<RtlPorts>
<name>layer4_out_num_data_valid</name>
<Object>layer4_out</Object>
<Type>pointer</Type>
<Scope></Scope>
<IOProtocol>ap_fifo</IOProtocol>
<IOConfig></IOConfig>
<Dir>in</Dir>
<Bits>2</Bits>
<Attribute>control</Attribute>
</RtlPorts>
<RtlPorts>
<name>layer4_out_fifo_cap</name>
<Object>layer4_out</Object>
<Type>pointer</Type>
<Scope></Scope>
<IOProtocol>ap_fifo</IOProtocol>
<IOConfig></IOConfig>
<Dir>in</Dir>
<Bits>2</Bits>
<Attribute>unknown</Attribute>
</RtlPorts>
<RtlPorts>
<name>layer4_out_full_n</name>
<Object>layer4_out</Object>
<Type>pointer</Type>
<Scope></Scope>
<IOProtocol>ap_fifo</IOProtocol>
<IOConfig></IOConfig>
<Dir>in</Dir>
<Bits>1</Bits>
<Attribute>control</Attribute>
</RtlPorts>
<RtlPorts>
<name>layer4_out_write</name>
<Object>layer4_out</Object>
<Type>pointer</Type>
<Scope></Scope>
<IOProtocol>ap_fifo</IOProtocol>
<IOConfig></IOConfig>
<Dir>out</Dir>
<Bits>1</Bits>
<Attribute>control</Attribute>
</RtlPorts>
</InterfaceSummary>
</Module>
<Module>
<Name>dense_array_ap_int_4_4u_array_ap_fixed_16_6_5_3_0_3u_config5_s</Name>
<PerformanceEstimates>
<SummaryOfTimingAnalysis>
<TargetClockPeriod>5.00</TargetClockPeriod>
<ClockUncertainty>0.62</ClockUncertainty>
<EstimatedClockPeriod>4.343</EstimatedClockPeriod>
</SummaryOfTimingAnalysis>
<SummaryOfOverallLatency>
<Best-caseLatency>2</Best-caseLatency>
<Average-caseLatency>2</Average-caseLatency>
<Worst-caseLatency>2</Worst-caseLatency>
<Best-caseRealTimeLatency>10.000 ns</Best-caseRealTimeLatency>
<Average-caseRealTimeLatency>10.000 ns</Average-caseRealTimeLatency>
<Worst-caseRealTimeLatency>10.000 ns</Worst-caseRealTimeLatency>
<PipelineInitiationInterval>2</PipelineInitiationInterval>
<PipelineType>no</PipelineType>
</SummaryOfOverallLatency>
</PerformanceEstimates>
<AreaEstimates>
<Resources>
<FF>21</FF>
<AVAIL_FF>106400</AVAIL_FF>
<UTIL_FF>~0</UTIL_FF>
<LUT>117</LUT>
<AVAIL_LUT>53200</AVAIL_LUT>
<UTIL_LUT>~0</UTIL_LUT>
<BRAM_18K>0</BRAM_18K>
<AVAIL_BRAM>280</AVAIL_BRAM>
<UTIL_BRAM>0</UTIL_BRAM>
<DSP>0</DSP>
<AVAIL_DSP>220</AVAIL_DSP>
<UTIL_DSP>0</UTIL_DSP>
<URAM>0</URAM>
<AVAIL_URAM>0</AVAIL_URAM>
<UTIL_URAM>0</UTIL_URAM>
</Resources>
</AreaEstimates>
<InterfaceSummary>
<RtlPorts>
<name>ap_clk</name>
<Object>dense&lt;array&lt;ap_int&lt;4&gt;, 4u&gt;, array&lt;ap_fixed&lt;16, 6, 5, 3, 0&gt;, 3u&gt;, config5&gt;</Object>
<Type>return value</Type>
<Scope></Scope>
<IOProtocol>ap_ctrl_hs</IOProtocol>
<IOConfig></IOConfig>
<Dir>in</Dir>
<Bits>1</Bits>
<Attribute>control</Attribute>
</RtlPorts>
<RtlPorts>
<name>ap_rst</name>
<Object>dense&lt;array&lt;ap_int&lt;4&gt;, 4u&gt;, array&lt;ap_fixed&lt;16, 6, 5, 3, 0&gt;, 3u&gt;, config5&gt;</Object>
<Type>return value</Type>
<Scope></Scope>
<IOProtocol>ap_ctrl_hs</IOProtocol>
<IOConfig></IOConfig>
<Dir>in</Dir>
<Bits>1</Bits>
<Attribute>control</Attribute>
</RtlPorts>
<RtlPorts>
<name>ap_start</name>
<Object>dense&lt;array&lt;ap_int&lt;4&gt;, 4u&gt;, array&lt;ap_fixed&lt;16, 6, 5, 3, 0&gt;, 3u&gt;, config5&gt;</Object>
<Type>return value</Type>
<Scope></Scope>
<IOProtocol>ap_ctrl_hs</IOProtocol>
<IOConfig></IOConfig>
<Dir>in</Dir>
<Bits>1</Bits>
<Attribute>control</Attribute>
</RtlPorts>
<RtlPorts>
<name>start_full_n</name>
<Object>dense&lt;array&lt;ap_int&lt;4&gt;, 4u&gt;, array&lt;ap_fixed&lt;16, 6, 5, 3, 0&gt;, 3u&gt;, config5&gt;</Object>
<Type>return value</Type>
<Scope></Scope>
<IOProtocol>ap_ctrl_hs</IOProtocol>
<IOConfig></IOConfig>
<Dir>in</Dir>
<Bits>1</Bits>
<Attribute>unknown</Attribute>
</RtlPorts>
<RtlPorts>
<name>ap_done</name>
<Object>dense&lt;array&lt;ap_int&lt;4&gt;, 4u&gt;, array&lt;ap_fixed&lt;16, 6, 5, 3, 0&gt;, 3u&gt;, config5&gt;</Object>
<Type>return value</Type>
<Scope></Scope>
<IOProtocol>ap_ctrl_hs</IOProtocol>
<IOConfig></IOConfig>
<Dir>out</Dir>
<Bits>1</Bits>
<Attribute>control</Attribute>
</RtlPorts>
<RtlPorts>
<name>ap_continue</name>
<Object>dense&lt;array&lt;ap_int&lt;4&gt;, 4u&gt;, array&lt;ap_fixed&lt;16, 6, 5, 3, 0&gt;, 3u&gt;, config5&gt;</Object>
<Type>return value</Type>
<Scope></Scope>
<IOProtocol>ap_ctrl_hs</IOProtocol>
<IOConfig></IOConfig>
<Dir>in</Dir>
<Bits>1</Bits>
<Attribute>control</Attribute>
</RtlPorts>
<RtlPorts>
<name>ap_idle</name>
<Object>dense&lt;array&lt;ap_int&lt;4&gt;, 4u&gt;, array&lt;ap_fixed&lt;16, 6, 5, 3, 0&gt;, 3u&gt;, config5&gt;</Object>
<Type>return value</Type>
<Scope></Scope>
<IOProtocol>ap_ctrl_hs</IOProtocol>
<IOConfig></IOConfig>
<Dir>out</Dir>
<Bits>1</Bits>
<Attribute>control</Attribute>
</RtlPorts>
<RtlPorts>
<name>ap_ready</name>
<Object>dense&lt;array&lt;ap_int&lt;4&gt;, 4u&gt;, array&lt;ap_fixed&lt;16, 6, 5, 3, 0&gt;, 3u&gt;, config5&gt;</Object>
<Type>return value</Type>
<Scope></Scope>
<IOProtocol>ap_ctrl_hs</IOProtocol>
<IOConfig></IOConfig>
<Dir>out</Dir>
<Bits>1</Bits>
<Attribute>control</Attribute>
</RtlPorts>
<RtlPorts>
<name>start_out</name>
<Object>dense&lt;array&lt;ap_int&lt;4&gt;, 4u&gt;, array&lt;ap_fixed&lt;16, 6, 5, 3, 0&gt;, 3u&gt;, config5&gt;</Object>
<Type>return value</Type>
<Scope></Scope>
<IOProtocol>ap_ctrl_hs</IOProtocol>
<IOConfig></IOConfig>
<Dir>out</Dir>
<Bits>1</Bits>
<Attribute>unknown</Attribute>
</RtlPorts>
<RtlPorts>
<name>start_write</name>
<Object>dense&lt;array&lt;ap_int&lt;4&gt;, 4u&gt;, array&lt;ap_fixed&lt;16, 6, 5, 3, 0&gt;, 3u&gt;, config5&gt;</Object>
<Type>return value</Type>
<Scope></Scope>
<IOProtocol>ap_ctrl_hs</IOProtocol>
<IOConfig></IOConfig>
<Dir>out</Dir>
<Bits>1</Bits>
<Attribute>unknown</Attribute>
</RtlPorts>
<RtlPorts>
<name>layer4_out_dout</name>
<Object>layer4_out</Object>
<Type>pointer</Type>
<Scope></Scope>
<IOProtocol>ap_fifo</IOProtocol>
<IOConfig></IOConfig>
<Dir>in</Dir>
<Bits>16</Bits>
<Attribute>control</Attribute>
</RtlPorts>
<RtlPorts>
<name>layer4_out_num_data_valid</name>
<Object>layer4_out</Object>
<Type>pointer</Type>
<Scope></Scope>
<IOProtocol>ap_fifo</IOProtocol>
<IOConfig></IOConfig>
<Dir>in</Dir>
<Bits>2</Bits>
<Attribute>control</Attribute>
</RtlPorts>
<RtlPorts>
<name>layer4_out_fifo_cap</name>
<Object>layer4_out</Object>
<Type>pointer</Type>
<Scope></Scope>
<IOProtocol>ap_fifo</IOProtocol>
<IOConfig></IOConfig>
<Dir>in</Dir>
<Bits>2</Bits>
<Attribute>unknown</Attribute>
</RtlPorts>
<RtlPorts>
<name>layer4_out_empty_n</name>
<Object>layer4_out</Object>
<Type>pointer</Type>
<Scope></Scope>
<IOProtocol>ap_fifo</IOProtocol>
<IOConfig></IOConfig>
<Dir>in</Dir>
<Bits>1</Bits>
<Attribute>control</Attribute>
</RtlPorts>
<RtlPorts>
<name>layer4_out_read</name>
<Object>layer4_out</Object>
<Type>pointer</Type>
<Scope></Scope>
<IOProtocol>ap_fifo</IOProtocol>
<IOConfig></IOConfig>
<Dir>out</Dir>
<Bits>1</Bits>
<Attribute>control</Attribute>
</RtlPorts>
<RtlPorts>
<name>layer5_out_din</name>
<Object>layer5_out</Object>
<Type>pointer</Type>
<Scope></Scope>
<IOProtocol>ap_fifo</IOProtocol>
<IOConfig></IOConfig>
<Dir>out</Dir>
<Bits>48</Bits>
<Attribute>control</Attribute>
</RtlPorts>
<RtlPorts>
<name>layer5_out_num_data_valid</name>
<Object>layer5_out</Object>
<Type>pointer</Type>
<Scope></Scope>
<IOProtocol>ap_fifo</IOProtocol>
<IOConfig></IOConfig>
<Dir>in</Dir>
<Bits>2</Bits>
<Attribute>control</Attribute>
</RtlPorts>
<RtlPorts>
<name>layer5_out_fifo_cap</name>
<Object>layer5_out</Object>
<Type>pointer</Type>
<Scope></Scope>
<IOProtocol>ap_fifo</IOProtocol>
<IOConfig></IOConfig>
<Dir>in</Dir>
<Bits>2</Bits>
<Attribute>unknown</Attribute>
</RtlPorts>
<RtlPorts>
<name>layer5_out_full_n</name>
<Object>layer5_out</Object>
<Type>pointer</Type>
<Scope></Scope>
<IOProtocol>ap_fifo</IOProtocol>
<IOConfig></IOConfig>
<Dir>in</Dir>
<Bits>1</Bits>
<Attribute>control</Attribute>
</RtlPorts>
<RtlPorts>
<name>layer5_out_write</name>
<Object>layer5_out</Object>
<Type>pointer</Type>
<Scope></Scope>
<IOProtocol>ap_fifo</IOProtocol>
<IOConfig></IOConfig>
<Dir>out</Dir>
<Bits>1</Bits>
<Attribute>control</Attribute>
</RtlPorts>
</InterfaceSummary>
</Module>
<Module>
<Name>linear_array_ap_fixed_3u_array_ap_int_4_3u_linear_config7_s</Name>
<PerformanceEstimates>
<SummaryOfTimingAnalysis>
<TargetClockPeriod>5.00</TargetClockPeriod>
<ClockUncertainty>0.62</ClockUncertainty>
<EstimatedClockPeriod>3.958</EstimatedClockPeriod>
</SummaryOfTimingAnalysis>
<SummaryOfOverallLatency>
<Best-caseLatency>1</Best-caseLatency>
<Average-caseLatency>1</Average-caseLatency>
<Worst-caseLatency>1</Worst-caseLatency>
<Best-caseRealTimeLatency>5.000 ns</Best-caseRealTimeLatency>
<Average-caseRealTimeLatency>5.000 ns</Average-caseRealTimeLatency>
<Worst-caseRealTimeLatency>5.000 ns</Worst-caseRealTimeLatency>
<PipelineInitiationInterval>1</PipelineInitiationInterval>
<PipelineType>no</PipelineType>
</SummaryOfOverallLatency>
</PerformanceEstimates>
<AreaEstimates>
<Resources>
<FF>79</FF>
<AVAIL_FF>106400</AVAIL_FF>
<UTIL_FF>~0</UTIL_FF>
<LUT>148</LUT>
<AVAIL_LUT>53200</AVAIL_LUT>
<UTIL_LUT>~0</UTIL_LUT>
<BRAM_18K>0</BRAM_18K>
<AVAIL_BRAM>280</AVAIL_BRAM>
<UTIL_BRAM>0</UTIL_BRAM>
<DSP>0</DSP>
<AVAIL_DSP>220</AVAIL_DSP>
<UTIL_DSP>0</UTIL_DSP>
<URAM>0</URAM>
<AVAIL_URAM>0</AVAIL_URAM>
<UTIL_URAM>0</UTIL_URAM>
</Resources>
</AreaEstimates>
<InterfaceSummary>
<RtlPorts>
<name>ap_clk</name>
<Object>linear&lt;array&lt;ap_fixed,3u&gt;,array&lt;ap_int&lt;4&gt;,3u&gt;,linear_config7&gt;</Object>
<Type>return value</Type>
<Scope></Scope>
<IOProtocol>ap_ctrl_hs</IOProtocol>
<IOConfig></IOConfig>
<Dir>in</Dir>
<Bits>1</Bits>
<Attribute>control</Attribute>
</RtlPorts>
<RtlPorts>
<name>ap_rst</name>
<Object>linear&lt;array&lt;ap_fixed,3u&gt;,array&lt;ap_int&lt;4&gt;,3u&gt;,linear_config7&gt;</Object>
<Type>return value</Type>
<Scope></Scope>
<IOProtocol>ap_ctrl_hs</IOProtocol>
<IOConfig></IOConfig>
<Dir>in</Dir>
<Bits>1</Bits>
<Attribute>control</Attribute>
</RtlPorts>
<RtlPorts>
<name>ap_start</name>
<Object>linear&lt;array&lt;ap_fixed,3u&gt;,array&lt;ap_int&lt;4&gt;,3u&gt;,linear_config7&gt;</Object>
<Type>return value</Type>
<Scope></Scope>
<IOProtocol>ap_ctrl_hs</IOProtocol>
<IOConfig></IOConfig>
<Dir>in</Dir>
<Bits>1</Bits>
<Attribute>control</Attribute>
</RtlPorts>
<RtlPorts>
<name>start_full_n</name>
<Object>linear&lt;array&lt;ap_fixed,3u&gt;,array&lt;ap_int&lt;4&gt;,3u&gt;,linear_config7&gt;</Object>
<Type>return value</Type>
<Scope></Scope>
<IOProtocol>ap_ctrl_hs</IOProtocol>
<IOConfig></IOConfig>
<Dir>in</Dir>
<Bits>1</Bits>
<Attribute>unknown</Attribute>
</RtlPorts>
<RtlPorts>
<name>ap_done</name>
<Object>linear&lt;array&lt;ap_fixed,3u&gt;,array&lt;ap_int&lt;4&gt;,3u&gt;,linear_config7&gt;</Object>
<Type>return value</Type>
<Scope></Scope>
<IOProtocol>ap_ctrl_hs</IOProtocol>
<IOConfig></IOConfig>
<Dir>out</Dir>
<Bits>1</Bits>
<Attribute>control</Attribute>
</RtlPorts>
<RtlPorts>
<name>ap_continue</name>
<Object>linear&lt;array&lt;ap_fixed,3u&gt;,array&lt;ap_int&lt;4&gt;,3u&gt;,linear_config7&gt;</Object>
<Type>return value</Type>
<Scope></Scope>
<IOProtocol>ap_ctrl_hs</IOProtocol>
<IOConfig></IOConfig>
<Dir>in</Dir>
<Bits>1</Bits>
<Attribute>control</Attribute>
</RtlPorts>
<RtlPorts>
<name>ap_idle</name>
<Object>linear&lt;array&lt;ap_fixed,3u&gt;,array&lt;ap_int&lt;4&gt;,3u&gt;,linear_config7&gt;</Object>
<Type>return value</Type>
<Scope></Scope>
<IOProtocol>ap_ctrl_hs</IOProtocol>
<IOConfig></IOConfig>
<Dir>out</Dir>
<Bits>1</Bits>
<Attribute>control</Attribute>
</RtlPorts>
<RtlPorts>
<name>ap_ready</name>
<Object>linear&lt;array&lt;ap_fixed,3u&gt;,array&lt;ap_int&lt;4&gt;,3u&gt;,linear_config7&gt;</Object>
<Type>return value</Type>
<Scope></Scope>
<IOProtocol>ap_ctrl_hs</IOProtocol>
<IOConfig></IOConfig>
<Dir>out</Dir>
<Bits>1</Bits>
<Attribute>control</Attribute>
</RtlPorts>
<RtlPorts>
<name>start_out</name>
<Object>linear&lt;array&lt;ap_fixed,3u&gt;,array&lt;ap_int&lt;4&gt;,3u&gt;,linear_config7&gt;</Object>
<Type>return value</Type>
<Scope></Scope>
<IOProtocol>ap_ctrl_hs</IOProtocol>
<IOConfig></IOConfig>
<Dir>out</Dir>
<Bits>1</Bits>
<Attribute>unknown</Attribute>
</RtlPorts>
<RtlPorts>
<name>start_write</name>
<Object>linear&lt;array&lt;ap_fixed,3u&gt;,array&lt;ap_int&lt;4&gt;,3u&gt;,linear_config7&gt;</Object>
<Type>return value</Type>
<Scope></Scope>
<IOProtocol>ap_ctrl_hs</IOProtocol>
<IOConfig></IOConfig>
<Dir>out</Dir>
<Bits>1</Bits>
<Attribute>unknown</Attribute>
</RtlPorts>
<RtlPorts>
<name>layer5_out_dout</name>
<Object>layer5_out</Object>
<Type>pointer</Type>
<Scope></Scope>
<IOProtocol>ap_fifo</IOProtocol>
<IOConfig></IOConfig>
<Dir>in</Dir>
<Bits>48</Bits>
<Attribute>control</Attribute>
</RtlPorts>
<RtlPorts>
<name>layer5_out_num_data_valid</name>
<Object>layer5_out</Object>
<Type>pointer</Type>
<Scope></Scope>
<IOProtocol>ap_fifo</IOProtocol>
<IOConfig></IOConfig>
<Dir>in</Dir>
<Bits>2</Bits>
<Attribute>control</Attribute>
</RtlPorts>
<RtlPorts>
<name>layer5_out_fifo_cap</name>
<Object>layer5_out</Object>
<Type>pointer</Type>
<Scope></Scope>
<IOProtocol>ap_fifo</IOProtocol>
<IOConfig></IOConfig>
<Dir>in</Dir>
<Bits>2</Bits>
<Attribute>unknown</Attribute>
</RtlPorts>
<RtlPorts>
<name>layer5_out_empty_n</name>
<Object>layer5_out</Object>
<Type>pointer</Type>
<Scope></Scope>
<IOProtocol>ap_fifo</IOProtocol>
<IOConfig></IOConfig>
<Dir>in</Dir>
<Bits>1</Bits>
<Attribute>control</Attribute>
</RtlPorts>
<RtlPorts>
<name>layer5_out_read</name>
<Object>layer5_out</Object>
<Type>pointer</Type>
<Scope></Scope>
<IOProtocol>ap_fifo</IOProtocol>
<IOConfig></IOConfig>
<Dir>out</Dir>
<Bits>1</Bits>
<Attribute>control</Attribute>
</RtlPorts>
<RtlPorts>
<name>layer7_out_din</name>
<Object>layer7_out</Object>
<Type>pointer</Type>
<Scope></Scope>
<IOProtocol>ap_fifo</IOProtocol>
<IOConfig></IOConfig>
<Dir>out</Dir>
<Bits>12</Bits>
<Attribute>control</Attribute>
</RtlPorts>
<RtlPorts>
<name>layer7_out_num_data_valid</name>
<Object>layer7_out</Object>
<Type>pointer</Type>
<Scope></Scope>
<IOProtocol>ap_fifo</IOProtocol>
<IOConfig></IOConfig>
<Dir>in</Dir>
<Bits>2</Bits>
<Attribute>control</Attribute>
</RtlPorts>
<RtlPorts>
<name>layer7_out_fifo_cap</name>
<Object>layer7_out</Object>
<Type>pointer</Type>
<Scope></Scope>
<IOProtocol>ap_fifo</IOProtocol>
<IOConfig></IOConfig>
<Dir>in</Dir>
<Bits>2</Bits>
<Attribute>unknown</Attribute>
</RtlPorts>
<RtlPorts>
<name>layer7_out_full_n</name>
<Object>layer7_out</Object>
<Type>pointer</Type>
<Scope></Scope>
<IOProtocol>ap_fifo</IOProtocol>
<IOConfig></IOConfig>
<Dir>in</Dir>
<Bits>1</Bits>
<Attribute>control</Attribute>
</RtlPorts>
<RtlPorts>
<name>layer7_out_write</name>
<Object>layer7_out</Object>
<Type>pointer</Type>
<Scope></Scope>
<IOProtocol>ap_fifo</IOProtocol>
<IOConfig></IOConfig>
<Dir>out</Dir>
<Bits>1</Bits>
<Attribute>control</Attribute>
</RtlPorts>
</InterfaceSummary>
</Module>
<Module>
<Name>dense_array_ap_int_4_3u_array_ap_fixed_16_6_5_3_0_2u_config8_s</Name>
<PerformanceEstimates>
<SummaryOfTimingAnalysis>
<TargetClockPeriod>5.00</TargetClockPeriod>
<ClockUncertainty>0.62</ClockUncertainty>
<EstimatedClockPeriod>4.258</EstimatedClockPeriod>
</SummaryOfTimingAnalysis>
<SummaryOfOverallLatency>
<Best-caseLatency>1</Best-caseLatency>
<Average-caseLatency>1</Average-caseLatency>
<Worst-caseLatency>1</Worst-caseLatency>
<Best-caseRealTimeLatency>5.000 ns</Best-caseRealTimeLatency>
<Average-caseRealTimeLatency>5.000 ns</Average-caseRealTimeLatency>
<Worst-caseRealTimeLatency>5.000 ns</Worst-caseRealTimeLatency>
<PipelineInitiationInterval>1</PipelineInitiationInterval>
<PipelineType>no</PipelineType>
</SummaryOfOverallLatency>
</PerformanceEstimates>
<AreaEstimates>
<Resources>
<FF>6</FF>
<AVAIL_FF>106400</AVAIL_FF>
<UTIL_FF>~0</UTIL_FF>
<LUT>56</LUT>
<AVAIL_LUT>53200</AVAIL_LUT>
<UTIL_LUT>~0</UTIL_LUT>
<BRAM_18K>0</BRAM_18K>
<AVAIL_BRAM>280</AVAIL_BRAM>
<UTIL_BRAM>0</UTIL_BRAM>
<DSP>0</DSP>
<AVAIL_DSP>220</AVAIL_DSP>
<UTIL_DSP>0</UTIL_DSP>
<URAM>0</URAM>
<AVAIL_URAM>0</AVAIL_URAM>
<UTIL_URAM>0</UTIL_URAM>
</Resources>
</AreaEstimates>
<InterfaceSummary>
<RtlPorts>
<name>ap_clk</name>
<Object>dense&lt;array&lt;ap_int&lt;4&gt;, 3u&gt;, array&lt;ap_fixed&lt;16, 6, 5, 3, 0&gt;, 2u&gt;, config8&gt;</Object>
<Type>return value</Type>
<Scope></Scope>
<IOProtocol>ap_ctrl_hs</IOProtocol>
<IOConfig></IOConfig>
<Dir>in</Dir>
<Bits>1</Bits>
<Attribute>control</Attribute>
</RtlPorts>
<RtlPorts>
<name>ap_rst</name>
<Object>dense&lt;array&lt;ap_int&lt;4&gt;, 3u&gt;, array&lt;ap_fixed&lt;16, 6, 5, 3, 0&gt;, 2u&gt;, config8&gt;</Object>
<Type>return value</Type>
<Scope></Scope>
<IOProtocol>ap_ctrl_hs</IOProtocol>
<IOConfig></IOConfig>
<Dir>in</Dir>
<Bits>1</Bits>
<Attribute>control</Attribute>
</RtlPorts>
<RtlPorts>
<name>ap_start</name>
<Object>dense&lt;array&lt;ap_int&lt;4&gt;, 3u&gt;, array&lt;ap_fixed&lt;16, 6, 5, 3, 0&gt;, 2u&gt;, config8&gt;</Object>
<Type>return value</Type>
<Scope></Scope>
<IOProtocol>ap_ctrl_hs</IOProtocol>
<IOConfig></IOConfig>
<Dir>in</Dir>
<Bits>1</Bits>
<Attribute>control</Attribute>
</RtlPorts>
<RtlPorts>
<name>start_full_n</name>
<Object>dense&lt;array&lt;ap_int&lt;4&gt;, 3u&gt;, array&lt;ap_fixed&lt;16, 6, 5, 3, 0&gt;, 2u&gt;, config8&gt;</Object>
<Type>return value</Type>
<Scope></Scope>
<IOProtocol>ap_ctrl_hs</IOProtocol>
<IOConfig></IOConfig>
<Dir>in</Dir>
<Bits>1</Bits>
<Attribute>unknown</Attribute>
</RtlPorts>
<RtlPorts>
<name>ap_done</name>
<Object>dense&lt;array&lt;ap_int&lt;4&gt;, 3u&gt;, array&lt;ap_fixed&lt;16, 6, 5, 3, 0&gt;, 2u&gt;, config8&gt;</Object>
<Type>return value</Type>
<Scope></Scope>
<IOProtocol>ap_ctrl_hs</IOProtocol>
<IOConfig></IOConfig>
<Dir>out</Dir>
<Bits>1</Bits>
<Attribute>control</Attribute>
</RtlPorts>
<RtlPorts>
<name>ap_continue</name>
<Object>dense&lt;array&lt;ap_int&lt;4&gt;, 3u&gt;, array&lt;ap_fixed&lt;16, 6, 5, 3, 0&gt;, 2u&gt;, config8&gt;</Object>
<Type>return value</Type>
<Scope></Scope>
<IOProtocol>ap_ctrl_hs</IOProtocol>
<IOConfig></IOConfig>
<Dir>in</Dir>
<Bits>1</Bits>
<Attribute>control</Attribute>
</RtlPorts>
<RtlPorts>
<name>ap_idle</name>
<Object>dense&lt;array&lt;ap_int&lt;4&gt;, 3u&gt;, array&lt;ap_fixed&lt;16, 6, 5, 3, 0&gt;, 2u&gt;, config8&gt;</Object>
<Type>return value</Type>
<Scope></Scope>
<IOProtocol>ap_ctrl_hs</IOProtocol>
<IOConfig></IOConfig>
<Dir>out</Dir>
<Bits>1</Bits>
<Attribute>control</Attribute>
</RtlPorts>
<RtlPorts>
<name>ap_ready</name>
<Object>dense&lt;array&lt;ap_int&lt;4&gt;, 3u&gt;, array&lt;ap_fixed&lt;16, 6, 5, 3, 0&gt;, 2u&gt;, config8&gt;</Object>
<Type>return value</Type>
<Scope></Scope>
<IOProtocol>ap_ctrl_hs</IOProtocol>
<IOConfig></IOConfig>
<Dir>out</Dir>
<Bits>1</Bits>
<Attribute>control</Attribute>
</RtlPorts>
<RtlPorts>
<name>start_out</name>
<Object>dense&lt;array&lt;ap_int&lt;4&gt;, 3u&gt;, array&lt;ap_fixed&lt;16, 6, 5, 3, 0&gt;, 2u&gt;, config8&gt;</Object>
<Type>return value</Type>
<Scope></Scope>
<IOProtocol>ap_ctrl_hs</IOProtocol>
<IOConfig></IOConfig>
<Dir>out</Dir>
<Bits>1</Bits>
<Attribute>unknown</Attribute>
</RtlPorts>
<RtlPorts>
<name>start_write</name>
<Object>dense&lt;array&lt;ap_int&lt;4&gt;, 3u&gt;, array&lt;ap_fixed&lt;16, 6, 5, 3, 0&gt;, 2u&gt;, config8&gt;</Object>
<Type>return value</Type>
<Scope></Scope>
<IOProtocol>ap_ctrl_hs</IOProtocol>
<IOConfig></IOConfig>
<Dir>out</Dir>
<Bits>1</Bits>
<Attribute>unknown</Attribute>
</RtlPorts>
<RtlPorts>
<name>layer7_out_dout</name>
<Object>layer7_out</Object>
<Type>pointer</Type>
<Scope></Scope>
<IOProtocol>ap_fifo</IOProtocol>
<IOConfig></IOConfig>
<Dir>in</Dir>
<Bits>12</Bits>
<Attribute>control</Attribute>
</RtlPorts>
<RtlPorts>
<name>layer7_out_num_data_valid</name>
<Object>layer7_out</Object>
<Type>pointer</Type>
<Scope></Scope>
<IOProtocol>ap_fifo</IOProtocol>
<IOConfig></IOConfig>
<Dir>in</Dir>
<Bits>2</Bits>
<Attribute>control</Attribute>
</RtlPorts>
<RtlPorts>
<name>layer7_out_fifo_cap</name>
<Object>layer7_out</Object>
<Type>pointer</Type>
<Scope></Scope>
<IOProtocol>ap_fifo</IOProtocol>
<IOConfig></IOConfig>
<Dir>in</Dir>
<Bits>2</Bits>
<Attribute>unknown</Attribute>
</RtlPorts>
<RtlPorts>
<name>layer7_out_empty_n</name>
<Object>layer7_out</Object>
<Type>pointer</Type>
<Scope></Scope>
<IOProtocol>ap_fifo</IOProtocol>
<IOConfig></IOConfig>
<Dir>in</Dir>
<Bits>1</Bits>
<Attribute>control</Attribute>
</RtlPorts>
<RtlPorts>
<name>layer7_out_read</name>
<Object>layer7_out</Object>
<Type>pointer</Type>
<Scope></Scope>
<IOProtocol>ap_fifo</IOProtocol>
<IOConfig></IOConfig>
<Dir>out</Dir>
<Bits>1</Bits>
<Attribute>control</Attribute>
</RtlPorts>
<RtlPorts>
<name>layer8_out_din</name>
<Object>layer8_out</Object>
<Type>pointer</Type>
<Scope></Scope>
<IOProtocol>ap_fifo</IOProtocol>
<IOConfig></IOConfig>
<Dir>out</Dir>
<Bits>32</Bits>
<Attribute>control</Attribute>
</RtlPorts>
<RtlPorts>
<name>layer8_out_num_data_valid</name>
<Object>layer8_out</Object>
<Type>pointer</Type>
<Scope></Scope>
<IOProtocol>ap_fifo</IOProtocol>
<IOConfig></IOConfig>
<Dir>in</Dir>
<Bits>2</Bits>
<Attribute>control</Attribute>
</RtlPorts>
<RtlPorts>
<name>layer8_out_fifo_cap</name>
<Object>layer8_out</Object>
<Type>pointer</Type>
<Scope></Scope>
<IOProtocol>ap_fifo</IOProtocol>
<IOConfig></IOConfig>
<Dir>in</Dir>
<Bits>2</Bits>
<Attribute>unknown</Attribute>
</RtlPorts>
<RtlPorts>
<name>layer8_out_full_n</name>
<Object>layer8_out</Object>
<Type>pointer</Type>
<Scope></Scope>
<IOProtocol>ap_fifo</IOProtocol>
<IOConfig></IOConfig>
<Dir>in</Dir>
<Bits>1</Bits>
<Attribute>control</Attribute>
</RtlPorts>
<RtlPorts>
<name>layer8_out_write</name>
<Object>layer8_out</Object>
<Type>pointer</Type>
<Scope></Scope>
<IOProtocol>ap_fifo</IOProtocol>
<IOConfig></IOConfig>
<Dir>out</Dir>
<Bits>1</Bits>
<Attribute>control</Attribute>
</RtlPorts>
</InterfaceSummary>
</Module>
<Module>
<Name>linear_array_ap_fixed_2u_array_ap_int_4_2u_linear_config10_s</Name>
<PerformanceEstimates>
<SummaryOfTimingAnalysis>
<TargetClockPeriod>5.00</TargetClockPeriod>
<ClockUncertainty>0.62</ClockUncertainty>
<EstimatedClockPeriod>3.958</EstimatedClockPeriod>
</SummaryOfTimingAnalysis>
<SummaryOfOverallLatency>
<Best-caseLatency>1</Best-caseLatency>
<Average-caseLatency>1</Average-caseLatency>
<Worst-caseLatency>1</Worst-caseLatency>
<Best-caseRealTimeLatency>5.000 ns</Best-caseRealTimeLatency>
<Average-caseRealTimeLatency>5.000 ns</Average-caseRealTimeLatency>
<Worst-caseRealTimeLatency>5.000 ns</Worst-caseRealTimeLatency>
<PipelineInitiationInterval>1</PipelineInitiationInterval>
<PipelineType>no</PipelineType>
</SummaryOfOverallLatency>
</PerformanceEstimates>
<AreaEstimates>
<Resources>
<FF>54</FF>
<AVAIL_FF>106400</AVAIL_FF>
<UTIL_FF>~0</UTIL_FF>
<LUT>116</LUT>
<AVAIL_LUT>53200</AVAIL_LUT>
<UTIL_LUT>~0</UTIL_LUT>
<BRAM_18K>0</BRAM_18K>
<AVAIL_BRAM>280</AVAIL_BRAM>
<UTIL_BRAM>0</UTIL_BRAM>
<DSP>0</DSP>
<AVAIL_DSP>220</AVAIL_DSP>
<UTIL_DSP>0</UTIL_DSP>
<URAM>0</URAM>
<AVAIL_URAM>0</AVAIL_URAM>
<UTIL_URAM>0</UTIL_URAM>
</Resources>
</AreaEstimates>
<InterfaceSummary>
<RtlPorts>
<name>ap_clk</name>
<Object>linear&lt;array&lt;ap_fixed,2u&gt;,array&lt;ap_int&lt;4&gt;,2u&gt;,linear_config10&gt;</Object>
<Type>return value</Type>
<Scope></Scope>
<IOProtocol>ap_ctrl_hs</IOProtocol>
<IOConfig></IOConfig>
<Dir>in</Dir>
<Bits>1</Bits>
<Attribute>control</Attribute>
</RtlPorts>
<RtlPorts>
<name>ap_rst</name>
<Object>linear&lt;array&lt;ap_fixed,2u&gt;,array&lt;ap_int&lt;4&gt;,2u&gt;,linear_config10&gt;</Object>
<Type>return value</Type>
<Scope></Scope>
<IOProtocol>ap_ctrl_hs</IOProtocol>
<IOConfig></IOConfig>
<Dir>in</Dir>
<Bits>1</Bits>
<Attribute>control</Attribute>
</RtlPorts>
<RtlPorts>
<name>ap_start</name>
<Object>linear&lt;array&lt;ap_fixed,2u&gt;,array&lt;ap_int&lt;4&gt;,2u&gt;,linear_config10&gt;</Object>
<Type>return value</Type>
<Scope></Scope>
<IOProtocol>ap_ctrl_hs</IOProtocol>
<IOConfig></IOConfig>
<Dir>in</Dir>
<Bits>1</Bits>
<Attribute>control</Attribute>
</RtlPorts>
<RtlPorts>
<name>start_full_n</name>
<Object>linear&lt;array&lt;ap_fixed,2u&gt;,array&lt;ap_int&lt;4&gt;,2u&gt;,linear_config10&gt;</Object>
<Type>return value</Type>
<Scope></Scope>
<IOProtocol>ap_ctrl_hs</IOProtocol>
<IOConfig></IOConfig>
<Dir>in</Dir>
<Bits>1</Bits>
<Attribute>unknown</Attribute>
</RtlPorts>
<RtlPorts>
<name>ap_done</name>
<Object>linear&lt;array&lt;ap_fixed,2u&gt;,array&lt;ap_int&lt;4&gt;,2u&gt;,linear_config10&gt;</Object>
<Type>return value</Type>
<Scope></Scope>
<IOProtocol>ap_ctrl_hs</IOProtocol>
<IOConfig></IOConfig>
<Dir>out</Dir>
<Bits>1</Bits>
<Attribute>control</Attribute>
</RtlPorts>
<RtlPorts>
<name>ap_continue</name>
<Object>linear&lt;array&lt;ap_fixed,2u&gt;,array&lt;ap_int&lt;4&gt;,2u&gt;,linear_config10&gt;</Object>
<Type>return value</Type>
<Scope></Scope>
<IOProtocol>ap_ctrl_hs</IOProtocol>
<IOConfig></IOConfig>
<Dir>in</Dir>
<Bits>1</Bits>
<Attribute>control</Attribute>
</RtlPorts>
<RtlPorts>
<name>ap_idle</name>
<Object>linear&lt;array&lt;ap_fixed,2u&gt;,array&lt;ap_int&lt;4&gt;,2u&gt;,linear_config10&gt;</Object>
<Type>return value</Type>
<Scope></Scope>
<IOProtocol>ap_ctrl_hs</IOProtocol>
<IOConfig></IOConfig>
<Dir>out</Dir>
<Bits>1</Bits>
<Attribute>control</Attribute>
</RtlPorts>
<RtlPorts>
<name>ap_ready</name>
<Object>linear&lt;array&lt;ap_fixed,2u&gt;,array&lt;ap_int&lt;4&gt;,2u&gt;,linear_config10&gt;</Object>
<Type>return value</Type>
<Scope></Scope>
<IOProtocol>ap_ctrl_hs</IOProtocol>
<IOConfig></IOConfig>
<Dir>out</Dir>
<Bits>1</Bits>
<Attribute>control</Attribute>
</RtlPorts>
<RtlPorts>
<name>start_out</name>
<Object>linear&lt;array&lt;ap_fixed,2u&gt;,array&lt;ap_int&lt;4&gt;,2u&gt;,linear_config10&gt;</Object>
<Type>return value</Type>
<Scope></Scope>
<IOProtocol>ap_ctrl_hs</IOProtocol>
<IOConfig></IOConfig>
<Dir>out</Dir>
<Bits>1</Bits>
<Attribute>unknown</Attribute>
</RtlPorts>
<RtlPorts>
<name>start_write</name>
<Object>linear&lt;array&lt;ap_fixed,2u&gt;,array&lt;ap_int&lt;4&gt;,2u&gt;,linear_config10&gt;</Object>
<Type>return value</Type>
<Scope></Scope>
<IOProtocol>ap_ctrl_hs</IOProtocol>
<IOConfig></IOConfig>
<Dir>out</Dir>
<Bits>1</Bits>
<Attribute>unknown</Attribute>
</RtlPorts>
<RtlPorts>
<name>layer8_out_dout</name>
<Object>layer8_out</Object>
<Type>pointer</Type>
<Scope></Scope>
<IOProtocol>ap_fifo</IOProtocol>
<IOConfig></IOConfig>
<Dir>in</Dir>
<Bits>32</Bits>
<Attribute>control</Attribute>
</RtlPorts>
<RtlPorts>
<name>layer8_out_num_data_valid</name>
<Object>layer8_out</Object>
<Type>pointer</Type>
<Scope></Scope>
<IOProtocol>ap_fifo</IOProtocol>
<IOConfig></IOConfig>
<Dir>in</Dir>
<Bits>2</Bits>
<Attribute>control</Attribute>
</RtlPorts>
<RtlPorts>
<name>layer8_out_fifo_cap</name>
<Object>layer8_out</Object>
<Type>pointer</Type>
<Scope></Scope>
<IOProtocol>ap_fifo</IOProtocol>
<IOConfig></IOConfig>
<Dir>in</Dir>
<Bits>2</Bits>
<Attribute>unknown</Attribute>
</RtlPorts>
<RtlPorts>
<name>layer8_out_empty_n</name>
<Object>layer8_out</Object>
<Type>pointer</Type>
<Scope></Scope>
<IOProtocol>ap_fifo</IOProtocol>
<IOConfig></IOConfig>
<Dir>in</Dir>
<Bits>1</Bits>
<Attribute>control</Attribute>
</RtlPorts>
<RtlPorts>
<name>layer8_out_read</name>
<Object>layer8_out</Object>
<Type>pointer</Type>
<Scope></Scope>
<IOProtocol>ap_fifo</IOProtocol>
<IOConfig></IOConfig>
<Dir>out</Dir>
<Bits>1</Bits>
<Attribute>control</Attribute>
</RtlPorts>
<RtlPorts>
<name>layer10_out_din</name>
<Object>layer10_out</Object>
<Type>pointer</Type>
<Scope></Scope>
<IOProtocol>ap_fifo</IOProtocol>
<IOConfig></IOConfig>
<Dir>out</Dir>
<Bits>8</Bits>
<Attribute>control</Attribute>
</RtlPorts>
<RtlPorts>
<name>layer10_out_num_data_valid</name>
<Object>layer10_out</Object>
<Type>pointer</Type>
<Scope></Scope>
<IOProtocol>ap_fifo</IOProtocol>
<IOConfig></IOConfig>
<Dir>in</Dir>
<Bits>2</Bits>
<Attribute>control</Attribute>
</RtlPorts>
<RtlPorts>
<name>layer10_out_fifo_cap</name>
<Object>layer10_out</Object>
<Type>pointer</Type>
<Scope></Scope>
<IOProtocol>ap_fifo</IOProtocol>
<IOConfig></IOConfig>
<Dir>in</Dir>
<Bits>2</Bits>
<Attribute>unknown</Attribute>
</RtlPorts>
<RtlPorts>
<name>layer10_out_full_n</name>
<Object>layer10_out</Object>
<Type>pointer</Type>
<Scope></Scope>
<IOProtocol>ap_fifo</IOProtocol>
<IOConfig></IOConfig>
<Dir>in</Dir>
<Bits>1</Bits>
<Attribute>control</Attribute>
</RtlPorts>
<RtlPorts>
<name>layer10_out_write</name>
<Object>layer10_out</Object>
<Type>pointer</Type>
<Scope></Scope>
<IOProtocol>ap_fifo</IOProtocol>
<IOConfig></IOConfig>
<Dir>out</Dir>
<Bits>1</Bits>
<Attribute>control</Attribute>
</RtlPorts>
</InterfaceSummary>
</Module>
<Module>
<Name>dense_array_ap_int_4_2u_array_ap_fixed_16_6_5_3_0_10u_config11_s</Name>
<PerformanceEstimates>
<SummaryOfTimingAnalysis>
<TargetClockPeriod>5.00</TargetClockPeriod>
<ClockUncertainty>0.62</ClockUncertainty>
<EstimatedClockPeriod>3.837</EstimatedClockPeriod>
</SummaryOfTimingAnalysis>
<SummaryOfOverallLatency>
<Best-caseLatency>1</Best-caseLatency>
<Average-caseLatency>1</Average-caseLatency>
<Worst-caseLatency>1</Worst-caseLatency>
<Best-caseRealTimeLatency>5.000 ns</Best-caseRealTimeLatency>
<Average-caseRealTimeLatency>5.000 ns</Average-caseRealTimeLatency>
<Worst-caseRealTimeLatency>5.000 ns</Worst-caseRealTimeLatency>
<PipelineInitiationInterval>1</PipelineInitiationInterval>
<PipelineType>no</PipelineType>
</SummaryOfOverallLatency>
</PerformanceEstimates>
<AreaEstimates>
<Resources>
<FF>6</FF>
<AVAIL_FF>106400</AVAIL_FF>
<UTIL_FF>~0</UTIL_FF>
<LUT>355</LUT>
<AVAIL_LUT>53200</AVAIL_LUT>
<UTIL_LUT>~0</UTIL_LUT>
<BRAM_18K>0</BRAM_18K>
<AVAIL_BRAM>280</AVAIL_BRAM>
<UTIL_BRAM>0</UTIL_BRAM>
<DSP>0</DSP>
<AVAIL_DSP>220</AVAIL_DSP>
<UTIL_DSP>0</UTIL_DSP>
<URAM>0</URAM>
<AVAIL_URAM>0</AVAIL_URAM>
<UTIL_URAM>0</UTIL_URAM>
</Resources>
</AreaEstimates>
<InterfaceSummary>
<RtlPorts>
<name>ap_clk</name>
<Object>dense&lt;array&lt;ap_int&lt;4&gt;, 2u&gt;, array&lt;ap_fixed&lt;16, 6, 5, 3, 0&gt;, 10u&gt;, config11&gt;</Object>
<Type>return value</Type>
<Scope></Scope>
<IOProtocol>ap_ctrl_hs</IOProtocol>
<IOConfig></IOConfig>
<Dir>in</Dir>
<Bits>1</Bits>
<Attribute>control</Attribute>
</RtlPorts>
<RtlPorts>
<name>ap_rst</name>
<Object>dense&lt;array&lt;ap_int&lt;4&gt;, 2u&gt;, array&lt;ap_fixed&lt;16, 6, 5, 3, 0&gt;, 10u&gt;, config11&gt;</Object>
<Type>return value</Type>
<Scope></Scope>
<IOProtocol>ap_ctrl_hs</IOProtocol>
<IOConfig></IOConfig>
<Dir>in</Dir>
<Bits>1</Bits>
<Attribute>control</Attribute>
</RtlPorts>
<RtlPorts>
<name>ap_start</name>
<Object>dense&lt;array&lt;ap_int&lt;4&gt;, 2u&gt;, array&lt;ap_fixed&lt;16, 6, 5, 3, 0&gt;, 10u&gt;, config11&gt;</Object>
<Type>return value</Type>
<Scope></Scope>
<IOProtocol>ap_ctrl_hs</IOProtocol>
<IOConfig></IOConfig>
<Dir>in</Dir>
<Bits>1</Bits>
<Attribute>control</Attribute>
</RtlPorts>
<RtlPorts>
<name>start_full_n</name>
<Object>dense&lt;array&lt;ap_int&lt;4&gt;, 2u&gt;, array&lt;ap_fixed&lt;16, 6, 5, 3, 0&gt;, 10u&gt;, config11&gt;</Object>
<Type>return value</Type>
<Scope></Scope>
<IOProtocol>ap_ctrl_hs</IOProtocol>
<IOConfig></IOConfig>
<Dir>in</Dir>
<Bits>1</Bits>
<Attribute>unknown</Attribute>
</RtlPorts>
<RtlPorts>
<name>ap_done</name>
<Object>dense&lt;array&lt;ap_int&lt;4&gt;, 2u&gt;, array&lt;ap_fixed&lt;16, 6, 5, 3, 0&gt;, 10u&gt;, config11&gt;</Object>
<Type>return value</Type>
<Scope></Scope>
<IOProtocol>ap_ctrl_hs</IOProtocol>
<IOConfig></IOConfig>
<Dir>out</Dir>
<Bits>1</Bits>
<Attribute>control</Attribute>
</RtlPorts>
<RtlPorts>
<name>ap_continue</name>
<Object>dense&lt;array&lt;ap_int&lt;4&gt;, 2u&gt;, array&lt;ap_fixed&lt;16, 6, 5, 3, 0&gt;, 10u&gt;, config11&gt;</Object>
<Type>return value</Type>
<Scope></Scope>
<IOProtocol>ap_ctrl_hs</IOProtocol>
<IOConfig></IOConfig>
<Dir>in</Dir>
<Bits>1</Bits>
<Attribute>control</Attribute>
</RtlPorts>
<RtlPorts>
<name>ap_idle</name>
<Object>dense&lt;array&lt;ap_int&lt;4&gt;, 2u&gt;, array&lt;ap_fixed&lt;16, 6, 5, 3, 0&gt;, 10u&gt;, config11&gt;</Object>
<Type>return value</Type>
<Scope></Scope>
<IOProtocol>ap_ctrl_hs</IOProtocol>
<IOConfig></IOConfig>
<Dir>out</Dir>
<Bits>1</Bits>
<Attribute>control</Attribute>
</RtlPorts>
<RtlPorts>
<name>ap_ready</name>
<Object>dense&lt;array&lt;ap_int&lt;4&gt;, 2u&gt;, array&lt;ap_fixed&lt;16, 6, 5, 3, 0&gt;, 10u&gt;, config11&gt;</Object>
<Type>return value</Type>
<Scope></Scope>
<IOProtocol>ap_ctrl_hs</IOProtocol>
<IOConfig></IOConfig>
<Dir>out</Dir>
<Bits>1</Bits>
<Attribute>control</Attribute>
</RtlPorts>
<RtlPorts>
<name>start_out</name>
<Object>dense&lt;array&lt;ap_int&lt;4&gt;, 2u&gt;, array&lt;ap_fixed&lt;16, 6, 5, 3, 0&gt;, 10u&gt;, config11&gt;</Object>
<Type>return value</Type>
<Scope></Scope>
<IOProtocol>ap_ctrl_hs</IOProtocol>
<IOConfig></IOConfig>
<Dir>out</Dir>
<Bits>1</Bits>
<Attribute>unknown</Attribute>
</RtlPorts>
<RtlPorts>
<name>start_write</name>
<Object>dense&lt;array&lt;ap_int&lt;4&gt;, 2u&gt;, array&lt;ap_fixed&lt;16, 6, 5, 3, 0&gt;, 10u&gt;, config11&gt;</Object>
<Type>return value</Type>
<Scope></Scope>
<IOProtocol>ap_ctrl_hs</IOProtocol>
<IOConfig></IOConfig>
<Dir>out</Dir>
<Bits>1</Bits>
<Attribute>unknown</Attribute>
</RtlPorts>
<RtlPorts>
<name>layer10_out_dout</name>
<Object>layer10_out</Object>
<Type>pointer</Type>
<Scope></Scope>
<IOProtocol>ap_fifo</IOProtocol>
<IOConfig></IOConfig>
<Dir>in</Dir>
<Bits>8</Bits>
<Attribute>control</Attribute>
</RtlPorts>
<RtlPorts>
<name>layer10_out_num_data_valid</name>
<Object>layer10_out</Object>
<Type>pointer</Type>
<Scope></Scope>
<IOProtocol>ap_fifo</IOProtocol>
<IOConfig></IOConfig>
<Dir>in</Dir>
<Bits>2</Bits>
<Attribute>control</Attribute>
</RtlPorts>
<RtlPorts>
<name>layer10_out_fifo_cap</name>
<Object>layer10_out</Object>
<Type>pointer</Type>
<Scope></Scope>
<IOProtocol>ap_fifo</IOProtocol>
<IOConfig></IOConfig>
<Dir>in</Dir>
<Bits>2</Bits>
<Attribute>unknown</Attribute>
</RtlPorts>
<RtlPorts>
<name>layer10_out_empty_n</name>
<Object>layer10_out</Object>
<Type>pointer</Type>
<Scope></Scope>
<IOProtocol>ap_fifo</IOProtocol>
<IOConfig></IOConfig>
<Dir>in</Dir>
<Bits>1</Bits>
<Attribute>control</Attribute>
</RtlPorts>
<RtlPorts>
<name>layer10_out_read</name>
<Object>layer10_out</Object>
<Type>pointer</Type>
<Scope></Scope>
<IOProtocol>ap_fifo</IOProtocol>
<IOConfig></IOConfig>
<Dir>out</Dir>
<Bits>1</Bits>
<Attribute>control</Attribute>
</RtlPorts>
<RtlPorts>
<name>layer11_out_din</name>
<Object>layer11_out</Object>
<Type>pointer</Type>
<Scope></Scope>
<IOProtocol>ap_fifo</IOProtocol>
<IOConfig></IOConfig>
<Dir>out</Dir>
<Bits>160</Bits>
<Attribute>control</Attribute>
</RtlPorts>
<RtlPorts>
<name>layer11_out_num_data_valid</name>
<Object>layer11_out</Object>
<Type>pointer</Type>
<Scope></Scope>
<IOProtocol>ap_fifo</IOProtocol>
<IOConfig></IOConfig>
<Dir>in</Dir>
<Bits>2</Bits>
<Attribute>control</Attribute>
</RtlPorts>
<RtlPorts>
<name>layer11_out_fifo_cap</name>
<Object>layer11_out</Object>
<Type>pointer</Type>
<Scope></Scope>
<IOProtocol>ap_fifo</IOProtocol>
<IOConfig></IOConfig>
<Dir>in</Dir>
<Bits>2</Bits>
<Attribute>unknown</Attribute>
</RtlPorts>
<RtlPorts>
<name>layer11_out_full_n</name>
<Object>layer11_out</Object>
<Type>pointer</Type>
<Scope></Scope>
<IOProtocol>ap_fifo</IOProtocol>
<IOConfig></IOConfig>
<Dir>in</Dir>
<Bits>1</Bits>
<Attribute>control</Attribute>
</RtlPorts>
<RtlPorts>
<name>layer11_out_write</name>
<Object>layer11_out</Object>
<Type>pointer</Type>
<Scope></Scope>
<IOProtocol>ap_fifo</IOProtocol>
<IOConfig></IOConfig>
<Dir>out</Dir>
<Bits>1</Bits>
<Attribute>control</Attribute>
</RtlPorts>
</InterfaceSummary>
</Module>
<Module>
<Name>softmax_stable_array_array_ap_fixed_16_6_5_3_0_10u_softmax_config13_s</Name>
<PerformanceEstimates>
<SummaryOfTimingAnalysis>
<TargetClockPeriod>5.00</TargetClockPeriod>
<ClockUncertainty>0.62</ClockUncertainty>
<EstimatedClockPeriod>4.092</EstimatedClockPeriod>
</SummaryOfTimingAnalysis>
<SummaryOfOverallLatency>
<Best-caseLatency>16</Best-caseLatency>
<Average-caseLatency>16</Average-caseLatency>
<Worst-caseLatency>16</Worst-caseLatency>
<Best-caseRealTimeLatency>80.000 ns</Best-caseRealTimeLatency>
<Average-caseRealTimeLatency>80.000 ns</Average-caseRealTimeLatency>
<Worst-caseRealTimeLatency>80.000 ns</Worst-caseRealTimeLatency>
<PipelineInitiationInterval>16</PipelineInitiationInterval>
<PipelineType>no</PipelineType>
</SummaryOfOverallLatency>
</PerformanceEstimates>
<AreaEstimates>
<Resources>
<BRAM_18K>5</BRAM_18K>
<AVAIL_BRAM>280</AVAIL_BRAM>
<UTIL_BRAM>1</UTIL_BRAM>
<DSP>10</DSP>
<AVAIL_DSP>220</AVAIL_DSP>
<UTIL_DSP>4</UTIL_DSP>
<FF>1505</FF>
<AVAIL_FF>106400</AVAIL_FF>
<UTIL_FF>1</UTIL_FF>
<LUT>1688</LUT>
<AVAIL_LUT>53200</AVAIL_LUT>
<UTIL_LUT>3</UTIL_LUT>
<URAM>0</URAM>
<AVAIL_URAM>0</AVAIL_URAM>
<UTIL_URAM>0</UTIL_URAM>
</Resources>
</AreaEstimates>
<InterfaceSummary>
<RtlPorts>
<name>ap_clk</name>
<Object>softmax_stable&lt;array,array&lt;ap_fixed&lt;16,6,5,3,0&gt;,10u&gt;,softmax_config13&gt;</Object>
<Type>return value</Type>
<Scope></Scope>
<IOProtocol>ap_ctrl_hs</IOProtocol>
<IOConfig></IOConfig>
<Dir>in</Dir>
<Bits>1</Bits>
<Attribute>control</Attribute>
</RtlPorts>
<RtlPorts>
<name>ap_rst</name>
<Object>softmax_stable&lt;array,array&lt;ap_fixed&lt;16,6,5,3,0&gt;,10u&gt;,softmax_config13&gt;</Object>
<Type>return value</Type>
<Scope></Scope>
<IOProtocol>ap_ctrl_hs</IOProtocol>
<IOConfig></IOConfig>
<Dir>in</Dir>
<Bits>1</Bits>
<Attribute>control</Attribute>
</RtlPorts>
<RtlPorts>
<name>ap_start</name>
<Object>softmax_stable&lt;array,array&lt;ap_fixed&lt;16,6,5,3,0&gt;,10u&gt;,softmax_config13&gt;</Object>
<Type>return value</Type>
<Scope></Scope>
<IOProtocol>ap_ctrl_hs</IOProtocol>
<IOConfig></IOConfig>
<Dir>in</Dir>
<Bits>1</Bits>
<Attribute>control</Attribute>
</RtlPorts>
<RtlPorts>
<name>ap_done</name>
<Object>softmax_stable&lt;array,array&lt;ap_fixed&lt;16,6,5,3,0&gt;,10u&gt;,softmax_config13&gt;</Object>
<Type>return value</Type>
<Scope></Scope>
<IOProtocol>ap_ctrl_hs</IOProtocol>
<IOConfig></IOConfig>
<Dir>out</Dir>
<Bits>1</Bits>
<Attribute>control</Attribute>
</RtlPorts>
<RtlPorts>
<name>ap_idle</name>
<Object>softmax_stable&lt;array,array&lt;ap_fixed&lt;16,6,5,3,0&gt;,10u&gt;,softmax_config13&gt;</Object>
<Type>return value</Type>
<Scope></Scope>
<IOProtocol>ap_ctrl_hs</IOProtocol>
<IOConfig></IOConfig>
<Dir>out</Dir>
<Bits>1</Bits>
<Attribute>control</Attribute>
</RtlPorts>
<RtlPorts>
<name>ap_ready</name>
<Object>softmax_stable&lt;array,array&lt;ap_fixed&lt;16,6,5,3,0&gt;,10u&gt;,softmax_config13&gt;</Object>
<Type>return value</Type>
<Scope></Scope>
<IOProtocol>ap_ctrl_hs</IOProtocol>
<IOConfig></IOConfig>
<Dir>out</Dir>
<Bits>1</Bits>
<Attribute>control</Attribute>
</RtlPorts>
<RtlPorts>
<name>layer11_out_dout</name>
<Object>layer11_out</Object>
<Type>pointer</Type>
<Scope></Scope>
<IOProtocol>ap_fifo</IOProtocol>
<IOConfig></IOConfig>
<Dir>in</Dir>
<Bits>160</Bits>
<Attribute>control</Attribute>
</RtlPorts>
<RtlPorts>
<name>layer11_out_num_data_valid</name>
<Object>layer11_out</Object>
<Type>pointer</Type>
<Scope></Scope>
<IOProtocol>ap_fifo</IOProtocol>
<IOConfig></IOConfig>
<Dir>in</Dir>
<Bits>2</Bits>
<Attribute>control</Attribute>
</RtlPorts>
<RtlPorts>
<name>layer11_out_fifo_cap</name>
<Object>layer11_out</Object>
<Type>pointer</Type>
<Scope></Scope>
<IOProtocol>ap_fifo</IOProtocol>
<IOConfig></IOConfig>
<Dir>in</Dir>
<Bits>2</Bits>
<Attribute>unknown</Attribute>
</RtlPorts>
<RtlPorts>
<name>layer11_out_empty_n</name>
<Object>layer11_out</Object>
<Type>pointer</Type>
<Scope></Scope>
<IOProtocol>ap_fifo</IOProtocol>
<IOConfig></IOConfig>
<Dir>in</Dir>
<Bits>1</Bits>
<Attribute>control</Attribute>
</RtlPorts>
<RtlPorts>
<name>layer11_out_read</name>
<Object>layer11_out</Object>
<Type>pointer</Type>
<Scope></Scope>
<IOProtocol>ap_fifo</IOProtocol>
<IOConfig></IOConfig>
<Dir>out</Dir>
<Bits>1</Bits>
<Attribute>control</Attribute>
</RtlPorts>
<RtlPorts>
<name>layer13_out_TDATA</name>
<Object>layer13_out</Object>
<Type>pointer</Type>
<Scope></Scope>
<IOProtocol>axis</IOProtocol>
<IOConfig></IOConfig>
<Dir>out</Dir>
<Bits>160</Bits>
<Attribute>data</Attribute>
</RtlPorts>
<RtlPorts>
<name>layer13_out_TVALID</name>
<Object>layer13_out</Object>
<Type>pointer</Type>
<Scope></Scope>
<IOProtocol>axis</IOProtocol>
<IOConfig></IOConfig>
<Dir>out</Dir>
<Bits>1</Bits>
<Attribute>control</Attribute>
</RtlPorts>
<RtlPorts>
<name>layer13_out_TREADY</name>
<Object>layer13_out</Object>
<Type>pointer</Type>
<Scope></Scope>
<IOProtocol>axis</IOProtocol>
<IOConfig></IOConfig>
<Dir>in</Dir>
<Bits>1</Bits>
<Attribute>control</Attribute>
</RtlPorts>
</InterfaceSummary>
</Module>
<Module>
<Name>softmax_array_array_ap_fixed_16_6_5_3_0_10u_softmax_config13_s</Name>
<PerformanceEstimates>
<SummaryOfTimingAnalysis>
<TargetClockPeriod>5.00</TargetClockPeriod>
<ClockUncertainty>0.62</ClockUncertainty>
<EstimatedClockPeriod>4.092</EstimatedClockPeriod>
</SummaryOfTimingAnalysis>
<SummaryOfOverallLatency>
<Best-caseLatency>18</Best-caseLatency>
<Average-caseLatency>18</Average-caseLatency>
<Worst-caseLatency>18</Worst-caseLatency>
<Best-caseRealTimeLatency>90.000 ns</Best-caseRealTimeLatency>
<Average-caseRealTimeLatency>90.000 ns</Average-caseRealTimeLatency>
<Worst-caseRealTimeLatency>90.000 ns</Worst-caseRealTimeLatency>
<PipelineInitiationInterval>18</PipelineInitiationInterval>
<PipelineType>no</PipelineType>
</SummaryOfOverallLatency>
</PerformanceEstimates>
<AreaEstimates>
<Resources>
<BRAM_18K>5</BRAM_18K>
<AVAIL_BRAM>280</AVAIL_BRAM>
<UTIL_BRAM>1</UTIL_BRAM>
<DSP>10</DSP>
<AVAIL_DSP>220</AVAIL_DSP>
<UTIL_DSP>4</UTIL_DSP>
<FF>1510</FF>
<AVAIL_FF>106400</AVAIL_FF>
<UTIL_FF>1</UTIL_FF>
<LUT>1730</LUT>
<AVAIL_LUT>53200</AVAIL_LUT>
<UTIL_LUT>3</UTIL_LUT>
<URAM>0</URAM>
<AVAIL_URAM>0</AVAIL_URAM>
<UTIL_URAM>0</UTIL_URAM>
</Resources>
</AreaEstimates>
<InterfaceSummary>
<RtlPorts>
<name>ap_clk</name>
<Object>softmax&lt;array,array&lt;ap_fixed&lt;16,6,5,3,0&gt;,10u&gt;,softmax_config13&gt;</Object>
<Type>return value</Type>
<Scope></Scope>
<IOProtocol>ap_ctrl_hs</IOProtocol>
<IOConfig></IOConfig>
<Dir>in</Dir>
<Bits>1</Bits>
<Attribute>control</Attribute>
</RtlPorts>
<RtlPorts>
<name>ap_rst</name>
<Object>softmax&lt;array,array&lt;ap_fixed&lt;16,6,5,3,0&gt;,10u&gt;,softmax_config13&gt;</Object>
<Type>return value</Type>
<Scope></Scope>
<IOProtocol>ap_ctrl_hs</IOProtocol>
<IOConfig></IOConfig>
<Dir>in</Dir>
<Bits>1</Bits>
<Attribute>control</Attribute>
</RtlPorts>
<RtlPorts>
<name>ap_start</name>
<Object>softmax&lt;array,array&lt;ap_fixed&lt;16,6,5,3,0&gt;,10u&gt;,softmax_config13&gt;</Object>
<Type>return value</Type>
<Scope></Scope>
<IOProtocol>ap_ctrl_hs</IOProtocol>
<IOConfig></IOConfig>
<Dir>in</Dir>
<Bits>1</Bits>
<Attribute>control</Attribute>
</RtlPorts>
<RtlPorts>
<name>ap_done</name>
<Object>softmax&lt;array,array&lt;ap_fixed&lt;16,6,5,3,0&gt;,10u&gt;,softmax_config13&gt;</Object>
<Type>return value</Type>
<Scope></Scope>
<IOProtocol>ap_ctrl_hs</IOProtocol>
<IOConfig></IOConfig>
<Dir>out</Dir>
<Bits>1</Bits>
<Attribute>control</Attribute>
</RtlPorts>
<RtlPorts>
<name>ap_continue</name>
<Object>softmax&lt;array,array&lt;ap_fixed&lt;16,6,5,3,0&gt;,10u&gt;,softmax_config13&gt;</Object>
<Type>return value</Type>
<Scope></Scope>
<IOProtocol>ap_ctrl_hs</IOProtocol>
<IOConfig></IOConfig>
<Dir>in</Dir>
<Bits>1</Bits>
<Attribute>control</Attribute>
</RtlPorts>
<RtlPorts>
<name>ap_idle</name>
<Object>softmax&lt;array,array&lt;ap_fixed&lt;16,6,5,3,0&gt;,10u&gt;,softmax_config13&gt;</Object>
<Type>return value</Type>
<Scope></Scope>
<IOProtocol>ap_ctrl_hs</IOProtocol>
<IOConfig></IOConfig>
<Dir>out</Dir>
<Bits>1</Bits>
<Attribute>control</Attribute>
</RtlPorts>
<RtlPorts>
<name>ap_ready</name>
<Object>softmax&lt;array,array&lt;ap_fixed&lt;16,6,5,3,0&gt;,10u&gt;,softmax_config13&gt;</Object>
<Type>return value</Type>
<Scope></Scope>
<IOProtocol>ap_ctrl_hs</IOProtocol>
<IOConfig></IOConfig>
<Dir>out</Dir>
<Bits>1</Bits>
<Attribute>control</Attribute>
</RtlPorts>
<RtlPorts>
<name>layer11_out_dout</name>
<Object>layer11_out</Object>
<Type>pointer</Type>
<Scope></Scope>
<IOProtocol>ap_fifo</IOProtocol>
<IOConfig></IOConfig>
<Dir>in</Dir>
<Bits>160</Bits>
<Attribute>control</Attribute>
</RtlPorts>
<RtlPorts>
<name>layer11_out_num_data_valid</name>
<Object>layer11_out</Object>
<Type>pointer</Type>
<Scope></Scope>
<IOProtocol>ap_fifo</IOProtocol>
<IOConfig></IOConfig>
<Dir>in</Dir>
<Bits>2</Bits>
<Attribute>control</Attribute>
</RtlPorts>
<RtlPorts>
<name>layer11_out_fifo_cap</name>
<Object>layer11_out</Object>
<Type>pointer</Type>
<Scope></Scope>
<IOProtocol>ap_fifo</IOProtocol>
<IOConfig></IOConfig>
<Dir>in</Dir>
<Bits>2</Bits>
<Attribute>unknown</Attribute>
</RtlPorts>
<RtlPorts>
<name>layer11_out_empty_n</name>
<Object>layer11_out</Object>
<Type>pointer</Type>
<Scope></Scope>
<IOProtocol>ap_fifo</IOProtocol>
<IOConfig></IOConfig>
<Dir>in</Dir>
<Bits>1</Bits>
<Attribute>control</Attribute>
</RtlPorts>
<RtlPorts>
<name>layer11_out_read</name>
<Object>layer11_out</Object>
<Type>pointer</Type>
<Scope></Scope>
<IOProtocol>ap_fifo</IOProtocol>
<IOConfig></IOConfig>
<Dir>out</Dir>
<Bits>1</Bits>
<Attribute>control</Attribute>
</RtlPorts>
<RtlPorts>
<name>layer13_out_TDATA</name>
<Object>layer13_out</Object>
<Type>pointer</Type>
<Scope></Scope>
<IOProtocol>axis</IOProtocol>
<IOConfig>register, both mode</IOConfig>
<Dir>out</Dir>
<Bits>160</Bits>
<Attribute>data</Attribute>
</RtlPorts>
<RtlPorts>
<name>layer13_out_TVALID</name>
<Object>layer13_out</Object>
<Type>pointer</Type>
<Scope></Scope>
<IOProtocol>axis</IOProtocol>
<IOConfig>register, both mode</IOConfig>
<Dir>out</Dir>
<Bits>1</Bits>
<Attribute>control</Attribute>
</RtlPorts>
<RtlPorts>
<name>layer13_out_TREADY</name>
<Object>layer13_out</Object>
<Type>pointer</Type>
<Scope></Scope>
<IOProtocol>axis</IOProtocol>
<IOConfig>register, both mode</IOConfig>
<Dir>in</Dir>
<Bits>1</Bits>
<Attribute>control</Attribute>
</RtlPorts>
</InterfaceSummary>
</Module>
<Module>
<Name>myproject</Name>
<PerformanceEstimates>
<SummaryOfTimingAnalysis>
<TargetClockPeriod>5.00</TargetClockPeriod>
<ClockUncertainty>0.62</ClockUncertainty>
<EstimatedClockPeriod>4.372</EstimatedClockPeriod>
</SummaryOfTimingAnalysis>
<SummaryOfOverallLatency>
<Best-caseLatency>39</Best-caseLatency>
<Average-caseLatency>39</Average-caseLatency>
<Worst-caseLatency>39</Worst-caseLatency>
<Best-caseRealTimeLatency>0.195 us</Best-caseRealTimeLatency>
<Average-caseRealTimeLatency>0.195 us</Average-caseRealTimeLatency>
<Worst-caseRealTimeLatency>0.195 us</Worst-caseRealTimeLatency>
<DataflowPipelineThroughput>19</DataflowPipelineThroughput>
<PipelineInitiationInterval>19</PipelineInitiationInterval>
<PipelineType>dataflow</PipelineType>
</SummaryOfOverallLatency>
</PerformanceEstimates>
<AreaEstimates>
<Resources>
<BRAM_18K>5</BRAM_18K>
<AVAIL_BRAM>280</AVAIL_BRAM>
<UTIL_BRAM>1</UTIL_BRAM>
<DSP>10</DSP>
<AVAIL_DSP>220</AVAIL_DSP>
<UTIL_DSP>4</UTIL_DSP>
<FF>3449</FF>
<AVAIL_FF>106400</AVAIL_FF>
<UTIL_FF>3</UTIL_FF>
<LUT>7768</LUT>
<AVAIL_LUT>53200</AVAIL_LUT>
<UTIL_LUT>14</UTIL_LUT>
<URAM>0</URAM>
<AVAIL_URAM>0</AVAIL_URAM>
<UTIL_URAM>0</UTIL_URAM>
</Resources>
</AreaEstimates>
<InterfaceSummary>
<RtlPorts>
<name>fc1_input_TDATA</name>
<Object>fc1_input</Object>
<Type>pointer</Type>
<Scope></Scope>
<IOProtocol>axis</IOProtocol>
<IOConfig>register, both mode</IOConfig>
<Dir>in</Dir>
<Bits>12544</Bits>
<Attribute>data</Attribute>
<CType>int</CType>
</RtlPorts>
<RtlPorts>
<name>fc1_input_TVALID</name>
<Object>fc1_input</Object>
<Type>pointer</Type>
<Scope></Scope>
<IOProtocol>axis</IOProtocol>
<IOConfig>register, both mode</IOConfig>
<Dir>in</Dir>
<Bits>1</Bits>
<Attribute>control</Attribute>
<CType>int</CType>
</RtlPorts>
<RtlPorts>
<name>fc1_input_TREADY</name>
<Object>fc1_input</Object>
<Type>pointer</Type>
<Scope></Scope>
<IOProtocol>axis</IOProtocol>
<IOConfig>register, both mode</IOConfig>
<Dir>out</Dir>
<Bits>1</Bits>
<Attribute>control</Attribute>
<CType>int</CType>
</RtlPorts>
<RtlPorts>
<name>layer13_out_TDATA</name>
<Object>layer13_out</Object>
<Type>pointer</Type>
<Scope></Scope>
<IOProtocol>axis</IOProtocol>
<IOConfig>register, both mode</IOConfig>
<Dir>out</Dir>
<Bits>160</Bits>
<Attribute>data</Attribute>
<CType>int</CType>
</RtlPorts>
<RtlPorts>
<name>layer13_out_TVALID</name>
<Object>layer13_out</Object>
<Type>pointer</Type>
<Scope></Scope>
<IOProtocol>axis</IOProtocol>
<IOConfig>register, both mode</IOConfig>
<Dir>out</Dir>
<Bits>1</Bits>
<Attribute>control</Attribute>
<CType>int</CType>
</RtlPorts>
<RtlPorts>
<name>layer13_out_TREADY</name>
<Object>layer13_out</Object>
<Type>pointer</Type>
<Scope></Scope>
<IOProtocol>axis</IOProtocol>
<IOConfig>register, both mode</IOConfig>
<Dir>in</Dir>
<Bits>1</Bits>
<Attribute>control</Attribute>
<CType>int</CType>
</RtlPorts>
<RtlPorts>
<name>ap_clk</name>
<Object>myproject</Object>
<Type>return value</Type>
<Scope></Scope>
<IOProtocol>ap_ctrl_hs</IOProtocol>
<IOConfig></IOConfig>
<Dir>in</Dir>
<Bits>1</Bits>
<Attribute>control</Attribute>
</RtlPorts>
<RtlPorts>
<name>ap_rst_n</name>
<Object>myproject</Object>
<Type>return value</Type>
<Scope></Scope>
<IOProtocol>ap_ctrl_hs</IOProtocol>
<IOConfig></IOConfig>
<Dir>in</Dir>
<Bits>1</Bits>
<Attribute>control</Attribute>
</RtlPorts>
<RtlPorts>
<name>ap_start</name>
<Object>myproject</Object>
<Type>return value</Type>
<Scope></Scope>
<IOProtocol>ap_ctrl_hs</IOProtocol>
<IOConfig></IOConfig>
<Dir>in</Dir>
<Bits>1</Bits>
<Attribute>control</Attribute>
</RtlPorts>
<RtlPorts>
<name>ap_done</name>
<Object>myproject</Object>
<Type>return value</Type>
<Scope></Scope>
<IOProtocol>ap_ctrl_hs</IOProtocol>
<IOConfig></IOConfig>
<Dir>out</Dir>
<Bits>1</Bits>
<Attribute>control</Attribute>
</RtlPorts>
<RtlPorts>
<name>ap_ready</name>
<Object>myproject</Object>
<Type>return value</Type>
<Scope></Scope>
<IOProtocol>ap_ctrl_hs</IOProtocol>
<IOConfig></IOConfig>
<Dir>out</Dir>
<Bits>1</Bits>
<Attribute>control</Attribute>
</RtlPorts>
<RtlPorts>
<name>ap_idle</name>
<Object>myproject</Object>
<Type>return value</Type>
<Scope></Scope>
<IOProtocol>ap_ctrl_hs</IOProtocol>
<IOConfig></IOConfig>
<Dir>out</Dir>
<Bits>1</Bits>
<Attribute>control</Attribute>
</RtlPorts>
</InterfaceSummary>
</Module>
</ModuleInformation>

<FIFOInformation>
<FIFOInst>
<Name>layer2_out_U</Name>
<ParentInst></ParentInst>
<StaticDepth>1</StaticDepth>
<RuntimeDepth>mOutPtr</RuntimeDepth>
<InterfaceList>
<Interface>clk</Interface>
<Interface>reset</Interface>
<Interface>if_write</Interface>
<Interface>if_din</Interface>
<Interface>if_full_n</Interface>
<Interface>if_read</Interface>
<Interface>if_empty_n</Interface>
</InterfaceList>
</FIFOInst>
<FIFOInst>
<Name>layer4_out_U</Name>
<ParentInst></ParentInst>
<StaticDepth>1</StaticDepth>
<RuntimeDepth>mOutPtr</RuntimeDepth>
<InterfaceList>
<Interface>clk</Interface>
<Interface>reset</Interface>
<Interface>if_write</Interface>
<Interface>if_din</Interface>
<Interface>if_full_n</Interface>
<Interface>if_read</Interface>
<Interface>if_empty_n</Interface>
</InterfaceList>
</FIFOInst>
<FIFOInst>
<Name>layer5_out_U</Name>
<ParentInst></ParentInst>
<StaticDepth>1</StaticDepth>
<RuntimeDepth>mOutPtr</RuntimeDepth>
<InterfaceList>
<Interface>clk</Interface>
<Interface>reset</Interface>
<Interface>if_write</Interface>
<Interface>if_din</Interface>
<Interface>if_full_n</Interface>
<Interface>if_read</Interface>
<Interface>if_empty_n</Interface>
</InterfaceList>
</FIFOInst>
<FIFOInst>
<Name>layer7_out_U</Name>
<ParentInst></ParentInst>
<StaticDepth>1</StaticDepth>
<RuntimeDepth>mOutPtr</RuntimeDepth>
<InterfaceList>
<Interface>clk</Interface>
<Interface>reset</Interface>
<Interface>if_write</Interface>
<Interface>if_din</Interface>
<Interface>if_full_n</Interface>
<Interface>if_read</Interface>
<Interface>if_empty_n</Interface>
</InterfaceList>
</FIFOInst>
<FIFOInst>
<Name>layer8_out_U</Name>
<ParentInst></ParentInst>
<StaticDepth>1</StaticDepth>
<RuntimeDepth>mOutPtr</RuntimeDepth>
<InterfaceList>
<Interface>clk</Interface>
<Interface>reset</Interface>
<Interface>if_write</Interface>
<Interface>if_din</Interface>
<Interface>if_full_n</Interface>
<Interface>if_read</Interface>
<Interface>if_empty_n</Interface>
</InterfaceList>
</FIFOInst>
<FIFOInst>
<Name>layer10_out_U</Name>
<ParentInst></ParentInst>
<StaticDepth>1</StaticDepth>
<RuntimeDepth>mOutPtr</RuntimeDepth>
<InterfaceList>
<Interface>clk</Interface>
<Interface>reset</Interface>
<Interface>if_write</Interface>
<Interface>if_din</Interface>
<Interface>if_full_n</Interface>
<Interface>if_read</Interface>
<Interface>if_empty_n</Interface>
</InterfaceList>
</FIFOInst>
<FIFOInst>
<Name>layer11_out_U</Name>
<ParentInst></ParentInst>
<StaticDepth>1</StaticDepth>
<RuntimeDepth>mOutPtr</RuntimeDepth>
<InterfaceList>
<Interface>clk</Interface>
<Interface>reset</Interface>
<Interface>if_write</Interface>
<Interface>if_din</Interface>
<Interface>if_full_n</Interface>
<Interface>if_read</Interface>
<Interface>if_empty_n</Interface>
</InterfaceList>
</FIFOInst>
</FIFOInformation>

</profile>
