<profile>

<section name = "Vitis HLS Report for 'myproject'" level="0">
<item name = "Date">Fri Apr 11 08:10:52 2025
</item>
<item name = "Version">2022.2 (Build 3670227 on Oct 13 2022)</item>
<item name = "Project">myproject_prj</item>
<item name = "Solution">solution1 (Vivado IP Flow Target)</item>
<item name = "Product family">zynq</item>
<item name = "Target device">xc7z020-clg484-1</item>
</section>

<section name = "Performance Estimates" level="0">
<item name = "Timing">
<section name = "" level="1">
<item name = "Summary"><table name="" hasTotal="0">
<keys size="4">Clock, Target, Estimated, Uncertainty</keys>
<column name="ap_clk">5.00 ns, 4.372 ns, 0.62 ns</column>
</table>
</item>
</section>
</item>
<item name = "Latency">
<section name = "" level="1">
<item name = "Summary"><table name="" hasTotal="0">
<keys size="8">, min, max, min, max, min, max, Type</keys>
<column name="">39, 39, 0.195 us, 0.195 us, 19, 19, dataflow</column>
</table>
</item>
<item name = "Detail">
<section name = "" level="1">
<item name = "Instance"><table name="" hasTotal="0">
<keys size="9">Instance, Module, min, max, min, max, min, max, Type</keys>
<column name="dense_array_ap_fixed_784u_array_ap_fixed_16_6_5_3_0_4u_config2_U0">dense_array_ap_fixed_784u_array_ap_fixed_16_6_5_3_0_4u_config2_s, 7, 7, 35.000 ns, 35.000 ns, 7, 7, no</column>
<column name="linear_array_ap_fixed_4u_array_ap_int_4_4u_linear_config4_U0">linear_array_ap_fixed_4u_array_ap_int_4_4u_linear_config4_s, 1, 1, 5.000 ns, 5.000 ns, 1, 1, no</column>
<column name="dense_array_ap_int_4_4u_array_ap_fixed_16_6_5_3_0_3u_config5_U0">dense_array_ap_int_4_4u_array_ap_fixed_16_6_5_3_0_3u_config5_s, 2, 2, 10.000 ns, 10.000 ns, 2, 2, no</column>
<column name="linear_array_ap_fixed_3u_array_ap_int_4_3u_linear_config7_U0">linear_array_ap_fixed_3u_array_ap_int_4_3u_linear_config7_s, 1, 1, 5.000 ns, 5.000 ns, 1, 1, no</column>
<column name="dense_array_ap_int_4_3u_array_ap_fixed_16_6_5_3_0_2u_config8_U0">dense_array_ap_int_4_3u_array_ap_fixed_16_6_5_3_0_2u_config8_s, 1, 1, 5.000 ns, 5.000 ns, 1, 1, no</column>
<column name="linear_array_ap_fixed_2u_array_ap_int_4_2u_linear_config10_U0">linear_array_ap_fixed_2u_array_ap_int_4_2u_linear_config10_s, 1, 1, 5.000 ns, 5.000 ns, 1, 1, no</column>
<column name="dense_array_ap_int_4_2u_array_ap_fixed_16_6_5_3_0_10u_config11_U0">dense_array_ap_int_4_2u_array_ap_fixed_16_6_5_3_0_10u_config11_s, 1, 1, 5.000 ns, 5.000 ns, 1, 1, no</column>
<column name="softmax_array_array_ap_fixed_16_6_5_3_0_10u_softmax_config13_U0">softmax_array_array_ap_fixed_16_6_5_3_0_10u_softmax_config13_s, 18, 18, 90.000 ns, 90.000 ns, 18, 18, no</column>
</table>
</item>
<item name = "Loop"><table name="" hasTotal="0">
<keys size="8">Loop Name, min, max, Latency, achieved, target, Count, Pipelined</keys>
</table>
</item>
</section>
</item>
</section>
</item>
</section>

<section name = "Utilization Estimates" level="0">
<item name = "Summary"><table name="" hasTotal="1">
<keys size="6">Name, BRAM_18K, DSP, FF, LUT, URAM</keys>
<column name="DSP">-, -, -, -, -</column>
<column name="Expression">-, -, 0, 2, -</column>
<column name="FIFO">-, -, 693, 476, -</column>
<column name="Instance">5, 10, 2756, 7290, -</column>
<column name="Memory">-, -, -, -, -</column>
<column name="Multiplexer">-, -, -, -, -</column>
<column name="Register">-, -, -, -, -</column>
<specialColumn name="Available">280, 220, 106400, 53200, 0</specialColumn>
<specialColumn name="Utilization (%)">1, 4, 3, 14, 0</specialColumn>
</table>
</item>
<item name = "Detail">
<section name = "" level="1">
<item name = "Instance"><table name="" hasTotal="1">
<keys size="7">Instance, Module, BRAM_18K, DSP, FF, LUT, URAM</keys>
<column name="dense_array_ap_fixed_784u_array_ap_fixed_16_6_5_3_0_4u_config2_U0">dense_array_ap_fixed_784u_array_ap_fixed_16_6_5_3_0_4u_config2_s, 0, 0, 976, 4588, 0</column>
<column name="dense_array_ap_int_4_2u_array_ap_fixed_16_6_5_3_0_10u_config11_U0">dense_array_ap_int_4_2u_array_ap_fixed_16_6_5_3_0_10u_config11_s, 0, 0, 6, 355, 0</column>
<column name="dense_array_ap_int_4_3u_array_ap_fixed_16_6_5_3_0_2u_config8_U0">dense_array_ap_int_4_3u_array_ap_fixed_16_6_5_3_0_2u_config8_s, 0, 0, 6, 56, 0</column>
<column name="dense_array_ap_int_4_4u_array_ap_fixed_16_6_5_3_0_3u_config5_U0">dense_array_ap_int_4_4u_array_ap_fixed_16_6_5_3_0_3u_config5_s, 0, 0, 21, 117, 0</column>
<column name="linear_array_ap_fixed_2u_array_ap_int_4_2u_linear_config10_U0">linear_array_ap_fixed_2u_array_ap_int_4_2u_linear_config10_s, 0, 0, 54, 116, 0</column>
<column name="linear_array_ap_fixed_3u_array_ap_int_4_3u_linear_config7_U0">linear_array_ap_fixed_3u_array_ap_int_4_3u_linear_config7_s, 0, 0, 79, 148, 0</column>
<column name="linear_array_ap_fixed_4u_array_ap_int_4_4u_linear_config4_U0">linear_array_ap_fixed_4u_array_ap_int_4_4u_linear_config4_s, 0, 0, 104, 180, 0</column>
<column name="softmax_array_array_ap_fixed_16_6_5_3_0_10u_softmax_config13_U0">softmax_array_array_ap_fixed_16_6_5_3_0_10u_softmax_config13_s, 5, 10, 1510, 1730, 0</column>
</table>
</item>
<item name = "DSP"><table name="" hasTotal="0">
<keys size="3">Instance, Module, Expression</keys>
</table>
</item>
<item name = "Memory"><table name="" hasTotal="1">
<keys size="10">Memory, Module, BRAM_18K, FF, LUT, URAM, Words, Bits, Banks, W*Bits*Banks</keys>
</table>
</item>
<item name = "FIFO"><table name="" hasTotal="1">
<keys size="8">Name, BRAM_18K, FF, LUT, URAM, Depth, Bits, Size:D*B</keys>
<column name="layer10_out_U">0, 99, 0, -, 1, 8, 8</column>
<column name="layer11_out_U">0, 99, 0, -, 1, 160, 160</column>
<column name="layer2_out_U">0, 99, 0, -, 1, 64, 64</column>
<column name="layer4_out_U">0, 99, 0, -, 1, 16, 16</column>
<column name="layer5_out_U">0, 99, 0, -, 1, 48, 48</column>
<column name="layer7_out_U">0, 99, 0, -, 1, 12, 12</column>
<column name="layer8_out_U">0, 99, 0, -, 1, 32, 32</column>
</table>
</item>
<item name = "Expression"><table name="" hasTotal="1">
<keys size="7">Variable Name, Operation, DSP, FF, LUT, Bitwidth P0, Bitwidth P1</keys>
<column name="ap_idle">and, 0, 0, 2, 1, 1</column>
</table>
</item>
<item name = "Multiplexer"><table name="" hasTotal="1">
<keys size="5">Name, LUT, Input Size, Bits, Total Bits</keys>
</table>
</item>
<item name = "Register"><table name="" hasTotal="1">
<keys size="5">Name, FF, LUT, Bits, Const Bits</keys>
</table>
</item>
</section>
</item>
</section>

<section name = "Interface" level="0">
<item name = "Summary"><table name="" hasTotal="0">
<keys size="6">RTL Ports, Dir, Bits, Protocol, Source Object, C Type</keys>
<column name="fc1_input_TDATA">in, 12544, axis, fc1_input, pointer</column>
<column name="fc1_input_TVALID">in, 1, axis, fc1_input, pointer</column>
<column name="fc1_input_TREADY">out, 1, axis, fc1_input, pointer</column>
<column name="layer13_out_TDATA">out, 160, axis, layer13_out, pointer</column>
<column name="layer13_out_TVALID">out, 1, axis, layer13_out, pointer</column>
<column name="layer13_out_TREADY">in, 1, axis, layer13_out, pointer</column>
<column name="ap_clk">in, 1, ap_ctrl_hs, myproject, return value</column>
<column name="ap_rst_n">in, 1, ap_ctrl_hs, myproject, return value</column>
<column name="ap_start">in, 1, ap_ctrl_hs, myproject, return value</column>
<column name="ap_done">out, 1, ap_ctrl_hs, myproject, return value</column>
<column name="ap_ready">out, 1, ap_ctrl_hs, myproject, return value</column>
<column name="ap_idle">out, 1, ap_ctrl_hs, myproject, return value</column>
</table>
</item>
</section>
</profile>
