<stg><name>myproject</name>


<trans_list>

<trans id="63" from="1" to="2">
<condition id="-1">
<or_exp><and_exp></and_exp></or_exp>
</condition>
</trans>

<trans id="64" from="2" to="3">
<condition id="-1">
<or_exp><and_exp></and_exp></or_exp>
</condition>
</trans>

<trans id="65" from="3" to="4">
<condition id="-1">
<or_exp><and_exp></and_exp></or_exp>
</condition>
</trans>

<trans id="66" from="4" to="5">
<condition id="-1">
<or_exp><and_exp></and_exp></or_exp>
</condition>
</trans>

<trans id="67" from="5" to="6">
<condition id="-1">
<or_exp><and_exp></and_exp></or_exp>
</condition>
</trans>

<trans id="68" from="6" to="7">
<condition id="-1">
<or_exp><and_exp></and_exp></or_exp>
</condition>
</trans>

<trans id="69" from="7" to="8">
<condition id="-1">
<or_exp><and_exp></and_exp></or_exp>
</condition>
</trans>

<trans id="70" from="8" to="9">
<condition id="-1">
<or_exp><and_exp></and_exp></or_exp>
</condition>
</trans>

<trans id="71" from="9" to="10">
<condition id="-1">
<or_exp><and_exp></and_exp></or_exp>
</condition>
</trans>

<trans id="72" from="10" to="11">
<condition id="-1">
<or_exp><and_exp></and_exp></or_exp>
</condition>
</trans>

<trans id="73" from="11" to="12">
<condition id="-1">
<or_exp><and_exp></and_exp></or_exp>
</condition>
</trans>

<trans id="74" from="12" to="13">
<condition id="-1">
<or_exp><and_exp></and_exp></or_exp>
</condition>
</trans>

<trans id="75" from="13" to="14">
<condition id="-1">
<or_exp><and_exp></and_exp></or_exp>
</condition>
</trans>

<trans id="76" from="14" to="15">
<condition id="-1">
<or_exp><and_exp></and_exp></or_exp>
</condition>
</trans>

<trans id="77" from="15" to="16">
<condition id="-1">
<or_exp><and_exp></and_exp></or_exp>
</condition>
</trans>

<trans id="78" from="16" to="17">
<condition id="-1">
<or_exp><and_exp></and_exp></or_exp>
</condition>
</trans>

<trans id="79" from="17" to="18">
<condition id="-1">
<or_exp><and_exp></and_exp></or_exp>
</condition>
</trans>
</trans_list>



<state_list>

<state id="1" st_id="1">

<operation id="19" st_id="1" stage="1" lat="1">
<core>FIFO_SRL</core>
<MemPortIdVec></MemPortIdVec>
<condition id="-1">
<or_exp><and_exp></and_exp></or_exp>
</condition>

<Node id="11" bw="64" op_0_bw="64">
<![CDATA[
entry:6 %layer2_out = alloca i64 1

]]></Node>
<StgValue><ssdm name="layer2_out"/></StgValue>
</operation>

<operation id="20" st_id="1" stage="1" lat="1">
<core>FIFO_SRL</core>
<MemPortIdVec></MemPortIdVec>
<condition id="-1">
<or_exp><and_exp></and_exp></or_exp>
</condition>

<Node id="14" bw="16" op_0_bw="64">
<![CDATA[
entry:9 %layer4_out = alloca i64 1

]]></Node>
<StgValue><ssdm name="layer4_out"/></StgValue>
</operation>

<operation id="21" st_id="1" stage="1" lat="1">
<core>FIFO_SRL</core>
<MemPortIdVec></MemPortIdVec>
<condition id="-1">
<or_exp><and_exp></and_exp></or_exp>
</condition>

<Node id="17" bw="48" op_0_bw="64">
<![CDATA[
entry:12 %layer5_out = alloca i64 1

]]></Node>
<StgValue><ssdm name="layer5_out"/></StgValue>
</operation>

<operation id="22" st_id="1" stage="1" lat="1">
<core>FIFO_SRL</core>
<MemPortIdVec></MemPortIdVec>
<condition id="-1">
<or_exp><and_exp></and_exp></or_exp>
</condition>

<Node id="20" bw="12" op_0_bw="64">
<![CDATA[
entry:15 %layer7_out = alloca i64 1

]]></Node>
<StgValue><ssdm name="layer7_out"/></StgValue>
</operation>

<operation id="23" st_id="1" stage="1" lat="1">
<core>FIFO_SRL</core>
<MemPortIdVec></MemPortIdVec>
<condition id="-1">
<or_exp><and_exp></and_exp></or_exp>
</condition>

<Node id="23" bw="32" op_0_bw="64">
<![CDATA[
entry:18 %layer8_out = alloca i64 1

]]></Node>
<StgValue><ssdm name="layer8_out"/></StgValue>
</operation>

<operation id="24" st_id="1" stage="1" lat="1">
<core>FIFO_SRL</core>
<MemPortIdVec></MemPortIdVec>
<condition id="-1">
<or_exp><and_exp></and_exp></or_exp>
</condition>

<Node id="26" bw="8" op_0_bw="64">
<![CDATA[
entry:21 %layer10_out = alloca i64 1

]]></Node>
<StgValue><ssdm name="layer10_out"/></StgValue>
</operation>

<operation id="25" st_id="1" stage="1" lat="1">
<core>FIFO_SRL</core>
<MemPortIdVec></MemPortIdVec>
<condition id="-1">
<or_exp><and_exp></and_exp></or_exp>
</condition>

<Node id="29" bw="160" op_0_bw="64">
<![CDATA[
entry:24 %layer11_out = alloca i64 1

]]></Node>
<StgValue><ssdm name="layer11_out"/></StgValue>
</operation>
</state>

<state id="2" st_id="2">

<operation id="26" st_id="2" stage="2" lat="2">
<core></core>
<MemPortIdVec></MemPortIdVec>
<condition id="-1">
<or_exp><and_exp></and_exp></or_exp>
</condition>

<Node id="32" bw="0" op_0_bw="0" op_1_bw="12544" op_2_bw="64">
<![CDATA[
entry:27 %call_ln39 = call void @dense<array<ap_fixed,784u>,array<ap_fixed<16,6,5,3,0>,4u>,config2>, i12544 %fc1_input, i64 %layer2_out

]]></Node>
<StgValue><ssdm name="call_ln39"/></StgValue>
</operation>
</state>

<state id="3" st_id="3">

<operation id="27" st_id="3" stage="1" lat="2">
<core></core>
<MemPortIdVec></MemPortIdVec>
<condition id="-1">
<or_exp><and_exp></and_exp></or_exp>
</condition>

<Node id="32" bw="0" op_0_bw="0" op_1_bw="12544" op_2_bw="64">
<![CDATA[
entry:27 %call_ln39 = call void @dense<array<ap_fixed,784u>,array<ap_fixed<16,6,5,3,0>,4u>,config2>, i12544 %fc1_input, i64 %layer2_out

]]></Node>
<StgValue><ssdm name="call_ln39"/></StgValue>
</operation>
</state>

<state id="4" st_id="4">

<operation id="28" st_id="4" stage="2" lat="2">
<core></core>
<MemPortIdVec></MemPortIdVec>
<condition id="-1">
<or_exp><and_exp></and_exp></or_exp>
</condition>

<Node id="33" bw="0" op_0_bw="0" op_1_bw="64" op_2_bw="16" op_3_bw="0" op_4_bw="0">
<![CDATA[
entry:28 %call_ln43 = call void @linear<array<ap_fixed,4u>,array<ap_int<4>,4u>,linear_config4>, i64 %layer2_out, i16 %layer4_out

]]></Node>
<StgValue><ssdm name="call_ln43"/></StgValue>
</operation>
</state>

<state id="5" st_id="5">

<operation id="29" st_id="5" stage="1" lat="2">
<core></core>
<MemPortIdVec></MemPortIdVec>
<condition id="-1">
<or_exp><and_exp></and_exp></or_exp>
</condition>

<Node id="33" bw="0" op_0_bw="0" op_1_bw="64" op_2_bw="16" op_3_bw="0" op_4_bw="0">
<![CDATA[
entry:28 %call_ln43 = call void @linear<array<ap_fixed,4u>,array<ap_int<4>,4u>,linear_config4>, i64 %layer2_out, i16 %layer4_out

]]></Node>
<StgValue><ssdm name="call_ln43"/></StgValue>
</operation>
</state>

<state id="6" st_id="6">

<operation id="30" st_id="6" stage="2" lat="2">
<core></core>
<MemPortIdVec></MemPortIdVec>
<condition id="-1">
<or_exp><and_exp></and_exp></or_exp>
</condition>

<Node id="34" bw="0" op_0_bw="0" op_1_bw="16" op_2_bw="48" op_3_bw="0" op_4_bw="0">
<![CDATA[
entry:29 %call_ln47 = call void @dense<array<ap_int<4>, 4u>, array<ap_fixed<16, 6, 5, 3, 0>, 3u>, config5>, i16 %layer4_out, i48 %layer5_out

]]></Node>
<StgValue><ssdm name="call_ln47"/></StgValue>
</operation>
</state>

<state id="7" st_id="7">

<operation id="31" st_id="7" stage="1" lat="2">
<core></core>
<MemPortIdVec></MemPortIdVec>
<condition id="-1">
<or_exp><and_exp></and_exp></or_exp>
</condition>

<Node id="34" bw="0" op_0_bw="0" op_1_bw="16" op_2_bw="48" op_3_bw="0" op_4_bw="0">
<![CDATA[
entry:29 %call_ln47 = call void @dense<array<ap_int<4>, 4u>, array<ap_fixed<16, 6, 5, 3, 0>, 3u>, config5>, i16 %layer4_out, i48 %layer5_out

]]></Node>
<StgValue><ssdm name="call_ln47"/></StgValue>
</operation>
</state>

<state id="8" st_id="8">

<operation id="32" st_id="8" stage="2" lat="2">
<core></core>
<MemPortIdVec></MemPortIdVec>
<condition id="-1">
<or_exp><and_exp></and_exp></or_exp>
</condition>

<Node id="35" bw="0" op_0_bw="0" op_1_bw="48" op_2_bw="12" op_3_bw="0" op_4_bw="0">
<![CDATA[
entry:30 %call_ln51 = call void @linear<array<ap_fixed,3u>,array<ap_int<4>,3u>,linear_config7>, i48 %layer5_out, i12 %layer7_out

]]></Node>
<StgValue><ssdm name="call_ln51"/></StgValue>
</operation>
</state>

<state id="9" st_id="9">

<operation id="33" st_id="9" stage="1" lat="2">
<core></core>
<MemPortIdVec></MemPortIdVec>
<condition id="-1">
<or_exp><and_exp></and_exp></or_exp>
</condition>

<Node id="35" bw="0" op_0_bw="0" op_1_bw="48" op_2_bw="12" op_3_bw="0" op_4_bw="0">
<![CDATA[
entry:30 %call_ln51 = call void @linear<array<ap_fixed,3u>,array<ap_int<4>,3u>,linear_config7>, i48 %layer5_out, i12 %layer7_out

]]></Node>
<StgValue><ssdm name="call_ln51"/></StgValue>
</operation>
</state>

<state id="10" st_id="10">

<operation id="34" st_id="10" stage="2" lat="2">
<core></core>
<MemPortIdVec></MemPortIdVec>
<condition id="-1">
<or_exp><and_exp></and_exp></or_exp>
</condition>

<Node id="36" bw="0" op_0_bw="0" op_1_bw="12" op_2_bw="32" op_3_bw="0" op_4_bw="0">
<![CDATA[
entry:31 %call_ln55 = call void @dense<array<ap_int<4>, 3u>, array<ap_fixed<16, 6, 5, 3, 0>, 2u>, config8>, i12 %layer7_out, i32 %layer8_out

]]></Node>
<StgValue><ssdm name="call_ln55"/></StgValue>
</operation>
</state>

<state id="11" st_id="11">

<operation id="35" st_id="11" stage="1" lat="2">
<core></core>
<MemPortIdVec></MemPortIdVec>
<condition id="-1">
<or_exp><and_exp></and_exp></or_exp>
</condition>

<Node id="36" bw="0" op_0_bw="0" op_1_bw="12" op_2_bw="32" op_3_bw="0" op_4_bw="0">
<![CDATA[
entry:31 %call_ln55 = call void @dense<array<ap_int<4>, 3u>, array<ap_fixed<16, 6, 5, 3, 0>, 2u>, config8>, i12 %layer7_out, i32 %layer8_out

]]></Node>
<StgValue><ssdm name="call_ln55"/></StgValue>
</operation>
</state>

<state id="12" st_id="12">

<operation id="36" st_id="12" stage="2" lat="2">
<core></core>
<MemPortIdVec></MemPortIdVec>
<condition id="-1">
<or_exp><and_exp></and_exp></or_exp>
</condition>

<Node id="37" bw="0" op_0_bw="0" op_1_bw="32" op_2_bw="8" op_3_bw="0" op_4_bw="0">
<![CDATA[
entry:32 %call_ln59 = call void @linear<array<ap_fixed,2u>,array<ap_int<4>,2u>,linear_config10>, i32 %layer8_out, i8 %layer10_out

]]></Node>
<StgValue><ssdm name="call_ln59"/></StgValue>
</operation>
</state>

<state id="13" st_id="13">

<operation id="37" st_id="13" stage="1" lat="2">
<core></core>
<MemPortIdVec></MemPortIdVec>
<condition id="-1">
<or_exp><and_exp></and_exp></or_exp>
</condition>

<Node id="37" bw="0" op_0_bw="0" op_1_bw="32" op_2_bw="8" op_3_bw="0" op_4_bw="0">
<![CDATA[
entry:32 %call_ln59 = call void @linear<array<ap_fixed,2u>,array<ap_int<4>,2u>,linear_config10>, i32 %layer8_out, i8 %layer10_out

]]></Node>
<StgValue><ssdm name="call_ln59"/></StgValue>
</operation>
</state>

<state id="14" st_id="14">

<operation id="38" st_id="14" stage="2" lat="2">
<core></core>
<MemPortIdVec></MemPortIdVec>
<condition id="-1">
<or_exp><and_exp></and_exp></or_exp>
</condition>

<Node id="38" bw="0" op_0_bw="0" op_1_bw="8" op_2_bw="160" op_3_bw="0" op_4_bw="0">
<![CDATA[
entry:33 %call_ln63 = call void @dense<array<ap_int<4>, 2u>, array<ap_fixed<16, 6, 5, 3, 0>, 10u>, config11>, i8 %layer10_out, i160 %layer11_out

]]></Node>
<StgValue><ssdm name="call_ln63"/></StgValue>
</operation>
</state>

<state id="15" st_id="15">

<operation id="39" st_id="15" stage="1" lat="2">
<core></core>
<MemPortIdVec></MemPortIdVec>
<condition id="-1">
<or_exp><and_exp></and_exp></or_exp>
</condition>

<Node id="38" bw="0" op_0_bw="0" op_1_bw="8" op_2_bw="160" op_3_bw="0" op_4_bw="0">
<![CDATA[
entry:33 %call_ln63 = call void @dense<array<ap_int<4>, 2u>, array<ap_fixed<16, 6, 5, 3, 0>, 10u>, config11>, i8 %layer10_out, i160 %layer11_out

]]></Node>
<StgValue><ssdm name="call_ln63"/></StgValue>
</operation>
</state>

<state id="16" st_id="16">

<operation id="40" st_id="16" stage="2" lat="2">
<core></core>
<MemPortIdVec></MemPortIdVec>
<condition id="-1">
<or_exp><and_exp></and_exp></or_exp>
</condition>

<Node id="39" bw="0" op_0_bw="0" op_1_bw="160" op_2_bw="160" op_3_bw="17" op_4_bw="18" op_5_bw="0" op_6_bw="0">
<![CDATA[
entry:34 %call_ln65 = call void @softmax<array,array<ap_fixed<16,6,5,3,0>,10u>,softmax_config13>, i160 %layer11_out, i160 %layer13_out, i17 %exp_table, i18 %invert_table

]]></Node>
<StgValue><ssdm name="call_ln65"/></StgValue>
</operation>
</state>

<state id="17" st_id="17">

<operation id="41" st_id="17" stage="1" lat="2">
<core></core>
<MemPortIdVec></MemPortIdVec>
<condition id="-1">
<or_exp><and_exp></and_exp></or_exp>
</condition>

<Node id="39" bw="0" op_0_bw="0" op_1_bw="160" op_2_bw="160" op_3_bw="17" op_4_bw="18" op_5_bw="0" op_6_bw="0">
<![CDATA[
entry:34 %call_ln65 = call void @softmax<array,array<ap_fixed<16,6,5,3,0>,10u>,softmax_config13>, i160 %layer11_out, i160 %layer13_out, i17 %exp_table, i18 %invert_table

]]></Node>
<StgValue><ssdm name="call_ln65"/></StgValue>
</operation>
</state>

<state id="18" st_id="18">

<operation id="42" st_id="18" stage="1" lat="1">
<core>NULL</core>
<MemPortIdVec></MemPortIdVec>
<condition id="-1">
<or_exp><and_exp></and_exp></or_exp>
</condition>

<Node id="5" bw="0" op_0_bw="0" op_1_bw="32" op_2_bw="32" op_3_bw="0">
<![CDATA[
entry:0 %specdataflowpipeline_ln13 = specdataflowpipeline void @_ssdm_op_SpecDataflowPipeline, i32 4294967295, i32 0, void @empty_1

]]></Node>
<StgValue><ssdm name="specdataflowpipeline_ln13"/></StgValue>
</operation>

<operation id="43" st_id="18" stage="1" lat="1">
<core>NULL</core>
<MemPortIdVec></MemPortIdVec>
<condition id="-1">
<or_exp><and_exp></and_exp></or_exp>
</condition>

<Node id="6" bw="0" op_0_bw="0" op_1_bw="0">
<![CDATA[
entry:1 %spectopmodule_ln6 = spectopmodule void @_ssdm_op_SpecTopModule, void @empty_2

]]></Node>
<StgValue><ssdm name="spectopmodule_ln6"/></StgValue>
</operation>

<operation id="44" st_id="18" stage="1" lat="1">
<core>NULL</core>
<MemPortIdVec></MemPortIdVec>
<condition id="-1">
<or_exp><and_exp></and_exp></or_exp>
</condition>

<Node id="7" bw="0" op_0_bw="0" op_1_bw="12544" op_2_bw="0" op_3_bw="32" op_4_bw="32" op_5_bw="0" op_6_bw="32" op_7_bw="32" op_8_bw="0" op_9_bw="0" op_10_bw="0" op_11_bw="32" op_12_bw="32" op_13_bw="32" op_14_bw="32" op_15_bw="0" op_16_bw="0" op_17_bw="32" op_18_bw="32">
<![CDATA[
entry:2 %specinterface_ln0 = specinterface void @_ssdm_op_SpecInterface, i12544 %fc1_input, void @empty, i32 1, i32 1, void @empty_8, i32 0, i32 0, void @empty_1, void @empty_1, void @empty_1, i32 0, i32 0, i32 0, i32 0, void @empty_1, void @empty_1, i32 4294967295, i32 0

]]></Node>
<StgValue><ssdm name="specinterface_ln0"/></StgValue>
</operation>

<operation id="45" st_id="18" stage="1" lat="1">
<core>NULL</core>
<MemPortIdVec></MemPortIdVec>
<condition id="-1">
<or_exp><and_exp></and_exp></or_exp>
</condition>

<Node id="8" bw="0" op_0_bw="0" op_1_bw="12544">
<![CDATA[
entry:3 %specbitsmap_ln0 = specbitsmap void @_ssdm_op_SpecBitsMap, i12544 %fc1_input

]]></Node>
<StgValue><ssdm name="specbitsmap_ln0"/></StgValue>
</operation>

<operation id="46" st_id="18" stage="1" lat="1">
<core>NULL</core>
<MemPortIdVec></MemPortIdVec>
<condition id="-1">
<or_exp><and_exp></and_exp></or_exp>
</condition>

<Node id="9" bw="0" op_0_bw="0" op_1_bw="160" op_2_bw="0" op_3_bw="32" op_4_bw="32" op_5_bw="0" op_6_bw="32" op_7_bw="32" op_8_bw="0" op_9_bw="0" op_10_bw="0" op_11_bw="32" op_12_bw="32" op_13_bw="32" op_14_bw="32" op_15_bw="0" op_16_bw="0" op_17_bw="32" op_18_bw="32">
<![CDATA[
entry:4 %specinterface_ln0 = specinterface void @_ssdm_op_SpecInterface, i160 %layer13_out, void @empty, i32 1, i32 1, void @empty_8, i32 0, i32 0, void @empty_1, void @empty_1, void @empty_1, i32 0, i32 0, i32 0, i32 0, void @empty_1, void @empty_1, i32 4294967295, i32 0

]]></Node>
<StgValue><ssdm name="specinterface_ln0"/></StgValue>
</operation>

<operation id="47" st_id="18" stage="1" lat="1">
<core>NULL</core>
<MemPortIdVec></MemPortIdVec>
<condition id="-1">
<or_exp><and_exp></and_exp></or_exp>
</condition>

<Node id="10" bw="0" op_0_bw="0" op_1_bw="160">
<![CDATA[
entry:5 %specbitsmap_ln0 = specbitsmap void @_ssdm_op_SpecBitsMap, i160 %layer13_out

]]></Node>
<StgValue><ssdm name="specbitsmap_ln0"/></StgValue>
</operation>

<operation id="48" st_id="18" stage="1" lat="1">
<core>NULL</core>
<MemPortIdVec></MemPortIdVec>
<condition id="-1">
<or_exp><and_exp></and_exp></or_exp>
</condition>

<Node id="12" bw="32" op_0_bw="32" op_1_bw="0" op_2_bw="32" op_3_bw="0" op_4_bw="0" op_5_bw="32" op_6_bw="32" op_7_bw="64" op_8_bw="64">
<![CDATA[
entry:7 %empty = specchannel i32 @_ssdm_op_SpecChannel, void @layer2_out_str, i32 1, void @p_str, void @p_str, i32 1, i32 1, i64 %layer2_out, i64 %layer2_out

]]></Node>
<StgValue><ssdm name="empty"/></StgValue>
</operation>

<operation id="49" st_id="18" stage="1" lat="1">
<core>NULL</core>
<MemPortIdVec></MemPortIdVec>
<condition id="-1">
<or_exp><and_exp></and_exp></or_exp>
</condition>

<Node id="13" bw="0" op_0_bw="0" op_1_bw="64" op_2_bw="0" op_3_bw="32" op_4_bw="32" op_5_bw="0" op_6_bw="32" op_7_bw="32" op_8_bw="0" op_9_bw="0" op_10_bw="0" op_11_bw="32" op_12_bw="32" op_13_bw="32" op_14_bw="32" op_15_bw="0" op_16_bw="0" op_17_bw="32" op_18_bw="32">
<![CDATA[
entry:8 %specinterface_ln0 = specinterface void @_ssdm_op_SpecInterface, i64 %layer2_out, void @empty_14, i32 0, i32 0, void @empty_1, i32 0, i32 0, void @empty_1, void @empty_1, void @empty_1, i32 0, i32 0, i32 0, i32 0, void @empty_1, void @empty_1, i32 4294967295, i32 0

]]></Node>
<StgValue><ssdm name="specinterface_ln0"/></StgValue>
</operation>

<operation id="50" st_id="18" stage="1" lat="1">
<core>NULL</core>
<MemPortIdVec></MemPortIdVec>
<condition id="-1">
<or_exp><and_exp></and_exp></or_exp>
</condition>

<Node id="15" bw="32" op_0_bw="32" op_1_bw="0" op_2_bw="32" op_3_bw="0" op_4_bw="0" op_5_bw="32" op_6_bw="32" op_7_bw="16" op_8_bw="16">
<![CDATA[
entry:10 %empty_49 = specchannel i32 @_ssdm_op_SpecChannel, void @layer4_out_str, i32 1, void @p_str, void @p_str, i32 1, i32 1, i16 %layer4_out, i16 %layer4_out

]]></Node>
<StgValue><ssdm name="empty_49"/></StgValue>
</operation>

<operation id="51" st_id="18" stage="1" lat="1">
<core>NULL</core>
<MemPortIdVec></MemPortIdVec>
<condition id="-1">
<or_exp><and_exp></and_exp></or_exp>
</condition>

<Node id="16" bw="0" op_0_bw="0" op_1_bw="16" op_2_bw="0" op_3_bw="32" op_4_bw="32" op_5_bw="0" op_6_bw="32" op_7_bw="32" op_8_bw="0" op_9_bw="0" op_10_bw="0" op_11_bw="32" op_12_bw="32" op_13_bw="32" op_14_bw="32" op_15_bw="0" op_16_bw="0" op_17_bw="32" op_18_bw="32">
<![CDATA[
entry:11 %specinterface_ln0 = specinterface void @_ssdm_op_SpecInterface, i16 %layer4_out, void @empty_14, i32 0, i32 0, void @empty_1, i32 0, i32 0, void @empty_1, void @empty_1, void @empty_1, i32 0, i32 0, i32 0, i32 0, void @empty_1, void @empty_1, i32 4294967295, i32 0

]]></Node>
<StgValue><ssdm name="specinterface_ln0"/></StgValue>
</operation>

<operation id="52" st_id="18" stage="1" lat="1">
<core>NULL</core>
<MemPortIdVec></MemPortIdVec>
<condition id="-1">
<or_exp><and_exp></and_exp></or_exp>
</condition>

<Node id="18" bw="32" op_0_bw="32" op_1_bw="0" op_2_bw="32" op_3_bw="0" op_4_bw="0" op_5_bw="32" op_6_bw="32" op_7_bw="48" op_8_bw="48">
<![CDATA[
entry:13 %empty_50 = specchannel i32 @_ssdm_op_SpecChannel, void @layer5_out_str, i32 1, void @p_str, void @p_str, i32 1, i32 1, i48 %layer5_out, i48 %layer5_out

]]></Node>
<StgValue><ssdm name="empty_50"/></StgValue>
</operation>

<operation id="53" st_id="18" stage="1" lat="1">
<core>NULL</core>
<MemPortIdVec></MemPortIdVec>
<condition id="-1">
<or_exp><and_exp></and_exp></or_exp>
</condition>

<Node id="19" bw="0" op_0_bw="0" op_1_bw="48" op_2_bw="0" op_3_bw="32" op_4_bw="32" op_5_bw="0" op_6_bw="32" op_7_bw="32" op_8_bw="0" op_9_bw="0" op_10_bw="0" op_11_bw="32" op_12_bw="32" op_13_bw="32" op_14_bw="32" op_15_bw="0" op_16_bw="0" op_17_bw="32" op_18_bw="32">
<![CDATA[
entry:14 %specinterface_ln0 = specinterface void @_ssdm_op_SpecInterface, i48 %layer5_out, void @empty_14, i32 0, i32 0, void @empty_1, i32 0, i32 0, void @empty_1, void @empty_1, void @empty_1, i32 0, i32 0, i32 0, i32 0, void @empty_1, void @empty_1, i32 4294967295, i32 0

]]></Node>
<StgValue><ssdm name="specinterface_ln0"/></StgValue>
</operation>

<operation id="54" st_id="18" stage="1" lat="1">
<core>NULL</core>
<MemPortIdVec></MemPortIdVec>
<condition id="-1">
<or_exp><and_exp></and_exp></or_exp>
</condition>

<Node id="21" bw="32" op_0_bw="32" op_1_bw="0" op_2_bw="32" op_3_bw="0" op_4_bw="0" op_5_bw="32" op_6_bw="32" op_7_bw="12" op_8_bw="12">
<![CDATA[
entry:16 %empty_51 = specchannel i32 @_ssdm_op_SpecChannel, void @layer7_out_str, i32 1, void @p_str, void @p_str, i32 1, i32 1, i12 %layer7_out, i12 %layer7_out

]]></Node>
<StgValue><ssdm name="empty_51"/></StgValue>
</operation>

<operation id="55" st_id="18" stage="1" lat="1">
<core>NULL</core>
<MemPortIdVec></MemPortIdVec>
<condition id="-1">
<or_exp><and_exp></and_exp></or_exp>
</condition>

<Node id="22" bw="0" op_0_bw="0" op_1_bw="12" op_2_bw="0" op_3_bw="32" op_4_bw="32" op_5_bw="0" op_6_bw="32" op_7_bw="32" op_8_bw="0" op_9_bw="0" op_10_bw="0" op_11_bw="32" op_12_bw="32" op_13_bw="32" op_14_bw="32" op_15_bw="0" op_16_bw="0" op_17_bw="32" op_18_bw="32">
<![CDATA[
entry:17 %specinterface_ln0 = specinterface void @_ssdm_op_SpecInterface, i12 %layer7_out, void @empty_14, i32 0, i32 0, void @empty_1, i32 0, i32 0, void @empty_1, void @empty_1, void @empty_1, i32 0, i32 0, i32 0, i32 0, void @empty_1, void @empty_1, i32 4294967295, i32 0

]]></Node>
<StgValue><ssdm name="specinterface_ln0"/></StgValue>
</operation>

<operation id="56" st_id="18" stage="1" lat="1">
<core>NULL</core>
<MemPortIdVec></MemPortIdVec>
<condition id="-1">
<or_exp><and_exp></and_exp></or_exp>
</condition>

<Node id="24" bw="32" op_0_bw="32" op_1_bw="0" op_2_bw="32" op_3_bw="0" op_4_bw="0" op_5_bw="32" op_6_bw="32" op_7_bw="32" op_8_bw="32">
<![CDATA[
entry:19 %empty_52 = specchannel i32 @_ssdm_op_SpecChannel, void @layer8_out_str, i32 1, void @p_str, void @p_str, i32 1, i32 1, i32 %layer8_out, i32 %layer8_out

]]></Node>
<StgValue><ssdm name="empty_52"/></StgValue>
</operation>

<operation id="57" st_id="18" stage="1" lat="1">
<core>NULL</core>
<MemPortIdVec></MemPortIdVec>
<condition id="-1">
<or_exp><and_exp></and_exp></or_exp>
</condition>

<Node id="25" bw="0" op_0_bw="0" op_1_bw="32" op_2_bw="0" op_3_bw="32" op_4_bw="32" op_5_bw="0" op_6_bw="32" op_7_bw="32" op_8_bw="0" op_9_bw="0" op_10_bw="0" op_11_bw="32" op_12_bw="32" op_13_bw="32" op_14_bw="32" op_15_bw="0" op_16_bw="0" op_17_bw="32" op_18_bw="32">
<![CDATA[
entry:20 %specinterface_ln0 = specinterface void @_ssdm_op_SpecInterface, i32 %layer8_out, void @empty_14, i32 0, i32 0, void @empty_1, i32 0, i32 0, void @empty_1, void @empty_1, void @empty_1, i32 0, i32 0, i32 0, i32 0, void @empty_1, void @empty_1, i32 4294967295, i32 0

]]></Node>
<StgValue><ssdm name="specinterface_ln0"/></StgValue>
</operation>

<operation id="58" st_id="18" stage="1" lat="1">
<core>NULL</core>
<MemPortIdVec></MemPortIdVec>
<condition id="-1">
<or_exp><and_exp></and_exp></or_exp>
</condition>

<Node id="27" bw="32" op_0_bw="32" op_1_bw="0" op_2_bw="32" op_3_bw="0" op_4_bw="0" op_5_bw="32" op_6_bw="32" op_7_bw="8" op_8_bw="8">
<![CDATA[
entry:22 %empty_53 = specchannel i32 @_ssdm_op_SpecChannel, void @layer10_out_str, i32 1, void @p_str, void @p_str, i32 1, i32 1, i8 %layer10_out, i8 %layer10_out

]]></Node>
<StgValue><ssdm name="empty_53"/></StgValue>
</operation>

<operation id="59" st_id="18" stage="1" lat="1">
<core>NULL</core>
<MemPortIdVec></MemPortIdVec>
<condition id="-1">
<or_exp><and_exp></and_exp></or_exp>
</condition>

<Node id="28" bw="0" op_0_bw="0" op_1_bw="8" op_2_bw="0" op_3_bw="32" op_4_bw="32" op_5_bw="0" op_6_bw="32" op_7_bw="32" op_8_bw="0" op_9_bw="0" op_10_bw="0" op_11_bw="32" op_12_bw="32" op_13_bw="32" op_14_bw="32" op_15_bw="0" op_16_bw="0" op_17_bw="32" op_18_bw="32">
<![CDATA[
entry:23 %specinterface_ln0 = specinterface void @_ssdm_op_SpecInterface, i8 %layer10_out, void @empty_14, i32 0, i32 0, void @empty_1, i32 0, i32 0, void @empty_1, void @empty_1, void @empty_1, i32 0, i32 0, i32 0, i32 0, void @empty_1, void @empty_1, i32 4294967295, i32 0

]]></Node>
<StgValue><ssdm name="specinterface_ln0"/></StgValue>
</operation>

<operation id="60" st_id="18" stage="1" lat="1">
<core>NULL</core>
<MemPortIdVec></MemPortIdVec>
<condition id="-1">
<or_exp><and_exp></and_exp></or_exp>
</condition>

<Node id="30" bw="32" op_0_bw="32" op_1_bw="0" op_2_bw="32" op_3_bw="0" op_4_bw="0" op_5_bw="32" op_6_bw="32" op_7_bw="160" op_8_bw="160">
<![CDATA[
entry:25 %empty_54 = specchannel i32 @_ssdm_op_SpecChannel, void @layer11_out_str, i32 1, void @p_str, void @p_str, i32 1, i32 1, i160 %layer11_out, i160 %layer11_out

]]></Node>
<StgValue><ssdm name="empty_54"/></StgValue>
</operation>

<operation id="61" st_id="18" stage="1" lat="1">
<core>NULL</core>
<MemPortIdVec></MemPortIdVec>
<condition id="-1">
<or_exp><and_exp></and_exp></or_exp>
</condition>

<Node id="31" bw="0" op_0_bw="0" op_1_bw="160" op_2_bw="0" op_3_bw="32" op_4_bw="32" op_5_bw="0" op_6_bw="32" op_7_bw="32" op_8_bw="0" op_9_bw="0" op_10_bw="0" op_11_bw="32" op_12_bw="32" op_13_bw="32" op_14_bw="32" op_15_bw="0" op_16_bw="0" op_17_bw="32" op_18_bw="32">
<![CDATA[
entry:26 %specinterface_ln0 = specinterface void @_ssdm_op_SpecInterface, i160 %layer11_out, void @empty_14, i32 0, i32 0, void @empty_1, i32 0, i32 0, void @empty_1, void @empty_1, void @empty_1, i32 0, i32 0, i32 0, i32 0, void @empty_1, void @empty_1, i32 4294967295, i32 0

]]></Node>
<StgValue><ssdm name="specinterface_ln0"/></StgValue>
</operation>

<operation id="62" st_id="18" stage="1" lat="1">
<core>NULL</core>
<MemPortIdVec></MemPortIdVec>
<condition id="-1">
<or_exp><and_exp></and_exp></or_exp>
</condition>

<Node id="40" bw="0">
<![CDATA[
entry:35 %ret_ln67 = ret

]]></Node>
<StgValue><ssdm name="ret_ln67"/></StgValue>
</operation>
</state>
</state_list>


<ports>
<port id="81" name="fc1_input" dir="0" iftype="0">
<core>NULL</core><StgValue><ssdm name="fc1_input"/></StgValue>
</port>
<port id="82" name="layer13_out" dir="1" iftype="0">
<core>NULL</core><StgValue><ssdm name="layer13_out"/></StgValue>
</port>
<port id="83" name="exp_table" dir="0" iftype="1">
<core>ROM</core><StgValue><ssdm name="exp_table"/><MemPortTyVec>1 1 1 1 1 1 1 1 </MemPortTyVec>
</StgValue>
</port>
<port id="84" name="invert_table" dir="0" iftype="1">
<core>ROM</core><StgValue><ssdm name="invert_table"/><MemPortTyVec>1 </MemPortTyVec>
</StgValue>
</port>
</ports>


<dataflows>
<dataflow id="86" from="StgValue_85" to="layer2_out" fromId="85" toId="19">
</dataflow>
<dataflow id="87" from="StgValue_85" to="layer4_out" fromId="85" toId="20">
</dataflow>
<dataflow id="88" from="StgValue_85" to="layer5_out" fromId="85" toId="21">
</dataflow>
<dataflow id="89" from="StgValue_85" to="layer7_out" fromId="85" toId="22">
</dataflow>
<dataflow id="90" from="StgValue_85" to="layer8_out" fromId="85" toId="23">
</dataflow>
<dataflow id="91" from="StgValue_85" to="layer10_out" fromId="85" toId="24">
</dataflow>
<dataflow id="92" from="StgValue_85" to="layer11_out" fromId="85" toId="25">
</dataflow>
<dataflow id="94" from="dense<array<ap_fixed,784u>,array<ap_fixed<16,6,5,3,0>,4u>,config2>" to="call_ln39" fromId="93" toId="26">
</dataflow>
<dataflow id="95" from="fc1_input" to="call_ln39" fromId="81" toId="26">
</dataflow>
<dataflow id="96" from="layer2_out" to="call_ln39" fromId="19" toId="26">
</dataflow>
<dataflow id="97" from="dense<array<ap_fixed,784u>,array<ap_fixed<16,6,5,3,0>,4u>,config2>" to="call_ln39" fromId="93" toId="27">
</dataflow>
<dataflow id="98" from="fc1_input" to="call_ln39" fromId="81" toId="27">
</dataflow>
<dataflow id="99" from="layer2_out" to="call_ln39" fromId="19" toId="27">
</dataflow>
<dataflow id="101" from="linear<array<ap_fixed,4u>,array<ap_int<4>,4u>,linear_config4>" to="call_ln43" fromId="100" toId="28">
</dataflow>
<dataflow id="102" from="layer2_out" to="call_ln43" fromId="19" toId="28">
</dataflow>
<dataflow id="103" from="layer4_out" to="call_ln43" fromId="20" toId="28">
</dataflow>
<dataflow id="104" from="linear<array<ap_fixed,4u>,array<ap_int<4>,4u>,linear_config4>" to="call_ln43" fromId="100" toId="29">
</dataflow>
<dataflow id="105" from="layer2_out" to="call_ln43" fromId="19" toId="29">
</dataflow>
<dataflow id="106" from="layer4_out" to="call_ln43" fromId="20" toId="29">
</dataflow>
<dataflow id="108" from="dense<array<ap_int<4>, 4u>, array<ap_fixed<16, 6, 5, 3, 0>, 3u>, config5>" to="call_ln47" fromId="107" toId="30">
</dataflow>
<dataflow id="109" from="layer4_out" to="call_ln47" fromId="20" toId="30">
</dataflow>
<dataflow id="110" from="layer5_out" to="call_ln47" fromId="21" toId="30">
</dataflow>
<dataflow id="111" from="dense<array<ap_int<4>, 4u>, array<ap_fixed<16, 6, 5, 3, 0>, 3u>, config5>" to="call_ln47" fromId="107" toId="31">
</dataflow>
<dataflow id="112" from="layer4_out" to="call_ln47" fromId="20" toId="31">
</dataflow>
<dataflow id="113" from="layer5_out" to="call_ln47" fromId="21" toId="31">
</dataflow>
<dataflow id="115" from="linear<array<ap_fixed,3u>,array<ap_int<4>,3u>,linear_config7>" to="call_ln51" fromId="114" toId="32">
</dataflow>
<dataflow id="116" from="layer5_out" to="call_ln51" fromId="21" toId="32">
</dataflow>
<dataflow id="117" from="layer7_out" to="call_ln51" fromId="22" toId="32">
</dataflow>
<dataflow id="118" from="linear<array<ap_fixed,3u>,array<ap_int<4>,3u>,linear_config7>" to="call_ln51" fromId="114" toId="33">
</dataflow>
<dataflow id="119" from="layer5_out" to="call_ln51" fromId="21" toId="33">
</dataflow>
<dataflow id="120" from="layer7_out" to="call_ln51" fromId="22" toId="33">
</dataflow>
<dataflow id="122" from="dense<array<ap_int<4>, 3u>, array<ap_fixed<16, 6, 5, 3, 0>, 2u>, config8>" to="call_ln55" fromId="121" toId="34">
</dataflow>
<dataflow id="123" from="layer7_out" to="call_ln55" fromId="22" toId="34">
</dataflow>
<dataflow id="124" from="layer8_out" to="call_ln55" fromId="23" toId="34">
</dataflow>
<dataflow id="125" from="dense<array<ap_int<4>, 3u>, array<ap_fixed<16, 6, 5, 3, 0>, 2u>, config8>" to="call_ln55" fromId="121" toId="35">
</dataflow>
<dataflow id="126" from="layer7_out" to="call_ln55" fromId="22" toId="35">
</dataflow>
<dataflow id="127" from="layer8_out" to="call_ln55" fromId="23" toId="35">
</dataflow>
<dataflow id="129" from="linear<array<ap_fixed,2u>,array<ap_int<4>,2u>,linear_config10>" to="call_ln59" fromId="128" toId="36">
</dataflow>
<dataflow id="130" from="layer8_out" to="call_ln59" fromId="23" toId="36">
</dataflow>
<dataflow id="131" from="layer10_out" to="call_ln59" fromId="24" toId="36">
</dataflow>
<dataflow id="132" from="linear<array<ap_fixed,2u>,array<ap_int<4>,2u>,linear_config10>" to="call_ln59" fromId="128" toId="37">
</dataflow>
<dataflow id="133" from="layer8_out" to="call_ln59" fromId="23" toId="37">
</dataflow>
<dataflow id="134" from="layer10_out" to="call_ln59" fromId="24" toId="37">
</dataflow>
<dataflow id="136" from="dense<array<ap_int<4>, 2u>, array<ap_fixed<16, 6, 5, 3, 0>, 10u>, config11>" to="call_ln63" fromId="135" toId="38">
</dataflow>
<dataflow id="137" from="layer10_out" to="call_ln63" fromId="24" toId="38">
</dataflow>
<dataflow id="138" from="layer11_out" to="call_ln63" fromId="25" toId="38">
</dataflow>
<dataflow id="139" from="dense<array<ap_int<4>, 2u>, array<ap_fixed<16, 6, 5, 3, 0>, 10u>, config11>" to="call_ln63" fromId="135" toId="39">
</dataflow>
<dataflow id="140" from="layer10_out" to="call_ln63" fromId="24" toId="39">
</dataflow>
<dataflow id="141" from="layer11_out" to="call_ln63" fromId="25" toId="39">
</dataflow>
<dataflow id="143" from="softmax<array,array<ap_fixed<16,6,5,3,0>,10u>,softmax_config13>" to="call_ln65" fromId="142" toId="40">
</dataflow>
<dataflow id="144" from="layer11_out" to="call_ln65" fromId="25" toId="40">
</dataflow>
<dataflow id="145" from="layer13_out" to="call_ln65" fromId="82" toId="40">
</dataflow>
<dataflow id="146" from="exp_table" to="call_ln65" fromId="83" toId="40">
</dataflow>
<dataflow id="147" from="invert_table" to="call_ln65" fromId="84" toId="40">
</dataflow>
<dataflow id="148" from="softmax<array,array<ap_fixed<16,6,5,3,0>,10u>,softmax_config13>" to="call_ln65" fromId="142" toId="41">
</dataflow>
<dataflow id="149" from="layer11_out" to="call_ln65" fromId="25" toId="41">
</dataflow>
<dataflow id="150" from="layer13_out" to="call_ln65" fromId="82" toId="41">
</dataflow>
<dataflow id="151" from="exp_table" to="call_ln65" fromId="83" toId="41">
</dataflow>
<dataflow id="152" from="invert_table" to="call_ln65" fromId="84" toId="41">
</dataflow>
<dataflow id="154" from="_ssdm_op_SpecDataflowPipeline" to="specdataflowpipeline_ln13" fromId="153" toId="42">
</dataflow>
<dataflow id="156" from="StgValue_155" to="specdataflowpipeline_ln13" fromId="155" toId="42">
</dataflow>
<dataflow id="158" from="StgValue_157" to="specdataflowpipeline_ln13" fromId="157" toId="42">
</dataflow>
<dataflow id="160" from="empty_1" to="specdataflowpipeline_ln13" fromId="159" toId="42">
</dataflow>
<dataflow id="162" from="_ssdm_op_SpecTopModule" to="spectopmodule_ln6" fromId="161" toId="43">
</dataflow>
<dataflow id="164" from="empty_2" to="spectopmodule_ln6" fromId="163" toId="43">
</dataflow>
<dataflow id="166" from="_ssdm_op_SpecInterface" to="specinterface_ln0" fromId="165" toId="44">
</dataflow>
<dataflow id="167" from="fc1_input" to="specinterface_ln0" fromId="81" toId="44">
</dataflow>
<dataflow id="169" from="empty" to="specinterface_ln0" fromId="168" toId="44">
</dataflow>
<dataflow id="171" from="StgValue_170" to="specinterface_ln0" fromId="170" toId="44">
</dataflow>
<dataflow id="172" from="StgValue_170" to="specinterface_ln0" fromId="170" toId="44">
</dataflow>
<dataflow id="174" from="empty_8" to="specinterface_ln0" fromId="173" toId="44">
</dataflow>
<dataflow id="175" from="StgValue_157" to="specinterface_ln0" fromId="157" toId="44">
</dataflow>
<dataflow id="176" from="StgValue_157" to="specinterface_ln0" fromId="157" toId="44">
</dataflow>
<dataflow id="177" from="empty_1" to="specinterface_ln0" fromId="159" toId="44">
</dataflow>
<dataflow id="178" from="empty_1" to="specinterface_ln0" fromId="159" toId="44">
</dataflow>
<dataflow id="179" from="empty_1" to="specinterface_ln0" fromId="159" toId="44">
</dataflow>
<dataflow id="180" from="StgValue_157" to="specinterface_ln0" fromId="157" toId="44">
</dataflow>
<dataflow id="181" from="StgValue_157" to="specinterface_ln0" fromId="157" toId="44">
</dataflow>
<dataflow id="182" from="StgValue_157" to="specinterface_ln0" fromId="157" toId="44">
</dataflow>
<dataflow id="183" from="StgValue_157" to="specinterface_ln0" fromId="157" toId="44">
</dataflow>
<dataflow id="184" from="empty_1" to="specinterface_ln0" fromId="159" toId="44">
</dataflow>
<dataflow id="185" from="empty_1" to="specinterface_ln0" fromId="159" toId="44">
</dataflow>
<dataflow id="186" from="StgValue_155" to="specinterface_ln0" fromId="155" toId="44">
</dataflow>
<dataflow id="187" from="StgValue_157" to="specinterface_ln0" fromId="157" toId="44">
</dataflow>
<dataflow id="189" from="_ssdm_op_SpecBitsMap" to="specbitsmap_ln0" fromId="188" toId="45">
</dataflow>
<dataflow id="190" from="fc1_input" to="specbitsmap_ln0" fromId="81" toId="45">
</dataflow>
<dataflow id="191" from="_ssdm_op_SpecInterface" to="specinterface_ln0" fromId="165" toId="46">
</dataflow>
<dataflow id="192" from="layer13_out" to="specinterface_ln0" fromId="82" toId="46">
</dataflow>
<dataflow id="193" from="empty" to="specinterface_ln0" fromId="168" toId="46">
</dataflow>
<dataflow id="194" from="StgValue_170" to="specinterface_ln0" fromId="170" toId="46">
</dataflow>
<dataflow id="195" from="StgValue_170" to="specinterface_ln0" fromId="170" toId="46">
</dataflow>
<dataflow id="196" from="empty_8" to="specinterface_ln0" fromId="173" toId="46">
</dataflow>
<dataflow id="197" from="StgValue_157" to="specinterface_ln0" fromId="157" toId="46">
</dataflow>
<dataflow id="198" from="StgValue_157" to="specinterface_ln0" fromId="157" toId="46">
</dataflow>
<dataflow id="199" from="empty_1" to="specinterface_ln0" fromId="159" toId="46">
</dataflow>
<dataflow id="200" from="empty_1" to="specinterface_ln0" fromId="159" toId="46">
</dataflow>
<dataflow id="201" from="empty_1" to="specinterface_ln0" fromId="159" toId="46">
</dataflow>
<dataflow id="202" from="StgValue_157" to="specinterface_ln0" fromId="157" toId="46">
</dataflow>
<dataflow id="203" from="StgValue_157" to="specinterface_ln0" fromId="157" toId="46">
</dataflow>
<dataflow id="204" from="StgValue_157" to="specinterface_ln0" fromId="157" toId="46">
</dataflow>
<dataflow id="205" from="StgValue_157" to="specinterface_ln0" fromId="157" toId="46">
</dataflow>
<dataflow id="206" from="empty_1" to="specinterface_ln0" fromId="159" toId="46">
</dataflow>
<dataflow id="207" from="empty_1" to="specinterface_ln0" fromId="159" toId="46">
</dataflow>
<dataflow id="208" from="StgValue_155" to="specinterface_ln0" fromId="155" toId="46">
</dataflow>
<dataflow id="209" from="StgValue_157" to="specinterface_ln0" fromId="157" toId="46">
</dataflow>
<dataflow id="210" from="_ssdm_op_SpecBitsMap" to="specbitsmap_ln0" fromId="188" toId="47">
</dataflow>
<dataflow id="211" from="layer13_out" to="specbitsmap_ln0" fromId="82" toId="47">
</dataflow>
<dataflow id="213" from="_ssdm_op_SpecChannel" to="empty" fromId="212" toId="48">
</dataflow>
<dataflow id="215" from="layer2_out_str" to="empty" fromId="214" toId="48">
</dataflow>
<dataflow id="216" from="StgValue_170" to="empty" fromId="170" toId="48">
</dataflow>
<dataflow id="218" from="p_str" to="empty" fromId="217" toId="48">
</dataflow>
<dataflow id="219" from="p_str" to="empty" fromId="217" toId="48">
</dataflow>
<dataflow id="220" from="StgValue_170" to="empty" fromId="170" toId="48">
</dataflow>
<dataflow id="221" from="StgValue_170" to="empty" fromId="170" toId="48">
</dataflow>
<dataflow id="222" from="layer2_out" to="empty" fromId="19" toId="48">
</dataflow>
<dataflow id="223" from="layer2_out" to="empty" fromId="19" toId="48">
</dataflow>
<dataflow id="224" from="_ssdm_op_SpecInterface" to="specinterface_ln0" fromId="165" toId="49">
</dataflow>
<dataflow id="225" from="layer2_out" to="specinterface_ln0" fromId="19" toId="49">
</dataflow>
<dataflow id="227" from="empty_14" to="specinterface_ln0" fromId="226" toId="49">
</dataflow>
<dataflow id="228" from="StgValue_157" to="specinterface_ln0" fromId="157" toId="49">
</dataflow>
<dataflow id="229" from="StgValue_157" to="specinterface_ln0" fromId="157" toId="49">
</dataflow>
<dataflow id="230" from="empty_1" to="specinterface_ln0" fromId="159" toId="49">
</dataflow>
<dataflow id="231" from="StgValue_157" to="specinterface_ln0" fromId="157" toId="49">
</dataflow>
<dataflow id="232" from="StgValue_157" to="specinterface_ln0" fromId="157" toId="49">
</dataflow>
<dataflow id="233" from="empty_1" to="specinterface_ln0" fromId="159" toId="49">
</dataflow>
<dataflow id="234" from="empty_1" to="specinterface_ln0" fromId="159" toId="49">
</dataflow>
<dataflow id="235" from="empty_1" to="specinterface_ln0" fromId="159" toId="49">
</dataflow>
<dataflow id="236" from="StgValue_157" to="specinterface_ln0" fromId="157" toId="49">
</dataflow>
<dataflow id="237" from="StgValue_157" to="specinterface_ln0" fromId="157" toId="49">
</dataflow>
<dataflow id="238" from="StgValue_157" to="specinterface_ln0" fromId="157" toId="49">
</dataflow>
<dataflow id="239" from="StgValue_157" to="specinterface_ln0" fromId="157" toId="49">
</dataflow>
<dataflow id="240" from="empty_1" to="specinterface_ln0" fromId="159" toId="49">
</dataflow>
<dataflow id="241" from="empty_1" to="specinterface_ln0" fromId="159" toId="49">
</dataflow>
<dataflow id="242" from="StgValue_155" to="specinterface_ln0" fromId="155" toId="49">
</dataflow>
<dataflow id="243" from="StgValue_157" to="specinterface_ln0" fromId="157" toId="49">
</dataflow>
<dataflow id="244" from="_ssdm_op_SpecChannel" to="empty_49" fromId="212" toId="50">
</dataflow>
<dataflow id="246" from="layer4_out_str" to="empty_49" fromId="245" toId="50">
</dataflow>
<dataflow id="247" from="StgValue_170" to="empty_49" fromId="170" toId="50">
</dataflow>
<dataflow id="248" from="p_str" to="empty_49" fromId="217" toId="50">
</dataflow>
<dataflow id="249" from="p_str" to="empty_49" fromId="217" toId="50">
</dataflow>
<dataflow id="250" from="StgValue_170" to="empty_49" fromId="170" toId="50">
</dataflow>
<dataflow id="251" from="StgValue_170" to="empty_49" fromId="170" toId="50">
</dataflow>
<dataflow id="252" from="layer4_out" to="empty_49" fromId="20" toId="50">
</dataflow>
<dataflow id="253" from="layer4_out" to="empty_49" fromId="20" toId="50">
</dataflow>
<dataflow id="254" from="_ssdm_op_SpecInterface" to="specinterface_ln0" fromId="165" toId="51">
</dataflow>
<dataflow id="255" from="layer4_out" to="specinterface_ln0" fromId="20" toId="51">
</dataflow>
<dataflow id="256" from="empty_14" to="specinterface_ln0" fromId="226" toId="51">
</dataflow>
<dataflow id="257" from="StgValue_157" to="specinterface_ln0" fromId="157" toId="51">
</dataflow>
<dataflow id="258" from="StgValue_157" to="specinterface_ln0" fromId="157" toId="51">
</dataflow>
<dataflow id="259" from="empty_1" to="specinterface_ln0" fromId="159" toId="51">
</dataflow>
<dataflow id="260" from="StgValue_157" to="specinterface_ln0" fromId="157" toId="51">
</dataflow>
<dataflow id="261" from="StgValue_157" to="specinterface_ln0" fromId="157" toId="51">
</dataflow>
<dataflow id="262" from="empty_1" to="specinterface_ln0" fromId="159" toId="51">
</dataflow>
<dataflow id="263" from="empty_1" to="specinterface_ln0" fromId="159" toId="51">
</dataflow>
<dataflow id="264" from="empty_1" to="specinterface_ln0" fromId="159" toId="51">
</dataflow>
<dataflow id="265" from="StgValue_157" to="specinterface_ln0" fromId="157" toId="51">
</dataflow>
<dataflow id="266" from="StgValue_157" to="specinterface_ln0" fromId="157" toId="51">
</dataflow>
<dataflow id="267" from="StgValue_157" to="specinterface_ln0" fromId="157" toId="51">
</dataflow>
<dataflow id="268" from="StgValue_157" to="specinterface_ln0" fromId="157" toId="51">
</dataflow>
<dataflow id="269" from="empty_1" to="specinterface_ln0" fromId="159" toId="51">
</dataflow>
<dataflow id="270" from="empty_1" to="specinterface_ln0" fromId="159" toId="51">
</dataflow>
<dataflow id="271" from="StgValue_155" to="specinterface_ln0" fromId="155" toId="51">
</dataflow>
<dataflow id="272" from="StgValue_157" to="specinterface_ln0" fromId="157" toId="51">
</dataflow>
<dataflow id="273" from="_ssdm_op_SpecChannel" to="empty_50" fromId="212" toId="52">
</dataflow>
<dataflow id="275" from="layer5_out_str" to="empty_50" fromId="274" toId="52">
</dataflow>
<dataflow id="276" from="StgValue_170" to="empty_50" fromId="170" toId="52">
</dataflow>
<dataflow id="277" from="p_str" to="empty_50" fromId="217" toId="52">
</dataflow>
<dataflow id="278" from="p_str" to="empty_50" fromId="217" toId="52">
</dataflow>
<dataflow id="279" from="StgValue_170" to="empty_50" fromId="170" toId="52">
</dataflow>
<dataflow id="280" from="StgValue_170" to="empty_50" fromId="170" toId="52">
</dataflow>
<dataflow id="281" from="layer5_out" to="empty_50" fromId="21" toId="52">
</dataflow>
<dataflow id="282" from="layer5_out" to="empty_50" fromId="21" toId="52">
</dataflow>
<dataflow id="283" from="_ssdm_op_SpecInterface" to="specinterface_ln0" fromId="165" toId="53">
</dataflow>
<dataflow id="284" from="layer5_out" to="specinterface_ln0" fromId="21" toId="53">
</dataflow>
<dataflow id="285" from="empty_14" to="specinterface_ln0" fromId="226" toId="53">
</dataflow>
<dataflow id="286" from="StgValue_157" to="specinterface_ln0" fromId="157" toId="53">
</dataflow>
<dataflow id="287" from="StgValue_157" to="specinterface_ln0" fromId="157" toId="53">
</dataflow>
<dataflow id="288" from="empty_1" to="specinterface_ln0" fromId="159" toId="53">
</dataflow>
<dataflow id="289" from="StgValue_157" to="specinterface_ln0" fromId="157" toId="53">
</dataflow>
<dataflow id="290" from="StgValue_157" to="specinterface_ln0" fromId="157" toId="53">
</dataflow>
<dataflow id="291" from="empty_1" to="specinterface_ln0" fromId="159" toId="53">
</dataflow>
<dataflow id="292" from="empty_1" to="specinterface_ln0" fromId="159" toId="53">
</dataflow>
<dataflow id="293" from="empty_1" to="specinterface_ln0" fromId="159" toId="53">
</dataflow>
<dataflow id="294" from="StgValue_157" to="specinterface_ln0" fromId="157" toId="53">
</dataflow>
<dataflow id="295" from="StgValue_157" to="specinterface_ln0" fromId="157" toId="53">
</dataflow>
<dataflow id="296" from="StgValue_157" to="specinterface_ln0" fromId="157" toId="53">
</dataflow>
<dataflow id="297" from="StgValue_157" to="specinterface_ln0" fromId="157" toId="53">
</dataflow>
<dataflow id="298" from="empty_1" to="specinterface_ln0" fromId="159" toId="53">
</dataflow>
<dataflow id="299" from="empty_1" to="specinterface_ln0" fromId="159" toId="53">
</dataflow>
<dataflow id="300" from="StgValue_155" to="specinterface_ln0" fromId="155" toId="53">
</dataflow>
<dataflow id="301" from="StgValue_157" to="specinterface_ln0" fromId="157" toId="53">
</dataflow>
<dataflow id="302" from="_ssdm_op_SpecChannel" to="empty_51" fromId="212" toId="54">
</dataflow>
<dataflow id="304" from="layer7_out_str" to="empty_51" fromId="303" toId="54">
</dataflow>
<dataflow id="305" from="StgValue_170" to="empty_51" fromId="170" toId="54">
</dataflow>
<dataflow id="306" from="p_str" to="empty_51" fromId="217" toId="54">
</dataflow>
<dataflow id="307" from="p_str" to="empty_51" fromId="217" toId="54">
</dataflow>
<dataflow id="308" from="StgValue_170" to="empty_51" fromId="170" toId="54">
</dataflow>
<dataflow id="309" from="StgValue_170" to="empty_51" fromId="170" toId="54">
</dataflow>
<dataflow id="310" from="layer7_out" to="empty_51" fromId="22" toId="54">
</dataflow>
<dataflow id="311" from="layer7_out" to="empty_51" fromId="22" toId="54">
</dataflow>
<dataflow id="312" from="_ssdm_op_SpecInterface" to="specinterface_ln0" fromId="165" toId="55">
</dataflow>
<dataflow id="313" from="layer7_out" to="specinterface_ln0" fromId="22" toId="55">
</dataflow>
<dataflow id="314" from="empty_14" to="specinterface_ln0" fromId="226" toId="55">
</dataflow>
<dataflow id="315" from="StgValue_157" to="specinterface_ln0" fromId="157" toId="55">
</dataflow>
<dataflow id="316" from="StgValue_157" to="specinterface_ln0" fromId="157" toId="55">
</dataflow>
<dataflow id="317" from="empty_1" to="specinterface_ln0" fromId="159" toId="55">
</dataflow>
<dataflow id="318" from="StgValue_157" to="specinterface_ln0" fromId="157" toId="55">
</dataflow>
<dataflow id="319" from="StgValue_157" to="specinterface_ln0" fromId="157" toId="55">
</dataflow>
<dataflow id="320" from="empty_1" to="specinterface_ln0" fromId="159" toId="55">
</dataflow>
<dataflow id="321" from="empty_1" to="specinterface_ln0" fromId="159" toId="55">
</dataflow>
<dataflow id="322" from="empty_1" to="specinterface_ln0" fromId="159" toId="55">
</dataflow>
<dataflow id="323" from="StgValue_157" to="specinterface_ln0" fromId="157" toId="55">
</dataflow>
<dataflow id="324" from="StgValue_157" to="specinterface_ln0" fromId="157" toId="55">
</dataflow>
<dataflow id="325" from="StgValue_157" to="specinterface_ln0" fromId="157" toId="55">
</dataflow>
<dataflow id="326" from="StgValue_157" to="specinterface_ln0" fromId="157" toId="55">
</dataflow>
<dataflow id="327" from="empty_1" to="specinterface_ln0" fromId="159" toId="55">
</dataflow>
<dataflow id="328" from="empty_1" to="specinterface_ln0" fromId="159" toId="55">
</dataflow>
<dataflow id="329" from="StgValue_155" to="specinterface_ln0" fromId="155" toId="55">
</dataflow>
<dataflow id="330" from="StgValue_157" to="specinterface_ln0" fromId="157" toId="55">
</dataflow>
<dataflow id="331" from="_ssdm_op_SpecChannel" to="empty_52" fromId="212" toId="56">
</dataflow>
<dataflow id="333" from="layer8_out_str" to="empty_52" fromId="332" toId="56">
</dataflow>
<dataflow id="334" from="StgValue_170" to="empty_52" fromId="170" toId="56">
</dataflow>
<dataflow id="335" from="p_str" to="empty_52" fromId="217" toId="56">
</dataflow>
<dataflow id="336" from="p_str" to="empty_52" fromId="217" toId="56">
</dataflow>
<dataflow id="337" from="StgValue_170" to="empty_52" fromId="170" toId="56">
</dataflow>
<dataflow id="338" from="StgValue_170" to="empty_52" fromId="170" toId="56">
</dataflow>
<dataflow id="339" from="layer8_out" to="empty_52" fromId="23" toId="56">
</dataflow>
<dataflow id="340" from="layer8_out" to="empty_52" fromId="23" toId="56">
</dataflow>
<dataflow id="341" from="_ssdm_op_SpecInterface" to="specinterface_ln0" fromId="165" toId="57">
</dataflow>
<dataflow id="342" from="layer8_out" to="specinterface_ln0" fromId="23" toId="57">
</dataflow>
<dataflow id="343" from="empty_14" to="specinterface_ln0" fromId="226" toId="57">
</dataflow>
<dataflow id="344" from="StgValue_157" to="specinterface_ln0" fromId="157" toId="57">
</dataflow>
<dataflow id="345" from="StgValue_157" to="specinterface_ln0" fromId="157" toId="57">
</dataflow>
<dataflow id="346" from="empty_1" to="specinterface_ln0" fromId="159" toId="57">
</dataflow>
<dataflow id="347" from="StgValue_157" to="specinterface_ln0" fromId="157" toId="57">
</dataflow>
<dataflow id="348" from="StgValue_157" to="specinterface_ln0" fromId="157" toId="57">
</dataflow>
<dataflow id="349" from="empty_1" to="specinterface_ln0" fromId="159" toId="57">
</dataflow>
<dataflow id="350" from="empty_1" to="specinterface_ln0" fromId="159" toId="57">
</dataflow>
<dataflow id="351" from="empty_1" to="specinterface_ln0" fromId="159" toId="57">
</dataflow>
<dataflow id="352" from="StgValue_157" to="specinterface_ln0" fromId="157" toId="57">
</dataflow>
<dataflow id="353" from="StgValue_157" to="specinterface_ln0" fromId="157" toId="57">
</dataflow>
<dataflow id="354" from="StgValue_157" to="specinterface_ln0" fromId="157" toId="57">
</dataflow>
<dataflow id="355" from="StgValue_157" to="specinterface_ln0" fromId="157" toId="57">
</dataflow>
<dataflow id="356" from="empty_1" to="specinterface_ln0" fromId="159" toId="57">
</dataflow>
<dataflow id="357" from="empty_1" to="specinterface_ln0" fromId="159" toId="57">
</dataflow>
<dataflow id="358" from="StgValue_155" to="specinterface_ln0" fromId="155" toId="57">
</dataflow>
<dataflow id="359" from="StgValue_157" to="specinterface_ln0" fromId="157" toId="57">
</dataflow>
<dataflow id="360" from="_ssdm_op_SpecChannel" to="empty_53" fromId="212" toId="58">
</dataflow>
<dataflow id="362" from="layer10_out_str" to="empty_53" fromId="361" toId="58">
</dataflow>
<dataflow id="363" from="StgValue_170" to="empty_53" fromId="170" toId="58">
</dataflow>
<dataflow id="364" from="p_str" to="empty_53" fromId="217" toId="58">
</dataflow>
<dataflow id="365" from="p_str" to="empty_53" fromId="217" toId="58">
</dataflow>
<dataflow id="366" from="StgValue_170" to="empty_53" fromId="170" toId="58">
</dataflow>
<dataflow id="367" from="StgValue_170" to="empty_53" fromId="170" toId="58">
</dataflow>
<dataflow id="368" from="layer10_out" to="empty_53" fromId="24" toId="58">
</dataflow>
<dataflow id="369" from="layer10_out" to="empty_53" fromId="24" toId="58">
</dataflow>
<dataflow id="370" from="_ssdm_op_SpecInterface" to="specinterface_ln0" fromId="165" toId="59">
</dataflow>
<dataflow id="371" from="layer10_out" to="specinterface_ln0" fromId="24" toId="59">
</dataflow>
<dataflow id="372" from="empty_14" to="specinterface_ln0" fromId="226" toId="59">
</dataflow>
<dataflow id="373" from="StgValue_157" to="specinterface_ln0" fromId="157" toId="59">
</dataflow>
<dataflow id="374" from="StgValue_157" to="specinterface_ln0" fromId="157" toId="59">
</dataflow>
<dataflow id="375" from="empty_1" to="specinterface_ln0" fromId="159" toId="59">
</dataflow>
<dataflow id="376" from="StgValue_157" to="specinterface_ln0" fromId="157" toId="59">
</dataflow>
<dataflow id="377" from="StgValue_157" to="specinterface_ln0" fromId="157" toId="59">
</dataflow>
<dataflow id="378" from="empty_1" to="specinterface_ln0" fromId="159" toId="59">
</dataflow>
<dataflow id="379" from="empty_1" to="specinterface_ln0" fromId="159" toId="59">
</dataflow>
<dataflow id="380" from="empty_1" to="specinterface_ln0" fromId="159" toId="59">
</dataflow>
<dataflow id="381" from="StgValue_157" to="specinterface_ln0" fromId="157" toId="59">
</dataflow>
<dataflow id="382" from="StgValue_157" to="specinterface_ln0" fromId="157" toId="59">
</dataflow>
<dataflow id="383" from="StgValue_157" to="specinterface_ln0" fromId="157" toId="59">
</dataflow>
<dataflow id="384" from="StgValue_157" to="specinterface_ln0" fromId="157" toId="59">
</dataflow>
<dataflow id="385" from="empty_1" to="specinterface_ln0" fromId="159" toId="59">
</dataflow>
<dataflow id="386" from="empty_1" to="specinterface_ln0" fromId="159" toId="59">
</dataflow>
<dataflow id="387" from="StgValue_155" to="specinterface_ln0" fromId="155" toId="59">
</dataflow>
<dataflow id="388" from="StgValue_157" to="specinterface_ln0" fromId="157" toId="59">
</dataflow>
<dataflow id="389" from="_ssdm_op_SpecChannel" to="empty_54" fromId="212" toId="60">
</dataflow>
<dataflow id="391" from="layer11_out_str" to="empty_54" fromId="390" toId="60">
</dataflow>
<dataflow id="392" from="StgValue_170" to="empty_54" fromId="170" toId="60">
</dataflow>
<dataflow id="393" from="p_str" to="empty_54" fromId="217" toId="60">
</dataflow>
<dataflow id="394" from="p_str" to="empty_54" fromId="217" toId="60">
</dataflow>
<dataflow id="395" from="StgValue_170" to="empty_54" fromId="170" toId="60">
</dataflow>
<dataflow id="396" from="StgValue_170" to="empty_54" fromId="170" toId="60">
</dataflow>
<dataflow id="397" from="layer11_out" to="empty_54" fromId="25" toId="60">
</dataflow>
<dataflow id="398" from="layer11_out" to="empty_54" fromId="25" toId="60">
</dataflow>
<dataflow id="399" from="_ssdm_op_SpecInterface" to="specinterface_ln0" fromId="165" toId="61">
</dataflow>
<dataflow id="400" from="layer11_out" to="specinterface_ln0" fromId="25" toId="61">
</dataflow>
<dataflow id="401" from="empty_14" to="specinterface_ln0" fromId="226" toId="61">
</dataflow>
<dataflow id="402" from="StgValue_157" to="specinterface_ln0" fromId="157" toId="61">
</dataflow>
<dataflow id="403" from="StgValue_157" to="specinterface_ln0" fromId="157" toId="61">
</dataflow>
<dataflow id="404" from="empty_1" to="specinterface_ln0" fromId="159" toId="61">
</dataflow>
<dataflow id="405" from="StgValue_157" to="specinterface_ln0" fromId="157" toId="61">
</dataflow>
<dataflow id="406" from="StgValue_157" to="specinterface_ln0" fromId="157" toId="61">
</dataflow>
<dataflow id="407" from="empty_1" to="specinterface_ln0" fromId="159" toId="61">
</dataflow>
<dataflow id="408" from="empty_1" to="specinterface_ln0" fromId="159" toId="61">
</dataflow>
<dataflow id="409" from="empty_1" to="specinterface_ln0" fromId="159" toId="61">
</dataflow>
<dataflow id="410" from="StgValue_157" to="specinterface_ln0" fromId="157" toId="61">
</dataflow>
<dataflow id="411" from="StgValue_157" to="specinterface_ln0" fromId="157" toId="61">
</dataflow>
<dataflow id="412" from="StgValue_157" to="specinterface_ln0" fromId="157" toId="61">
</dataflow>
<dataflow id="413" from="StgValue_157" to="specinterface_ln0" fromId="157" toId="61">
</dataflow>
<dataflow id="414" from="empty_1" to="specinterface_ln0" fromId="159" toId="61">
</dataflow>
<dataflow id="415" from="empty_1" to="specinterface_ln0" fromId="159" toId="61">
</dataflow>
<dataflow id="416" from="StgValue_155" to="specinterface_ln0" fromId="155" toId="61">
</dataflow>
<dataflow id="417" from="StgValue_157" to="specinterface_ln0" fromId="157" toId="61">
</dataflow>
</dataflows>


</stg>
