<profile>

<section name = "Vitis HLS Report for 'myproject'" level="0">
<item name = "Date">Fri Apr 11 08:10:46 2025
</item>
<item name = "Version">2022.2 (Build 3670227 on Oct 13 2022)</item>
<item name = "Project">myproject_prj</item>
<item name = "Solution">solution1 (Vivado IP Flow Target)</item>
<item name = "Product family">zynq</item>
<item name = "Target device">xc7z020-clg484-1</item>
</section>

<section name = "Performance Estimates" level="0">
<item name = "Timing">
<section name = "" level="1">
<item name = "Summary"><table name="" hasTotal="0">
<keys size="4">Clock, Target, Estimated, Uncertainty</keys>
<column name="ap_clk">5.00 ns, 4.372 ns, 0.62 ns</column>
</table>
</item>
</section>
</item>
<item name = "Latency">
<section name = "" level="1">
<item name = "Summary"><table name="" hasTotal="0">
<keys size="8">, min, max, min, max, min, max, Type</keys>
<column name="">39, 39, 0.195 us, 0.195 us, 19, 19, dataflow</column>
</table>
</item>
<item name = "Detail">
<section name = "" level="1">
<item name = "Instance"><table name="" hasTotal="0">
<keys size="9">Instance, Module, min, max, min, max, min, max, Type</keys>
<column name="grp_dense_array_ap_fixed_784u_array_ap_fixed_16_6_5_3_0_4u_config2_s_fu_96">dense_array_ap_fixed_784u_array_ap_fixed_16_6_5_3_0_4u_config2_s, 7, 7, 35.000 ns, 35.000 ns, 7, 7, no</column>
<column name="grp_linear_array_ap_fixed_4u_array_ap_int_4_4u_linear_config4_s_fu_103">linear_array_ap_fixed_4u_array_ap_int_4_4u_linear_config4_s, 1, 1, 5.000 ns, 5.000 ns, 1, 1, no</column>
<column name="grp_dense_array_ap_int_4_4u_array_ap_fixed_16_6_5_3_0_3u_config5_s_fu_109">dense_array_ap_int_4_4u_array_ap_fixed_16_6_5_3_0_3u_config5_s, 2, 2, 10.000 ns, 10.000 ns, 2, 2, no</column>
<column name="grp_linear_array_ap_fixed_3u_array_ap_int_4_3u_linear_config7_s_fu_115">linear_array_ap_fixed_3u_array_ap_int_4_3u_linear_config7_s, 1, 1, 5.000 ns, 5.000 ns, 1, 1, no</column>
<column name="grp_dense_array_ap_int_4_3u_array_ap_fixed_16_6_5_3_0_2u_config8_s_fu_121">dense_array_ap_int_4_3u_array_ap_fixed_16_6_5_3_0_2u_config8_s, 1, 1, 5.000 ns, 5.000 ns, 1, 1, no</column>
<column name="grp_linear_array_ap_fixed_2u_array_ap_int_4_2u_linear_config10_s_fu_127">linear_array_ap_fixed_2u_array_ap_int_4_2u_linear_config10_s, 1, 1, 5.000 ns, 5.000 ns, 1, 1, no</column>
<column name="grp_dense_array_ap_int_4_2u_array_ap_fixed_16_6_5_3_0_10u_config11_s_fu_133">dense_array_ap_int_4_2u_array_ap_fixed_16_6_5_3_0_10u_config11_s, 1, 1, 5.000 ns, 5.000 ns, 1, 1, no</column>
<column name="grp_softmax_array_array_ap_fixed_16_6_5_3_0_10u_softmax_config13_s_fu_139">softmax_array_array_ap_fixed_16_6_5_3_0_10u_softmax_config13_s, 18, 18, 90.000 ns, 90.000 ns, 18, 18, no</column>
</table>
</item>
<item name = "Loop"><table name="" hasTotal="0">
<keys size="8">Loop Name, min, max, Latency, achieved, target, Count, Pipelined</keys>
</table>
</item>
</section>
</item>
</section>
</item>
</section>
</profile>
