<stg><name>softmax<array,array<ap_fixed<16,6,5,3,0>,10u>,softmax_config13></name>


<trans_list>

<trans id="9" from="1" to="2">
<condition id="-1">
<or_exp><and_exp></and_exp></or_exp>
</condition>
</trans>

<trans id="10" from="2" to="3">
<condition id="-1">
<or_exp><and_exp></and_exp></or_exp>
</condition>
</trans>
</trans_list>



<state_list>

<state id="1" st_id="1">

<operation id="4" st_id="1" stage="2" lat="2">
<core></core>
<MemPortIdVec></MemPortIdVec>
<condition id="-1">
<or_exp><and_exp></and_exp></or_exp>
</condition>

<Node id="7" bw="0" op_0_bw="0" op_1_bw="160" op_2_bw="160" op_3_bw="17" op_4_bw="18">
<![CDATA[
entry:2 %call_ln362 = call void @softmax_stable<array,array<ap_fixed<16,6,5,3,0>,10u>,softmax_config13>, i160 %layer11_out, i160 %layer13_out, i17 %exp_table, i18 %invert_table

]]></Node>
<StgValue><ssdm name="call_ln362"/></StgValue>
</operation>
</state>

<state id="2" st_id="2">

<operation id="5" st_id="2" stage="1" lat="2">
<core></core>
<MemPortIdVec></MemPortIdVec>
<condition id="-1">
<or_exp><and_exp></and_exp></or_exp>
</condition>

<Node id="7" bw="0" op_0_bw="0" op_1_bw="160" op_2_bw="160" op_3_bw="17" op_4_bw="18">
<![CDATA[
entry:2 %call_ln362 = call void @softmax_stable<array,array<ap_fixed<16,6,5,3,0>,10u>,softmax_config13>, i160 %layer11_out, i160 %layer13_out, i17 %exp_table, i18 %invert_table

]]></Node>
<StgValue><ssdm name="call_ln362"/></StgValue>
</operation>
</state>

<state id="3" st_id="3">

<operation id="6" st_id="3" stage="1" lat="1">
<core>NULL</core>
<MemPortIdVec></MemPortIdVec>
<condition id="-1">
<or_exp><and_exp></and_exp></or_exp>
</condition>

<Node id="5" bw="0" op_0_bw="0" op_1_bw="160" op_2_bw="0" op_3_bw="32" op_4_bw="32" op_5_bw="0" op_6_bw="32" op_7_bw="32" op_8_bw="0" op_9_bw="0" op_10_bw="0" op_11_bw="32" op_12_bw="32" op_13_bw="32" op_14_bw="32" op_15_bw="0" op_16_bw="0" op_17_bw="32" op_18_bw="32">
<![CDATA[
entry:0 %specinterface_ln0 = specinterface void @_ssdm_op_SpecInterface, i160 %layer11_out, void @empty_14, i32 0, i32 0, void @empty_1, i32 0, i32 0, void @empty_1, void @empty_1, void @empty_1, i32 0, i32 0, i32 0, i32 0, void @empty_1, void @empty_1, i32 4294967295, i32 0

]]></Node>
<StgValue><ssdm name="specinterface_ln0"/></StgValue>
</operation>

<operation id="7" st_id="3" stage="1" lat="1">
<core>NULL</core>
<MemPortIdVec></MemPortIdVec>
<condition id="-1">
<or_exp><and_exp></and_exp></or_exp>
</condition>

<Node id="6" bw="0" op_0_bw="0" op_1_bw="160" op_2_bw="0" op_3_bw="32" op_4_bw="32" op_5_bw="0" op_6_bw="32" op_7_bw="32" op_8_bw="0" op_9_bw="0" op_10_bw="0" op_11_bw="32" op_12_bw="32" op_13_bw="32" op_14_bw="32" op_15_bw="0" op_16_bw="0" op_17_bw="32" op_18_bw="32">
<![CDATA[
entry:1 %specinterface_ln0 = specinterface void @_ssdm_op_SpecInterface, i160 %layer13_out, void @empty, i32 1, i32 1, void @empty_8, i32 0, i32 0, void @empty_1, void @empty_1, void @empty_1, i32 0, i32 0, i32 0, i32 0, void @empty_1, void @empty_1, i32 4294967295, i32 0

]]></Node>
<StgValue><ssdm name="specinterface_ln0"/></StgValue>
</operation>

<operation id="8" st_id="3" stage="1" lat="1">
<core>NULL</core>
<MemPortIdVec></MemPortIdVec>
<condition id="-1">
<or_exp><and_exp></and_exp></or_exp>
</condition>

<Node id="8" bw="0">
<![CDATA[
entry:3 %ret_ln371 = ret

]]></Node>
<StgValue><ssdm name="ret_ln371"/></StgValue>
</operation>
</state>
</state_list>


<ports>
<port id="11" name="layer11_out" dir="0" iftype="3">
<core>NULL</core><StgValue><ssdm name="layer11_out"/></StgValue>
</port>
<port id="12" name="layer13_out" dir="1" iftype="0">
<core>NULL</core><StgValue><ssdm name="layer13_out"/></StgValue>
</port>
<port id="13" name="exp_table" dir="0" iftype="1">
<core>ROM</core><StgValue><ssdm name="exp_table"/><MemPortTyVec>1 1 1 1 1 1 1 1 </MemPortTyVec>
</StgValue>
</port>
<port id="14" name="invert_table" dir="0" iftype="1">
<core>ROM</core><StgValue><ssdm name="invert_table"/><MemPortTyVec>1 </MemPortTyVec>
</StgValue>
</port>
</ports>


<dataflows>
<dataflow id="16" from="softmax_stable<array,array<ap_fixed<16,6,5,3,0>,10u>,softmax_config13>" to="call_ln362" fromId="15" toId="4">
</dataflow>
<dataflow id="17" from="layer11_out" to="call_ln362" fromId="11" toId="4">
</dataflow>
<dataflow id="18" from="layer13_out" to="call_ln362" fromId="12" toId="4">
</dataflow>
<dataflow id="19" from="exp_table" to="call_ln362" fromId="13" toId="4">
</dataflow>
<dataflow id="20" from="invert_table" to="call_ln362" fromId="14" toId="4">
</dataflow>
<dataflow id="21" from="softmax_stable<array,array<ap_fixed<16,6,5,3,0>,10u>,softmax_config13>" to="call_ln362" fromId="15" toId="5">
</dataflow>
<dataflow id="22" from="layer11_out" to="call_ln362" fromId="11" toId="5">
</dataflow>
<dataflow id="23" from="layer13_out" to="call_ln362" fromId="12" toId="5">
</dataflow>
<dataflow id="24" from="exp_table" to="call_ln362" fromId="13" toId="5">
</dataflow>
<dataflow id="25" from="invert_table" to="call_ln362" fromId="14" toId="5">
</dataflow>
<dataflow id="27" from="_ssdm_op_SpecInterface" to="specinterface_ln0" fromId="26" toId="6">
</dataflow>
<dataflow id="28" from="layer11_out" to="specinterface_ln0" fromId="11" toId="6">
</dataflow>
<dataflow id="30" from="empty_14" to="specinterface_ln0" fromId="29" toId="6">
</dataflow>
<dataflow id="32" from="StgValue_31" to="specinterface_ln0" fromId="31" toId="6">
</dataflow>
<dataflow id="33" from="StgValue_31" to="specinterface_ln0" fromId="31" toId="6">
</dataflow>
<dataflow id="35" from="empty_1" to="specinterface_ln0" fromId="34" toId="6">
</dataflow>
<dataflow id="36" from="StgValue_31" to="specinterface_ln0" fromId="31" toId="6">
</dataflow>
<dataflow id="37" from="StgValue_31" to="specinterface_ln0" fromId="31" toId="6">
</dataflow>
<dataflow id="38" from="empty_1" to="specinterface_ln0" fromId="34" toId="6">
</dataflow>
<dataflow id="39" from="empty_1" to="specinterface_ln0" fromId="34" toId="6">
</dataflow>
<dataflow id="40" from="empty_1" to="specinterface_ln0" fromId="34" toId="6">
</dataflow>
<dataflow id="41" from="StgValue_31" to="specinterface_ln0" fromId="31" toId="6">
</dataflow>
<dataflow id="42" from="StgValue_31" to="specinterface_ln0" fromId="31" toId="6">
</dataflow>
<dataflow id="43" from="StgValue_31" to="specinterface_ln0" fromId="31" toId="6">
</dataflow>
<dataflow id="44" from="StgValue_31" to="specinterface_ln0" fromId="31" toId="6">
</dataflow>
<dataflow id="45" from="empty_1" to="specinterface_ln0" fromId="34" toId="6">
</dataflow>
<dataflow id="46" from="empty_1" to="specinterface_ln0" fromId="34" toId="6">
</dataflow>
<dataflow id="48" from="StgValue_47" to="specinterface_ln0" fromId="47" toId="6">
</dataflow>
<dataflow id="49" from="StgValue_31" to="specinterface_ln0" fromId="31" toId="6">
</dataflow>
<dataflow id="50" from="_ssdm_op_SpecInterface" to="specinterface_ln0" fromId="26" toId="7">
</dataflow>
<dataflow id="51" from="layer13_out" to="specinterface_ln0" fromId="12" toId="7">
</dataflow>
<dataflow id="53" from="empty" to="specinterface_ln0" fromId="52" toId="7">
</dataflow>
<dataflow id="55" from="StgValue_54" to="specinterface_ln0" fromId="54" toId="7">
</dataflow>
<dataflow id="56" from="StgValue_54" to="specinterface_ln0" fromId="54" toId="7">
</dataflow>
<dataflow id="58" from="empty_8" to="specinterface_ln0" fromId="57" toId="7">
</dataflow>
<dataflow id="59" from="StgValue_31" to="specinterface_ln0" fromId="31" toId="7">
</dataflow>
<dataflow id="60" from="StgValue_31" to="specinterface_ln0" fromId="31" toId="7">
</dataflow>
<dataflow id="61" from="empty_1" to="specinterface_ln0" fromId="34" toId="7">
</dataflow>
<dataflow id="62" from="empty_1" to="specinterface_ln0" fromId="34" toId="7">
</dataflow>
<dataflow id="63" from="empty_1" to="specinterface_ln0" fromId="34" toId="7">
</dataflow>
<dataflow id="64" from="StgValue_31" to="specinterface_ln0" fromId="31" toId="7">
</dataflow>
<dataflow id="65" from="StgValue_31" to="specinterface_ln0" fromId="31" toId="7">
</dataflow>
<dataflow id="66" from="StgValue_31" to="specinterface_ln0" fromId="31" toId="7">
</dataflow>
<dataflow id="67" from="StgValue_31" to="specinterface_ln0" fromId="31" toId="7">
</dataflow>
<dataflow id="68" from="empty_1" to="specinterface_ln0" fromId="34" toId="7">
</dataflow>
<dataflow id="69" from="empty_1" to="specinterface_ln0" fromId="34" toId="7">
</dataflow>
<dataflow id="70" from="StgValue_47" to="specinterface_ln0" fromId="47" toId="7">
</dataflow>
<dataflow id="71" from="StgValue_31" to="specinterface_ln0" fromId="31" toId="7">
</dataflow>
</dataflows>


</stg>
