<profile>

<section name = "Vitis HLS Report for 'softmax_stable_array_array_ap_fixed_16_6_5_3_0_10u_softmax_config13_s'" level="0">
<item name = "Date">Fri Apr 11 08:10:51 2025
</item>
<item name = "Version">2022.2 (Build 3670227 on Oct 13 2022)</item>
<item name = "Project">myproject_prj</item>
<item name = "Solution">solution1 (Vivado IP Flow Target)</item>
<item name = "Product family">zynq</item>
<item name = "Target device">xc7z020-clg484-1</item>
</section>

<section name = "Performance Estimates" level="0">
<item name = "Timing">
<section name = "" level="1">
<item name = "Summary"><table name="" hasTotal="0">
<keys size="4">Clock, Target, Estimated, Uncertainty</keys>
<column name="ap_clk">5.00 ns, 4.092 ns, 0.62 ns</column>
</table>
</item>
</section>
</item>
<item name = "Latency">
<section name = "" level="1">
<item name = "Summary"><table name="" hasTotal="0">
<keys size="8">, min, max, min, max, min, max, Type</keys>
<column name="">16, 16, 80.000 ns, 80.000 ns, 16, 16, no</column>
</table>
</item>
<item name = "Detail">
<section name = "" level="1">
<item name = "Instance"><table name="" hasTotal="0">
<keys size="9">Instance, Module, min, max, min, max, min, max, Type</keys>
</table>
</item>
<item name = "Loop"><table name="" hasTotal="0">
<keys size="8">Loop Name, min, max, Latency, achieved, target, Count, Pipelined</keys>
</table>
</item>
</section>
</item>
</section>
</item>
</section>

<section name = "Utilization Estimates" level="0">
<item name = "Summary"><table name="" hasTotal="1">
<keys size="6">Name, BRAM_18K, DSP, FF, LUT, URAM</keys>
<column name="DSP">-, -, -, -, -</column>
<column name="Expression">-, -, 0, 1535, -</column>
<column name="FIFO">-, -, -, -, -</column>
<column name="Instance">-, 10, 750, 20, -</column>
<column name="Memory">5, -, 0, 0, -</column>
<column name="Multiplexer">-, -, -, 133, -</column>
<column name="Register">-, -, 755, -, -</column>
<specialColumn name="Available">280, 220, 106400, 53200, 0</specialColumn>
<specialColumn name="Utilization (%)">1, 4, 1, 3, 0</specialColumn>
</table>
</item>
<item name = "Detail">
<section name = "" level="1">
<item name = "Instance"><table name="" hasTotal="1">
<keys size="7">Instance, Module, BRAM_18K, DSP, FF, LUT, URAM</keys>
<column name="mul_18s_17ns_26_2_1_U16">mul_18s_17ns_26_2_1, 0, 1, 75, 2, 0</column>
<column name="mul_18s_17ns_26_2_1_U17">mul_18s_17ns_26_2_1, 0, 1, 75, 2, 0</column>
<column name="mul_18s_17ns_26_2_1_U18">mul_18s_17ns_26_2_1, 0, 1, 75, 2, 0</column>
<column name="mul_18s_17ns_26_2_1_U19">mul_18s_17ns_26_2_1, 0, 1, 75, 2, 0</column>
<column name="mul_18s_17ns_26_2_1_U20">mul_18s_17ns_26_2_1, 0, 1, 75, 2, 0</column>
<column name="mul_18s_17ns_26_2_1_U21">mul_18s_17ns_26_2_1, 0, 1, 75, 2, 0</column>
<column name="mul_18s_17ns_26_2_1_U22">mul_18s_17ns_26_2_1, 0, 1, 75, 2, 0</column>
<column name="mul_18s_17ns_26_2_1_U23">mul_18s_17ns_26_2_1, 0, 1, 75, 2, 0</column>
<column name="mul_18s_17ns_26_2_1_U24">mul_18s_17ns_26_2_1, 0, 1, 75, 2, 0</column>
<column name="mul_18s_17ns_26_2_1_U25">mul_18s_17ns_26_2_1, 0, 1, 75, 2, 0</column>
</table>
</item>
<item name = "DSP"><table name="" hasTotal="0">
<keys size="3">Instance, Module, Expression</keys>
</table>
</item>
<item name = "Memory"><table name="" hasTotal="1">
<keys size="10">Memory, Module, BRAM_18K, FF, LUT, URAM, Words, Bits, Banks, W*Bits*Banks</keys>
<column name="exp_table_U">softmax_stable_array_array_ap_fixed_16_6_5_3_0_10u_softmax_config13_s_exp_tabbkb, 4, 0, 0, 0, 1024, 17, 1, 17408</column>
<column name="invert_table_U">softmax_stable_array_array_ap_fixed_16_6_5_3_0_10u_softmax_config13_s_invert_cud, 1, 0, 0, 0, 1024, 18, 1, 18432</column>
</table>
</item>
<item name = "FIFO"><table name="" hasTotal="1">
<keys size="8">Name, BRAM_18K, FF, LUT, URAM, Depth, Bits, Size:D*B</keys>
</table>
</item>
<item name = "Expression"><table name="" hasTotal="1">
<keys size="7">Variable Name, Operation, DSP, FF, LUT, Bitwidth P0, Bitwidth P1</keys>
<column name="add_ln856_fu_2067_p2">+, 0, 0, 24, 17, 17</column>
<column name="p_Val2_10_fu_1623_p2">+, 0, 0, 25, 18, 18</column>
<column name="p_Val2_11_fu_1667_p2">+, 0, 0, 25, 18, 18</column>
<column name="p_Val2_13_fu_1813_p2">+, 0, 0, 25, 18, 18</column>
<column name="p_Val2_14_fu_1711_p2">+, 0, 0, 25, 18, 18</column>
<column name="p_Val2_15_fu_1755_p2">+, 0, 0, 25, 18, 18</column>
<column name="p_Val2_17_fu_1911_p2">+, 0, 0, 25, 18, 18</column>
<column name="p_Val2_19_fu_2015_p2">+, 0, 0, 25, 18, 18</column>
<column name="p_Val2_20_fu_2061_p2">+, 0, 0, 25, 18, 18</column>
<column name="p_Val2_22_fu_2110_p2">+, 0, 0, 25, 18, 18</column>
<column name="ret_V_10_fu_1799_p2">+, 0, 0, 26, 19, 19</column>
<column name="ret_V_11_fu_1897_p2">+, 0, 0, 26, 19, 19</column>
<column name="ret_V_12_fu_2001_p2">+, 0, 0, 26, 19, 19</column>
<column name="ret_V_13_fu_2096_p2">+, 0, 0, 26, 19, 19</column>
<column name="ret_V_1_fu_933_p2">-, 0, 0, 24, 17, 17</column>
<column name="ret_V_2_fu_976_p2">-, 0, 0, 24, 17, 17</column>
<column name="ret_V_3_fu_1019_p2">-, 0, 0, 24, 17, 17</column>
<column name="ret_V_4_fu_1062_p2">-, 0, 0, 24, 17, 17</column>
<column name="ret_V_5_fu_1105_p2">-, 0, 0, 24, 17, 17</column>
<column name="ret_V_6_fu_1148_p2">-, 0, 0, 24, 17, 17</column>
<column name="ret_V_7_fu_1191_p2">-, 0, 0, 24, 17, 17</column>
<column name="ret_V_8_fu_1234_p2">-, 0, 0, 24, 17, 17</column>
<column name="ret_V_9_fu_1277_p2">-, 0, 0, 24, 17, 17</column>
<column name="ret_V_fu_890_p2">-, 0, 0, 24, 17, 17</column>
<column name="overflow_12_fu_1831_p2">and, 0, 0, 2, 1, 1</column>
<column name="overflow_15_fu_1929_p2">and, 0, 0, 2, 1, 1</column>
<column name="overflow_16_fu_2033_p2">and, 0, 0, 2, 1, 1</column>
<column name="overflow_18_fu_2129_p2">and, 0, 0, 2, 1, 1</column>
<column name="overflow_1_fu_961_p2">and, 0, 0, 2, 1, 1</column>
<column name="overflow_2_fu_1004_p2">and, 0, 0, 2, 1, 1</column>
<column name="overflow_3_fu_1047_p2">and, 0, 0, 2, 1, 1</column>
<column name="overflow_4_fu_1090_p2">and, 0, 0, 2, 1, 1</column>
<column name="overflow_5_fu_1133_p2">and, 0, 0, 2, 1, 1</column>
<column name="overflow_6_fu_1176_p2">and, 0, 0, 2, 1, 1</column>
<column name="overflow_7_fu_1219_p2">and, 0, 0, 2, 1, 1</column>
<column name="overflow_8_fu_1262_p2">and, 0, 0, 2, 1, 1</column>
<column name="overflow_9_fu_1305_p2">and, 0, 0, 2, 1, 1</column>
<column name="overflow_fu_918_p2">and, 0, 0, 2, 1, 1</column>
<column name="underflow_1_fu_1843_p2">and, 0, 0, 2, 1, 1</column>
<column name="underflow_2_fu_1941_p2">and, 0, 0, 2, 1, 1</column>
<column name="underflow_fu_2141_p2">and, 0, 0, 2, 1, 1</column>
<column name="icmp_ln1651_1_fu_744_p2">icmp, 0, 0, 13, 16, 16</column>
<column name="icmp_ln1651_2_fu_778_p2">icmp, 0, 0, 13, 16, 16</column>
<column name="icmp_ln1651_3_fu_748_p2">icmp, 0, 0, 13, 16, 16</column>
<column name="icmp_ln1651_4_fu_752_p2">icmp, 0, 0, 13, 16, 16</column>
<column name="icmp_ln1651_5_fu_806_p2">icmp, 0, 0, 13, 16, 16</column>
<column name="icmp_ln1651_6_fu_834_p2">icmp, 0, 0, 13, 16, 16</column>
<column name="icmp_ln1651_7_fu_840_p2">icmp, 0, 0, 13, 16, 16</column>
<column name="icmp_ln1651_8_fu_866_p2">icmp, 0, 0, 13, 16, 16</column>
<column name="icmp_ln1651_fu_740_p2">icmp, 0, 0, 13, 16, 16</column>
<column name="ap_block_state1">or, 0, 0, 2, 1, 1</column>
<column name="or_ln302_1_fu_1861_p2">or, 0, 0, 2, 1, 1</column>
<column name="or_ln302_2_fu_1959_p2">or, 0, 0, 2, 1, 1</column>
<column name="or_ln302_fu_2159_p2">or, 0, 0, 2, 1, 1</column>
<column name="lhs_2_fu_1653_p3">select, 0, 0, 18, 1, 18</column>
<column name="lhs_5_fu_1741_p3">select, 0, 0, 18, 1, 18</column>
<column name="lhs_6_fu_1883_p3">select, 0, 0, 18, 1, 18</column>
<column name="lhs_7_fu_2053_p3">select, 0, 0, 18, 1, 18</column>
<column name="p_Result_21_fu_1361_p3">select, 0, 0, 10, 1, 10</column>
<column name="p_Result_22_fu_1387_p3">select, 0, 0, 10, 1, 10</column>
<column name="p_Result_23_fu_1413_p3">select, 0, 0, 10, 1, 10</column>
<column name="p_Result_24_fu_1439_p3">select, 0, 0, 10, 1, 10</column>
<column name="p_Result_25_fu_1465_p3">select, 0, 0, 10, 1, 10</column>
<column name="p_Result_26_fu_1491_p3">select, 0, 0, 10, 1, 10</column>
<column name="p_Result_27_fu_1517_p3">select, 0, 0, 10, 1, 10</column>
<column name="p_Result_28_fu_1543_p3">select, 0, 0, 10, 1, 10</column>
<column name="p_Result_29_fu_1569_p3">select, 0, 0, 10, 1, 10</column>
<column name="p_Result_43_fu_2191_p3">select, 0, 0, 10, 1, 10</column>
<column name="p_Result_s_fu_1335_p3">select, 0, 0, 10, 1, 10</column>
<column name="rhs_2_fu_1697_p3">select, 0, 0, 18, 1, 18</column>
<column name="rhs_5_fu_1785_p3">select, 0, 0, 18, 1, 18</column>
<column name="rhs_6_fu_1981_p3">select, 0, 0, 18, 1, 18</column>
<column name="rhs_7_fu_2079_p3">select, 0, 0, 17, 1, 2</column>
<column name="select_ln302_5_fu_1965_p3">select, 0, 0, 18, 1, 17</column>
<column name="select_ln302_8_fu_2175_p3">select, 0, 0, 10, 1, 9</column>
<column name="select_ln302_fu_1867_p3">select, 0, 0, 18, 1, 17</column>
<column name="select_ln346_10_fu_2045_p3">select, 0, 0, 19, 1, 17</column>
<column name="select_ln346_11_fu_1645_p3">select, 0, 0, 19, 1, 17</column>
<column name="select_ln346_12_fu_1689_p3">select, 0, 0, 19, 1, 17</column>
<column name="select_ln346_13_fu_1733_p3">select, 0, 0, 19, 1, 17</column>
<column name="select_ln346_14_fu_1777_p3">select, 0, 0, 19, 1, 17</column>
<column name="select_ln346_1_fu_1343_p3">select, 0, 0, 11, 1, 9</column>
<column name="select_ln346_2_fu_1369_p3">select, 0, 0, 11, 1, 9</column>
<column name="select_ln346_3_fu_1395_p3">select, 0, 0, 11, 1, 9</column>
<column name="select_ln346_4_fu_1421_p3">select, 0, 0, 11, 1, 9</column>
<column name="select_ln346_5_fu_1447_p3">select, 0, 0, 11, 1, 9</column>
<column name="select_ln346_6_fu_1473_p3">select, 0, 0, 11, 1, 9</column>
<column name="select_ln346_7_fu_1499_p3">select, 0, 0, 11, 1, 9</column>
<column name="select_ln346_8_fu_1525_p3">select, 0, 0, 11, 1, 9</column>
<column name="select_ln346_9_fu_1551_p3">select, 0, 0, 11, 1, 9</column>
<column name="select_ln346_fu_1317_p3">select, 0, 0, 11, 1, 9</column>
<column name="select_ln350_1_fu_1973_p3">select, 0, 0, 19, 1, 19</column>
<column name="select_ln350_2_fu_2183_p3">select, 0, 0, 11, 1, 11</column>
<column name="select_ln350_fu_1875_p3">select, 0, 0, 19, 1, 19</column>
<column name="select_ln65_1_fu_772_p3">select, 0, 0, 16, 1, 16</column>
<column name="select_ln65_2_fu_817_p3">select, 0, 0, 16, 1, 16</column>
<column name="select_ln65_3_fu_789_p3">select, 0, 0, 16, 1, 16</column>
<column name="select_ln65_4_fu_800_p3">select, 0, 0, 16, 1, 16</column>
<column name="select_ln65_5_fu_828_p3">select, 0, 0, 16, 1, 16</column>
<column name="select_ln65_6_fu_849_p3">select, 0, 0, 16, 1, 16</column>
<column name="select_ln65_7_fu_860_p3">select, 0, 0, 16, 1, 16</column>
<column name="select_ln65_fu_761_p3">select, 0, 0, 16, 1, 16</column>
<column name="x_max_V_fu_877_p3">select, 0, 0, 16, 1, 16</column>
<column name="xor_ln1651_1_fu_767_p2">xor, 0, 0, 2, 1, 2</column>
<column name="xor_ln1651_2_fu_812_p2">xor, 0, 0, 2, 1, 2</column>
<column name="xor_ln1651_3_fu_784_p2">xor, 0, 0, 2, 1, 2</column>
<column name="xor_ln1651_4_fu_795_p2">xor, 0, 0, 2, 1, 2</column>
<column name="xor_ln1651_5_fu_823_p2">xor, 0, 0, 2, 1, 2</column>
<column name="xor_ln1651_6_fu_844_p2">xor, 0, 0, 2, 1, 2</column>
<column name="xor_ln1651_7_fu_855_p2">xor, 0, 0, 2, 1, 2</column>
<column name="xor_ln1651_8_fu_872_p2">xor, 0, 0, 2, 1, 2</column>
<column name="xor_ln1651_fu_756_p2">xor, 0, 0, 2, 1, 2</column>
<column name="xor_ln302_10_fu_2039_p2">xor, 0, 0, 2, 1, 1</column>
<column name="xor_ln302_11_fu_2147_p2">xor, 0, 0, 2, 1, 1</column>
<column name="xor_ln302_12_fu_2153_p2">xor, 0, 0, 2, 1, 2</column>
<column name="xor_ln302_13_fu_1849_p2">xor, 0, 0, 2, 1, 1</column>
<column name="xor_ln302_14_fu_1855_p2">xor, 0, 0, 2, 1, 2</column>
<column name="xor_ln302_15_fu_1947_p2">xor, 0, 0, 2, 1, 1</column>
<column name="xor_ln302_16_fu_1953_p2">xor, 0, 0, 2, 1, 2</column>
<column name="xor_ln302_1_fu_967_p2">xor, 0, 0, 2, 1, 1</column>
<column name="xor_ln302_2_fu_1010_p2">xor, 0, 0, 2, 1, 1</column>
<column name="xor_ln302_3_fu_1053_p2">xor, 0, 0, 2, 1, 1</column>
<column name="xor_ln302_4_fu_1096_p2">xor, 0, 0, 2, 1, 1</column>
<column name="xor_ln302_5_fu_1139_p2">xor, 0, 0, 2, 1, 1</column>
<column name="xor_ln302_6_fu_1182_p2">xor, 0, 0, 2, 1, 1</column>
<column name="xor_ln302_7_fu_1225_p2">xor, 0, 0, 2, 1, 1</column>
<column name="xor_ln302_8_fu_1268_p2">xor, 0, 0, 2, 1, 1</column>
<column name="xor_ln302_9_fu_1311_p2">xor, 0, 0, 2, 1, 1</column>
<column name="xor_ln302_fu_924_p2">xor, 0, 0, 2, 1, 1</column>
<column name="xor_ln895_10_fu_2027_p2">xor, 0, 0, 2, 1, 2</column>
<column name="xor_ln895_11_fu_2123_p2">xor, 0, 0, 2, 1, 2</column>
<column name="xor_ln895_12_fu_1825_p2">xor, 0, 0, 2, 1, 2</column>
<column name="xor_ln895_13_fu_1923_p2">xor, 0, 0, 2, 1, 2</column>
<column name="xor_ln895_1_fu_955_p2">xor, 0, 0, 2, 1, 2</column>
<column name="xor_ln895_2_fu_998_p2">xor, 0, 0, 2, 1, 2</column>
<column name="xor_ln895_3_fu_1041_p2">xor, 0, 0, 2, 1, 2</column>
<column name="xor_ln895_4_fu_1084_p2">xor, 0, 0, 2, 1, 2</column>
<column name="xor_ln895_5_fu_1127_p2">xor, 0, 0, 2, 1, 2</column>
<column name="xor_ln895_6_fu_1170_p2">xor, 0, 0, 2, 1, 2</column>
<column name="xor_ln895_7_fu_1213_p2">xor, 0, 0, 2, 1, 2</column>
<column name="xor_ln895_8_fu_1256_p2">xor, 0, 0, 2, 1, 2</column>
<column name="xor_ln895_9_fu_1299_p2">xor, 0, 0, 2, 1, 2</column>
<column name="xor_ln895_fu_912_p2">xor, 0, 0, 2, 1, 2</column>
<column name="xor_ln896_1_fu_1837_p2">xor, 0, 0, 2, 1, 2</column>
<column name="xor_ln896_2_fu_1935_p2">xor, 0, 0, 2, 1, 2</column>
<column name="xor_ln896_fu_2135_p2">xor, 0, 0, 2, 1, 2</column>
</table>
</item>
<item name = "Multiplexer"><table name="" hasTotal="1">
<keys size="5">Name, LUT, Input Size, Bits, Total Bits</keys>
<column name="ap_NS_fsm">87, 18, 1, 18</column>
<column name="exp_table_address0">14, 3, 10, 30</column>
<column name="exp_table_address1">14, 3, 10, 30</column>
<column name="layer11_out_blk_n">9, 2, 1, 2</column>
<column name="layer13_out_TDATA_blk_n">9, 2, 1, 2</column>
</table>
</item>
<item name = "Register"><table name="" hasTotal="1">
<keys size="5">Name, FF, LUT, Bits, Const Bits</keys>
<column name="ap_CS_fsm">17, 0, 17, 0</column>
<column name="data_array_V_1_reg_2402">16, 0, 16, 0</column>
<column name="data_array_V_2_reg_2409">16, 0, 16, 0</column>
<column name="data_array_V_3_reg_2416">16, 0, 16, 0</column>
<column name="data_array_V_4_reg_2423">16, 0, 16, 0</column>
<column name="data_array_V_5_reg_2430">16, 0, 16, 0</column>
<column name="data_array_V_6_reg_2437">16, 0, 16, 0</column>
<column name="data_array_V_7_reg_2444">16, 0, 16, 0</column>
<column name="data_array_V_8_reg_2388">16, 0, 16, 0</column>
<column name="data_array_V_9_reg_2395">16, 0, 16, 0</column>
<column name="data_array_V_reg_2381">16, 0, 16, 0</column>
<column name="exp_res_V_10_reg_2632">17, 0, 17, 0</column>
<column name="exp_res_V_11_reg_2638">17, 0, 17, 0</column>
<column name="exp_res_V_12_reg_2644">17, 0, 17, 0</column>
<column name="exp_res_V_13_reg_2650">17, 0, 17, 0</column>
<column name="exp_res_V_14_reg_2656">17, 0, 17, 0</column>
<column name="exp_res_V_15_reg_2662">17, 0, 17, 0</column>
<column name="exp_res_V_16_reg_2668">17, 0, 17, 0</column>
<column name="exp_res_V_17_reg_2708">17, 0, 17, 0</column>
<column name="exp_res_V_18_reg_2715">17, 0, 17, 0</column>
<column name="exp_res_V_reg_2626">17, 0, 17, 0</column>
<column name="icmp_ln1651_1_reg_2456">1, 0, 1, 0</column>
<column name="icmp_ln1651_2_reg_2481">1, 0, 1, 0</column>
<column name="icmp_ln1651_3_reg_2461">1, 0, 1, 0</column>
<column name="icmp_ln1651_4_reg_2466">1, 0, 1, 0</column>
<column name="icmp_ln1651_5_reg_2496">1, 0, 1, 0</column>
<column name="icmp_ln1651_6_reg_2511">1, 0, 1, 0</column>
<column name="icmp_ln1651_7_reg_2516">1, 0, 1, 0</column>
<column name="icmp_ln1651_8_reg_2531">1, 0, 1, 0</column>
<column name="icmp_ln1651_reg_2451">1, 0, 1, 0</column>
<column name="inv_exp_sum_V_reg_2756">18, 0, 18, 0</column>
<column name="lhs_2_reg_2684">18, 0, 18, 0</column>
<column name="lhs_5_reg_2696">18, 0, 18, 0</column>
<column name="lhs_6_reg_2722">18, 0, 18, 0</column>
<column name="lhs_7_reg_2734">18, 0, 18, 0</column>
<column name="p_Result_21_reg_2541">10, 0, 10, 0</column>
<column name="p_Result_22_reg_2546">10, 0, 10, 0</column>
<column name="p_Result_23_reg_2551">10, 0, 10, 0</column>
<column name="p_Result_24_reg_2556">10, 0, 10, 0</column>
<column name="p_Result_25_reg_2561">10, 0, 10, 0</column>
<column name="p_Result_26_reg_2566">10, 0, 10, 0</column>
<column name="p_Result_27_reg_2571">10, 0, 10, 0</column>
<column name="p_Result_28_reg_2576">10, 0, 10, 0</column>
<column name="p_Result_29_reg_2581">10, 0, 10, 0</column>
<column name="p_Result_43_reg_2746">10, 0, 10, 0</column>
<column name="p_Result_s_reg_2536">10, 0, 10, 0</column>
<column name="rhs_2_reg_2690">18, 0, 18, 0</column>
<column name="rhs_5_reg_2702">18, 0, 18, 0</column>
<column name="rhs_6_reg_2728">18, 0, 18, 0</column>
<column name="rhs_7_reg_2740">17, 0, 17, 0</column>
<column name="select_ln65_1_reg_2476">16, 0, 16, 0</column>
<column name="select_ln65_2_reg_2501">16, 0, 16, 0</column>
<column name="select_ln65_3_reg_2486">16, 0, 16, 0</column>
<column name="select_ln65_4_reg_2491">16, 0, 16, 0</column>
<column name="select_ln65_5_reg_2506">16, 0, 16, 0</column>
<column name="select_ln65_6_reg_2521">16, 0, 16, 0</column>
<column name="select_ln65_7_reg_2526">16, 0, 16, 0</column>
<column name="select_ln65_reg_2471">16, 0, 16, 0</column>
</table>
</item>
</section>
</item>
</section>

<section name = "Interface" level="0">
<item name = "Summary"><table name="" hasTotal="0">
<keys size="6">RTL Ports, Dir, Bits, Protocol, Source Object, C Type</keys>
<column name="ap_clk">in, 1, ap_ctrl_hs, softmax_stable&lt;array,array&lt;ap_fixed&lt;16,6,5,3,0&gt;,10u&gt;,softmax_config13&gt;, return value</column>
<column name="ap_rst">in, 1, ap_ctrl_hs, softmax_stable&lt;array,array&lt;ap_fixed&lt;16,6,5,3,0&gt;,10u&gt;,softmax_config13&gt;, return value</column>
<column name="ap_start">in, 1, ap_ctrl_hs, softmax_stable&lt;array,array&lt;ap_fixed&lt;16,6,5,3,0&gt;,10u&gt;,softmax_config13&gt;, return value</column>
<column name="ap_done">out, 1, ap_ctrl_hs, softmax_stable&lt;array,array&lt;ap_fixed&lt;16,6,5,3,0&gt;,10u&gt;,softmax_config13&gt;, return value</column>
<column name="ap_idle">out, 1, ap_ctrl_hs, softmax_stable&lt;array,array&lt;ap_fixed&lt;16,6,5,3,0&gt;,10u&gt;,softmax_config13&gt;, return value</column>
<column name="ap_ready">out, 1, ap_ctrl_hs, softmax_stable&lt;array,array&lt;ap_fixed&lt;16,6,5,3,0&gt;,10u&gt;,softmax_config13&gt;, return value</column>
<column name="layer11_out_dout">in, 160, ap_fifo, layer11_out, pointer</column>
<column name="layer11_out_num_data_valid">in, 2, ap_fifo, layer11_out, pointer</column>
<column name="layer11_out_fifo_cap">in, 2, ap_fifo, layer11_out, pointer</column>
<column name="layer11_out_empty_n">in, 1, ap_fifo, layer11_out, pointer</column>
<column name="layer11_out_read">out, 1, ap_fifo, layer11_out, pointer</column>
<column name="layer13_out_TDATA">out, 160, axis, layer13_out, pointer</column>
<column name="layer13_out_TVALID">out, 1, axis, layer13_out, pointer</column>
<column name="layer13_out_TREADY">in, 1, axis, layer13_out, pointer</column>
</table>
</item>
</section>
</profile>
