<profile>

<section name = "Vitis HLS Report for 'softmax_array_array_ap_fixed_16_6_5_3_0_10u_softmax_config13_s'" level="0">
<item name = "Date">Fri Apr 11 08:10:51 2025
</item>
<item name = "Version">2022.2 (Build 3670227 on Oct 13 2022)</item>
<item name = "Project">myproject_prj</item>
<item name = "Solution">solution1 (Vivado IP Flow Target)</item>
<item name = "Product family">zynq</item>
<item name = "Target device">xc7z020-clg484-1</item>
</section>

<section name = "Performance Estimates" level="0">
<item name = "Timing">
<section name = "" level="1">
<item name = "Summary"><table name="" hasTotal="0">
<keys size="4">Clock, Target, Estimated, Uncertainty</keys>
<column name="ap_clk">5.00 ns, 4.092 ns, 0.62 ns</column>
</table>
</item>
</section>
</item>
<item name = "Latency">
<section name = "" level="1">
<item name = "Summary"><table name="" hasTotal="0">
<keys size="8">, min, max, min, max, min, max, Type</keys>
<column name="">18, 18, 90.000 ns, 90.000 ns, 18, 18, no</column>
</table>
</item>
<item name = "Detail">
<section name = "" level="1">
<item name = "Instance"><table name="" hasTotal="0">
<keys size="9">Instance, Module, min, max, min, max, min, max, Type</keys>
<column name="grp_softmax_stable_array_array_ap_fixed_16_6_5_3_0_10u_softmax_config13_s_fu_26">softmax_stable_array_array_ap_fixed_16_6_5_3_0_10u_softmax_config13_s, 16, 16, 80.000 ns, 80.000 ns, 16, 16, no</column>
</table>
</item>
<item name = "Loop"><table name="" hasTotal="0">
<keys size="8">Loop Name, min, max, Latency, achieved, target, Count, Pipelined</keys>
</table>
</item>
</section>
</item>
</section>
</item>
</section>

<section name = "Utilization Estimates" level="0">
<item name = "Summary"><table name="" hasTotal="1">
<keys size="6">Name, BRAM_18K, DSP, FF, LUT, URAM</keys>
<column name="DSP">-, -, -, -, -</column>
<column name="Expression">-, -, 0, 4, -</column>
<column name="FIFO">-, -, -, -, -</column>
<column name="Instance">5, 10, 1505, 1688, -</column>
<column name="Memory">-, -, -, -, -</column>
<column name="Multiplexer">-, -, -, 38, -</column>
<column name="Register">-, -, 5, -, -</column>
<specialColumn name="Available">280, 220, 106400, 53200, 0</specialColumn>
<specialColumn name="Utilization (%)">1, 4, 1, 3, 0</specialColumn>
</table>
</item>
<item name = "Detail">
<section name = "" level="1">
<item name = "Instance"><table name="" hasTotal="1">
<keys size="7">Instance, Module, BRAM_18K, DSP, FF, LUT, URAM</keys>
<column name="grp_softmax_stable_array_array_ap_fixed_16_6_5_3_0_10u_softmax_config13_s_fu_26">softmax_stable_array_array_ap_fixed_16_6_5_3_0_10u_softmax_config13_s, 5, 10, 1505, 1688, 0</column>
</table>
</item>
<item name = "DSP"><table name="" hasTotal="0">
<keys size="3">Instance, Module, Expression</keys>
</table>
</item>
<item name = "Memory"><table name="" hasTotal="1">
<keys size="10">Memory, Module, BRAM_18K, FF, LUT, URAM, Words, Bits, Banks, W*Bits*Banks</keys>
</table>
</item>
<item name = "FIFO"><table name="" hasTotal="1">
<keys size="8">Name, BRAM_18K, FF, LUT, URAM, Depth, Bits, Size:D*B</keys>
</table>
</item>
<item name = "Expression"><table name="" hasTotal="1">
<keys size="7">Variable Name, Operation, DSP, FF, LUT, Bitwidth P0, Bitwidth P1</keys>
<column name="grp_softmax_stable_array_array_ap_fixed_16_6_5_3_0_10u_softmax_config13_s_fu_26_layer13_out_TREADY">and, 0, 0, 2, 1, 1</column>
<column name="ap_block_state1">or, 0, 0, 2, 1, 1</column>
</table>
</item>
<item name = "Multiplexer"><table name="" hasTotal="1">
<keys size="5">Name, LUT, Input Size, Bits, Total Bits</keys>
<column name="ap_NS_fsm">20, 4, 1, 4</column>
<column name="ap_done">9, 2, 1, 2</column>
<column name="layer11_out_read">9, 2, 1, 2</column>
</table>
</item>
<item name = "Register"><table name="" hasTotal="1">
<keys size="5">Name, FF, LUT, Bits, Const Bits</keys>
<column name="ap_CS_fsm">3, 0, 3, 0</column>
<column name="ap_done_reg">1, 0, 1, 0</column>
<column name="grp_softmax_stable_array_array_ap_fixed_16_6_5_3_0_10u_softmax_config13_s_fu_26_ap_start_reg">1, 0, 1, 0</column>
</table>
</item>
</section>
</item>
</section>

<section name = "Interface" level="0">
<item name = "Summary"><table name="" hasTotal="0">
<keys size="6">RTL Ports, Dir, Bits, Protocol, Source Object, C Type</keys>
<column name="ap_clk">in, 1, ap_ctrl_hs, softmax&lt;array,array&lt;ap_fixed&lt;16,6,5,3,0&gt;,10u&gt;,softmax_config13&gt;, return value</column>
<column name="ap_rst">in, 1, ap_ctrl_hs, softmax&lt;array,array&lt;ap_fixed&lt;16,6,5,3,0&gt;,10u&gt;,softmax_config13&gt;, return value</column>
<column name="ap_start">in, 1, ap_ctrl_hs, softmax&lt;array,array&lt;ap_fixed&lt;16,6,5,3,0&gt;,10u&gt;,softmax_config13&gt;, return value</column>
<column name="ap_done">out, 1, ap_ctrl_hs, softmax&lt;array,array&lt;ap_fixed&lt;16,6,5,3,0&gt;,10u&gt;,softmax_config13&gt;, return value</column>
<column name="ap_continue">in, 1, ap_ctrl_hs, softmax&lt;array,array&lt;ap_fixed&lt;16,6,5,3,0&gt;,10u&gt;,softmax_config13&gt;, return value</column>
<column name="ap_idle">out, 1, ap_ctrl_hs, softmax&lt;array,array&lt;ap_fixed&lt;16,6,5,3,0&gt;,10u&gt;,softmax_config13&gt;, return value</column>
<column name="ap_ready">out, 1, ap_ctrl_hs, softmax&lt;array,array&lt;ap_fixed&lt;16,6,5,3,0&gt;,10u&gt;,softmax_config13&gt;, return value</column>
<column name="layer11_out_dout">in, 160, ap_fifo, layer11_out, pointer</column>
<column name="layer11_out_num_data_valid">in, 2, ap_fifo, layer11_out, pointer</column>
<column name="layer11_out_fifo_cap">in, 2, ap_fifo, layer11_out, pointer</column>
<column name="layer11_out_empty_n">in, 1, ap_fifo, layer11_out, pointer</column>
<column name="layer11_out_read">out, 1, ap_fifo, layer11_out, pointer</column>
<column name="layer13_out_TDATA">out, 160, axis, layer13_out, pointer</column>
<column name="layer13_out_TVALID">out, 1, axis, layer13_out, pointer</column>
<column name="layer13_out_TREADY">in, 1, axis, layer13_out, pointer</column>
</table>
</item>
</section>
</profile>
