<root versionMajor = "1" versionMinor = "5">
  <kernel src_name="myproject" language="c" hwCtrl="ap_ctrl_hs" mem_layout="fpga64-xilinx-none">
    <args>
      <arg id="0" access_type="r" src_name="fc1_input" src_type="stream&lt;nnet::array&lt;ap_fixed&lt;16, 6, AP_TRN, AP_WRAP, 0&gt;, 784&gt;, 0&gt;&amp;" src_isptr="1" src_bitwidth="12544" src_size_or_depth="1">
        <hw hw_usage="data" hw_interface="AXI-Stream" hw_name="fc1_input" hw_bitwidth="12544" hw_size_or_depth="0" hw_kernel_support="true">
          <constraint constraint_type="pragma interface" mode="axis" register_option="0" register_mode="both"/>
        </hw>
      </arg>
      <arg id="1" access_type="w" src_name="layer13_out" src_type="stream&lt;nnet::array&lt;ap_fixed&lt;16, 6, AP_TRN, AP_WRAP, 0&gt;, 10&gt;, 0&gt;&amp;" src_isptr="1" src_bitwidth="160" src_size_or_depth="1">
        <hw hw_usage="data" hw_interface="AXI-Stream" hw_name="layer13_out" hw_bitwidth="160" hw_size_or_depth="0" hw_kernel_support="true">
          <constraint constraint_type="pragma interface" mode="axis" register_option="0" register_mode="both"/>
        </hw>
      </arg>
    </args>
    <return src_type="void" src_bitwidth="0" offset="0x0">
      <hw hw_usage="data" hw_interface="" hw_name="" hw_bitwidth="0" hw_kernel_support="true"/>
    </return>
  </kernel>
</root>
