<?xml version="1.0" encoding="utf-8"?>
<Messages>
	<Message severity="INFO" prefix="[HLS 200-111]" key="HLS_111_966" tag="RUNTIME" content="Finished File checks and directory preparation: CPU user time: 0 seconds. CPU system time: 0.01 seconds. Elapsed time: 10.02 seconds; current allocated memory: 209.102 MB." resolution=""/>
	<Message severity="INFO" prefix="[HLS 200-10]" key="HLS_10_1312" tag="" content="Analyzing design file &apos;firmware/myproject.cpp&apos; ..." resolution=""/>
	<Message severity="WARNING" prefix="[HLS 207-5292]" key="HLS 207-5292" tag="" content="unused parameter &apos;keep&apos; (firmware/nnet_utils/nnet_helpers.h:285:99)" resolution=""/>
	<Message severity="WARNING" prefix="[HLS 207-5292]" key="HLS 207-5292" tag="" content="unused parameter &apos;data&apos; (firmware/nnet_utils/nnet_code_gen.h:11:36)" resolution=""/>
	<Message severity="WARNING" prefix="[HLS 207-5292]" key="HLS 207-5292" tag="" content="unused parameter &apos;buffer&apos; (firmware/nnet_utils/nnet_code_gen.h:12:36)" resolution=""/>
	<Message severity="WARNING" prefix="[HLS 207-5292]" key="HLS 207-5292" tag="" content="unused parameter &apos;partition&apos; (firmware/nnet_utils/nnet_code_gen.h:13:44)" resolution=""/>
	<Message severity="WARNING" prefix="[HLS 207-5292]" key="HLS 207-5292" tag="" content="unused parameter &apos;data&apos; (firmware/nnet_utils/nnet_code_gen.h:21:24)" resolution=""/>
	<Message severity="WARNING" prefix="[HLS 207-5292]" key="HLS 207-5292" tag="" content="unused parameter &apos;buffer&apos; (firmware/nnet_utils/nnet_code_gen.h:22:24)" resolution=""/>
	<Message severity="WARNING" prefix="[HLS 207-5292]" key="HLS 207-5292" tag="" content="unused parameter &apos;partition&apos; (firmware/nnet_utils/nnet_code_gen.h:23:32)" resolution=""/>
	<Message severity="INFO" prefix="[HLS 200-111]" key="HLS_111_966" tag="RUNTIME" content="Finished Source Code Analysis and Preprocessing: CPU user time: 5.55 seconds. CPU system time: 0.91 seconds. Elapsed time: 7.15 seconds; current allocated memory: 214.277 MB." resolution=""/>
	<Message severity="INFO" prefix="[HLS 200-777]" key="HLS 200-777" tag="" content="Using interface defaults for &apos;Vivado&apos; flow target." resolution=""/>
	<Message severity="INFO" prefix="[HLS 214-131]" key="HLS 214-131" tag="" content="Inlining function &apos;nnet::product::mult&lt;ap_fixed&lt;16, 6, (ap_q_mode)5, (ap_o_mode)3, 0&gt;, ap_fixed&lt;8, 4, (ap_q_mode)5, (ap_o_mode)3, 0&gt; &gt;::product(ap_fixed&lt;16, 6, (ap_q_mode)5, (ap_o_mode)3, 0&gt;, ap_fixed&lt;8, 4, (ap_q_mode)5, (ap_o_mode)3, 0&gt;)&apos; into &apos;void nnet::dense_latency&lt;ap_fixed&lt;16, 6, (ap_q_mode)5, (ap_o_mode)3, 0&gt;, ap_fixed&lt;16, 6, (ap_q_mode)5, (ap_o_mode)3, 0&gt;, config2&gt;(ap_fixed&lt;16, 6, (ap_q_mode)5, (ap_o_mode)3, 0&gt;*, ap_fixed&lt;16, 6, (ap_q_mode)5, (ap_o_mode)3, 0&gt;*, config2::weight_t*, config2::bias_t*)&apos; (firmware/nnet_utils/nnet_dense_latency.h:42:27)" resolution=""/>
	<Message severity="INFO" prefix="[HLS 214-131]" key="HLS 214-131" tag="" content="Inlining function &apos;nnet::product::mult&lt;ap_fixed&lt;16, 7, (ap_q_mode)4, (ap_o_mode)0, 0&gt;, ap_fixed&lt;8, 4, (ap_q_mode)5, (ap_o_mode)3, 0&gt; &gt;::product(ap_fixed&lt;16, 7, (ap_q_mode)4, (ap_o_mode)0, 0&gt;, ap_fixed&lt;8, 4, (ap_q_mode)5, (ap_o_mode)3, 0&gt;)&apos; into &apos;void nnet::dense_latency&lt;ap_fixed&lt;16, 7, (ap_q_mode)4, (ap_o_mode)0, 0&gt;, ap_fixed&lt;16, 6, (ap_q_mode)5, (ap_o_mode)3, 0&gt;, config5&gt;(ap_fixed&lt;16, 7, (ap_q_mode)4, (ap_o_mode)0, 0&gt;*, ap_fixed&lt;16, 6, (ap_q_mode)5, (ap_o_mode)3, 0&gt;*, config5::weight_t*, config5::bias_t*)&apos; (firmware/nnet_utils/nnet_dense_latency.h:42:27)" resolution=""/>
	<Message severity="INFO" prefix="[HLS 214-131]" key="HLS 214-131" tag="" content="Inlining function &apos;nnet::product::mult&lt;ap_fixed&lt;16, 7, (ap_q_mode)4, (ap_o_mode)0, 0&gt;, ap_fixed&lt;8, 4, (ap_q_mode)5, (ap_o_mode)3, 0&gt; &gt;::product(ap_fixed&lt;16, 7, (ap_q_mode)4, (ap_o_mode)0, 0&gt;, ap_fixed&lt;8, 4, (ap_q_mode)5, (ap_o_mode)3, 0&gt;)&apos; into &apos;void nnet::dense_latency&lt;ap_fixed&lt;16, 7, (ap_q_mode)4, (ap_o_mode)0, 0&gt;, ap_fixed&lt;16, 6, (ap_q_mode)5, (ap_o_mode)3, 0&gt;, config8&gt;(ap_fixed&lt;16, 7, (ap_q_mode)4, (ap_o_mode)0, 0&gt;*, ap_fixed&lt;16, 6, (ap_q_mode)5, (ap_o_mode)3, 0&gt;*, config8::weight_t*, config8::bias_t*)&apos; (firmware/nnet_utils/nnet_dense_latency.h:42:27)" resolution=""/>
	<Message severity="INFO" prefix="[HLS 214-131]" key="HLS 214-131" tag="" content="Inlining function &apos;nnet::product::mult&lt;ap_fixed&lt;16, 7, (ap_q_mode)4, (ap_o_mode)0, 0&gt;, ap_fixed&lt;8, 4, (ap_q_mode)5, (ap_o_mode)3, 0&gt; &gt;::product(ap_fixed&lt;16, 7, (ap_q_mode)4, (ap_o_mode)0, 0&gt;, ap_fixed&lt;8, 4, (ap_q_mode)5, (ap_o_mode)3, 0&gt;)&apos; into &apos;void nnet::dense_latency&lt;ap_fixed&lt;16, 7, (ap_q_mode)4, (ap_o_mode)0, 0&gt;, ap_fixed&lt;16, 6, (ap_q_mode)5, (ap_o_mode)3, 0&gt;, config11&gt;(ap_fixed&lt;16, 7, (ap_q_mode)4, (ap_o_mode)0, 0&gt;*, ap_fixed&lt;16, 6, (ap_q_mode)5, (ap_o_mode)3, 0&gt;*, config11::weight_t*, config11::bias_t*)&apos; (firmware/nnet_utils/nnet_dense_latency.h:42:27)" resolution=""/>
	<Message severity="INFO" prefix="[HLS 214-131]" key="HLS 214-131" tag="" content="Inlining function &apos;void nnet::dense&lt;ap_fixed&lt;16, 6, (ap_q_mode)5, (ap_o_mode)3, 0&gt;, ap_fixed&lt;16, 6, (ap_q_mode)5, (ap_o_mode)3, 0&gt;, config2&gt;(ap_fixed&lt;16, 6, (ap_q_mode)5, (ap_o_mode)3, 0&gt;*, ap_fixed&lt;16, 6, (ap_q_mode)5, (ap_o_mode)3, 0&gt;*, config2::weight_t*, config2::bias_t*)&apos; into &apos;myproject(ap_fixed&lt;16, 6, (ap_q_mode)5, (ap_o_mode)3, 0&gt;*, ap_fixed&lt;16, 6, (ap_q_mode)5, (ap_o_mode)3, 0&gt;*)&apos; (firmware/myproject.cpp:41:2)" resolution=""/>
	<Message severity="INFO" prefix="[HLS 214-131]" key="HLS 214-131" tag="" content="Inlining function &apos;void nnet::dense&lt;ap_fixed&lt;16, 7, (ap_q_mode)4, (ap_o_mode)0, 0&gt;, ap_fixed&lt;16, 6, (ap_q_mode)5, (ap_o_mode)3, 0&gt;, config5&gt;(ap_fixed&lt;16, 7, (ap_q_mode)4, (ap_o_mode)0, 0&gt;*, ap_fixed&lt;16, 6, (ap_q_mode)5, (ap_o_mode)3, 0&gt;*, config5::weight_t*, config5::bias_t*)&apos; into &apos;myproject(ap_fixed&lt;16, 6, (ap_q_mode)5, (ap_o_mode)3, 0&gt;*, ap_fixed&lt;16, 6, (ap_q_mode)5, (ap_o_mode)3, 0&gt;*)&apos; (firmware/myproject.cpp:49:2)" resolution=""/>
	<Message severity="INFO" prefix="[HLS 214-131]" key="HLS 214-131" tag="" content="Inlining function &apos;void nnet::dense&lt;ap_fixed&lt;16, 7, (ap_q_mode)4, (ap_o_mode)0, 0&gt;, ap_fixed&lt;16, 6, (ap_q_mode)5, (ap_o_mode)3, 0&gt;, config8&gt;(ap_fixed&lt;16, 7, (ap_q_mode)4, (ap_o_mode)0, 0&gt;*, ap_fixed&lt;16, 6, (ap_q_mode)5, (ap_o_mode)3, 0&gt;*, config8::weight_t*, config8::bias_t*)&apos; into &apos;myproject(ap_fixed&lt;16, 6, (ap_q_mode)5, (ap_o_mode)3, 0&gt;*, ap_fixed&lt;16, 6, (ap_q_mode)5, (ap_o_mode)3, 0&gt;*)&apos; (firmware/myproject.cpp:57:2)" resolution=""/>
	<Message severity="INFO" prefix="[HLS 214-131]" key="HLS 214-131" tag="" content="Inlining function &apos;void nnet::dense&lt;ap_fixed&lt;16, 7, (ap_q_mode)4, (ap_o_mode)0, 0&gt;, ap_fixed&lt;16, 6, (ap_q_mode)5, (ap_o_mode)3, 0&gt;, config11&gt;(ap_fixed&lt;16, 7, (ap_q_mode)4, (ap_o_mode)0, 0&gt;*, ap_fixed&lt;16, 6, (ap_q_mode)5, (ap_o_mode)3, 0&gt;*, config11::weight_t*, config11::bias_t*)&apos; into &apos;myproject(ap_fixed&lt;16, 6, (ap_q_mode)5, (ap_o_mode)3, 0&gt;*, ap_fixed&lt;16, 6, (ap_q_mode)5, (ap_o_mode)3, 0&gt;*)&apos; (firmware/myproject.cpp:65:2)" resolution=""/>
	<Message severity="INFO" prefix="[HLS 214-291]" key="HLS 214-291" tag="" content="Loop &apos;anonymous&apos; is marked as complete unroll implied by the pipeline pragma (firmware/myproject.cpp:63:15)" resolution=""/>
	<Message severity="INFO" prefix="[HLS 214-291]" key="HLS 214-291" tag="" content="Loop &apos;anonymous&apos; is marked as complete unroll implied by the pipeline pragma (firmware/myproject.cpp:59:15)" resolution=""/>
	<Message severity="INFO" prefix="[HLS 214-291]" key="HLS 214-291" tag="" content="Loop &apos;anonymous&apos; is marked as complete unroll implied by the pipeline pragma (firmware/myproject.cpp:55:14)" resolution=""/>
	<Message severity="INFO" prefix="[HLS 214-291]" key="HLS 214-291" tag="" content="Loop &apos;anonymous&apos; is marked as complete unroll implied by the pipeline pragma (firmware/myproject.cpp:51:14)" resolution=""/>
	<Message severity="INFO" prefix="[HLS 214-291]" key="HLS 214-291" tag="" content="Loop &apos;anonymous&apos; is marked as complete unroll implied by the pipeline pragma (firmware/myproject.cpp:47:14)" resolution=""/>
	<Message severity="INFO" prefix="[HLS 214-291]" key="HLS 214-291" tag="" content="Loop &apos;anonymous&apos; is marked as complete unroll implied by the pipeline pragma (firmware/myproject.cpp:43:14)" resolution=""/>
	<Message severity="INFO" prefix="[HLS 214-291]" key="HLS 214-291" tag="" content="Loop &apos;anonymous&apos; is marked as complete unroll implied by the pipeline pragma (firmware/myproject.cpp:39:11)" resolution=""/>
	<Message severity="INFO" prefix="[HLS 214-291]" key="HLS 214-291" tag="" content="Loop &apos;VITIS_LOOP_114_1&apos; is marked as complete unroll implied by the pipeline pragma (firmware/nnet_utils/nnet_activation.h:114:23)" resolution=""/>
	<Message severity="INFO" prefix="[HLS 214-291]" key="HLS 214-291" tag="" content="Loop &apos;anonymous&apos; is marked as complete unroll implied by the pipeline pragma (firmware/nnet_utils/nnet_activation.h:99:32)" resolution=""/>
	<Message severity="INFO" prefix="[HLS 214-291]" key="HLS 214-291" tag="" content="Loop &apos;Result&apos; is marked as complete unroll implied by the pipeline pragma (firmware/nnet_utils/nnet_dense_latency.h:64:5)" resolution=""/>
	<Message severity="INFO" prefix="[HLS 214-291]" key="HLS 214-291" tag="" content="Loop &apos;Accum1&apos; is marked as complete unroll implied by the pipeline pragma (firmware/nnet_utils/nnet_dense_latency.h:54:5)" resolution=""/>
	<Message severity="INFO" prefix="[HLS 214-291]" key="HLS 214-291" tag="" content="Loop &apos;Accum2&apos; is marked as complete unroll implied by the pipeline pragma (firmware/nnet_utils/nnet_dense_latency.h:56:9)" resolution=""/>
	<Message severity="INFO" prefix="[HLS 214-291]" key="HLS 214-291" tag="" content="Loop &apos;ResetAccum&apos; is marked as complete unroll implied by the pipeline pragma (firmware/nnet_utils/nnet_dense_latency.h:48:5)" resolution=""/>
	<Message severity="INFO" prefix="[HLS 214-291]" key="HLS 214-291" tag="" content="Loop &apos;Product1&apos; is marked as complete unroll implied by the pipeline pragma (firmware/nnet_utils/nnet_dense_latency.h:37:5)" resolution=""/>
	<Message severity="INFO" prefix="[HLS 214-291]" key="HLS 214-291" tag="" content="Loop &apos;Product2&apos; is marked as complete unroll implied by the pipeline pragma (firmware/nnet_utils/nnet_dense_latency.h:40:9)" resolution=""/>
	<Message severity="INFO" prefix="[HLS 214-291]" key="HLS 214-291" tag="" content="Loop &apos;anonymous&apos; is marked as complete unroll implied by the pipeline pragma (firmware/nnet_utils/nnet_dense_latency.h:18:32)" resolution=""/>
	<Message severity="INFO" prefix="[HLS 214-291]" key="HLS 214-291" tag="" content="Loop &apos;anonymous&apos; is marked as complete unroll implied by the pipeline pragma (firmware/nnet_utils/nnet_dense_latency.h:17:32)" resolution=""/>
	<Message severity="INFO" prefix="[HLS 214-291]" key="HLS 214-291" tag="" content="Loop &apos;VITIS_LOOP_31_1&apos; is marked as complete unroll implied by the pipeline pragma (firmware/nnet_utils/nnet_activation.h:31:19)" resolution=""/>
	<Message severity="INFO" prefix="[HLS 214-186]" key="HLS 214-186" tag="" content="Unrolling loop &apos;anonymous&apos; (firmware/myproject.cpp:63:15) in function &apos;myproject&apos; completely with a factor of 2 (firmware/myproject.cpp:9:0)" resolution=""/>
	<Message severity="INFO" prefix="[HLS 214-186]" key="HLS 214-186" tag="" content="Unrolling loop &apos;anonymous&apos; (firmware/myproject.cpp:59:15) in function &apos;myproject&apos; completely with a factor of 10 (firmware/myproject.cpp:9:0)" resolution=""/>
	<Message severity="INFO" prefix="[HLS 214-186]" key="HLS 214-186" tag="" content="Unrolling loop &apos;anonymous&apos; (firmware/myproject.cpp:55:14) in function &apos;myproject&apos; completely with a factor of 10 (firmware/myproject.cpp:9:0)" resolution=""/>
	<Message severity="INFO" prefix="[HLS 214-186]" key="HLS 214-186" tag="" content="Unrolling loop &apos;anonymous&apos; (firmware/myproject.cpp:51:14) in function &apos;myproject&apos; completely with a factor of 7 (firmware/myproject.cpp:9:0)" resolution=""/>
	<Message severity="INFO" prefix="[HLS 214-186]" key="HLS 214-186" tag="" content="Unrolling loop &apos;anonymous&apos; (firmware/myproject.cpp:47:14) in function &apos;myproject&apos; completely with a factor of 7 (firmware/myproject.cpp:9:0)" resolution=""/>
	<Message severity="INFO" prefix="[HLS 214-186]" key="HLS 214-186" tag="" content="Unrolling loop &apos;anonymous&apos; (firmware/myproject.cpp:43:14) in function &apos;myproject&apos; completely with a factor of 5 (firmware/myproject.cpp:9:0)" resolution=""/>
	<Message severity="INFO" prefix="[HLS 214-186]" key="HLS 214-186" tag="" content="Unrolling loop &apos;anonymous&apos; (firmware/myproject.cpp:39:11) in function &apos;myproject&apos; completely with a factor of 5 (firmware/myproject.cpp:9:0)" resolution=""/>
	<Message severity="INFO" prefix="[HLS 214-186]" key="HLS 214-186" tag="" content="Unrolling loop &apos;VITIS_LOOP_114_1&apos; (firmware/nnet_utils/nnet_activation.h:114:23) in function &apos;nnet::sigmoid&lt;ap_fixed&lt;16, 6, (ap_q_mode)5, (ap_o_mode)3, 0&gt;, ap_fixed&lt;16, 6, (ap_q_mode)5, (ap_o_mode)3, 0&gt;, sigmoid_config13&gt;&apos; completely with a factor of 2 (firmware/nnet_utils/nnet_activation.h:95:0)" resolution=""/>
	<Message severity="INFO" prefix="[HLS 214-186]" key="HLS 214-186" tag="" content="Unrolling loop &apos;anonymous&apos; (firmware/nnet_utils/nnet_activation.h:99:32) in function &apos;nnet::sigmoid&lt;ap_fixed&lt;16, 6, (ap_q_mode)5, (ap_o_mode)3, 0&gt;, ap_fixed&lt;16, 6, (ap_q_mode)5, (ap_o_mode)3, 0&gt;, sigmoid_config13&gt;&apos; completely with a factor of 1024 (firmware/nnet_utils/nnet_activation.h:95:0)" resolution=""/>
	<Message severity="INFO" prefix="[HLS 214-186]" key="HLS 214-186" tag="" content="Unrolling loop &apos;Result&apos; (firmware/nnet_utils/nnet_dense_latency.h:64:5) in function &apos;nnet::dense_latency&lt;ap_fixed&lt;16, 7, (ap_q_mode)4, (ap_o_mode)0, 0&gt;, ap_fixed&lt;16, 6, (ap_q_mode)5, (ap_o_mode)3, 0&gt;, config11&gt;&apos; completely with a factor of 2 (firmware/nnet_utils/nnet_dense_latency.h:15:0)" resolution=""/>
	<Message severity="INFO" prefix="[HLS 214-186]" key="HLS 214-186" tag="" content="Unrolling loop &apos;Accum1&apos; (firmware/nnet_utils/nnet_dense_latency.h:54:5) in function &apos;nnet::dense_latency&lt;ap_fixed&lt;16, 7, (ap_q_mode)4, (ap_o_mode)0, 0&gt;, ap_fixed&lt;16, 6, (ap_q_mode)5, (ap_o_mode)3, 0&gt;, config11&gt;&apos; completely with a factor of 10 (firmware/nnet_utils/nnet_dense_latency.h:15:0)" resolution=""/>
	<Message severity="INFO" prefix="[HLS 214-186]" key="HLS 214-186" tag="" content="Unrolling loop &apos;Accum2&apos; (firmware/nnet_utils/nnet_dense_latency.h:56:9) in function &apos;nnet::dense_latency&lt;ap_fixed&lt;16, 7, (ap_q_mode)4, (ap_o_mode)0, 0&gt;, ap_fixed&lt;16, 6, (ap_q_mode)5, (ap_o_mode)3, 0&gt;, config11&gt;&apos; completely with a factor of 2 (firmware/nnet_utils/nnet_dense_latency.h:15:0)" resolution=""/>
	<Message severity="INFO" prefix="[HLS 214-186]" key="HLS 214-186" tag="" content="Unrolling loop &apos;ResetAccum&apos; (firmware/nnet_utils/nnet_dense_latency.h:48:5) in function &apos;nnet::dense_latency&lt;ap_fixed&lt;16, 7, (ap_q_mode)4, (ap_o_mode)0, 0&gt;, ap_fixed&lt;16, 6, (ap_q_mode)5, (ap_o_mode)3, 0&gt;, config11&gt;&apos; completely with a factor of 2 (firmware/nnet_utils/nnet_dense_latency.h:15:0)" resolution=""/>
	<Message severity="INFO" prefix="[HLS 214-186]" key="HLS 214-186" tag="" content="Unrolling loop &apos;Product1&apos; (firmware/nnet_utils/nnet_dense_latency.h:37:5) in function &apos;nnet::dense_latency&lt;ap_fixed&lt;16, 7, (ap_q_mode)4, (ap_o_mode)0, 0&gt;, ap_fixed&lt;16, 6, (ap_q_mode)5, (ap_o_mode)3, 0&gt;, config11&gt;&apos; completely with a factor of 10 (firmware/nnet_utils/nnet_dense_latency.h:15:0)" resolution=""/>
	<Message severity="INFO" prefix="[HLS 214-186]" key="HLS 214-186" tag="" content="Unrolling loop &apos;Product2&apos; (firmware/nnet_utils/nnet_dense_latency.h:40:9) in function &apos;nnet::dense_latency&lt;ap_fixed&lt;16, 7, (ap_q_mode)4, (ap_o_mode)0, 0&gt;, ap_fixed&lt;16, 6, (ap_q_mode)5, (ap_o_mode)3, 0&gt;, config11&gt;&apos; completely with a factor of 2 (firmware/nnet_utils/nnet_dense_latency.h:15:0)" resolution=""/>
	<Message severity="INFO" prefix="[HLS 214-186]" key="HLS 214-186" tag="" content="Unrolling loop &apos;anonymous&apos; (firmware/nnet_utils/nnet_dense_latency.h:18:32) in function &apos;nnet::dense_latency&lt;ap_fixed&lt;16, 7, (ap_q_mode)4, (ap_o_mode)0, 0&gt;, ap_fixed&lt;16, 6, (ap_q_mode)5, (ap_o_mode)3, 0&gt;, config11&gt;&apos; completely with a factor of 2 (firmware/nnet_utils/nnet_dense_latency.h:15:0)" resolution=""/>
	<Message severity="INFO" prefix="[HLS 214-186]" key="HLS 214-186" tag="" content="Unrolling loop &apos;anonymous&apos; (firmware/nnet_utils/nnet_dense_latency.h:17:32) in function &apos;nnet::dense_latency&lt;ap_fixed&lt;16, 7, (ap_q_mode)4, (ap_o_mode)0, 0&gt;, ap_fixed&lt;16, 6, (ap_q_mode)5, (ap_o_mode)3, 0&gt;, config11&gt;&apos; completely with a factor of 20 (firmware/nnet_utils/nnet_dense_latency.h:15:0)" resolution=""/>
	<Message severity="INFO" prefix="[HLS 214-186]" key="HLS 214-186" tag="" content="Unrolling loop &apos;VITIS_LOOP_31_1&apos; (firmware/nnet_utils/nnet_activation.h:31:19) in function &apos;nnet::linear&lt;ap_fixed&lt;16, 6, (ap_q_mode)5, (ap_o_mode)3, 0&gt;, ap_fixed&lt;16, 7, (ap_q_mode)4, (ap_o_mode)0, 0&gt;, linear_config10&gt;&apos; completely with a factor of 10 (firmware/nnet_utils/nnet_activation.h:28:0)" resolution=""/>
	<Message severity="INFO" prefix="[HLS 214-186]" key="HLS 214-186" tag="" content="Unrolling loop &apos;Result&apos; (firmware/nnet_utils/nnet_dense_latency.h:64:5) in function &apos;nnet::dense_latency&lt;ap_fixed&lt;16, 7, (ap_q_mode)4, (ap_o_mode)0, 0&gt;, ap_fixed&lt;16, 6, (ap_q_mode)5, (ap_o_mode)3, 0&gt;, config8&gt;&apos; completely with a factor of 10 (firmware/nnet_utils/nnet_dense_latency.h:15:0)" resolution=""/>
	<Message severity="INFO" prefix="[HLS 214-186]" key="HLS 214-186" tag="" content="Unrolling loop &apos;Accum1&apos; (firmware/nnet_utils/nnet_dense_latency.h:54:5) in function &apos;nnet::dense_latency&lt;ap_fixed&lt;16, 7, (ap_q_mode)4, (ap_o_mode)0, 0&gt;, ap_fixed&lt;16, 6, (ap_q_mode)5, (ap_o_mode)3, 0&gt;, config8&gt;&apos; completely with a factor of 7 (firmware/nnet_utils/nnet_dense_latency.h:15:0)" resolution=""/>
	<Message severity="INFO" prefix="[HLS 214-186]" key="HLS 214-186" tag="" content="Unrolling loop &apos;Accum2&apos; (firmware/nnet_utils/nnet_dense_latency.h:56:9) in function &apos;nnet::dense_latency&lt;ap_fixed&lt;16, 7, (ap_q_mode)4, (ap_o_mode)0, 0&gt;, ap_fixed&lt;16, 6, (ap_q_mode)5, (ap_o_mode)3, 0&gt;, config8&gt;&apos; completely with a factor of 10 (firmware/nnet_utils/nnet_dense_latency.h:15:0)" resolution=""/>
	<Message severity="INFO" prefix="[HLS 214-186]" key="HLS 214-186" tag="" content="Unrolling loop &apos;ResetAccum&apos; (firmware/nnet_utils/nnet_dense_latency.h:48:5) in function &apos;nnet::dense_latency&lt;ap_fixed&lt;16, 7, (ap_q_mode)4, (ap_o_mode)0, 0&gt;, ap_fixed&lt;16, 6, (ap_q_mode)5, (ap_o_mode)3, 0&gt;, config8&gt;&apos; completely with a factor of 10 (firmware/nnet_utils/nnet_dense_latency.h:15:0)" resolution=""/>
	<Message severity="INFO" prefix="[HLS 214-186]" key="HLS 214-186" tag="" content="Unrolling loop &apos;Product1&apos; (firmware/nnet_utils/nnet_dense_latency.h:37:5) in function &apos;nnet::dense_latency&lt;ap_fixed&lt;16, 7, (ap_q_mode)4, (ap_o_mode)0, 0&gt;, ap_fixed&lt;16, 6, (ap_q_mode)5, (ap_o_mode)3, 0&gt;, config8&gt;&apos; completely with a factor of 7 (firmware/nnet_utils/nnet_dense_latency.h:15:0)" resolution=""/>
	<Message severity="INFO" prefix="[HLS 214-186]" key="HLS 214-186" tag="" content="Unrolling loop &apos;Product2&apos; (firmware/nnet_utils/nnet_dense_latency.h:40:9) in function &apos;nnet::dense_latency&lt;ap_fixed&lt;16, 7, (ap_q_mode)4, (ap_o_mode)0, 0&gt;, ap_fixed&lt;16, 6, (ap_q_mode)5, (ap_o_mode)3, 0&gt;, config8&gt;&apos; completely with a factor of 10 (firmware/nnet_utils/nnet_dense_latency.h:15:0)" resolution=""/>
	<Message severity="INFO" prefix="[HLS 214-186]" key="HLS 214-186" tag="" content="Unrolling loop &apos;anonymous&apos; (firmware/nnet_utils/nnet_dense_latency.h:18:32) in function &apos;nnet::dense_latency&lt;ap_fixed&lt;16, 7, (ap_q_mode)4, (ap_o_mode)0, 0&gt;, ap_fixed&lt;16, 6, (ap_q_mode)5, (ap_o_mode)3, 0&gt;, config8&gt;&apos; completely with a factor of 10 (firmware/nnet_utils/nnet_dense_latency.h:15:0)" resolution=""/>
	<Message severity="INFO" prefix="[HLS 214-186]" key="HLS 214-186" tag="" content="Unrolling loop &apos;anonymous&apos; (firmware/nnet_utils/nnet_dense_latency.h:17:32) in function &apos;nnet::dense_latency&lt;ap_fixed&lt;16, 7, (ap_q_mode)4, (ap_o_mode)0, 0&gt;, ap_fixed&lt;16, 6, (ap_q_mode)5, (ap_o_mode)3, 0&gt;, config8&gt;&apos; completely with a factor of 70 (firmware/nnet_utils/nnet_dense_latency.h:15:0)" resolution=""/>
	<Message severity="INFO" prefix="[HLS 214-186]" key="HLS 214-186" tag="" content="Unrolling loop &apos;VITIS_LOOP_31_1&apos; (firmware/nnet_utils/nnet_activation.h:31:19) in function &apos;nnet::linear&lt;ap_fixed&lt;16, 6, (ap_q_mode)5, (ap_o_mode)3, 0&gt;, ap_fixed&lt;16, 7, (ap_q_mode)4, (ap_o_mode)0, 0&gt;, linear_config7&gt;&apos; completely with a factor of 7 (firmware/nnet_utils/nnet_activation.h:28:0)" resolution=""/>
	<Message severity="INFO" prefix="[HLS 214-186]" key="HLS 214-186" tag="" content="Unrolling loop &apos;Result&apos; (firmware/nnet_utils/nnet_dense_latency.h:64:5) in function &apos;nnet::dense_latency&lt;ap_fixed&lt;16, 7, (ap_q_mode)4, (ap_o_mode)0, 0&gt;, ap_fixed&lt;16, 6, (ap_q_mode)5, (ap_o_mode)3, 0&gt;, config5&gt;&apos; completely with a factor of 7 (firmware/nnet_utils/nnet_dense_latency.h:15:0)" resolution=""/>
	<Message severity="INFO" prefix="[HLS 214-186]" key="HLS 214-186" tag="" content="Unrolling loop &apos;Accum1&apos; (firmware/nnet_utils/nnet_dense_latency.h:54:5) in function &apos;nnet::dense_latency&lt;ap_fixed&lt;16, 7, (ap_q_mode)4, (ap_o_mode)0, 0&gt;, ap_fixed&lt;16, 6, (ap_q_mode)5, (ap_o_mode)3, 0&gt;, config5&gt;&apos; completely with a factor of 5 (firmware/nnet_utils/nnet_dense_latency.h:15:0)" resolution=""/>
	<Message severity="INFO" prefix="[HLS 214-186]" key="HLS 214-186" tag="" content="Unrolling loop &apos;Accum2&apos; (firmware/nnet_utils/nnet_dense_latency.h:56:9) in function &apos;nnet::dense_latency&lt;ap_fixed&lt;16, 7, (ap_q_mode)4, (ap_o_mode)0, 0&gt;, ap_fixed&lt;16, 6, (ap_q_mode)5, (ap_o_mode)3, 0&gt;, config5&gt;&apos; completely with a factor of 7 (firmware/nnet_utils/nnet_dense_latency.h:15:0)" resolution=""/>
	<Message severity="INFO" prefix="[HLS 214-186]" key="HLS 214-186" tag="" content="Unrolling loop &apos;ResetAccum&apos; (firmware/nnet_utils/nnet_dense_latency.h:48:5) in function &apos;nnet::dense_latency&lt;ap_fixed&lt;16, 7, (ap_q_mode)4, (ap_o_mode)0, 0&gt;, ap_fixed&lt;16, 6, (ap_q_mode)5, (ap_o_mode)3, 0&gt;, config5&gt;&apos; completely with a factor of 7 (firmware/nnet_utils/nnet_dense_latency.h:15:0)" resolution=""/>
	<Message severity="INFO" prefix="[HLS 214-186]" key="HLS 214-186" tag="" content="Unrolling loop &apos;Product1&apos; (firmware/nnet_utils/nnet_dense_latency.h:37:5) in function &apos;nnet::dense_latency&lt;ap_fixed&lt;16, 7, (ap_q_mode)4, (ap_o_mode)0, 0&gt;, ap_fixed&lt;16, 6, (ap_q_mode)5, (ap_o_mode)3, 0&gt;, config5&gt;&apos; completely with a factor of 5 (firmware/nnet_utils/nnet_dense_latency.h:15:0)" resolution=""/>
	<Message severity="INFO" prefix="[HLS 214-186]" key="HLS 214-186" tag="" content="Unrolling loop &apos;Product2&apos; (firmware/nnet_utils/nnet_dense_latency.h:40:9) in function &apos;nnet::dense_latency&lt;ap_fixed&lt;16, 7, (ap_q_mode)4, (ap_o_mode)0, 0&gt;, ap_fixed&lt;16, 6, (ap_q_mode)5, (ap_o_mode)3, 0&gt;, config5&gt;&apos; completely with a factor of 7 (firmware/nnet_utils/nnet_dense_latency.h:15:0)" resolution=""/>
	<Message severity="INFO" prefix="[HLS 214-186]" key="HLS 214-186" tag="" content="Unrolling loop &apos;anonymous&apos; (firmware/nnet_utils/nnet_dense_latency.h:18:32) in function &apos;nnet::dense_latency&lt;ap_fixed&lt;16, 7, (ap_q_mode)4, (ap_o_mode)0, 0&gt;, ap_fixed&lt;16, 6, (ap_q_mode)5, (ap_o_mode)3, 0&gt;, config5&gt;&apos; completely with a factor of 7 (firmware/nnet_utils/nnet_dense_latency.h:15:0)" resolution=""/>
	<Message severity="INFO" prefix="[HLS 214-186]" key="HLS 214-186" tag="" content="Unrolling loop &apos;anonymous&apos; (firmware/nnet_utils/nnet_dense_latency.h:17:32) in function &apos;nnet::dense_latency&lt;ap_fixed&lt;16, 7, (ap_q_mode)4, (ap_o_mode)0, 0&gt;, ap_fixed&lt;16, 6, (ap_q_mode)5, (ap_o_mode)3, 0&gt;, config5&gt;&apos; completely with a factor of 35 (firmware/nnet_utils/nnet_dense_latency.h:15:0)" resolution=""/>
	<Message severity="INFO" prefix="[HLS 214-186]" key="HLS 214-186" tag="" content="Unrolling loop &apos;VITIS_LOOP_31_1&apos; (firmware/nnet_utils/nnet_activation.h:31:19) in function &apos;nnet::linear&lt;ap_fixed&lt;16, 6, (ap_q_mode)5, (ap_o_mode)3, 0&gt;, ap_fixed&lt;16, 7, (ap_q_mode)4, (ap_o_mode)0, 0&gt;, linear_config4&gt;&apos; completely with a factor of 5 (firmware/nnet_utils/nnet_activation.h:28:0)" resolution=""/>
	<Message severity="INFO" prefix="[HLS 214-186]" key="HLS 214-186" tag="" content="Unrolling loop &apos;Result&apos; (firmware/nnet_utils/nnet_dense_latency.h:64:5) in function &apos;nnet::dense_latency&lt;ap_fixed&lt;16, 6, (ap_q_mode)5, (ap_o_mode)3, 0&gt;, ap_fixed&lt;16, 6, (ap_q_mode)5, (ap_o_mode)3, 0&gt;, config2&gt;&apos; completely with a factor of 5 (firmware/nnet_utils/nnet_dense_latency.h:15:0)" resolution=""/>
	<Message severity="INFO" prefix="[HLS 214-186]" key="HLS 214-186" tag="" content="Unrolling loop &apos;Accum1&apos; (firmware/nnet_utils/nnet_dense_latency.h:54:5) in function &apos;nnet::dense_latency&lt;ap_fixed&lt;16, 6, (ap_q_mode)5, (ap_o_mode)3, 0&gt;, ap_fixed&lt;16, 6, (ap_q_mode)5, (ap_o_mode)3, 0&gt;, config2&gt;&apos; completely with a factor of 784 (firmware/nnet_utils/nnet_dense_latency.h:15:0)" resolution=""/>
	<Message severity="INFO" prefix="[HLS 214-186]" key="HLS 214-186" tag="" content="Unrolling loop &apos;Accum2&apos; (firmware/nnet_utils/nnet_dense_latency.h:56:9) in function &apos;nnet::dense_latency&lt;ap_fixed&lt;16, 6, (ap_q_mode)5, (ap_o_mode)3, 0&gt;, ap_fixed&lt;16, 6, (ap_q_mode)5, (ap_o_mode)3, 0&gt;, config2&gt;&apos; completely with a factor of 5 (firmware/nnet_utils/nnet_dense_latency.h:15:0)" resolution=""/>
	<Message severity="INFO" prefix="[HLS 214-186]" key="HLS 214-186" tag="" content="Unrolling loop &apos;ResetAccum&apos; (firmware/nnet_utils/nnet_dense_latency.h:48:5) in function &apos;nnet::dense_latency&lt;ap_fixed&lt;16, 6, (ap_q_mode)5, (ap_o_mode)3, 0&gt;, ap_fixed&lt;16, 6, (ap_q_mode)5, (ap_o_mode)3, 0&gt;, config2&gt;&apos; completely with a factor of 5 (firmware/nnet_utils/nnet_dense_latency.h:15:0)" resolution=""/>
	<Message severity="INFO" prefix="[HLS 214-186]" key="HLS 214-186" tag="" content="Unrolling loop &apos;Product1&apos; (firmware/nnet_utils/nnet_dense_latency.h:37:5) in function &apos;nnet::dense_latency&lt;ap_fixed&lt;16, 6, (ap_q_mode)5, (ap_o_mode)3, 0&gt;, ap_fixed&lt;16, 6, (ap_q_mode)5, (ap_o_mode)3, 0&gt;, config2&gt;&apos; completely with a factor of 784 (firmware/nnet_utils/nnet_dense_latency.h:15:0)" resolution=""/>
	<Message severity="INFO" prefix="[HLS 214-186]" key="HLS 214-186" tag="" content="Unrolling loop &apos;Product2&apos; (firmware/nnet_utils/nnet_dense_latency.h:40:9) in function &apos;nnet::dense_latency&lt;ap_fixed&lt;16, 6, (ap_q_mode)5, (ap_o_mode)3, 0&gt;, ap_fixed&lt;16, 6, (ap_q_mode)5, (ap_o_mode)3, 0&gt;, config2&gt;&apos; completely with a factor of 5 (firmware/nnet_utils/nnet_dense_latency.h:15:0)" resolution=""/>
	<Message severity="INFO" prefix="[HLS 214-186]" key="HLS 214-186" tag="" content="Unrolling loop &apos;anonymous&apos; (firmware/nnet_utils/nnet_dense_latency.h:18:32) in function &apos;nnet::dense_latency&lt;ap_fixed&lt;16, 6, (ap_q_mode)5, (ap_o_mode)3, 0&gt;, ap_fixed&lt;16, 6, (ap_q_mode)5, (ap_o_mode)3, 0&gt;, config2&gt;&apos; completely with a factor of 5 (firmware/nnet_utils/nnet_dense_latency.h:15:0)" resolution=""/>
	<Message severity="INFO" prefix="[HLS 214-186]" key="HLS 214-186" tag="" content="Unrolling loop &apos;anonymous&apos; (firmware/nnet_utils/nnet_dense_latency.h:17:32) in function &apos;nnet::dense_latency&lt;ap_fixed&lt;16, 6, (ap_q_mode)5, (ap_o_mode)3, 0&gt;, ap_fixed&lt;16, 6, (ap_q_mode)5, (ap_o_mode)3, 0&gt;, config2&gt;&apos; completely with a factor of 3920 (firmware/nnet_utils/nnet_dense_latency.h:15:0)" resolution=""/>
	<Message severity="INFO" prefix="[HLS 214-178]" key="HLS 214-178" tag="" content="Inlining function &apos;std::enable_if&lt;!(std::is_same&lt;ap_fixed&lt;16, 6, (ap_q_mode)5, (ap_o_mode)3, 0&gt;, ap_uint&lt;1&gt; &gt;::value), ap_fixed&lt;16, 6, (ap_q_mode)5, (ap_o_mode)3, 0&gt; &gt;::type nnet::cast&lt;ap_fixed&lt;16, 6, (ap_q_mode)5, (ap_o_mode)3, 0&gt;, ap_fixed&lt;16, 6, (ap_q_mode)5, (ap_o_mode)3, 0&gt;, config2&gt;(config2::accum_t)&apos; into &apos;void nnet::dense_latency&lt;ap_fixed&lt;16, 6, (ap_q_mode)5, (ap_o_mode)3, 0&gt;, ap_fixed&lt;16, 6, (ap_q_mode)5, (ap_o_mode)3, 0&gt;, config2&gt;(ap_fixed&lt;16, 6, (ap_q_mode)5, (ap_o_mode)3, 0&gt;*, ap_fixed&lt;16, 6, (ap_q_mode)5, (ap_o_mode)3, 0&gt;*, config2::weight_t*, config2::bias_t*)&apos; (firmware/nnet_utils/nnet_dense_latency.h:15:0)" resolution=""/>
	<Message severity="INFO" prefix="[HLS 214-178]" key="HLS 214-178" tag="" content="Inlining function &apos;std::enable_if&lt;!(std::is_same&lt;ap_fixed&lt;16, 7, (ap_q_mode)4, (ap_o_mode)0, 0&gt;, ap_uint&lt;1&gt; &gt;::value), ap_fixed&lt;16, 6, (ap_q_mode)5, (ap_o_mode)3, 0&gt; &gt;::type nnet::cast&lt;ap_fixed&lt;16, 7, (ap_q_mode)4, (ap_o_mode)0, 0&gt;, ap_fixed&lt;16, 6, (ap_q_mode)5, (ap_o_mode)3, 0&gt;, config5&gt;(config5::accum_t)&apos; into &apos;void nnet::dense_latency&lt;ap_fixed&lt;16, 7, (ap_q_mode)4, (ap_o_mode)0, 0&gt;, ap_fixed&lt;16, 6, (ap_q_mode)5, (ap_o_mode)3, 0&gt;, config5&gt;(ap_fixed&lt;16, 7, (ap_q_mode)4, (ap_o_mode)0, 0&gt;*, ap_fixed&lt;16, 6, (ap_q_mode)5, (ap_o_mode)3, 0&gt;*, config5::weight_t*, config5::bias_t*)&apos; (firmware/nnet_utils/nnet_dense_latency.h:15:0)" resolution=""/>
	<Message severity="INFO" prefix="[HLS 214-178]" key="HLS 214-178" tag="" content="Inlining function &apos;std::enable_if&lt;!(std::is_same&lt;ap_fixed&lt;16, 7, (ap_q_mode)4, (ap_o_mode)0, 0&gt;, ap_uint&lt;1&gt; &gt;::value), ap_fixed&lt;16, 6, (ap_q_mode)5, (ap_o_mode)3, 0&gt; &gt;::type nnet::cast&lt;ap_fixed&lt;16, 7, (ap_q_mode)4, (ap_o_mode)0, 0&gt;, ap_fixed&lt;16, 6, (ap_q_mode)5, (ap_o_mode)3, 0&gt;, config8&gt;(config8::accum_t)&apos; into &apos;void nnet::dense_latency&lt;ap_fixed&lt;16, 7, (ap_q_mode)4, (ap_o_mode)0, 0&gt;, ap_fixed&lt;16, 6, (ap_q_mode)5, (ap_o_mode)3, 0&gt;, config8&gt;(ap_fixed&lt;16, 7, (ap_q_mode)4, (ap_o_mode)0, 0&gt;*, ap_fixed&lt;16, 6, (ap_q_mode)5, (ap_o_mode)3, 0&gt;*, config8::weight_t*, config8::bias_t*)&apos; (firmware/nnet_utils/nnet_dense_latency.h:15:0)" resolution=""/>
	<Message severity="INFO" prefix="[HLS 214-178]" key="HLS 214-178" tag="" content="Inlining function &apos;std::enable_if&lt;!(std::is_same&lt;ap_fixed&lt;16, 7, (ap_q_mode)4, (ap_o_mode)0, 0&gt;, ap_uint&lt;1&gt; &gt;::value), ap_fixed&lt;16, 6, (ap_q_mode)5, (ap_o_mode)3, 0&gt; &gt;::type nnet::cast&lt;ap_fixed&lt;16, 7, (ap_q_mode)4, (ap_o_mode)0, 0&gt;, ap_fixed&lt;16, 6, (ap_q_mode)5, (ap_o_mode)3, 0&gt;, config11&gt;(config11::accum_t)&apos; into &apos;void nnet::dense_latency&lt;ap_fixed&lt;16, 7, (ap_q_mode)4, (ap_o_mode)0, 0&gt;, ap_fixed&lt;16, 6, (ap_q_mode)5, (ap_o_mode)3, 0&gt;, config11&gt;(ap_fixed&lt;16, 7, (ap_q_mode)4, (ap_o_mode)0, 0&gt;*, ap_fixed&lt;16, 6, (ap_q_mode)5, (ap_o_mode)3, 0&gt;*, config11::weight_t*, config11::bias_t*)&apos; (firmware/nnet_utils/nnet_dense_latency.h:15:0)" resolution=""/>
	<Message severity="INFO" prefix="[HLS 214-248]" key="HLS 214-248" tag="" content="Applying array_partition to &apos;b11&apos;: Complete partitioning on dimension 1. (firmware/weights/b11.h:12:0)" resolution=""/>
	<Message severity="INFO" prefix="[HLS 214-248]" key="HLS 214-248" tag="" content="Applying array_partition to &apos;b8&apos;: Complete partitioning on dimension 1. (firmware/weights/b8.h:12:0)" resolution=""/>
	<Message severity="INFO" prefix="[HLS 214-248]" key="HLS 214-248" tag="" content="Applying array_partition to &apos;b5&apos;: Complete partitioning on dimension 1. (firmware/weights/b5.h:12:0)" resolution=""/>
	<Message severity="INFO" prefix="[HLS 214-248]" key="HLS 214-248" tag="" content="Applying array_partition to &apos;b2&apos;: Complete partitioning on dimension 1. (firmware/weights/b2.h:12:0)" resolution=""/>
	<Message severity="INFO" prefix="[HLS 214-248]" key="HLS 214-248" tag="" content="Applying array_partition to &apos;mult&apos;: Complete partitioning on dimension 1. (firmware/nnet_utils/nnet_dense_latency.h:17:32)" resolution=""/>
	<Message severity="INFO" prefix="[HLS 214-248]" key="HLS 214-248" tag="" content="Applying array_partition to &apos;layer2_out&apos;: Complete partitioning on dimension 1. (firmware/myproject.cpp:39:11)" resolution=""/>
	<Message severity="INFO" prefix="[HLS 214-248]" key="HLS 214-248" tag="" content="Applying array_partition to &apos;layer4_out&apos;: Complete partitioning on dimension 1. (firmware/myproject.cpp:43:14)" resolution=""/>
	<Message severity="INFO" prefix="[HLS 214-248]" key="HLS 214-248" tag="" content="Applying array_partition to &apos;layer5_out&apos;: Complete partitioning on dimension 1. (firmware/myproject.cpp:47:14)" resolution=""/>
	<Message severity="INFO" prefix="[HLS 214-248]" key="HLS 214-248" tag="" content="Applying array_partition to &apos;layer7_out&apos;: Complete partitioning on dimension 1. (firmware/myproject.cpp:51:14)" resolution=""/>
	<Message severity="INFO" prefix="[HLS 214-248]" key="HLS 214-248" tag="" content="Applying array_partition to &apos;layer8_out&apos;: Complete partitioning on dimension 1. (firmware/myproject.cpp:55:14)" resolution=""/>
	<Message severity="INFO" prefix="[HLS 214-248]" key="HLS 214-248" tag="" content="Applying array_partition to &apos;layer10_out&apos;: Complete partitioning on dimension 1. (firmware/myproject.cpp:59:15)" resolution=""/>
	<Message severity="INFO" prefix="[HLS 214-248]" key="HLS 214-248" tag="" content="Applying array_partition to &apos;layer11_out&apos;: Complete partitioning on dimension 1. (firmware/myproject.cpp:63:15)" resolution=""/>
	<Message severity="INFO" prefix="[HLS 214-248]" key="HLS 214-248" tag="" content="Applying array_partition to &apos;layer13_out&apos;: Complete partitioning on dimension 1. (firmware/myproject.cpp:9:0)" resolution=""/>
	<Message severity="WARNING" prefix="[HLS 214-292]" key="HLS 214-292" tag="" content="Unsupported reshape pragma/directive on variable &apos;fc1_input_input&apos;. The port size might be shrunk or fail cosim as the bit-width after reshape (12544) is larger than 4096" resolution=""/>
	<Message severity="INFO" prefix="[HLS 214-248]" key="HLS 214-248" tag="" content="Applying array_reshape to &apos;fc1_input_input&apos;: Complete reshaping on dimension 1. (firmware/myproject.cpp:9:0)" resolution=""/>
	<Message severity="INFO" prefix="[HLS 200-111]" key="HLS_111_966" tag="RUNTIME" content="Finished Compiling Optimization and Transform: CPU user time: 233.98 seconds. CPU system time: 2.52 seconds. Elapsed time: 239.98 seconds; current allocated memory: 234.844 MB." resolution=""/>
	<Message severity="INFO" prefix="[HLS 200-111]" key="HLS_111_966" tag="RUNTIME" content="Finished Checking Pragmas: CPU user time: 0 seconds. CPU system time: 0 seconds. Elapsed time: 0 seconds; current allocated memory: 234.844 MB." resolution=""/>
	<Message severity="INFO" prefix="[HLS 200-10]" key="HLS_10_1467" tag="" content="Starting code transformations ..." resolution=""/>
	<Message severity="INFO" prefix="[HLS 200-111]" key="HLS_111_966" tag="RUNTIME" content="Finished Standard Transforms: CPU user time: 0.54 seconds. CPU system time: 0.08 seconds. Elapsed time: 0.68 seconds; current allocated memory: 323.785 MB." resolution=""/>
	<Message severity="INFO" prefix="[HLS 200-10]" key="HLS_10_1472" tag="" content="Checking synthesizability ..." resolution=""/>
	<Message severity="INFO" prefix="[HLS 200-111]" key="HLS_111_966" tag="RUNTIME" content="Finished Checking Synthesizability: CPU user time: 0.54 seconds. CPU system time: 0.03 seconds. Elapsed time: 0.58 seconds; current allocated memory: 374.152 MB." resolution=""/>
	<Message severity="INFO" prefix="[XFORM 203-401]" key="XFORM_IFCONV_STATUS_239" tag="" content="Performing if-conversion on hyperblock from (firmware/nnet_utils/nnet_activation.h:109:9) to (firmware/nnet_utils/nnet_activation.h:123:1) in function &apos;nnet::sigmoid&lt;ap_fixed&lt;16, 6, (ap_q_mode)5, (ap_o_mode)3, 0&gt;, ap_fixed&lt;16, 6, (ap_q_mode)5, (ap_o_mode)3, 0&gt;, sigmoid_config13&gt;&apos;... converting 5 basic blocks." resolution=""/>
	<Message severity="INFO" prefix="[XFORM 203-11]" key="XFORM_EXPR_BALANCE_STATUS_178" tag="" content="Balancing expressions in function &apos;nnet::dense_latency&lt;ap_fixed&lt;16, 7, (ap_q_mode)4, (ap_o_mode)0, 0&gt;, ap_fixed&lt;16, 6, (ap_q_mode)5, (ap_o_mode)3, 0&gt;, config8&gt;&apos; (firmware/nnet_utils/nnet_dense_latency.h:33:9)...40 expression(s) balanced." resolution=""/>
	<Message severity="INFO" prefix="[XFORM 203-11]" key="XFORM_EXPR_BALANCE_STATUS_178" tag="" content="Balancing expressions in function &apos;nnet::dense_latency&lt;ap_fixed&lt;16, 7, (ap_q_mode)4, (ap_o_mode)0, 0&gt;, ap_fixed&lt;16, 6, (ap_q_mode)5, (ap_o_mode)3, 0&gt;, config5&gt;&apos; (firmware/nnet_utils/nnet_dense_latency.h:33:1)...16 expression(s) balanced." resolution=""/>
	<Message severity="INFO" prefix="[XFORM 203-11]" key="XFORM_EXPR_BALANCE_STATUS_178" tag="" content="Balancing expressions in function &apos;nnet::dense_latency&lt;ap_fixed&lt;16, 7, (ap_q_mode)4, (ap_o_mode)0, 0&gt;, ap_fixed&lt;16, 6, (ap_q_mode)5, (ap_o_mode)3, 0&gt;, config11&gt;&apos; (firmware/nnet_utils/nnet_dense_latency.h:33:1)...14 expression(s) balanced." resolution=""/>
	<Message severity="INFO" prefix="[XFORM 203-11]" key="XFORM_EXPR_BALANCE_STATUS_178" tag="" content="Balancing expressions in function &apos;nnet::dense_latency&lt;ap_fixed&lt;16, 6, (ap_q_mode)5, (ap_o_mode)3, 0&gt;, ap_fixed&lt;16, 6, (ap_q_mode)5, (ap_o_mode)3, 0&gt;, config2&gt;&apos; (firmware/nnet_utils/nnet_dense_latency.h:33:1)...1918 expression(s) balanced." resolution=""/>
	<Message severity="INFO" prefix="[HLS 200-111]" key="HLS_111_966" tag="RUNTIME" content="Finished Loop, function and other optimizations: CPU user time: 1.25 seconds. CPU system time: 0.05 seconds. Elapsed time: 1.32 seconds; current allocated memory: 486.734 MB." resolution=""/>
	<Message severity="INFO" prefix="[HLS 200-111]" key="HLS_111_966" tag="RUNTIME" content="Finished Architecture Synthesis: CPU user time: 1.52 seconds. CPU system time: 0.04 seconds. Elapsed time: 1.56 seconds; current allocated memory: 612.062 MB." resolution=""/>
	<Message severity="INFO" prefix="[HLS 200-10]" key="HLS_10_1317" tag="" content="Starting hardware synthesis ..." resolution=""/>
	<Message severity="INFO" prefix="[HLS 200-10]" key="HLS_10_1385" tag="" content="Synthesizing &apos;myproject&apos; ..." resolution=""/>
	<Message severity="WARNING" prefix="[SYN 201-103]" key="SYN_MODULE_NAME_ILLEGAL_445" tag="" content="Legalizing function name &apos;dense_latency&lt;ap_fixed&lt;16, 6, 5, 3, 0&gt;, ap_fixed&lt;16, 6, 5, 3, 0&gt;, config2&gt;&apos; to &apos;dense_latency_ap_fixed_16_6_5_3_0_ap_fixed_16_6_5_3_0_config2_s&apos;." resolution=""/>
	<Message severity="WARNING" prefix="[SYN 201-103]" key="SYN_MODULE_NAME_ILLEGAL_445" tag="" content="Legalizing function name &apos;linear&lt;ap_fixed&lt;16, 6, 5, 3, 0&gt;, ap_fixed&lt;16, 7, 4, 0, 0&gt;, linear_config4&gt;&apos; to &apos;linear_ap_fixed_16_6_5_3_0_ap_fixed_16_7_4_0_0_linear_config4_s&apos;." resolution=""/>
	<Message severity="WARNING" prefix="[SYN 201-103]" key="SYN_MODULE_NAME_ILLEGAL_445" tag="" content="Legalizing function name &apos;dense_latency&lt;ap_fixed&lt;16, 7, 4, 0, 0&gt;, ap_fixed&lt;16, 6, 5, 3, 0&gt;, config5&gt;&apos; to &apos;dense_latency_ap_fixed_16_7_4_0_0_ap_fixed_16_6_5_3_0_config5_s&apos;." resolution=""/>
	<Message severity="WARNING" prefix="[SYN 201-103]" key="SYN_MODULE_NAME_ILLEGAL_445" tag="" content="Legalizing function name &apos;linear&lt;ap_fixed&lt;16, 6, 5, 3, 0&gt;, ap_fixed&lt;16, 7, 4, 0, 0&gt;, linear_config7&gt;&apos; to &apos;linear_ap_fixed_16_6_5_3_0_ap_fixed_16_7_4_0_0_linear_config7_s&apos;." resolution=""/>
	<Message severity="WARNING" prefix="[SYN 201-103]" key="SYN_MODULE_NAME_ILLEGAL_445" tag="" content="Legalizing function name &apos;dense_latency&lt;ap_fixed&lt;16, 7, 4, 0, 0&gt;, ap_fixed&lt;16, 6, 5, 3, 0&gt;, config8&gt;&apos; to &apos;dense_latency_ap_fixed_16_7_4_0_0_ap_fixed_16_6_5_3_0_config8_s&apos;." resolution=""/>
	<Message severity="WARNING" prefix="[SYN 201-103]" key="SYN_MODULE_NAME_ILLEGAL_445" tag="" content="Legalizing function name &apos;linear&lt;ap_fixed&lt;16, 6, 5, 3, 0&gt;, ap_fixed&lt;16, 7, 4, 0, 0&gt;, linear_config10&gt;&apos; to &apos;linear_ap_fixed_16_6_5_3_0_ap_fixed_16_7_4_0_0_linear_config10_s&apos;." resolution=""/>
	<Message severity="WARNING" prefix="[SYN 201-103]" key="SYN_MODULE_NAME_ILLEGAL_445" tag="" content="Legalizing function name &apos;dense_latency&lt;ap_fixed&lt;16, 7, 4, 0, 0&gt;, ap_fixed&lt;16, 6, 5, 3, 0&gt;, config11&gt;&apos; to &apos;dense_latency_ap_fixed_16_7_4_0_0_ap_fixed_16_6_5_3_0_config11_s&apos;." resolution=""/>
	<Message severity="WARNING" prefix="[SYN 201-103]" key="SYN_MODULE_NAME_ILLEGAL_445" tag="" content="Legalizing function name &apos;sigmoid&lt;ap_fixed&lt;16, 6, 5, 3, 0&gt;, ap_fixed&lt;16, 6, 5, 3, 0&gt;, sigmoid_config13&gt;&apos; to &apos;sigmoid_ap_fixed_16_6_5_3_0_ap_fixed_16_6_5_3_0_sigmoid_config13_s&apos;." resolution=""/>
	<Message severity="WARNING" prefix="[SYN 201-223]" key="ASSGN_RESOURCE_WARN_469" tag="" content="Checking resource limit in &apos;dense_latency&lt;ap_fixed&lt;16, 6, 5, 3, 0&gt;, ap_fixed&lt;16, 6, 5, 3, 0&gt;, config2&gt;&apos;: cannot find any operation of &apos;mul&apos;." resolution=""/>
	<Message severity="WARNING" prefix="[SYN 201-223]" key="ASSGN_RESOURCE_WARN_469" tag="" content="Checking resource limit in &apos;dense_latency&lt;ap_fixed&lt;16, 7, 4, 0, 0&gt;, ap_fixed&lt;16, 6, 5, 3, 0&gt;, config8&gt;&apos;: cannot find any operation of &apos;mul&apos;." resolution=""/>
	<Message severity="WARNING" prefix="[SYN 201-223]" key="ASSGN_RESOURCE_WARN_469" tag="" content="Checking resource limit in &apos;dense_latency&lt;ap_fixed&lt;16, 7, 4, 0, 0&gt;, ap_fixed&lt;16, 6, 5, 3, 0&gt;, config11&gt;&apos;: cannot find any operation of &apos;mul&apos;." resolution=""/>
	<Message severity="INFO" prefix="[HLS 200-10]" key="HLS_10_1477" tag="" content="----------------------------------------------------------------" resolution=""/>
	<Message severity="INFO" prefix="[HLS 200-42]" key="HLS_42_1438" tag="" content="-- Implementing module &apos;dense_latency_ap_fixed_16_6_5_3_0_ap_fixed_16_6_5_3_0_config2_s&apos;" resolution=""/>
	<Message severity="INFO" prefix="[HLS 200-10]" key="HLS_10_1478" tag="" content="----------------------------------------------------------------" resolution=""/>
	<Message severity="INFO" prefix="[SCHED 204-11]" key="SCHED_SCHED_STATUS_597" tag="" content="Starting scheduling ..." resolution=""/>
	<Message severity="INFO" prefix="[SCHED 204-61]" key="SCHED_PIPELINING_STATUS_46" tag="" content="Pipelining function &apos;dense_latency&lt;ap_fixed&lt;16, 6, 5, 3, 0&gt;, ap_fixed&lt;16, 6, 5, 3, 0&gt;, config2&gt;&apos;." resolution=""/>
	<Message severity="INFO" prefix="[HLS 200-1470]" key="HLS 200-1470" tag="SCHEDULE,VITIS_THROUGHPUT" content="Pipelining result : Target II = NA, Final II = 1, Depth = 8, function &apos;dense_latency&lt;ap_fixed&lt;16, 6, 5, 3, 0&gt;, ap_fixed&lt;16, 6, 5, 3, 0&gt;, config2&gt;&apos;" resolution=""/>
	<Message severity="INFO" prefix="[SCHED 204-11]" key="SCHED_SCHED_STATUS_596" tag="" content="Finished scheduling." resolution=""/>
	<Message severity="INFO" prefix="[HLS 200-111]" key="HLS_111_966" tag="RUNTIME" content="Finished Scheduling: CPU user time: 2.48 seconds. CPU system time: 0.05 seconds. Elapsed time: 2.55 seconds; current allocated memory: 669.574 MB." resolution=""/>
	<Message severity="INFO" prefix="[BIND 205-100]" key="BIND_100_926" tag="" content="Starting micro-architecture generation ..." resolution=""/>
	<Message severity="INFO" prefix="[BIND 205-101]" key="BIND_101_698" tag="" content="Performing variable lifetime analysis." resolution=""/>
	<Message severity="INFO" prefix="[BIND 205-101]" key="BIND_101_697" tag="" content="Exploring resource sharing." resolution=""/>
	<Message severity="INFO" prefix="[BIND 205-101]" key="BIND_101_693" tag="" content="Binding ..." resolution=""/>
	<Message severity="INFO" prefix="[BIND 205-100]" key="BIND_100_925" tag="" content="Finished micro-architecture generation." resolution=""/>
	<Message severity="INFO" prefix="[HLS 200-111]" key="HLS_111_966" tag="RUNTIME" content="Finished Binding: CPU user time: 4.28 seconds. CPU system time: 0.01 seconds. Elapsed time: 4.3 seconds; current allocated memory: 669.574 MB." resolution=""/>
	<Message severity="INFO" prefix="[HLS 200-10]" key="HLS_10_1477" tag="" content="----------------------------------------------------------------" resolution=""/>
	<Message severity="INFO" prefix="[HLS 200-42]" key="HLS_42_1438" tag="" content="-- Implementing module &apos;linear_ap_fixed_16_6_5_3_0_ap_fixed_16_7_4_0_0_linear_config4_s&apos;" resolution=""/>
	<Message severity="INFO" prefix="[HLS 200-10]" key="HLS_10_1478" tag="" content="----------------------------------------------------------------" resolution=""/>
	<Message severity="INFO" prefix="[SCHED 204-11]" key="SCHED_SCHED_STATUS_597" tag="" content="Starting scheduling ..." resolution=""/>
	<Message severity="INFO" prefix="[SCHED 204-61]" key="SCHED_PIPELINING_STATUS_46" tag="" content="Pipelining function &apos;linear&lt;ap_fixed&lt;16, 6, 5, 3, 0&gt;, ap_fixed&lt;16, 7, 4, 0, 0&gt;, linear_config4&gt;&apos;." resolution=""/>
	<Message severity="INFO" prefix="[HLS 200-1470]" key="HLS 200-1470" tag="SCHEDULE,VITIS_THROUGHPUT" content="Pipelining result : Target II = NA, Final II = 1, Depth = 1, function &apos;linear&lt;ap_fixed&lt;16, 6, 5, 3, 0&gt;, ap_fixed&lt;16, 7, 4, 0, 0&gt;, linear_config4&gt;&apos;" resolution=""/>
	<Message severity="INFO" prefix="[SCHED 204-11]" key="SCHED_SCHED_STATUS_596" tag="" content="Finished scheduling." resolution=""/>
	<Message severity="INFO" prefix="[HLS 200-111]" key="HLS_111_966" tag="RUNTIME" content="Finished Scheduling: CPU user time: 3.62 seconds. CPU system time: 0.03 seconds. Elapsed time: 3.65 seconds; current allocated memory: 669.574 MB." resolution=""/>
	<Message severity="INFO" prefix="[BIND 205-100]" key="BIND_100_926" tag="" content="Starting micro-architecture generation ..." resolution=""/>
	<Message severity="INFO" prefix="[BIND 205-101]" key="BIND_101_698" tag="" content="Performing variable lifetime analysis." resolution=""/>
	<Message severity="INFO" prefix="[BIND 205-101]" key="BIND_101_697" tag="" content="Exploring resource sharing." resolution=""/>
	<Message severity="INFO" prefix="[BIND 205-101]" key="BIND_101_693" tag="" content="Binding ..." resolution=""/>
	<Message severity="INFO" prefix="[BIND 205-100]" key="BIND_100_925" tag="" content="Finished micro-architecture generation." resolution=""/>
	<Message severity="INFO" prefix="[HLS 200-111]" key="HLS_111_966" tag="RUNTIME" content="Finished Binding: CPU user time: 0.02 seconds. CPU system time: 0 seconds. Elapsed time: 0.02 seconds; current allocated memory: 669.574 MB." resolution=""/>
	<Message severity="INFO" prefix="[HLS 200-10]" key="HLS_10_1477" tag="" content="----------------------------------------------------------------" resolution=""/>
	<Message severity="INFO" prefix="[HLS 200-42]" key="HLS_42_1438" tag="" content="-- Implementing module &apos;dense_latency_ap_fixed_16_7_4_0_0_ap_fixed_16_6_5_3_0_config5_s&apos;" resolution=""/>
	<Message severity="INFO" prefix="[HLS 200-10]" key="HLS_10_1478" tag="" content="----------------------------------------------------------------" resolution=""/>
	<Message severity="INFO" prefix="[SCHED 204-11]" key="SCHED_SCHED_STATUS_597" tag="" content="Starting scheduling ..." resolution=""/>
	<Message severity="INFO" prefix="[SCHED 204-61]" key="SCHED_PIPELINING_STATUS_46" tag="" content="Pipelining function &apos;dense_latency&lt;ap_fixed&lt;16, 7, 4, 0, 0&gt;, ap_fixed&lt;16, 6, 5, 3, 0&gt;, config5&gt;&apos;." resolution=""/>
	<Message severity="INFO" prefix="[HLS 200-1470]" key="HLS 200-1470" tag="SCHEDULE,VITIS_THROUGHPUT" content="Pipelining result : Target II = NA, Final II = 1, Depth = 4, function &apos;dense_latency&lt;ap_fixed&lt;16, 7, 4, 0, 0&gt;, ap_fixed&lt;16, 6, 5, 3, 0&gt;, config5&gt;&apos;" resolution=""/>
	<Message severity="INFO" prefix="[SCHED 204-11]" key="SCHED_SCHED_STATUS_596" tag="" content="Finished scheduling." resolution=""/>
	<Message severity="INFO" prefix="[HLS 200-111]" key="HLS_111_966" tag="RUNTIME" content="Finished Scheduling: CPU user time: 0.07 seconds. CPU system time: 0 seconds. Elapsed time: 0.07 seconds; current allocated memory: 669.574 MB." resolution=""/>
	<Message severity="INFO" prefix="[BIND 205-100]" key="BIND_100_926" tag="" content="Starting micro-architecture generation ..." resolution=""/>
	<Message severity="INFO" prefix="[BIND 205-101]" key="BIND_101_698" tag="" content="Performing variable lifetime analysis." resolution=""/>
	<Message severity="INFO" prefix="[BIND 205-101]" key="BIND_101_697" tag="" content="Exploring resource sharing." resolution=""/>
	<Message severity="INFO" prefix="[BIND 205-101]" key="BIND_101_693" tag="" content="Binding ..." resolution=""/>
	<Message severity="INFO" prefix="[BIND 205-100]" key="BIND_100_690" tag="" content="Starting global binding ..." resolution=""/>
	<Message severity="INFO" prefix="[BIND 205-100]" key="BIND_100_925" tag="" content="Finished micro-architecture generation." resolution=""/>
	<Message severity="INFO" prefix="[HLS 200-111]" key="HLS_111_966" tag="RUNTIME" content="Finished Binding: CPU user time: 0.05 seconds. CPU system time: 0.01 seconds. Elapsed time: 0.06 seconds; current allocated memory: 669.574 MB." resolution=""/>
	<Message severity="INFO" prefix="[HLS 200-10]" key="HLS_10_1477" tag="" content="----------------------------------------------------------------" resolution=""/>
	<Message severity="INFO" prefix="[HLS 200-42]" key="HLS_42_1438" tag="" content="-- Implementing module &apos;linear_ap_fixed_16_6_5_3_0_ap_fixed_16_7_4_0_0_linear_config7_s&apos;" resolution=""/>
	<Message severity="INFO" prefix="[HLS 200-10]" key="HLS_10_1478" tag="" content="----------------------------------------------------------------" resolution=""/>
	<Message severity="INFO" prefix="[SCHED 204-11]" key="SCHED_SCHED_STATUS_597" tag="" content="Starting scheduling ..." resolution=""/>
	<Message severity="INFO" prefix="[SCHED 204-61]" key="SCHED_PIPELINING_STATUS_46" tag="" content="Pipelining function &apos;linear&lt;ap_fixed&lt;16, 6, 5, 3, 0&gt;, ap_fixed&lt;16, 7, 4, 0, 0&gt;, linear_config7&gt;&apos;." resolution=""/>
	<Message severity="INFO" prefix="[HLS 200-1470]" key="HLS 200-1470" tag="SCHEDULE,VITIS_THROUGHPUT" content="Pipelining result : Target II = NA, Final II = 1, Depth = 1, function &apos;linear&lt;ap_fixed&lt;16, 6, 5, 3, 0&gt;, ap_fixed&lt;16, 7, 4, 0, 0&gt;, linear_config7&gt;&apos;" resolution=""/>
	<Message severity="INFO" prefix="[SCHED 204-11]" key="SCHED_SCHED_STATUS_596" tag="" content="Finished scheduling." resolution=""/>
	<Message severity="INFO" prefix="[HLS 200-111]" key="HLS_111_966" tag="RUNTIME" content="Finished Scheduling: CPU user time: 0.1 seconds. CPU system time: 0 seconds. Elapsed time: 0.1 seconds; current allocated memory: 669.574 MB." resolution=""/>
	<Message severity="INFO" prefix="[BIND 205-100]" key="BIND_100_926" tag="" content="Starting micro-architecture generation ..." resolution=""/>
	<Message severity="INFO" prefix="[BIND 205-101]" key="BIND_101_698" tag="" content="Performing variable lifetime analysis." resolution=""/>
	<Message severity="INFO" prefix="[BIND 205-101]" key="BIND_101_697" tag="" content="Exploring resource sharing." resolution=""/>
	<Message severity="INFO" prefix="[BIND 205-101]" key="BIND_101_693" tag="" content="Binding ..." resolution=""/>
	<Message severity="INFO" prefix="[BIND 205-100]" key="BIND_100_925" tag="" content="Finished micro-architecture generation." resolution=""/>
	<Message severity="INFO" prefix="[HLS 200-111]" key="HLS_111_966" tag="RUNTIME" content="Finished Binding: CPU user time: 0.02 seconds. CPU system time: 0 seconds. Elapsed time: 0.02 seconds; current allocated memory: 669.574 MB." resolution=""/>
	<Message severity="INFO" prefix="[HLS 200-10]" key="HLS_10_1477" tag="" content="----------------------------------------------------------------" resolution=""/>
	<Message severity="INFO" prefix="[HLS 200-42]" key="HLS_42_1438" tag="" content="-- Implementing module &apos;dense_latency_ap_fixed_16_7_4_0_0_ap_fixed_16_6_5_3_0_config8_s&apos;" resolution=""/>
	<Message severity="INFO" prefix="[HLS 200-10]" key="HLS_10_1478" tag="" content="----------------------------------------------------------------" resolution=""/>
	<Message severity="INFO" prefix="[SCHED 204-11]" key="SCHED_SCHED_STATUS_597" tag="" content="Starting scheduling ..." resolution=""/>
	<Message severity="INFO" prefix="[SCHED 204-61]" key="SCHED_PIPELINING_STATUS_46" tag="" content="Pipelining function &apos;dense_latency&lt;ap_fixed&lt;16, 7, 4, 0, 0&gt;, ap_fixed&lt;16, 6, 5, 3, 0&gt;, config8&gt;&apos;." resolution=""/>
	<Message severity="INFO" prefix="[HLS 200-1470]" key="HLS 200-1470" tag="SCHEDULE,VITIS_THROUGHPUT" content="Pipelining result : Target II = NA, Final II = 1, Depth = 4, function &apos;dense_latency&lt;ap_fixed&lt;16, 7, 4, 0, 0&gt;, ap_fixed&lt;16, 6, 5, 3, 0&gt;, config8&gt;&apos;" resolution=""/>
	<Message severity="INFO" prefix="[SCHED 204-11]" key="SCHED_SCHED_STATUS_596" tag="" content="Finished scheduling." resolution=""/>
	<Message severity="INFO" prefix="[HLS 200-111]" key="HLS_111_966" tag="RUNTIME" content="Finished Scheduling: CPU user time: 0.12 seconds. CPU system time: 0 seconds. Elapsed time: 0.12 seconds; current allocated memory: 669.574 MB." resolution=""/>
	<Message severity="INFO" prefix="[BIND 205-100]" key="BIND_100_926" tag="" content="Starting micro-architecture generation ..." resolution=""/>
	<Message severity="INFO" prefix="[BIND 205-101]" key="BIND_101_698" tag="" content="Performing variable lifetime analysis." resolution=""/>
	<Message severity="INFO" prefix="[BIND 205-101]" key="BIND_101_697" tag="" content="Exploring resource sharing." resolution=""/>
	<Message severity="INFO" prefix="[BIND 205-101]" key="BIND_101_693" tag="" content="Binding ..." resolution=""/>
	<Message severity="INFO" prefix="[BIND 205-100]" key="BIND_100_925" tag="" content="Finished micro-architecture generation." resolution=""/>
	<Message severity="INFO" prefix="[HLS 200-111]" key="HLS_111_966" tag="RUNTIME" content="Finished Binding: CPU user time: 0.07 seconds. CPU system time: 0 seconds. Elapsed time: 0.07 seconds; current allocated memory: 669.574 MB." resolution=""/>
	<Message severity="INFO" prefix="[HLS 200-10]" key="HLS_10_1477" tag="" content="----------------------------------------------------------------" resolution=""/>
	<Message severity="INFO" prefix="[HLS 200-42]" key="HLS_42_1438" tag="" content="-- Implementing module &apos;linear_ap_fixed_16_6_5_3_0_ap_fixed_16_7_4_0_0_linear_config10_s&apos;" resolution=""/>
	<Message severity="INFO" prefix="[HLS 200-10]" key="HLS_10_1478" tag="" content="----------------------------------------------------------------" resolution=""/>
	<Message severity="INFO" prefix="[SCHED 204-11]" key="SCHED_SCHED_STATUS_597" tag="" content="Starting scheduling ..." resolution=""/>
	<Message severity="INFO" prefix="[SCHED 204-61]" key="SCHED_PIPELINING_STATUS_46" tag="" content="Pipelining function &apos;linear&lt;ap_fixed&lt;16, 6, 5, 3, 0&gt;, ap_fixed&lt;16, 7, 4, 0, 0&gt;, linear_config10&gt;&apos;." resolution=""/>
	<Message severity="INFO" prefix="[HLS 200-1470]" key="HLS 200-1470" tag="SCHEDULE,VITIS_THROUGHPUT" content="Pipelining result : Target II = NA, Final II = 1, Depth = 1, function &apos;linear&lt;ap_fixed&lt;16, 6, 5, 3, 0&gt;, ap_fixed&lt;16, 7, 4, 0, 0&gt;, linear_config10&gt;&apos;" resolution=""/>
	<Message severity="INFO" prefix="[SCHED 204-11]" key="SCHED_SCHED_STATUS_596" tag="" content="Finished scheduling." resolution=""/>
	<Message severity="INFO" prefix="[HLS 200-111]" key="HLS_111_966" tag="RUNTIME" content="Finished Scheduling: CPU user time: 0.16 seconds. CPU system time: 0.01 seconds. Elapsed time: 0.15 seconds; current allocated memory: 669.574 MB." resolution=""/>
	<Message severity="INFO" prefix="[BIND 205-100]" key="BIND_100_926" tag="" content="Starting micro-architecture generation ..." resolution=""/>
	<Message severity="INFO" prefix="[BIND 205-101]" key="BIND_101_698" tag="" content="Performing variable lifetime analysis." resolution=""/>
	<Message severity="INFO" prefix="[BIND 205-101]" key="BIND_101_697" tag="" content="Exploring resource sharing." resolution=""/>
	<Message severity="INFO" prefix="[BIND 205-101]" key="BIND_101_693" tag="" content="Binding ..." resolution=""/>
	<Message severity="INFO" prefix="[BIND 205-100]" key="BIND_100_925" tag="" content="Finished micro-architecture generation." resolution=""/>
	<Message severity="INFO" prefix="[HLS 200-111]" key="HLS_111_966" tag="RUNTIME" content="Finished Binding: CPU user time: 0.02 seconds. CPU system time: 0 seconds. Elapsed time: 0.03 seconds; current allocated memory: 669.574 MB." resolution=""/>
	<Message severity="INFO" prefix="[HLS 200-10]" key="HLS_10_1477" tag="" content="----------------------------------------------------------------" resolution=""/>
	<Message severity="INFO" prefix="[HLS 200-42]" key="HLS_42_1438" tag="" content="-- Implementing module &apos;dense_latency_ap_fixed_16_7_4_0_0_ap_fixed_16_6_5_3_0_config11_s&apos;" resolution=""/>
	<Message severity="INFO" prefix="[HLS 200-10]" key="HLS_10_1478" tag="" content="----------------------------------------------------------------" resolution=""/>
	<Message severity="INFO" prefix="[SCHED 204-11]" key="SCHED_SCHED_STATUS_597" tag="" content="Starting scheduling ..." resolution=""/>
	<Message severity="INFO" prefix="[SCHED 204-61]" key="SCHED_PIPELINING_STATUS_46" tag="" content="Pipelining function &apos;dense_latency&lt;ap_fixed&lt;16, 7, 4, 0, 0&gt;, ap_fixed&lt;16, 6, 5, 3, 0&gt;, config11&gt;&apos;." resolution=""/>
	<Message severity="INFO" prefix="[HLS 200-1470]" key="HLS 200-1470" tag="SCHEDULE,VITIS_THROUGHPUT" content="Pipelining result : Target II = NA, Final II = 1, Depth = 4, function &apos;dense_latency&lt;ap_fixed&lt;16, 7, 4, 0, 0&gt;, ap_fixed&lt;16, 6, 5, 3, 0&gt;, config11&gt;&apos;" resolution=""/>
	<Message severity="INFO" prefix="[SCHED 204-11]" key="SCHED_SCHED_STATUS_596" tag="" content="Finished scheduling." resolution=""/>
	<Message severity="INFO" prefix="[HLS 200-111]" key="HLS_111_966" tag="RUNTIME" content="Finished Scheduling: CPU user time: 0.08 seconds. CPU system time: 0 seconds. Elapsed time: 0.08 seconds; current allocated memory: 669.574 MB." resolution=""/>
	<Message severity="INFO" prefix="[BIND 205-100]" key="BIND_100_926" tag="" content="Starting micro-architecture generation ..." resolution=""/>
	<Message severity="INFO" prefix="[BIND 205-101]" key="BIND_101_698" tag="" content="Performing variable lifetime analysis." resolution=""/>
	<Message severity="INFO" prefix="[BIND 205-101]" key="BIND_101_697" tag="" content="Exploring resource sharing." resolution=""/>
	<Message severity="INFO" prefix="[BIND 205-101]" key="BIND_101_693" tag="" content="Binding ..." resolution=""/>
	<Message severity="INFO" prefix="[BIND 205-100]" key="BIND_100_925" tag="" content="Finished micro-architecture generation." resolution=""/>
	<Message severity="INFO" prefix="[HLS 200-111]" key="HLS_111_966" tag="RUNTIME" content="Finished Binding: CPU user time: 0.03 seconds. CPU system time: 0 seconds. Elapsed time: 0.03 seconds; current allocated memory: 669.574 MB." resolution=""/>
	<Message severity="INFO" prefix="[HLS 200-10]" key="HLS_10_1477" tag="" content="----------------------------------------------------------------" resolution=""/>
	<Message severity="INFO" prefix="[HLS 200-42]" key="HLS_42_1438" tag="" content="-- Implementing module &apos;sigmoid_ap_fixed_16_6_5_3_0_ap_fixed_16_6_5_3_0_sigmoid_config13_s&apos;" resolution=""/>
	<Message severity="INFO" prefix="[HLS 200-10]" key="HLS_10_1478" tag="" content="----------------------------------------------------------------" resolution=""/>
	<Message severity="INFO" prefix="[SCHED 204-11]" key="SCHED_SCHED_STATUS_597" tag="" content="Starting scheduling ..." resolution=""/>
	<Message severity="INFO" prefix="[SCHED 204-61]" key="SCHED_PIPELINING_STATUS_46" tag="" content="Pipelining function &apos;sigmoid&lt;ap_fixed&lt;16, 6, 5, 3, 0&gt;, ap_fixed&lt;16, 6, 5, 3, 0&gt;, sigmoid_config13&gt;&apos;." resolution=""/>
	<Message severity="INFO" prefix="[HLS 200-1470]" key="HLS 200-1470" tag="SCHEDULE,VITIS_THROUGHPUT" content="Pipelining result : Target II = NA, Final II = 1, Depth = 4, function &apos;sigmoid&lt;ap_fixed&lt;16, 6, 5, 3, 0&gt;, ap_fixed&lt;16, 6, 5, 3, 0&gt;, sigmoid_config13&gt;&apos;" resolution=""/>
	<Message severity="INFO" prefix="[SCHED 204-11]" key="SCHED_SCHED_STATUS_596" tag="" content="Finished scheduling." resolution=""/>
	<Message severity="INFO" prefix="[HLS 200-111]" key="HLS_111_966" tag="RUNTIME" content="Finished Scheduling: CPU user time: 0.07 seconds. CPU system time: 0.01 seconds. Elapsed time: 0.06 seconds; current allocated memory: 669.574 MB." resolution=""/>
	<Message severity="INFO" prefix="[BIND 205-100]" key="BIND_100_926" tag="" content="Starting micro-architecture generation ..." resolution=""/>
	<Message severity="INFO" prefix="[BIND 205-101]" key="BIND_101_698" tag="" content="Performing variable lifetime analysis." resolution=""/>
	<Message severity="INFO" prefix="[BIND 205-101]" key="BIND_101_697" tag="" content="Exploring resource sharing." resolution=""/>
	<Message severity="INFO" prefix="[BIND 205-101]" key="BIND_101_693" tag="" content="Binding ..." resolution=""/>
	<Message severity="INFO" prefix="[BIND 205-100]" key="BIND_100_925" tag="" content="Finished micro-architecture generation." resolution=""/>
	<Message severity="INFO" prefix="[HLS 200-111]" key="HLS_111_966" tag="RUNTIME" content="Finished Binding: CPU user time: 0.03 seconds. CPU system time: 0 seconds. Elapsed time: 0.03 seconds; current allocated memory: 669.574 MB." resolution=""/>
	<Message severity="INFO" prefix="[HLS 200-10]" key="HLS_10_1477" tag="" content="----------------------------------------------------------------" resolution=""/>
	<Message severity="INFO" prefix="[HLS 200-42]" key="HLS_42_1438" tag="" content="-- Implementing module &apos;myproject&apos;" resolution=""/>
	<Message severity="INFO" prefix="[HLS 200-10]" key="HLS_10_1478" tag="" content="----------------------------------------------------------------" resolution=""/>
	<Message severity="INFO" prefix="[SCHED 204-11]" key="SCHED_SCHED_STATUS_597" tag="" content="Starting scheduling ..." resolution=""/>
	<Message severity="INFO" prefix="[SCHED 204-61]" key="SCHED_PIPELINING_STATUS_46" tag="" content="Pipelining function &apos;myproject&apos;." resolution=""/>
	<Message severity="INFO" prefix="[HLS 200-1470]" key="HLS 200-1470" tag="SCHEDULE,VITIS_THROUGHPUT" content="Pipelining result : Target II = NA, Final II = 1, Depth = 31, function &apos;myproject&apos;" resolution=""/>
	<Message severity="INFO" prefix="[SCHED 204-11]" key="SCHED_SCHED_STATUS_596" tag="" content="Finished scheduling." resolution=""/>
	<Message severity="INFO" prefix="[HLS 200-111]" key="HLS_111_966" tag="RUNTIME" content="Finished Scheduling: CPU user time: 0.07 seconds. CPU system time: 0 seconds. Elapsed time: 0.07 seconds; current allocated memory: 669.574 MB." resolution=""/>
	<Message severity="INFO" prefix="[BIND 205-100]" key="BIND_100_926" tag="" content="Starting micro-architecture generation ..." resolution=""/>
	<Message severity="INFO" prefix="[BIND 205-101]" key="BIND_101_698" tag="" content="Performing variable lifetime analysis." resolution=""/>
	<Message severity="INFO" prefix="[BIND 205-101]" key="BIND_101_697" tag="" content="Exploring resource sharing." resolution=""/>
	<Message severity="INFO" prefix="[BIND 205-101]" key="BIND_101_693" tag="" content="Binding ..." resolution=""/>
	<Message severity="INFO" prefix="[BIND 205-100]" key="BIND_100_925" tag="" content="Finished micro-architecture generation." resolution=""/>
	<Message severity="INFO" prefix="[HLS 200-111]" key="HLS_111_966" tag="RUNTIME" content="Finished Binding: CPU user time: 1.07 seconds. CPU system time: 0 seconds. Elapsed time: 1.07 seconds; current allocated memory: 669.574 MB." resolution=""/>
	<Message severity="INFO" prefix="[HLS 200-10]" key="HLS_10_1483" tag="" content="----------------------------------------------------------------" resolution=""/>
	<Message severity="INFO" prefix="[HLS 200-10]" key="HLS_10_1484" tag="" content="-- Generating RTL for module &apos;dense_latency_ap_fixed_16_6_5_3_0_ap_fixed_16_6_5_3_0_config2_s&apos;" resolution=""/>
	<Message severity="INFO" prefix="[HLS 200-10]" key="HLS_10_1485" tag="" content="----------------------------------------------------------------" resolution=""/>
	<Message severity="INFO" prefix="[RTGEN 206-104]" key="RTGEN_104_852" tag="" content="Estimated max fanout for &apos;dense_latency_ap_fixed_16_6_5_3_0_ap_fixed_16_6_5_3_0_config2_s&apos; is 16887 from HDL expression: ((1&apos;b0 == ap_block_pp0_stage0_11001) &amp; (1&apos;b1 == ap_ce_reg))" resolution=""/>
	<Message severity="INFO" prefix="[RTGEN 206-100]" key="RTGEN_100_856" tag="" content="Finished creating RTL model for &apos;dense_latency_ap_fixed_16_6_5_3_0_ap_fixed_16_6_5_3_0_config2_s&apos;." resolution=""/>
	<Message severity="INFO" prefix="[HLS 200-111]" key="HLS_111_966" tag="RUNTIME" content="Finished Creating RTL model: CPU user time: 5.99 seconds. CPU system time: 0.03 seconds. Elapsed time: 6.02 seconds; current allocated memory: 727.988 MB." resolution=""/>
	<Message severity="INFO" prefix="[HLS 200-10]" key="HLS_10_1483" tag="" content="----------------------------------------------------------------" resolution=""/>
	<Message severity="INFO" prefix="[HLS 200-10]" key="HLS_10_1484" tag="" content="-- Generating RTL for module &apos;linear_ap_fixed_16_6_5_3_0_ap_fixed_16_7_4_0_0_linear_config4_s&apos;" resolution=""/>
	<Message severity="INFO" prefix="[HLS 200-10]" key="HLS_10_1485" tag="" content="----------------------------------------------------------------" resolution=""/>
	<Message severity="INFO" prefix="[RTGEN 206-100]" key="RTGEN_100_856" tag="" content="Finished creating RTL model for &apos;linear_ap_fixed_16_6_5_3_0_ap_fixed_16_7_4_0_0_linear_config4_s&apos;." resolution=""/>
	<Message severity="INFO" prefix="[HLS 200-111]" key="HLS_111_966" tag="RUNTIME" content="Finished Creating RTL model: CPU user time: 9.43 seconds. CPU system time: 0.19 seconds. Elapsed time: 9.68 seconds; current allocated memory: 825.789 MB." resolution=""/>
	<Message severity="INFO" prefix="[HLS 200-10]" key="HLS_10_1483" tag="" content="----------------------------------------------------------------" resolution=""/>
	<Message severity="INFO" prefix="[HLS 200-10]" key="HLS_10_1484" tag="" content="-- Generating RTL for module &apos;dense_latency_ap_fixed_16_7_4_0_0_ap_fixed_16_6_5_3_0_config5_s&apos;" resolution=""/>
	<Message severity="INFO" prefix="[HLS 200-10]" key="HLS_10_1485" tag="" content="----------------------------------------------------------------" resolution=""/>
	<Message severity="INFO" prefix="[RTGEN 206-100]" key="RTGEN_100_855" tag="" content="Generating core module &apos;mul_16s_5ns_17_2_0&apos;: 2 instance(s)." resolution=""/>
	<Message severity="INFO" prefix="[RTGEN 206-100]" key="RTGEN_100_855" tag="" content="Generating core module &apos;mul_16s_5s_17_2_0&apos;: 2 instance(s)." resolution=""/>
	<Message severity="INFO" prefix="[RTGEN 206-100]" key="RTGEN_100_856" tag="" content="Finished creating RTL model for &apos;dense_latency_ap_fixed_16_7_4_0_0_ap_fixed_16_6_5_3_0_config5_s&apos;." resolution=""/>
	<Message severity="INFO" prefix="[HLS 200-111]" key="HLS_111_966" tag="RUNTIME" content="Finished Creating RTL model: CPU user time: 0.08 seconds. CPU system time: 0.02 seconds. Elapsed time: 0.1 seconds; current allocated memory: 830.512 MB." resolution=""/>
	<Message severity="INFO" prefix="[HLS 200-10]" key="HLS_10_1483" tag="" content="----------------------------------------------------------------" resolution=""/>
	<Message severity="INFO" prefix="[HLS 200-10]" key="HLS_10_1484" tag="" content="-- Generating RTL for module &apos;linear_ap_fixed_16_6_5_3_0_ap_fixed_16_7_4_0_0_linear_config7_s&apos;" resolution=""/>
	<Message severity="INFO" prefix="[HLS 200-10]" key="HLS_10_1485" tag="" content="----------------------------------------------------------------" resolution=""/>
	<Message severity="INFO" prefix="[RTGEN 206-100]" key="RTGEN_100_856" tag="" content="Finished creating RTL model for &apos;linear_ap_fixed_16_6_5_3_0_ap_fixed_16_7_4_0_0_linear_config7_s&apos;." resolution=""/>
	<Message severity="INFO" prefix="[HLS 200-111]" key="HLS_111_966" tag="RUNTIME" content="Finished Creating RTL model: CPU user time: 0.22 seconds. CPU system time: 0.02 seconds. Elapsed time: 0.24 seconds; current allocated memory: 830.512 MB." resolution=""/>
	<Message severity="INFO" prefix="[HLS 200-10]" key="HLS_10_1483" tag="" content="----------------------------------------------------------------" resolution=""/>
	<Message severity="INFO" prefix="[HLS 200-10]" key="HLS_10_1484" tag="" content="-- Generating RTL for module &apos;dense_latency_ap_fixed_16_7_4_0_0_ap_fixed_16_6_5_3_0_config8_s&apos;" resolution=""/>
	<Message severity="INFO" prefix="[HLS 200-10]" key="HLS_10_1485" tag="" content="----------------------------------------------------------------" resolution=""/>
	<Message severity="INFO" prefix="[RTGEN 206-100]" key="RTGEN_100_856" tag="" content="Finished creating RTL model for &apos;dense_latency_ap_fixed_16_7_4_0_0_ap_fixed_16_6_5_3_0_config8_s&apos;." resolution=""/>
	<Message severity="INFO" prefix="[HLS 200-111]" key="HLS_111_966" tag="RUNTIME" content="Finished Creating RTL model: CPU user time: 0.11 seconds. CPU system time: 0.01 seconds. Elapsed time: 0.12 seconds; current allocated memory: 832.816 MB." resolution=""/>
	<Message severity="INFO" prefix="[HLS 200-10]" key="HLS_10_1483" tag="" content="----------------------------------------------------------------" resolution=""/>
	<Message severity="INFO" prefix="[HLS 200-10]" key="HLS_10_1484" tag="" content="-- Generating RTL for module &apos;linear_ap_fixed_16_6_5_3_0_ap_fixed_16_7_4_0_0_linear_config10_s&apos;" resolution=""/>
	<Message severity="INFO" prefix="[HLS 200-10]" key="HLS_10_1485" tag="" content="----------------------------------------------------------------" resolution=""/>
	<Message severity="INFO" prefix="[RTGEN 206-100]" key="RTGEN_100_856" tag="" content="Finished creating RTL model for &apos;linear_ap_fixed_16_6_5_3_0_ap_fixed_16_7_4_0_0_linear_config10_s&apos;." resolution=""/>
	<Message severity="INFO" prefix="[HLS 200-111]" key="HLS_111_966" tag="RUNTIME" content="Finished Creating RTL model: CPU user time: 0.36 seconds. CPU system time: 0 seconds. Elapsed time: 0.37 seconds; current allocated memory: 849.363 MB." resolution=""/>
	<Message severity="INFO" prefix="[HLS 200-10]" key="HLS_10_1483" tag="" content="----------------------------------------------------------------" resolution=""/>
	<Message severity="INFO" prefix="[HLS 200-10]" key="HLS_10_1484" tag="" content="-- Generating RTL for module &apos;dense_latency_ap_fixed_16_7_4_0_0_ap_fixed_16_6_5_3_0_config11_s&apos;" resolution=""/>
	<Message severity="INFO" prefix="[HLS 200-10]" key="HLS_10_1485" tag="" content="----------------------------------------------------------------" resolution=""/>
	<Message severity="INFO" prefix="[RTGEN 206-100]" key="RTGEN_100_856" tag="" content="Finished creating RTL model for &apos;dense_latency_ap_fixed_16_7_4_0_0_ap_fixed_16_6_5_3_0_config11_s&apos;." resolution=""/>
	<Message severity="INFO" prefix="[HLS 200-111]" key="HLS_111_966" tag="RUNTIME" content="Finished Creating RTL model: CPU user time: 0.11 seconds. CPU system time: 0.01 seconds. Elapsed time: 0.12 seconds; current allocated memory: 853.750 MB." resolution=""/>
	<Message severity="INFO" prefix="[HLS 200-10]" key="HLS_10_1483" tag="" content="----------------------------------------------------------------" resolution=""/>
	<Message severity="INFO" prefix="[HLS 200-10]" key="HLS_10_1484" tag="" content="-- Generating RTL for module &apos;sigmoid_ap_fixed_16_6_5_3_0_ap_fixed_16_6_5_3_0_sigmoid_config13_s&apos;" resolution=""/>
	<Message severity="INFO" prefix="[HLS 200-10]" key="HLS_10_1485" tag="" content="----------------------------------------------------------------" resolution=""/>
	<Message severity="INFO" prefix="[SYN 201-210]" key="SYN_210_889" tag="" content="Renamed object name &apos;sigmoid_ap_fixed_16_6_5_3_0_ap_fixed_16_6_5_3_0_sigmoid_config13_s_sigmoid_table_ROM_AUTO_1R&apos; to &apos;sigmoid_ap_fixed_16_6_5_3_0_ap_fixed_16_6_5_3_0_sigmoid_config13_s_sigmoid_tabkb&apos; due to the length limit 80" resolution=""/>
	<Message severity="INFO" prefix="[HLS 200-1030]" key="HLS 200-1030" tag="" content="Apply Unified Pipeline Control on module &apos;sigmoid_ap_fixed_16_6_5_3_0_ap_fixed_16_6_5_3_0_sigmoid_config13_s&apos; pipeline &apos;sigmoid&lt;ap_fixed&lt;16, 6, 5, 3, 0&gt;, ap_fixed&lt;16, 6, 5, 3, 0&gt;, sigmoid_config13&gt;&apos; pipeline type &apos;function pipeline&apos;" resolution=""/>
	<Message severity="INFO" prefix="[RTGEN 206-100]" key="RTGEN_100_856" tag="" content="Finished creating RTL model for &apos;sigmoid_ap_fixed_16_6_5_3_0_ap_fixed_16_6_5_3_0_sigmoid_config13_s&apos;." resolution=""/>
	<Message severity="INFO" prefix="[RTMG 210-279]" key="RTMG_279_1793" tag="" content="Implementing memory &apos;myproject_sigmoid_ap_fixed_16_6_5_3_0_ap_fixed_16_6_5_3_0_sigmoid_config13_s_sigmoid_tabkb&apos; using auto ROMs." resolution=""/>
	<Message severity="INFO" prefix="[HLS 200-111]" key="HLS_111_966" tag="RUNTIME" content="Finished Creating RTL model: CPU user time: 0.15 seconds. CPU system time: 0.01 seconds. Elapsed time: 0.16 seconds; current allocated memory: 855.777 MB." resolution=""/>
	<Message severity="INFO" prefix="[HLS 200-10]" key="HLS_10_1483" tag="" content="----------------------------------------------------------------" resolution=""/>
	<Message severity="INFO" prefix="[HLS 200-10]" key="HLS_10_1484" tag="" content="-- Generating RTL for module &apos;myproject&apos;" resolution=""/>
	<Message severity="INFO" prefix="[HLS 200-10]" key="HLS_10_1485" tag="" content="----------------------------------------------------------------" resolution=""/>
	<Message severity="INFO" prefix="[RTGEN 206-500]" key="PREPROC_IO_COMP_CONFLICT_1950" tag="" content="Setting interface mode on port &apos;myproject/fc1_input_input&apos; to &apos;ap_vld&apos;." resolution=""/>
	<Message severity="INFO" prefix="[RTGEN 206-500]" key="PREPROC_IO_COMP_CONFLICT_1950" tag="" content="Setting interface mode on port &apos;myproject/layer13_out_0&apos; to &apos;ap_vld&apos;." resolution=""/>
	<Message severity="INFO" prefix="[RTGEN 206-500]" key="PREPROC_IO_COMP_CONFLICT_1950" tag="" content="Setting interface mode on port &apos;myproject/layer13_out_1&apos; to &apos;ap_vld&apos;." resolution=""/>
	<Message severity="INFO" prefix="[RTGEN 206-500]" key="PREPROC_IO_COMP_CONFLICT_1950" tag="" content="Setting interface mode on function &apos;myproject&apos; to &apos;ap_ctrl_hs&apos;." resolution=""/>
	<Message severity="INFO" prefix="[HLS 200-1030]" key="HLS 200-1030" tag="" content="Apply Unified Pipeline Control on module &apos;myproject&apos; pipeline &apos;myproject&apos; pipeline type &apos;function pipeline&apos;" resolution=""/>
	<Message severity="INFO" prefix="[RTGEN 206-104]" key="RTGEN_104_852" tag="" content="Estimated max fanout for &apos;myproject&apos; is 29671 from HDL expression: ((1&apos;b1 == ap_CS_fsm_pp0_stage0) &amp; (1&apos;b0 == ap_block_pp0_stage0_11001_ignoreCallOp33))" resolution=""/>
	<Message severity="INFO" prefix="[RTGEN 206-100]" key="RTGEN_100_856" tag="" content="Finished creating RTL model for &apos;myproject&apos;." resolution=""/>
	<Message severity="INFO" prefix="[HLS 200-111]" key="HLS_111_966" tag="RUNTIME" content="Finished Creating RTL model: CPU user time: 0.14 seconds. CPU system time: 0 seconds. Elapsed time: 0.15 seconds; current allocated memory: 857.867 MB." resolution=""/>
	<Message severity="INFO" prefix="[HLS 200-111]" key="HLS_111_966" tag="RUNTIME" content="Finished Generating all RTL models: CPU user time: 5.23 seconds. CPU system time: 0.04 seconds. Elapsed time: 5.26 seconds; current allocated memory: 860.934 MB." resolution=""/>
	<Message severity="INFO" prefix="[HLS 200-111]" key="HLS_111_966" tag="RUNTIME" content="Finished Updating report files: CPU user time: 0.57 seconds. CPU system time: 0.02 seconds. Elapsed time: 0.59 seconds; current allocated memory: 866.984 MB." resolution=""/>
	<Message severity="INFO" prefix="[VHDL 208-304]" key="VHDL_304_1066" tag="" content="Generating VHDL RTL for myproject." resolution=""/>
	<Message severity="INFO" prefix="[VLOG 209-307]" key="VLOG_307_1067" tag="" content="Generating Verilog RTL for myproject." resolution=""/>
	<Message severity="INFO" prefix="[HLS 200-789]" key="HLS 200-789" tag="THROUGHPUT,VITIS_KERNEL" content="**** Estimated Fmax: 237.34 MHz" resolution=""/>
	<Message severity="INFO" prefix="[HLS 200-111]" key="HLS_111_966" tag="RUNTIME" content="Finished Command csynth_design CPU user time: 278.15 seconds. CPU system time: 4.12 seconds. Elapsed time: 286.62 seconds; current allocated memory: 657.883 MB." resolution=""/>
</Messages>
