{"sourceFile": [{
      "name": "",
      "directive": [{
          "functionName": "myproject",
          "label": "",
          "functionLabel": "",
          "id": "1",
          "sourceFile": "\/home\/student\/Documents\/cursoML2025\/git\/ML_FPGA_UNMdP\/labs\/hlsPrj\/build_prj.tcl",
          "sourceLine": "183",
          "pragma": {
            "name": "TOP",
            "option": [{
                "name": "name",
                "value": "myproject"
              }]
          }
        }]
    }]}
