<stg><name>dense_latency<ap_fixed<16, 7, 4, 0, 0>, ap_fixed<16, 6, 5, 3, 0>, config8></name>


<trans_list>

<trans id="214" from="1" to="2">
<condition id="-1">
<or_exp><and_exp></and_exp></or_exp>
</condition>
</trans>

<trans id="215" from="2" to="3">
<condition id="-1">
<or_exp><and_exp></and_exp></or_exp>
</condition>
</trans>

<trans id="216" from="3" to="4">
<condition id="-1">
<or_exp><and_exp></and_exp></or_exp>
</condition>
</trans>
</trans_list>



<state_list>

<state id="1" st_id="1">

<operation id="5" st_id="1" stage="1" lat="1">
<core>NULL</core>
<MemPortIdVec></MemPortIdVec>
<condition id="-1">
<or_exp><and_exp></and_exp></or_exp>
</condition>

<Node id="10" bw="16" op_0_bw="16" op_1_bw="16">
<![CDATA[
entry:2 %p_read_15 = read i16 @_ssdm_op_Read.ap_auto.i16, i16 %p_read6

]]></Node>
<StgValue><ssdm name="p_read_15"/></StgValue>
</operation>

<operation id="6" st_id="1" stage="1" lat="1">
<core>NULL</core>
<MemPortIdVec></MemPortIdVec>
<condition id="-1">
<or_exp><and_exp></and_exp></or_exp>
</condition>

<Node id="11" bw="16" op_0_bw="16" op_1_bw="16">
<![CDATA[
entry:3 %p_read_16 = read i16 @_ssdm_op_Read.ap_auto.i16, i16 %p_read5

]]></Node>
<StgValue><ssdm name="p_read_16"/></StgValue>
</operation>

<operation id="7" st_id="1" stage="1" lat="1">
<core>NULL</core>
<MemPortIdVec></MemPortIdVec>
<condition id="-1">
<or_exp><and_exp></and_exp></or_exp>
</condition>

<Node id="12" bw="16" op_0_bw="16" op_1_bw="16">
<![CDATA[
entry:4 %p_read_17 = read i16 @_ssdm_op_Read.ap_auto.i16, i16 %p_read4

]]></Node>
<StgValue><ssdm name="p_read_17"/></StgValue>
</operation>

<operation id="8" st_id="1" stage="1" lat="1">
<core>NULL</core>
<MemPortIdVec></MemPortIdVec>
<condition id="-1">
<or_exp><and_exp></and_exp></or_exp>
</condition>

<Node id="13" bw="16" op_0_bw="16" op_1_bw="16">
<![CDATA[
entry:5 %p_read316 = read i16 @_ssdm_op_Read.ap_auto.i16, i16 %p_read3

]]></Node>
<StgValue><ssdm name="p_read316"/></StgValue>
</operation>

<operation id="9" st_id="1" stage="1" lat="1">
<core>NULL</core>
<MemPortIdVec></MemPortIdVec>
<condition id="-1">
<or_exp><and_exp></and_exp></or_exp>
</condition>

<Node id="14" bw="16" op_0_bw="16" op_1_bw="16">
<![CDATA[
entry:6 %p_read215 = read i16 @_ssdm_op_Read.ap_auto.i16, i16 %p_read2

]]></Node>
<StgValue><ssdm name="p_read215"/></StgValue>
</operation>

<operation id="10" st_id="1" stage="1" lat="1">
<core>NULL</core>
<MemPortIdVec></MemPortIdVec>
<condition id="-1">
<or_exp><and_exp></and_exp></or_exp>
</condition>

<Node id="15" bw="16" op_0_bw="16" op_1_bw="16">
<![CDATA[
entry:7 %p_read114 = read i16 @_ssdm_op_Read.ap_auto.i16, i16 %p_read1

]]></Node>
<StgValue><ssdm name="p_read114"/></StgValue>
</operation>

<operation id="11" st_id="1" stage="1" lat="1">
<core>NULL</core>
<MemPortIdVec></MemPortIdVec>
<condition id="-1">
<or_exp><and_exp></and_exp></or_exp>
</condition>

<Node id="16" bw="16" op_0_bw="16" op_1_bw="16">
<![CDATA[
entry:8 %p_read13 = read i16 @_ssdm_op_Read.ap_auto.i16, i16 %p_read

]]></Node>
<StgValue><ssdm name="p_read13"/></StgValue>
</operation>

<operation id="12" st_id="1" stage="1" lat="1">
<core>NULL</core>
<MemPortIdVec></MemPortIdVec>
<condition id="-1">
<or_exp><and_exp></and_exp></or_exp>
</condition>

<Node id="18" bw="14" op_0_bw="16">
<![CDATA[
entry:10 %trunc_ln1273 = trunc i16 %p_read13

]]></Node>
<StgValue><ssdm name="trunc_ln1273"/></StgValue>
</operation>

<operation id="13" st_id="1" stage="1" lat="1">
<core>NULL</core>
<MemPortIdVec></MemPortIdVec>
<condition id="-1">
<or_exp><and_exp></and_exp></or_exp>
</condition>

<Node id="23" bw="15" op_0_bw="16">
<![CDATA[
entry:15 %trunc_ln1273_1 = trunc i16 %p_read13

]]></Node>
<StgValue><ssdm name="trunc_ln1273_1"/></StgValue>
</operation>

<operation id="14" st_id="1" stage="1" lat="1">
<core>NULL</core>
<MemPortIdVec></MemPortIdVec>
<condition id="-1">
<or_exp><and_exp></and_exp></or_exp>
</condition>

<Node id="40" bw="17" op_0_bw="16">
<![CDATA[
entry:32 %sext_ln1273 = sext i16 %p_read114

]]></Node>
<StgValue><ssdm name="sext_ln1273"/></StgValue>
</operation>

<operation id="15" st_id="1" stage="1" lat="1">
<core>NULL</core>
<MemPortIdVec></MemPortIdVec>
<condition id="-1">
<or_exp><and_exp></and_exp></or_exp>
</condition>

<Node id="41" bw="14" op_0_bw="16">
<![CDATA[
entry:33 %trunc_ln1270 = trunc i16 %p_read114

]]></Node>
<StgValue><ssdm name="trunc_ln1270"/></StgValue>
</operation>

<operation id="16" st_id="1" stage="1" lat="1">
<core>NULL</core>
<MemPortIdVec></MemPortIdVec>
<condition id="-1">
<or_exp><and_exp></and_exp></or_exp>
</condition>

<Node id="42" bw="17" op_0_bw="17" op_1_bw="14" op_2_bw="3">
<![CDATA[
entry:34 %p_shl7 = bitconcatenate i17 @_ssdm_op_BitConcatenate.i17.i14.i3, i14 %trunc_ln1270, i3 0

]]></Node>
<StgValue><ssdm name="p_shl7"/></StgValue>
</operation>

<operation id="17" st_id="1" stage="1" lat="1">
<core>Adder</core>
<MemPortIdVec></MemPortIdVec>
<condition id="-1">
<or_exp><and_exp></and_exp></or_exp>
</condition>

<Node id="43" bw="17" op_0_bw="17" op_1_bw="17">
<![CDATA[
entry:35 %sub_ln1270_1 = sub i17 %sext_ln1273, i17 %p_shl7

]]></Node>
<StgValue><ssdm name="sub_ln1270_1"/></StgValue>
</operation>

<operation id="18" st_id="1" stage="1" lat="1">
<core>NULL</core>
<MemPortIdVec></MemPortIdVec>
<condition id="-1">
<or_exp><and_exp></and_exp></or_exp>
</condition>

<Node id="44" bw="8" op_0_bw="8" op_1_bw="17" op_2_bw="32" op_3_bw="32">
<![CDATA[
entry:36 %trunc_ln818_8 = partselect i8 @_ssdm_op_PartSelect.i8.i17.i32.i32, i17 %sub_ln1270_1, i32 9, i32 16

]]></Node>
<StgValue><ssdm name="trunc_ln818_8"/></StgValue>
</operation>

<operation id="19" st_id="1" stage="1" lat="1">
<core>NULL</core>
<MemPortIdVec></MemPortIdVec>
<condition id="-1">
<or_exp><and_exp></and_exp></or_exp>
</condition>

<Node id="45" bw="15" op_0_bw="16">
<![CDATA[
entry:37 %trunc_ln1273_2 = trunc i16 %p_read114

]]></Node>
<StgValue><ssdm name="trunc_ln1273_2"/></StgValue>
</operation>

<operation id="20" st_id="1" stage="1" lat="1">
<core>NULL</core>
<MemPortIdVec></MemPortIdVec>
<condition id="-1">
<or_exp><and_exp></and_exp></or_exp>
</condition>

<Node id="46" bw="17" op_0_bw="17" op_1_bw="15" op_2_bw="2">
<![CDATA[
entry:38 %shl_ln1273_3 = bitconcatenate i17 @_ssdm_op_BitConcatenate.i17.i15.i2, i15 %trunc_ln1273_2, i2 0

]]></Node>
<StgValue><ssdm name="shl_ln1273_3"/></StgValue>
</operation>

<operation id="21" st_id="1" stage="1" lat="1">
<core>Adder</core>
<MemPortIdVec></MemPortIdVec>
<condition id="-1">
<or_exp><and_exp></and_exp></or_exp>
</condition>

<Node id="47" bw="17" op_0_bw="17" op_1_bw="17">
<![CDATA[
entry:39 %r_V_8 = sub i17 %shl_ln1273_3, i17 %sext_ln1273

]]></Node>
<StgValue><ssdm name="r_V_8"/></StgValue>
</operation>

<operation id="22" st_id="1" stage="1" lat="1">
<core>NULL</core>
<MemPortIdVec></MemPortIdVec>
<condition id="-1">
<or_exp><and_exp></and_exp></or_exp>
</condition>

<Node id="48" bw="8" op_0_bw="8" op_1_bw="17" op_2_bw="32" op_3_bw="32">
<![CDATA[
entry:40 %trunc_ln818_9 = partselect i8 @_ssdm_op_PartSelect.i8.i17.i32.i32, i17 %r_V_8, i32 9, i32 16

]]></Node>
<StgValue><ssdm name="trunc_ln818_9"/></StgValue>
</operation>

<operation id="23" st_id="1" stage="1" lat="1">
<core>Adder</core>
<MemPortIdVec></MemPortIdVec>
<condition id="-1">
<or_exp><and_exp></and_exp></or_exp>
</condition>

<Node id="49" bw="17" op_0_bw="17" op_1_bw="17">
<![CDATA[
entry:41 %r_V_9 = sub i17 0, i17 %shl_ln1273_3

]]></Node>
<StgValue><ssdm name="r_V_9"/></StgValue>
</operation>

<operation id="24" st_id="1" stage="1" lat="1">
<core>NULL</core>
<MemPortIdVec></MemPortIdVec>
<condition id="-1">
<or_exp><and_exp></and_exp></or_exp>
</condition>

<Node id="50" bw="8" op_0_bw="8" op_1_bw="17" op_2_bw="32" op_3_bw="32">
<![CDATA[
entry:42 %trunc_ln818_s = partselect i8 @_ssdm_op_PartSelect.i8.i17.i32.i32, i17 %r_V_9, i32 9, i32 16

]]></Node>
<StgValue><ssdm name="trunc_ln818_s"/></StgValue>
</operation>

<operation id="25" st_id="1" stage="1" lat="1">
<core>NULL</core>
<MemPortIdVec></MemPortIdVec>
<condition id="-1">
<or_exp><and_exp></and_exp></or_exp>
</condition>

<Node id="51" bw="8" op_0_bw="8" op_1_bw="16" op_2_bw="32" op_3_bw="32">
<![CDATA[
entry:43 %trunc_ln818_10 = partselect i8 @_ssdm_op_PartSelect.i8.i16.i32.i32, i16 %p_read114, i32 7, i32 14

]]></Node>
<StgValue><ssdm name="trunc_ln818_10"/></StgValue>
</operation>

<operation id="26" st_id="1" stage="1" lat="1">
<core>NULL</core>
<MemPortIdVec></MemPortIdVec>
<condition id="-1">
<or_exp><and_exp></and_exp></or_exp>
</condition>

<Node id="52" bw="8" op_0_bw="8" op_1_bw="16" op_2_bw="32" op_3_bw="32">
<![CDATA[
entry:44 %trunc_ln818_11 = partselect i8 @_ssdm_op_PartSelect.i8.i16.i32.i32, i16 %p_read114, i32 8, i32 15

]]></Node>
<StgValue><ssdm name="trunc_ln818_11"/></StgValue>
</operation>

<operation id="27" st_id="1" stage="1" lat="1">
<core>NULL</core>
<MemPortIdVec></MemPortIdVec>
<condition id="-1">
<or_exp><and_exp></and_exp></or_exp>
</condition>

<Node id="53" bw="8" op_0_bw="8" op_1_bw="16" op_2_bw="32" op_3_bw="32">
<![CDATA[
entry:45 %trunc_ln818_12 = partselect i8 @_ssdm_op_PartSelect.i8.i16.i32.i32, i16 %p_read215, i32 6, i32 13

]]></Node>
<StgValue><ssdm name="trunc_ln818_12"/></StgValue>
</operation>

<operation id="28" st_id="1" stage="1" lat="1">
<core>NULL</core>
<MemPortIdVec></MemPortIdVec>
<condition id="-1">
<or_exp><and_exp></and_exp></or_exp>
</condition>

<Node id="54" bw="8" op_0_bw="8" op_1_bw="16" op_2_bw="32" op_3_bw="32">
<![CDATA[
entry:46 %trunc_ln818_13 = partselect i8 @_ssdm_op_PartSelect.i8.i16.i32.i32, i16 %p_read215, i32 7, i32 14

]]></Node>
<StgValue><ssdm name="trunc_ln818_13"/></StgValue>
</operation>

<operation id="29" st_id="1" stage="1" lat="1">
<core>NULL</core>
<MemPortIdVec></MemPortIdVec>
<condition id="-1">
<or_exp><and_exp></and_exp></or_exp>
</condition>

<Node id="55" bw="17" op_0_bw="16">
<![CDATA[
entry:47 %sext_ln1270_1 = sext i16 %p_read215

]]></Node>
<StgValue><ssdm name="sext_ln1270_1"/></StgValue>
</operation>

<operation id="30" st_id="1" stage="1" lat="1">
<core>NULL</core>
<MemPortIdVec></MemPortIdVec>
<condition id="-1">
<or_exp><and_exp></and_exp></or_exp>
</condition>

<Node id="56" bw="14" op_0_bw="16">
<![CDATA[
entry:48 %trunc_ln1273_3 = trunc i16 %p_read215

]]></Node>
<StgValue><ssdm name="trunc_ln1273_3"/></StgValue>
</operation>

<operation id="31" st_id="1" stage="1" lat="1">
<core>NULL</core>
<MemPortIdVec></MemPortIdVec>
<condition id="-1">
<or_exp><and_exp></and_exp></or_exp>
</condition>

<Node id="57" bw="17" op_0_bw="17" op_1_bw="14" op_2_bw="3">
<![CDATA[
entry:49 %shl_ln1273_4 = bitconcatenate i17 @_ssdm_op_BitConcatenate.i17.i14.i3, i14 %trunc_ln1273_3, i3 0

]]></Node>
<StgValue><ssdm name="shl_ln1273_4"/></StgValue>
</operation>

<operation id="32" st_id="1" stage="1" lat="1">
<core>TAddSub</core>
<MemPortIdVec></MemPortIdVec>
<condition id="-1">
<or_exp><and_exp></and_exp></or_exp>
</condition>

<Node id="58" bw="17" op_0_bw="17" op_1_bw="17">
<![CDATA[
entry:50 %sub_ln1273_6 = sub i17 0, i17 %shl_ln1273_4

]]></Node>
<StgValue><ssdm name="sub_ln1273_6"/></StgValue>
</operation>

<operation id="33" st_id="1" stage="1" lat="1">
<core>NULL</core>
<MemPortIdVec></MemPortIdVec>
<condition id="-1">
<or_exp><and_exp></and_exp></or_exp>
</condition>

<Node id="59" bw="15" op_0_bw="16">
<![CDATA[
entry:51 %trunc_ln1270_1 = trunc i16 %p_read215

]]></Node>
<StgValue><ssdm name="trunc_ln1270_1"/></StgValue>
</operation>

<operation id="34" st_id="1" stage="1" lat="1">
<core>NULL</core>
<MemPortIdVec></MemPortIdVec>
<condition id="-1">
<or_exp><and_exp></and_exp></or_exp>
</condition>

<Node id="60" bw="17" op_0_bw="17" op_1_bw="15" op_2_bw="2">
<![CDATA[
entry:52 %p_shl5 = bitconcatenate i17 @_ssdm_op_BitConcatenate.i17.i15.i2, i15 %trunc_ln1270_1, i2 0

]]></Node>
<StgValue><ssdm name="p_shl5"/></StgValue>
</operation>

<operation id="35" st_id="1" stage="1" lat="1">
<core>Adder</core>
<MemPortIdVec></MemPortIdVec>
<condition id="-1">
<or_exp><and_exp></and_exp></or_exp>
</condition>

<Node id="61" bw="17" op_0_bw="17" op_1_bw="17">
<![CDATA[
entry:53 %sub_ln1270_2 = sub i17 %sext_ln1270_1, i17 %p_shl5

]]></Node>
<StgValue><ssdm name="sub_ln1270_2"/></StgValue>
</operation>

<operation id="36" st_id="1" stage="1" lat="1">
<core>NULL</core>
<MemPortIdVec></MemPortIdVec>
<condition id="-1">
<or_exp><and_exp></and_exp></or_exp>
</condition>

<Node id="62" bw="8" op_0_bw="8" op_1_bw="17" op_2_bw="32" op_3_bw="32">
<![CDATA[
entry:54 %trunc_ln818_14 = partselect i8 @_ssdm_op_PartSelect.i8.i17.i32.i32, i17 %sub_ln1270_2, i32 9, i32 16

]]></Node>
<StgValue><ssdm name="trunc_ln818_14"/></StgValue>
</operation>

<operation id="37" st_id="1" stage="1" lat="1">
<core>TAddSub</core>
<MemPortIdVec></MemPortIdVec>
<condition id="-1">
<or_exp><and_exp></and_exp></or_exp>
</condition>

<Node id="63" bw="17" op_0_bw="17" op_1_bw="17">
<![CDATA[
entry:55 %r_V_10 = sub i17 %sub_ln1273_6, i17 %sext_ln1270_1

]]></Node>
<StgValue><ssdm name="r_V_10"/></StgValue>
</operation>

<operation id="38" st_id="1" stage="1" lat="1">
<core>NULL</core>
<MemPortIdVec></MemPortIdVec>
<condition id="-1">
<or_exp><and_exp></and_exp></or_exp>
</condition>

<Node id="64" bw="8" op_0_bw="8" op_1_bw="17" op_2_bw="32" op_3_bw="32">
<![CDATA[
entry:56 %trunc_ln818_15 = partselect i8 @_ssdm_op_PartSelect.i8.i17.i32.i32, i17 %r_V_10, i32 9, i32 16

]]></Node>
<StgValue><ssdm name="trunc_ln818_15"/></StgValue>
</operation>

<operation id="39" st_id="1" stage="1" lat="1">
<core>NULL</core>
<MemPortIdVec></MemPortIdVec>
<condition id="-1">
<or_exp><and_exp></and_exp></or_exp>
</condition>

<Node id="65" bw="17" op_0_bw="16">
<![CDATA[
entry:57 %sext_ln1273_1 = sext i16 %p_read316

]]></Node>
<StgValue><ssdm name="sext_ln1273_1"/></StgValue>
</operation>

<operation id="40" st_id="1" stage="1" lat="1">
<core>NULL</core>
<MemPortIdVec></MemPortIdVec>
<condition id="-1">
<or_exp><and_exp></and_exp></or_exp>
</condition>

<Node id="66" bw="14" op_0_bw="16">
<![CDATA[
entry:58 %trunc_ln1273_4 = trunc i16 %p_read316

]]></Node>
<StgValue><ssdm name="trunc_ln1273_4"/></StgValue>
</operation>

<operation id="41" st_id="1" stage="1" lat="1">
<core>NULL</core>
<MemPortIdVec></MemPortIdVec>
<condition id="-1">
<or_exp><and_exp></and_exp></or_exp>
</condition>

<Node id="67" bw="17" op_0_bw="17" op_1_bw="14" op_2_bw="3">
<![CDATA[
entry:59 %shl_ln1273_5 = bitconcatenate i17 @_ssdm_op_BitConcatenate.i17.i14.i3, i14 %trunc_ln1273_4, i3 0

]]></Node>
<StgValue><ssdm name="shl_ln1273_5"/></StgValue>
</operation>

<operation id="42" st_id="1" stage="1" lat="1">
<core>Adder</core>
<MemPortIdVec></MemPortIdVec>
<condition id="-1">
<or_exp><and_exp></and_exp></or_exp>
</condition>

<Node id="68" bw="17" op_0_bw="17" op_1_bw="17">
<![CDATA[
entry:60 %r_V_14 = sub i17 0, i17 %shl_ln1273_5

]]></Node>
<StgValue><ssdm name="r_V_14"/></StgValue>
</operation>

<operation id="43" st_id="1" stage="1" lat="1">
<core>Adder</core>
<MemPortIdVec></MemPortIdVec>
<condition id="-1">
<or_exp><and_exp></and_exp></or_exp>
</condition>

<Node id="69" bw="17" op_0_bw="17" op_1_bw="17">
<![CDATA[
entry:61 %r_V_11 = sub i17 %r_V_14, i17 %sext_ln1273_1

]]></Node>
<StgValue><ssdm name="r_V_11"/></StgValue>
</operation>

<operation id="44" st_id="1" stage="1" lat="1">
<core>NULL</core>
<MemPortIdVec></MemPortIdVec>
<condition id="-1">
<or_exp><and_exp></and_exp></or_exp>
</condition>

<Node id="70" bw="8" op_0_bw="8" op_1_bw="17" op_2_bw="32" op_3_bw="32">
<![CDATA[
entry:62 %trunc_ln818_16 = partselect i8 @_ssdm_op_PartSelect.i8.i17.i32.i32, i17 %r_V_11, i32 9, i32 16

]]></Node>
<StgValue><ssdm name="trunc_ln818_16"/></StgValue>
</operation>

<operation id="45" st_id="1" stage="1" lat="1">
<core>Adder</core>
<MemPortIdVec></MemPortIdVec>
<condition id="-1">
<or_exp><and_exp></and_exp></or_exp>
</condition>

<Node id="71" bw="17" op_0_bw="17" op_1_bw="17">
<![CDATA[
entry:63 %r_V_12 = sub i17 %shl_ln1273_5, i17 %sext_ln1273_1

]]></Node>
<StgValue><ssdm name="r_V_12"/></StgValue>
</operation>

<operation id="46" st_id="1" stage="1" lat="1">
<core>NULL</core>
<MemPortIdVec></MemPortIdVec>
<condition id="-1">
<or_exp><and_exp></and_exp></or_exp>
</condition>

<Node id="72" bw="8" op_0_bw="8" op_1_bw="17" op_2_bw="32" op_3_bw="32">
<![CDATA[
entry:64 %trunc_ln818_17 = partselect i8 @_ssdm_op_PartSelect.i8.i17.i32.i32, i17 %r_V_12, i32 9, i32 16

]]></Node>
<StgValue><ssdm name="trunc_ln818_17"/></StgValue>
</operation>

<operation id="47" st_id="1" stage="1" lat="1">
<core>NULL</core>
<MemPortIdVec></MemPortIdVec>
<condition id="-1">
<or_exp><and_exp></and_exp></or_exp>
</condition>

<Node id="73" bw="17" op_0_bw="17" op_1_bw="16" op_2_bw="1">
<![CDATA[
entry:65 %shl_ln1273_6 = bitconcatenate i17 @_ssdm_op_BitConcatenate.i17.i16.i1, i16 %p_read316, i1 0

]]></Node>
<StgValue><ssdm name="shl_ln1273_6"/></StgValue>
</operation>

<operation id="48" st_id="1" stage="1" lat="1">
<core>Adder</core>
<MemPortIdVec></MemPortIdVec>
<condition id="-1">
<or_exp><and_exp></and_exp></or_exp>
</condition>

<Node id="74" bw="17" op_0_bw="17" op_1_bw="17">
<![CDATA[
entry:66 %r_V_13 = sub i17 %shl_ln1273_5, i17 %shl_ln1273_6

]]></Node>
<StgValue><ssdm name="r_V_13"/></StgValue>
</operation>

<operation id="49" st_id="1" stage="1" lat="1">
<core>NULL</core>
<MemPortIdVec></MemPortIdVec>
<condition id="-1">
<or_exp><and_exp></and_exp></or_exp>
</condition>

<Node id="75" bw="8" op_0_bw="8" op_1_bw="17" op_2_bw="32" op_3_bw="32">
<![CDATA[
entry:67 %trunc_ln818_18 = partselect i8 @_ssdm_op_PartSelect.i8.i17.i32.i32, i17 %r_V_13, i32 9, i32 16

]]></Node>
<StgValue><ssdm name="trunc_ln818_18"/></StgValue>
</operation>

<operation id="50" st_id="1" stage="1" lat="1">
<core>NULL</core>
<MemPortIdVec></MemPortIdVec>
<condition id="-1">
<or_exp><and_exp></and_exp></or_exp>
</condition>

<Node id="76" bw="8" op_0_bw="8" op_1_bw="17" op_2_bw="32" op_3_bw="32">
<![CDATA[
entry:68 %trunc_ln818_19 = partselect i8 @_ssdm_op_PartSelect.i8.i17.i32.i32, i17 %r_V_14, i32 9, i32 16

]]></Node>
<StgValue><ssdm name="trunc_ln818_19"/></StgValue>
</operation>

<operation id="51" st_id="1" stage="1" lat="1">
<core>NULL</core>
<MemPortIdVec></MemPortIdVec>
<condition id="-1">
<or_exp><and_exp></and_exp></or_exp>
</condition>

<Node id="77" bw="15" op_0_bw="16">
<![CDATA[
entry:69 %trunc_ln1273_5 = trunc i16 %p_read316

]]></Node>
<StgValue><ssdm name="trunc_ln1273_5"/></StgValue>
</operation>

<operation id="52" st_id="1" stage="1" lat="1">
<core>NULL</core>
<MemPortIdVec></MemPortIdVec>
<condition id="-1">
<or_exp><and_exp></and_exp></or_exp>
</condition>

<Node id="78" bw="17" op_0_bw="17" op_1_bw="15" op_2_bw="2">
<![CDATA[
entry:70 %shl_ln1273_7 = bitconcatenate i17 @_ssdm_op_BitConcatenate.i17.i15.i2, i15 %trunc_ln1273_5, i2 0

]]></Node>
<StgValue><ssdm name="shl_ln1273_7"/></StgValue>
</operation>

<operation id="53" st_id="1" stage="1" lat="1">
<core>TAddSub</core>
<MemPortIdVec></MemPortIdVec>
<condition id="-1">
<or_exp><and_exp></and_exp></or_exp>
</condition>

<Node id="79" bw="17" op_0_bw="17" op_1_bw="17">
<![CDATA[
entry:71 %sub_ln1273_12 = sub i17 0, i17 %shl_ln1273_7

]]></Node>
<StgValue><ssdm name="sub_ln1273_12"/></StgValue>
</operation>

<operation id="54" st_id="1" stage="1" lat="1">
<core>TAddSub</core>
<MemPortIdVec></MemPortIdVec>
<condition id="-1">
<or_exp><and_exp></and_exp></or_exp>
</condition>

<Node id="80" bw="17" op_0_bw="17" op_1_bw="17">
<![CDATA[
entry:72 %r_V_15 = sub i17 %sub_ln1273_12, i17 %sext_ln1273_1

]]></Node>
<StgValue><ssdm name="r_V_15"/></StgValue>
</operation>

<operation id="55" st_id="1" stage="1" lat="1">
<core>NULL</core>
<MemPortIdVec></MemPortIdVec>
<condition id="-1">
<or_exp><and_exp></and_exp></or_exp>
</condition>

<Node id="81" bw="8" op_0_bw="8" op_1_bw="17" op_2_bw="32" op_3_bw="32">
<![CDATA[
entry:73 %trunc_ln818_20 = partselect i8 @_ssdm_op_PartSelect.i8.i17.i32.i32, i17 %r_V_15, i32 9, i32 16

]]></Node>
<StgValue><ssdm name="trunc_ln818_20"/></StgValue>
</operation>

<operation id="56" st_id="1" stage="1" lat="1">
<core>Adder</core>
<MemPortIdVec></MemPortIdVec>
<condition id="-1">
<or_exp><and_exp></and_exp></or_exp>
</condition>

<Node id="82" bw="17" op_0_bw="17" op_1_bw="17">
<![CDATA[
entry:74 %r_V_16 = sub i17 %shl_ln1273_7, i17 %sext_ln1273_1

]]></Node>
<StgValue><ssdm name="r_V_16"/></StgValue>
</operation>

<operation id="57" st_id="1" stage="1" lat="1">
<core>NULL</core>
<MemPortIdVec></MemPortIdVec>
<condition id="-1">
<or_exp><and_exp></and_exp></or_exp>
</condition>

<Node id="83" bw="8" op_0_bw="8" op_1_bw="17" op_2_bw="32" op_3_bw="32">
<![CDATA[
entry:75 %trunc_ln818_21 = partselect i8 @_ssdm_op_PartSelect.i8.i17.i32.i32, i17 %r_V_16, i32 9, i32 16

]]></Node>
<StgValue><ssdm name="trunc_ln818_21"/></StgValue>
</operation>

<operation id="58" st_id="1" stage="1" lat="1">
<core>NULL</core>
<MemPortIdVec></MemPortIdVec>
<condition id="-1">
<or_exp><and_exp></and_exp></or_exp>
</condition>

<Node id="84" bw="17" op_0_bw="16">
<![CDATA[
entry:76 %sext_ln1270_2 = sext i16 %p_read_17

]]></Node>
<StgValue><ssdm name="sext_ln1270_2"/></StgValue>
</operation>

<operation id="59" st_id="1" stage="1" lat="1">
<core>NULL</core>
<MemPortIdVec></MemPortIdVec>
<condition id="-1">
<or_exp><and_exp></and_exp></or_exp>
</condition>

<Node id="85" bw="14" op_0_bw="16">
<![CDATA[
entry:77 %trunc_ln1273_6 = trunc i16 %p_read_17

]]></Node>
<StgValue><ssdm name="trunc_ln1273_6"/></StgValue>
</operation>

<operation id="60" st_id="1" stage="1" lat="1">
<core>NULL</core>
<MemPortIdVec></MemPortIdVec>
<condition id="-1">
<or_exp><and_exp></and_exp></or_exp>
</condition>

<Node id="86" bw="17" op_0_bw="17" op_1_bw="14" op_2_bw="3">
<![CDATA[
entry:78 %shl_ln1273_8 = bitconcatenate i17 @_ssdm_op_BitConcatenate.i17.i14.i3, i14 %trunc_ln1273_6, i3 0

]]></Node>
<StgValue><ssdm name="shl_ln1273_8"/></StgValue>
</operation>

<operation id="61" st_id="1" stage="1" lat="1">
<core>Adder</core>
<MemPortIdVec></MemPortIdVec>
<condition id="-1">
<or_exp><and_exp></and_exp></or_exp>
</condition>

<Node id="87" bw="17" op_0_bw="17" op_1_bw="17">
<![CDATA[
entry:79 %r_V_17 = sub i17 0, i17 %shl_ln1273_8

]]></Node>
<StgValue><ssdm name="r_V_17"/></StgValue>
</operation>

<operation id="62" st_id="1" stage="1" lat="1">
<core>NULL</core>
<MemPortIdVec></MemPortIdVec>
<condition id="-1">
<or_exp><and_exp></and_exp></or_exp>
</condition>

<Node id="88" bw="8" op_0_bw="8" op_1_bw="17" op_2_bw="32" op_3_bw="32">
<![CDATA[
entry:80 %trunc_ln818_22 = partselect i8 @_ssdm_op_PartSelect.i8.i17.i32.i32, i17 %r_V_17, i32 9, i32 16

]]></Node>
<StgValue><ssdm name="trunc_ln818_22"/></StgValue>
</operation>

<operation id="63" st_id="1" stage="1" lat="1">
<core>Adder</core>
<MemPortIdVec></MemPortIdVec>
<condition id="-1">
<or_exp><and_exp></and_exp></or_exp>
</condition>

<Node id="89" bw="17" op_0_bw="17" op_1_bw="17">
<![CDATA[
entry:81 %r_V_18 = sub i17 %r_V_17, i17 %sext_ln1270_2

]]></Node>
<StgValue><ssdm name="r_V_18"/></StgValue>
</operation>

<operation id="64" st_id="1" stage="1" lat="1">
<core>NULL</core>
<MemPortIdVec></MemPortIdVec>
<condition id="-1">
<or_exp><and_exp></and_exp></or_exp>
</condition>

<Node id="90" bw="8" op_0_bw="8" op_1_bw="17" op_2_bw="32" op_3_bw="32">
<![CDATA[
entry:82 %trunc_ln818_23 = partselect i8 @_ssdm_op_PartSelect.i8.i17.i32.i32, i17 %r_V_18, i32 9, i32 16

]]></Node>
<StgValue><ssdm name="trunc_ln818_23"/></StgValue>
</operation>

<operation id="65" st_id="1" stage="1" lat="1">
<core>NULL</core>
<MemPortIdVec></MemPortIdVec>
<condition id="-1">
<or_exp><and_exp></and_exp></or_exp>
</condition>

<Node id="91" bw="15" op_0_bw="16">
<![CDATA[
entry:83 %trunc_ln1270_2 = trunc i16 %p_read_17

]]></Node>
<StgValue><ssdm name="trunc_ln1270_2"/></StgValue>
</operation>

<operation id="66" st_id="1" stage="1" lat="1">
<core>NULL</core>
<MemPortIdVec></MemPortIdVec>
<condition id="-1">
<or_exp><and_exp></and_exp></or_exp>
</condition>

<Node id="92" bw="17" op_0_bw="17" op_1_bw="15" op_2_bw="2">
<![CDATA[
entry:84 %p_shl3 = bitconcatenate i17 @_ssdm_op_BitConcatenate.i17.i15.i2, i15 %trunc_ln1270_2, i2 0

]]></Node>
<StgValue><ssdm name="p_shl3"/></StgValue>
</operation>

<operation id="67" st_id="1" stage="1" lat="1">
<core>Adder</core>
<MemPortIdVec></MemPortIdVec>
<condition id="-1">
<or_exp><and_exp></and_exp></or_exp>
</condition>

<Node id="93" bw="17" op_0_bw="17" op_1_bw="17">
<![CDATA[
entry:85 %sub_ln1270_3 = sub i17 %sext_ln1270_2, i17 %p_shl3

]]></Node>
<StgValue><ssdm name="sub_ln1270_3"/></StgValue>
</operation>

<operation id="68" st_id="1" stage="1" lat="1">
<core>NULL</core>
<MemPortIdVec></MemPortIdVec>
<condition id="-1">
<or_exp><and_exp></and_exp></or_exp>
</condition>

<Node id="94" bw="8" op_0_bw="8" op_1_bw="17" op_2_bw="32" op_3_bw="32">
<![CDATA[
entry:86 %trunc_ln818_24 = partselect i8 @_ssdm_op_PartSelect.i8.i17.i32.i32, i17 %sub_ln1270_3, i32 9, i32 16

]]></Node>
<StgValue><ssdm name="trunc_ln818_24"/></StgValue>
</operation>

<operation id="69" st_id="1" stage="1" lat="1">
<core>TAddSub</core>
<MemPortIdVec></MemPortIdVec>
<condition id="-1">
<or_exp><and_exp></and_exp></or_exp>
</condition>

<Node id="95" bw="17" op_0_bw="17" op_1_bw="17">
<![CDATA[
entry:87 %sub_ln1273_17 = sub i17 0, i17 %p_shl3

]]></Node>
<StgValue><ssdm name="sub_ln1273_17"/></StgValue>
</operation>

<operation id="70" st_id="1" stage="1" lat="1">
<core>TAddSub</core>
<MemPortIdVec></MemPortIdVec>
<condition id="-1">
<or_exp><and_exp></and_exp></or_exp>
</condition>

<Node id="96" bw="17" op_0_bw="17" op_1_bw="17">
<![CDATA[
entry:88 %r_V_19 = sub i17 %sub_ln1273_17, i17 %sext_ln1270_2

]]></Node>
<StgValue><ssdm name="r_V_19"/></StgValue>
</operation>

<operation id="71" st_id="1" stage="1" lat="1">
<core>NULL</core>
<MemPortIdVec></MemPortIdVec>
<condition id="-1">
<or_exp><and_exp></and_exp></or_exp>
</condition>

<Node id="97" bw="8" op_0_bw="8" op_1_bw="17" op_2_bw="32" op_3_bw="32">
<![CDATA[
entry:89 %trunc_ln818_25 = partselect i8 @_ssdm_op_PartSelect.i8.i17.i32.i32, i17 %r_V_19, i32 9, i32 16

]]></Node>
<StgValue><ssdm name="trunc_ln818_25"/></StgValue>
</operation>

<operation id="72" st_id="1" stage="1" lat="1">
<core>Adder</core>
<MemPortIdVec></MemPortIdVec>
<condition id="-1">
<or_exp><and_exp></and_exp></or_exp>
</condition>

<Node id="98" bw="17" op_0_bw="17" op_1_bw="17">
<![CDATA[
entry:90 %r_V_20 = add i17 %shl_ln1273_8, i17 %sext_ln1270_2

]]></Node>
<StgValue><ssdm name="r_V_20"/></StgValue>
</operation>

<operation id="73" st_id="1" stage="1" lat="1">
<core>NULL</core>
<MemPortIdVec></MemPortIdVec>
<condition id="-1">
<or_exp><and_exp></and_exp></or_exp>
</condition>

<Node id="99" bw="8" op_0_bw="8" op_1_bw="17" op_2_bw="32" op_3_bw="32">
<![CDATA[
entry:91 %trunc_ln818_26 = partselect i8 @_ssdm_op_PartSelect.i8.i17.i32.i32, i17 %r_V_20, i32 9, i32 16

]]></Node>
<StgValue><ssdm name="trunc_ln818_26"/></StgValue>
</operation>

<operation id="74" st_id="1" stage="1" lat="1">
<core>NULL</core>
<MemPortIdVec></MemPortIdVec>
<condition id="-1">
<or_exp><and_exp></and_exp></or_exp>
</condition>

<Node id="100" bw="17" op_0_bw="17" op_1_bw="16" op_2_bw="1">
<![CDATA[
entry:92 %shl_ln1273_s = bitconcatenate i17 @_ssdm_op_BitConcatenate.i17.i16.i1, i16 %p_read_17, i1 0

]]></Node>
<StgValue><ssdm name="shl_ln1273_s"/></StgValue>
</operation>

<operation id="75" st_id="1" stage="1" lat="1">
<core>Adder</core>
<MemPortIdVec></MemPortIdVec>
<condition id="-1">
<or_exp><and_exp></and_exp></or_exp>
</condition>

<Node id="101" bw="17" op_0_bw="17" op_1_bw="17">
<![CDATA[
entry:93 %r_V_21 = sub i17 %r_V_17, i17 %shl_ln1273_s

]]></Node>
<StgValue><ssdm name="r_V_21"/></StgValue>
</operation>

<operation id="76" st_id="1" stage="1" lat="1">
<core>NULL</core>
<MemPortIdVec></MemPortIdVec>
<condition id="-1">
<or_exp><and_exp></and_exp></or_exp>
</condition>

<Node id="102" bw="8" op_0_bw="8" op_1_bw="17" op_2_bw="32" op_3_bw="32">
<![CDATA[
entry:94 %trunc_ln818_27 = partselect i8 @_ssdm_op_PartSelect.i8.i17.i32.i32, i17 %r_V_21, i32 9, i32 16

]]></Node>
<StgValue><ssdm name="trunc_ln818_27"/></StgValue>
</operation>

<operation id="77" st_id="1" stage="1" lat="1">
<core>NULL</core>
<MemPortIdVec></MemPortIdVec>
<condition id="-1">
<or_exp><and_exp></and_exp></or_exp>
</condition>

<Node id="103" bw="8" op_0_bw="8" op_1_bw="16" op_2_bw="32" op_3_bw="32">
<![CDATA[
entry:95 %trunc_ln818_28 = partselect i8 @_ssdm_op_PartSelect.i8.i16.i32.i32, i16 %p_read_17, i32 7, i32 14

]]></Node>
<StgValue><ssdm name="trunc_ln818_28"/></StgValue>
</operation>

<operation id="78" st_id="1" stage="1" lat="1">
<core>NULL</core>
<MemPortIdVec></MemPortIdVec>
<condition id="-1">
<or_exp><and_exp></and_exp></or_exp>
</condition>

<Node id="104" bw="17" op_0_bw="16">
<![CDATA[
entry:96 %sext_ln1273_2 = sext i16 %p_read_16

]]></Node>
<StgValue><ssdm name="sext_ln1273_2"/></StgValue>
</operation>

<operation id="79" st_id="1" stage="1" lat="1">
<core>NULL</core>
<MemPortIdVec></MemPortIdVec>
<condition id="-1">
<or_exp><and_exp></and_exp></or_exp>
</condition>

<Node id="105" bw="15" op_0_bw="16">
<![CDATA[
entry:97 %trunc_ln1270_3 = trunc i16 %p_read_16

]]></Node>
<StgValue><ssdm name="trunc_ln1270_3"/></StgValue>
</operation>

<operation id="80" st_id="1" stage="1" lat="1">
<core>NULL</core>
<MemPortIdVec></MemPortIdVec>
<condition id="-1">
<or_exp><and_exp></and_exp></or_exp>
</condition>

<Node id="106" bw="17" op_0_bw="17" op_1_bw="15" op_2_bw="2">
<![CDATA[
entry:98 %p_shl1 = bitconcatenate i17 @_ssdm_op_BitConcatenate.i17.i15.i2, i15 %trunc_ln1270_3, i2 0

]]></Node>
<StgValue><ssdm name="p_shl1"/></StgValue>
</operation>

<operation id="81" st_id="1" stage="1" lat="1">
<core>Adder</core>
<MemPortIdVec></MemPortIdVec>
<condition id="-1">
<or_exp><and_exp></and_exp></or_exp>
</condition>

<Node id="107" bw="17" op_0_bw="17" op_1_bw="17">
<![CDATA[
entry:99 %sub_ln1270_4 = sub i17 %sext_ln1273_2, i17 %p_shl1

]]></Node>
<StgValue><ssdm name="sub_ln1270_4"/></StgValue>
</operation>

<operation id="82" st_id="1" stage="1" lat="1">
<core>NULL</core>
<MemPortIdVec></MemPortIdVec>
<condition id="-1">
<or_exp><and_exp></and_exp></or_exp>
</condition>

<Node id="108" bw="8" op_0_bw="8" op_1_bw="17" op_2_bw="32" op_3_bw="32">
<![CDATA[
entry:100 %trunc_ln818_29 = partselect i8 @_ssdm_op_PartSelect.i8.i17.i32.i32, i17 %sub_ln1270_4, i32 9, i32 16

]]></Node>
<StgValue><ssdm name="trunc_ln818_29"/></StgValue>
</operation>

<operation id="83" st_id="1" stage="1" lat="1">
<core>Adder</core>
<MemPortIdVec></MemPortIdVec>
<condition id="-1">
<or_exp><and_exp></and_exp></or_exp>
</condition>

<Node id="109" bw="17" op_0_bw="17" op_1_bw="17">
<![CDATA[
entry:101 %r_V_22 = add i17 %p_shl1, i17 %sext_ln1273_2

]]></Node>
<StgValue><ssdm name="r_V_22"/></StgValue>
</operation>

<operation id="84" st_id="1" stage="1" lat="1">
<core>NULL</core>
<MemPortIdVec></MemPortIdVec>
<condition id="-1">
<or_exp><and_exp></and_exp></or_exp>
</condition>

<Node id="110" bw="8" op_0_bw="8" op_1_bw="17" op_2_bw="32" op_3_bw="32">
<![CDATA[
entry:102 %trunc_ln818_30 = partselect i8 @_ssdm_op_PartSelect.i8.i17.i32.i32, i17 %r_V_22, i32 9, i32 16

]]></Node>
<StgValue><ssdm name="trunc_ln818_30"/></StgValue>
</operation>

<operation id="85" st_id="1" stage="1" lat="1">
<core>NULL</core>
<MemPortIdVec></MemPortIdVec>
<condition id="-1">
<or_exp><and_exp></and_exp></or_exp>
</condition>

<Node id="111" bw="14" op_0_bw="16">
<![CDATA[
entry:103 %trunc_ln1273_7 = trunc i16 %p_read_16

]]></Node>
<StgValue><ssdm name="trunc_ln1273_7"/></StgValue>
</operation>

<operation id="86" st_id="1" stage="1" lat="1">
<core>NULL</core>
<MemPortIdVec></MemPortIdVec>
<condition id="-1">
<or_exp><and_exp></and_exp></or_exp>
</condition>

<Node id="112" bw="17" op_0_bw="17" op_1_bw="14" op_2_bw="3">
<![CDATA[
entry:104 %shl_ln1273_9 = bitconcatenate i17 @_ssdm_op_BitConcatenate.i17.i14.i3, i14 %trunc_ln1273_7, i3 0

]]></Node>
<StgValue><ssdm name="shl_ln1273_9"/></StgValue>
</operation>

<operation id="87" st_id="1" stage="1" lat="1">
<core>NULL</core>
<MemPortIdVec></MemPortIdVec>
<condition id="-1">
<or_exp><and_exp></and_exp></or_exp>
</condition>

<Node id="113" bw="17" op_0_bw="17" op_1_bw="16" op_2_bw="1">
<![CDATA[
entry:105 %shl_ln1273_10 = bitconcatenate i17 @_ssdm_op_BitConcatenate.i17.i16.i1, i16 %p_read_16, i1 0

]]></Node>
<StgValue><ssdm name="shl_ln1273_10"/></StgValue>
</operation>

<operation id="88" st_id="1" stage="1" lat="1">
<core>Adder</core>
<MemPortIdVec></MemPortIdVec>
<condition id="-1">
<or_exp><and_exp></and_exp></or_exp>
</condition>

<Node id="114" bw="17" op_0_bw="17" op_1_bw="17">
<![CDATA[
entry:106 %r_V_23 = add i17 %shl_ln1273_9, i17 %shl_ln1273_10

]]></Node>
<StgValue><ssdm name="r_V_23"/></StgValue>
</operation>

<operation id="89" st_id="1" stage="1" lat="1">
<core>NULL</core>
<MemPortIdVec></MemPortIdVec>
<condition id="-1">
<or_exp><and_exp></and_exp></or_exp>
</condition>

<Node id="115" bw="8" op_0_bw="8" op_1_bw="17" op_2_bw="32" op_3_bw="32">
<![CDATA[
entry:107 %trunc_ln818_31 = partselect i8 @_ssdm_op_PartSelect.i8.i17.i32.i32, i17 %r_V_23, i32 9, i32 16

]]></Node>
<StgValue><ssdm name="trunc_ln818_31"/></StgValue>
</operation>

<operation id="90" st_id="1" stage="1" lat="1">
<core>Adder</core>
<MemPortIdVec></MemPortIdVec>
<condition id="-1">
<or_exp><and_exp></and_exp></or_exp>
</condition>

<Node id="116" bw="17" op_0_bw="17" op_1_bw="17">
<![CDATA[
entry:108 %r_V_24 = add i17 %shl_ln1273_9, i17 %sext_ln1273_2

]]></Node>
<StgValue><ssdm name="r_V_24"/></StgValue>
</operation>

<operation id="91" st_id="1" stage="1" lat="1">
<core>NULL</core>
<MemPortIdVec></MemPortIdVec>
<condition id="-1">
<or_exp><and_exp></and_exp></or_exp>
</condition>

<Node id="117" bw="8" op_0_bw="8" op_1_bw="17" op_2_bw="32" op_3_bw="32">
<![CDATA[
entry:109 %trunc_ln818_32 = partselect i8 @_ssdm_op_PartSelect.i8.i17.i32.i32, i17 %r_V_24, i32 9, i32 16

]]></Node>
<StgValue><ssdm name="trunc_ln818_32"/></StgValue>
</operation>

<operation id="92" st_id="1" stage="1" lat="1">
<core>Adder</core>
<MemPortIdVec></MemPortIdVec>
<condition id="-1">
<or_exp><and_exp></and_exp></or_exp>
</condition>

<Node id="118" bw="17" op_0_bw="17" op_1_bw="17">
<![CDATA[
entry:110 %r_V_25 = sub i17 %shl_ln1273_10, i17 %shl_ln1273_9

]]></Node>
<StgValue><ssdm name="r_V_25"/></StgValue>
</operation>

<operation id="93" st_id="1" stage="1" lat="1">
<core>NULL</core>
<MemPortIdVec></MemPortIdVec>
<condition id="-1">
<or_exp><and_exp></and_exp></or_exp>
</condition>

<Node id="119" bw="8" op_0_bw="8" op_1_bw="17" op_2_bw="32" op_3_bw="32">
<![CDATA[
entry:111 %trunc_ln818_33 = partselect i8 @_ssdm_op_PartSelect.i8.i17.i32.i32, i17 %r_V_25, i32 9, i32 16

]]></Node>
<StgValue><ssdm name="trunc_ln818_33"/></StgValue>
</operation>

<operation id="94" st_id="1" stage="1" lat="1">
<core>NULL</core>
<MemPortIdVec></MemPortIdVec>
<condition id="-1">
<or_exp><and_exp></and_exp></or_exp>
</condition>

<Node id="120" bw="17" op_0_bw="16">
<![CDATA[
entry:112 %sext_ln1270_3 = sext i16 %p_read_15

]]></Node>
<StgValue><ssdm name="sext_ln1270_3"/></StgValue>
</operation>

<operation id="95" st_id="1" stage="1" lat="1">
<core>NULL</core>
<MemPortIdVec></MemPortIdVec>
<condition id="-1">
<or_exp><and_exp></and_exp></or_exp>
</condition>

<Node id="121" bw="15" op_0_bw="16">
<![CDATA[
entry:113 %trunc_ln1273_8 = trunc i16 %p_read_15

]]></Node>
<StgValue><ssdm name="trunc_ln1273_8"/></StgValue>
</operation>

<operation id="96" st_id="1" stage="1" lat="1">
<core>NULL</core>
<MemPortIdVec></MemPortIdVec>
<condition id="-1">
<or_exp><and_exp></and_exp></or_exp>
</condition>

<Node id="122" bw="17" op_0_bw="17" op_1_bw="15" op_2_bw="2">
<![CDATA[
entry:114 %shl_ln1273_11 = bitconcatenate i17 @_ssdm_op_BitConcatenate.i17.i15.i2, i15 %trunc_ln1273_8, i2 0

]]></Node>
<StgValue><ssdm name="shl_ln1273_11"/></StgValue>
</operation>

<operation id="97" st_id="1" stage="1" lat="1">
<core>Adder</core>
<MemPortIdVec></MemPortIdVec>
<condition id="-1">
<or_exp><and_exp></and_exp></or_exp>
</condition>

<Node id="123" bw="17" op_0_bw="17" op_1_bw="17">
<![CDATA[
entry:115 %r_V_28 = sub i17 0, i17 %shl_ln1273_11

]]></Node>
<StgValue><ssdm name="r_V_28"/></StgValue>
</operation>

<operation id="98" st_id="1" stage="1" lat="1">
<core>Adder</core>
<MemPortIdVec></MemPortIdVec>
<condition id="-1">
<or_exp><and_exp></and_exp></or_exp>
</condition>

<Node id="124" bw="17" op_0_bw="17" op_1_bw="17">
<![CDATA[
entry:116 %r_V_26 = sub i17 %r_V_28, i17 %sext_ln1270_3

]]></Node>
<StgValue><ssdm name="r_V_26"/></StgValue>
</operation>

<operation id="99" st_id="1" stage="1" lat="1">
<core>NULL</core>
<MemPortIdVec></MemPortIdVec>
<condition id="-1">
<or_exp><and_exp></and_exp></or_exp>
</condition>

<Node id="125" bw="8" op_0_bw="8" op_1_bw="17" op_2_bw="32" op_3_bw="32">
<![CDATA[
entry:117 %trunc_ln818_34 = partselect i8 @_ssdm_op_PartSelect.i8.i17.i32.i32, i17 %r_V_26, i32 9, i32 16

]]></Node>
<StgValue><ssdm name="trunc_ln818_34"/></StgValue>
</operation>

<operation id="100" st_id="1" stage="1" lat="1">
<core>Adder</core>
<MemPortIdVec></MemPortIdVec>
<condition id="-1">
<or_exp><and_exp></and_exp></or_exp>
</condition>

<Node id="126" bw="17" op_0_bw="17" op_1_bw="17">
<![CDATA[
entry:118 %r_V_27 = sub i17 %shl_ln1273_11, i17 %sext_ln1270_3

]]></Node>
<StgValue><ssdm name="r_V_27"/></StgValue>
</operation>

<operation id="101" st_id="1" stage="1" lat="1">
<core>NULL</core>
<MemPortIdVec></MemPortIdVec>
<condition id="-1">
<or_exp><and_exp></and_exp></or_exp>
</condition>

<Node id="127" bw="8" op_0_bw="8" op_1_bw="17" op_2_bw="32" op_3_bw="32">
<![CDATA[
entry:119 %trunc_ln818_35 = partselect i8 @_ssdm_op_PartSelect.i8.i17.i32.i32, i17 %r_V_27, i32 9, i32 16

]]></Node>
<StgValue><ssdm name="trunc_ln818_35"/></StgValue>
</operation>

<operation id="102" st_id="1" stage="1" lat="1">
<core>NULL</core>
<MemPortIdVec></MemPortIdVec>
<condition id="-1">
<or_exp><and_exp></and_exp></or_exp>
</condition>

<Node id="128" bw="8" op_0_bw="8" op_1_bw="17" op_2_bw="32" op_3_bw="32">
<![CDATA[
entry:120 %trunc_ln818_36 = partselect i8 @_ssdm_op_PartSelect.i8.i17.i32.i32, i17 %r_V_28, i32 9, i32 16

]]></Node>
<StgValue><ssdm name="trunc_ln818_36"/></StgValue>
</operation>

<operation id="103" st_id="1" stage="1" lat="1">
<core>NULL</core>
<MemPortIdVec></MemPortIdVec>
<condition id="-1">
<or_exp><and_exp></and_exp></or_exp>
</condition>

<Node id="129" bw="8" op_0_bw="8" op_1_bw="16" op_2_bw="32" op_3_bw="32">
<![CDATA[
entry:121 %trunc_ln818_37 = partselect i8 @_ssdm_op_PartSelect.i8.i16.i32.i32, i16 %p_read_15, i32 6, i32 13

]]></Node>
<StgValue><ssdm name="trunc_ln818_37"/></StgValue>
</operation>

<operation id="104" st_id="1" stage="1" lat="1">
<core>NULL</core>
<MemPortIdVec></MemPortIdVec>
<condition id="-1">
<or_exp><and_exp></and_exp></or_exp>
</condition>

<Node id="130" bw="17" op_0_bw="17" op_1_bw="16" op_2_bw="1">
<![CDATA[
entry:122 %shl_ln1273_12 = bitconcatenate i17 @_ssdm_op_BitConcatenate.i17.i16.i1, i16 %p_read_15, i1 0

]]></Node>
<StgValue><ssdm name="shl_ln1273_12"/></StgValue>
</operation>

<operation id="105" st_id="1" stage="1" lat="1">
<core>Adder</core>
<MemPortIdVec></MemPortIdVec>
<condition id="-1">
<or_exp><and_exp></and_exp></or_exp>
</condition>

<Node id="131" bw="17" op_0_bw="17" op_1_bw="17">
<![CDATA[
entry:123 %r_V_29 = sub i17 0, i17 %shl_ln1273_12

]]></Node>
<StgValue><ssdm name="r_V_29"/></StgValue>
</operation>

<operation id="106" st_id="1" stage="1" lat="1">
<core>NULL</core>
<MemPortIdVec></MemPortIdVec>
<condition id="-1">
<or_exp><and_exp></and_exp></or_exp>
</condition>

<Node id="132" bw="8" op_0_bw="8" op_1_bw="17" op_2_bw="32" op_3_bw="32">
<![CDATA[
entry:124 %trunc_ln818_38 = partselect i8 @_ssdm_op_PartSelect.i8.i17.i32.i32, i17 %r_V_29, i32 9, i32 16

]]></Node>
<StgValue><ssdm name="trunc_ln818_38"/></StgValue>
</operation>

<operation id="107" st_id="1" stage="1" lat="1">
<core>NULL</core>
<MemPortIdVec></MemPortIdVec>
<condition id="-1">
<or_exp><and_exp></and_exp></or_exp>
</condition>

<Node id="133" bw="14" op_0_bw="16">
<![CDATA[
entry:125 %trunc_ln1273_9 = trunc i16 %p_read_15

]]></Node>
<StgValue><ssdm name="trunc_ln1273_9"/></StgValue>
</operation>

<operation id="108" st_id="1" stage="1" lat="1">
<core>NULL</core>
<MemPortIdVec></MemPortIdVec>
<condition id="-1">
<or_exp><and_exp></and_exp></or_exp>
</condition>

<Node id="134" bw="17" op_0_bw="17" op_1_bw="14" op_2_bw="3">
<![CDATA[
entry:126 %shl_ln1273_13 = bitconcatenate i17 @_ssdm_op_BitConcatenate.i17.i14.i3, i14 %trunc_ln1273_9, i3 0

]]></Node>
<StgValue><ssdm name="shl_ln1273_13"/></StgValue>
</operation>

<operation id="109" st_id="1" stage="1" lat="1">
<core>Adder</core>
<MemPortIdVec></MemPortIdVec>
<condition id="-1">
<or_exp><and_exp></and_exp></or_exp>
</condition>

<Node id="135" bw="17" op_0_bw="17" op_1_bw="17">
<![CDATA[
entry:127 %r_V_30 = sub i17 %shl_ln1273_13, i17 %shl_ln1273_12

]]></Node>
<StgValue><ssdm name="r_V_30"/></StgValue>
</operation>

<operation id="110" st_id="1" stage="1" lat="1">
<core>NULL</core>
<MemPortIdVec></MemPortIdVec>
<condition id="-1">
<or_exp><and_exp></and_exp></or_exp>
</condition>

<Node id="136" bw="8" op_0_bw="8" op_1_bw="17" op_2_bw="32" op_3_bw="32">
<![CDATA[
entry:128 %trunc_ln818_39 = partselect i8 @_ssdm_op_PartSelect.i8.i17.i32.i32, i17 %r_V_30, i32 9, i32 16

]]></Node>
<StgValue><ssdm name="trunc_ln818_39"/></StgValue>
</operation>

<operation id="111" st_id="1" stage="1" lat="1">
<core>Adder</core>
<MemPortIdVec></MemPortIdVec>
<condition id="-1">
<or_exp><and_exp></and_exp></or_exp>
</condition>

<Node id="137" bw="17" op_0_bw="17" op_1_bw="17">
<![CDATA[
entry:129 %r_V_31 = add i17 %shl_ln1273_13, i17 %sext_ln1270_3

]]></Node>
<StgValue><ssdm name="r_V_31"/></StgValue>
</operation>

<operation id="112" st_id="1" stage="1" lat="1">
<core>NULL</core>
<MemPortIdVec></MemPortIdVec>
<condition id="-1">
<or_exp><and_exp></and_exp></or_exp>
</condition>

<Node id="138" bw="8" op_0_bw="8" op_1_bw="17" op_2_bw="32" op_3_bw="32">
<![CDATA[
entry:130 %trunc_ln818_40 = partselect i8 @_ssdm_op_PartSelect.i8.i17.i32.i32, i17 %r_V_31, i32 9, i32 16

]]></Node>
<StgValue><ssdm name="trunc_ln818_40"/></StgValue>
</operation>

<operation id="113" st_id="1" stage="1" lat="1">
<core>TAddSub</core>
<MemPortIdVec></MemPortIdVec>
<condition id="-1">
<or_exp><and_exp></and_exp></or_exp>
</condition>

<Node id="139" bw="17" op_0_bw="17" op_1_bw="17">
<![CDATA[
entry:131 %sub_ln1273_26 = sub i17 0, i17 %shl_ln1273_13

]]></Node>
<StgValue><ssdm name="sub_ln1273_26"/></StgValue>
</operation>

<operation id="114" st_id="1" stage="1" lat="1">
<core>TAddSub</core>
<MemPortIdVec></MemPortIdVec>
<condition id="-1">
<or_exp><and_exp></and_exp></or_exp>
</condition>

<Node id="140" bw="17" op_0_bw="17" op_1_bw="17">
<![CDATA[
entry:132 %r_V_32 = sub i17 %sub_ln1273_26, i17 %shl_ln1273_12

]]></Node>
<StgValue><ssdm name="r_V_32"/></StgValue>
</operation>

<operation id="115" st_id="1" stage="1" lat="1">
<core>NULL</core>
<MemPortIdVec></MemPortIdVec>
<condition id="-1">
<or_exp><and_exp></and_exp></or_exp>
</condition>

<Node id="141" bw="8" op_0_bw="8" op_1_bw="17" op_2_bw="32" op_3_bw="32">
<![CDATA[
entry:133 %trunc_ln818_41 = partselect i8 @_ssdm_op_PartSelect.i8.i17.i32.i32, i17 %r_V_32, i32 9, i32 16

]]></Node>
<StgValue><ssdm name="trunc_ln818_41"/></StgValue>
</operation>

<operation id="116" st_id="1" stage="1" lat="1">
<core>Adder</core>
<MemPortIdVec></MemPortIdVec>
<condition id="-1">
<or_exp><and_exp></and_exp></or_exp>
</condition>

<Node id="142" bw="17" op_0_bw="17" op_1_bw="17">
<![CDATA[
entry:134 %sub_ln1270_5 = sub i17 %sext_ln1270_3, i17 %shl_ln1273_13

]]></Node>
<StgValue><ssdm name="sub_ln1270_5"/></StgValue>
</operation>

<operation id="117" st_id="1" stage="1" lat="1">
<core>NULL</core>
<MemPortIdVec></MemPortIdVec>
<condition id="-1">
<or_exp><and_exp></and_exp></or_exp>
</condition>

<Node id="143" bw="8" op_0_bw="8" op_1_bw="17" op_2_bw="32" op_3_bw="32">
<![CDATA[
entry:135 %trunc_ln818_42 = partselect i8 @_ssdm_op_PartSelect.i8.i17.i32.i32, i17 %sub_ln1270_5, i32 9, i32 16

]]></Node>
<StgValue><ssdm name="trunc_ln818_42"/></StgValue>
</operation>

<operation id="118" st_id="1" stage="1" lat="1">
<core>Adder</core>
<MemPortIdVec></MemPortIdVec>
<condition id="-1">
<or_exp><and_exp></and_exp></or_exp>
</condition>

<Node id="171" bw="8" op_0_bw="8" op_1_bw="8">
<![CDATA[
entry:163 %add_ln813_27 = add i8 %trunc_ln818_31, i8 %trunc_ln818_40

]]></Node>
<StgValue><ssdm name="add_ln813_27"/></StgValue>
</operation>
</state>

<state id="2" st_id="2">

<operation id="119" st_id="2" stage="1" lat="1">
<core>NULL</core>
<MemPortIdVec></MemPortIdVec>
<condition id="-1">
<or_exp><and_exp></and_exp></or_exp>
</condition>

<Node id="17" bw="17" op_0_bw="16">
<![CDATA[
entry:9 %sext_ln1270 = sext i16 %p_read13

]]></Node>
<StgValue><ssdm name="sext_ln1270"/></StgValue>
</operation>

<operation id="120" st_id="2" stage="1" lat="1">
<core>NULL</core>
<MemPortIdVec></MemPortIdVec>
<condition id="-1">
<or_exp><and_exp></and_exp></or_exp>
</condition>

<Node id="19" bw="17" op_0_bw="17" op_1_bw="14" op_2_bw="3">
<![CDATA[
entry:11 %shl_ln = bitconcatenate i17 @_ssdm_op_BitConcatenate.i17.i14.i3, i14 %trunc_ln1273, i3 0

]]></Node>
<StgValue><ssdm name="shl_ln"/></StgValue>
</operation>

<operation id="121" st_id="2" stage="1" lat="1">
<core>NULL</core>
<MemPortIdVec></MemPortIdVec>
<condition id="-1">
<or_exp><and_exp></and_exp></or_exp>
</condition>

<Node id="20" bw="17" op_0_bw="17" op_1_bw="16" op_2_bw="1">
<![CDATA[
entry:12 %shl_ln1273_1 = bitconcatenate i17 @_ssdm_op_BitConcatenate.i17.i16.i1, i16 %p_read13, i1 0

]]></Node>
<StgValue><ssdm name="shl_ln1273_1"/></StgValue>
</operation>

<operation id="122" st_id="2" stage="1" lat="1">
<core>Adder</core>
<MemPortIdVec></MemPortIdVec>
<condition id="-1">
<or_exp><and_exp></and_exp></or_exp>
</condition>

<Node id="21" bw="17" op_0_bw="17" op_1_bw="17">
<![CDATA[
entry:13 %r_V = sub i17 %shl_ln, i17 %shl_ln1273_1

]]></Node>
<StgValue><ssdm name="r_V"/></StgValue>
</operation>

<operation id="123" st_id="2" stage="1" lat="1">
<core>NULL</core>
<MemPortIdVec></MemPortIdVec>
<condition id="-1">
<or_exp><and_exp></and_exp></or_exp>
</condition>

<Node id="22" bw="8" op_0_bw="8" op_1_bw="17" op_2_bw="32" op_3_bw="32">
<![CDATA[
entry:14 %trunc_ln = partselect i8 @_ssdm_op_PartSelect.i8.i17.i32.i32, i17 %r_V, i32 9, i32 16

]]></Node>
<StgValue><ssdm name="trunc_ln"/></StgValue>
</operation>

<operation id="124" st_id="2" stage="1" lat="1">
<core>NULL</core>
<MemPortIdVec></MemPortIdVec>
<condition id="-1">
<or_exp><and_exp></and_exp></or_exp>
</condition>

<Node id="24" bw="17" op_0_bw="17" op_1_bw="15" op_2_bw="2">
<![CDATA[
entry:16 %shl_ln1273_2 = bitconcatenate i17 @_ssdm_op_BitConcatenate.i17.i15.i2, i15 %trunc_ln1273_1, i2 0

]]></Node>
<StgValue><ssdm name="shl_ln1273_2"/></StgValue>
</operation>

<operation id="125" st_id="2" stage="1" lat="1">
<core>Adder</core>
<MemPortIdVec></MemPortIdVec>
<condition id="-1">
<or_exp><and_exp></and_exp></or_exp>
</condition>

<Node id="25" bw="17" op_0_bw="17" op_1_bw="17">
<![CDATA[
entry:17 %r_V_2 = sub i17 0, i17 %shl_ln1273_2

]]></Node>
<StgValue><ssdm name="r_V_2"/></StgValue>
</operation>

<operation id="126" st_id="2" stage="1" lat="1">
<core>NULL</core>
<MemPortIdVec></MemPortIdVec>
<condition id="-1">
<or_exp><and_exp></and_exp></or_exp>
</condition>

<Node id="26" bw="8" op_0_bw="8" op_1_bw="17" op_2_bw="32" op_3_bw="32">
<![CDATA[
entry:18 %trunc_ln818_1 = partselect i8 @_ssdm_op_PartSelect.i8.i17.i32.i32, i17 %r_V_2, i32 9, i32 16

]]></Node>
<StgValue><ssdm name="trunc_ln818_1"/></StgValue>
</operation>

<operation id="127" st_id="2" stage="1" lat="1">
<core>Adder</core>
<MemPortIdVec></MemPortIdVec>
<condition id="-1">
<or_exp><and_exp></and_exp></or_exp>
</condition>

<Node id="27" bw="17" op_0_bw="17" op_1_bw="17">
<![CDATA[
entry:19 %r_V_3 = sub i17 0, i17 %shl_ln1273_1

]]></Node>
<StgValue><ssdm name="r_V_3"/></StgValue>
</operation>

<operation id="128" st_id="2" stage="1" lat="1">
<core>NULL</core>
<MemPortIdVec></MemPortIdVec>
<condition id="-1">
<or_exp><and_exp></and_exp></or_exp>
</condition>

<Node id="28" bw="8" op_0_bw="8" op_1_bw="17" op_2_bw="32" op_3_bw="32">
<![CDATA[
entry:20 %trunc_ln818_2 = partselect i8 @_ssdm_op_PartSelect.i8.i17.i32.i32, i17 %r_V_3, i32 9, i32 16

]]></Node>
<StgValue><ssdm name="trunc_ln818_2"/></StgValue>
</operation>

<operation id="129" st_id="2" stage="1" lat="1">
<core>TAddSub</core>
<MemPortIdVec></MemPortIdVec>
<condition id="-1">
<or_exp><and_exp></and_exp></or_exp>
</condition>

<Node id="29" bw="17" op_0_bw="17" op_1_bw="17">
<![CDATA[
entry:21 %sub_ln1273 = sub i17 0, i17 %shl_ln

]]></Node>
<StgValue><ssdm name="sub_ln1273"/></StgValue>
</operation>

<operation id="130" st_id="2" stage="1" lat="1">
<core>TAddSub</core>
<MemPortIdVec></MemPortIdVec>
<condition id="-1">
<or_exp><and_exp></and_exp></or_exp>
</condition>

<Node id="30" bw="17" op_0_bw="17" op_1_bw="17">
<![CDATA[
entry:22 %r_V_4 = sub i17 %sub_ln1273, i17 %shl_ln1273_1

]]></Node>
<StgValue><ssdm name="r_V_4"/></StgValue>
</operation>

<operation id="131" st_id="2" stage="1" lat="1">
<core>NULL</core>
<MemPortIdVec></MemPortIdVec>
<condition id="-1">
<or_exp><and_exp></and_exp></or_exp>
</condition>

<Node id="31" bw="8" op_0_bw="8" op_1_bw="17" op_2_bw="32" op_3_bw="32">
<![CDATA[
entry:23 %trunc_ln818_3 = partselect i8 @_ssdm_op_PartSelect.i8.i17.i32.i32, i17 %r_V_4, i32 9, i32 16

]]></Node>
<StgValue><ssdm name="trunc_ln818_3"/></StgValue>
</operation>

<operation id="132" st_id="2" stage="1" lat="1">
<core>Adder</core>
<MemPortIdVec></MemPortIdVec>
<condition id="-1">
<or_exp><and_exp></and_exp></or_exp>
</condition>

<Node id="32" bw="17" op_0_bw="17" op_1_bw="17">
<![CDATA[
entry:24 %r_V_5 = sub i17 %shl_ln1273_1, i17 %shl_ln

]]></Node>
<StgValue><ssdm name="r_V_5"/></StgValue>
</operation>

<operation id="133" st_id="2" stage="1" lat="1">
<core>NULL</core>
<MemPortIdVec></MemPortIdVec>
<condition id="-1">
<or_exp><and_exp></and_exp></or_exp>
</condition>

<Node id="33" bw="8" op_0_bw="8" op_1_bw="17" op_2_bw="32" op_3_bw="32">
<![CDATA[
entry:25 %trunc_ln818_4 = partselect i8 @_ssdm_op_PartSelect.i8.i17.i32.i32, i17 %r_V_5, i32 9, i32 16

]]></Node>
<StgValue><ssdm name="trunc_ln818_4"/></StgValue>
</operation>

<operation id="134" st_id="2" stage="1" lat="1">
<core>Adder</core>
<MemPortIdVec></MemPortIdVec>
<condition id="-1">
<or_exp><and_exp></and_exp></or_exp>
</condition>

<Node id="34" bw="17" op_0_bw="17" op_1_bw="17">
<![CDATA[
entry:26 %sub_ln1270 = sub i17 %sext_ln1270, i17 %shl_ln1273_2

]]></Node>
<StgValue><ssdm name="sub_ln1270"/></StgValue>
</operation>

<operation id="135" st_id="2" stage="1" lat="1">
<core>NULL</core>
<MemPortIdVec></MemPortIdVec>
<condition id="-1">
<or_exp><and_exp></and_exp></or_exp>
</condition>

<Node id="35" bw="8" op_0_bw="8" op_1_bw="17" op_2_bw="32" op_3_bw="32">
<![CDATA[
entry:27 %trunc_ln818_5 = partselect i8 @_ssdm_op_PartSelect.i8.i17.i32.i32, i17 %sub_ln1270, i32 9, i32 16

]]></Node>
<StgValue><ssdm name="trunc_ln818_5"/></StgValue>
</operation>

<operation id="136" st_id="2" stage="1" lat="1">
<core>Adder</core>
<MemPortIdVec></MemPortIdVec>
<condition id="-1">
<or_exp><and_exp></and_exp></or_exp>
</condition>

<Node id="36" bw="17" op_0_bw="17" op_1_bw="17">
<![CDATA[
entry:28 %r_V_6 = sub i17 %shl_ln, i17 %sext_ln1270

]]></Node>
<StgValue><ssdm name="r_V_6"/></StgValue>
</operation>

<operation id="137" st_id="2" stage="1" lat="1">
<core>NULL</core>
<MemPortIdVec></MemPortIdVec>
<condition id="-1">
<or_exp><and_exp></and_exp></or_exp>
</condition>

<Node id="37" bw="8" op_0_bw="8" op_1_bw="17" op_2_bw="32" op_3_bw="32">
<![CDATA[
entry:29 %trunc_ln818_6 = partselect i8 @_ssdm_op_PartSelect.i8.i17.i32.i32, i17 %r_V_6, i32 9, i32 16

]]></Node>
<StgValue><ssdm name="trunc_ln818_6"/></StgValue>
</operation>

<operation id="138" st_id="2" stage="1" lat="1">
<core>Adder</core>
<MemPortIdVec></MemPortIdVec>
<condition id="-1">
<or_exp><and_exp></and_exp></or_exp>
</condition>

<Node id="38" bw="17" op_0_bw="17" op_1_bw="17">
<![CDATA[
entry:30 %r_V_7 = add i17 %shl_ln1273_2, i17 %sext_ln1270

]]></Node>
<StgValue><ssdm name="r_V_7"/></StgValue>
</operation>

<operation id="139" st_id="2" stage="1" lat="1">
<core>NULL</core>
<MemPortIdVec></MemPortIdVec>
<condition id="-1">
<or_exp><and_exp></and_exp></or_exp>
</condition>

<Node id="39" bw="8" op_0_bw="8" op_1_bw="17" op_2_bw="32" op_3_bw="32">
<![CDATA[
entry:31 %trunc_ln818_7 = partselect i8 @_ssdm_op_PartSelect.i8.i17.i32.i32, i17 %r_V_7, i32 9, i32 16

]]></Node>
<StgValue><ssdm name="trunc_ln818_7"/></StgValue>
</operation>

<operation id="140" st_id="2" stage="1" lat="1">
<core>Adder</core>
<MemPortIdVec></MemPortIdVec>
<condition id="-1">
<or_exp><and_exp></and_exp></or_exp>
</condition>

<Node id="144" bw="8" op_0_bw="8" op_1_bw="8">
<![CDATA[
entry:136 %add_ln813 = add i8 %trunc_ln, i8 %trunc_ln818_12

]]></Node>
<StgValue><ssdm name="add_ln813"/></StgValue>
</operation>

<operation id="141" st_id="2" stage="1" lat="1">
<core>Adder</core>
<MemPortIdVec></MemPortIdVec>
<condition id="-1">
<or_exp><and_exp></and_exp></or_exp>
</condition>

<Node id="146" bw="8" op_0_bw="8" op_1_bw="8">
<![CDATA[
entry:138 %add_ln813_2 = add i8 %trunc_ln818_16, i8 %trunc_ln818_34

]]></Node>
<StgValue><ssdm name="add_ln813_2"/></StgValue>
</operation>

<operation id="142" st_id="2" stage="1" lat="1">
<core>TAddSub</core>
<MemPortIdVec></MemPortIdVec>
<condition id="-1">
<or_exp><and_exp></and_exp></or_exp>
</condition>

<Node id="149" bw="8" op_0_bw="8" op_1_bw="8">
<![CDATA[
entry:141 %add_ln813_5 = add i8 %trunc_ln818_29, i8 %trunc_ln818_35

]]></Node>
<StgValue><ssdm name="add_ln813_5"/></StgValue>
</operation>

<operation id="143" st_id="2" stage="1" lat="1">
<core>TAddSub</core>
<MemPortIdVec></MemPortIdVec>
<condition id="-1">
<or_exp><and_exp></and_exp></or_exp>
</condition>

<Node id="150" bw="8" op_0_bw="8" op_1_bw="8">
<![CDATA[
entry:142 %add_ln813_6 = add i8 %add_ln813_5, i8 %trunc_ln818_22

]]></Node>
<StgValue><ssdm name="add_ln813_6"/></StgValue>
</operation>

<operation id="144" st_id="2" stage="1" lat="1">
<core>TAddSub</core>
<MemPortIdVec></MemPortIdVec>
<condition id="-1">
<or_exp><and_exp></and_exp></or_exp>
</condition>

<Node id="153" bw="8" op_0_bw="8" op_1_bw="8">
<![CDATA[
entry:145 %add_ln813_9 = add i8 %trunc_ln818_23, i8 %trunc_ln818_36

]]></Node>
<StgValue><ssdm name="add_ln813_9"/></StgValue>
</operation>

<operation id="145" st_id="2" stage="1" lat="1">
<core>TAddSub</core>
<MemPortIdVec></MemPortIdVec>
<condition id="-1">
<or_exp><and_exp></and_exp></or_exp>
</condition>

<Node id="154" bw="8" op_0_bw="8" op_1_bw="8">
<![CDATA[
entry:146 %add_ln813_10 = add i8 %add_ln813_9, i8 %trunc_ln818_17

]]></Node>
<StgValue><ssdm name="add_ln813_10"/></StgValue>
</operation>

<operation id="146" st_id="2" stage="1" lat="1">
<core>TAddSub</core>
<MemPortIdVec></MemPortIdVec>
<condition id="-1">
<or_exp><and_exp></and_exp></or_exp>
</condition>

<Node id="157" bw="8" op_0_bw="8" op_1_bw="8">
<![CDATA[
entry:149 %add_ln813_13 = add i8 %trunc_ln818_37, i8 %trunc_ln818_30

]]></Node>
<StgValue><ssdm name="add_ln813_13"/></StgValue>
</operation>

<operation id="147" st_id="2" stage="1" lat="1">
<core>TAddSub</core>
<MemPortIdVec></MemPortIdVec>
<condition id="-1">
<or_exp><and_exp></and_exp></or_exp>
</condition>

<Node id="158" bw="8" op_0_bw="8" op_1_bw="8">
<![CDATA[
entry:150 %add_ln813_14 = add i8 %add_ln813_13, i8 %trunc_ln818_24

]]></Node>
<StgValue><ssdm name="add_ln813_14"/></StgValue>
</operation>

<operation id="148" st_id="2" stage="1" lat="1">
<core>TAddSub</core>
<MemPortIdVec></MemPortIdVec>
<condition id="-1">
<or_exp><and_exp></and_exp></or_exp>
</condition>

<Node id="161" bw="8" op_0_bw="8" op_1_bw="8">
<![CDATA[
entry:153 %add_ln813_17 = add i8 %trunc_ln818_25, i8 %trunc_ln818_38

]]></Node>
<StgValue><ssdm name="add_ln813_17"/></StgValue>
</operation>

<operation id="149" st_id="2" stage="1" lat="1">
<core>TAddSub</core>
<MemPortIdVec></MemPortIdVec>
<condition id="-1">
<or_exp><and_exp></and_exp></or_exp>
</condition>

<Node id="162" bw="8" op_0_bw="8" op_1_bw="8">
<![CDATA[
entry:154 %add_ln813_18 = add i8 %add_ln813_17, i8 %trunc_ln818_19

]]></Node>
<StgValue><ssdm name="add_ln813_18"/></StgValue>
</operation>

<operation id="150" st_id="2" stage="1" lat="1">
<core>TAddSub</core>
<MemPortIdVec></MemPortIdVec>
<condition id="-1">
<or_exp><and_exp></and_exp></or_exp>
</condition>

<Node id="165" bw="8" op_0_bw="8" op_1_bw="8">
<![CDATA[
entry:157 %add_ln813_21 = add i8 %trunc_ln818_29, i8 %trunc_ln818_39

]]></Node>
<StgValue><ssdm name="add_ln813_21"/></StgValue>
</operation>

<operation id="151" st_id="2" stage="1" lat="1">
<core>TAddSub</core>
<MemPortIdVec></MemPortIdVec>
<condition id="-1">
<or_exp><and_exp></and_exp></or_exp>
</condition>

<Node id="166" bw="8" op_0_bw="8" op_1_bw="8">
<![CDATA[
entry:158 %add_ln813_22 = add i8 %add_ln813_21, i8 %trunc_ln818_24

]]></Node>
<StgValue><ssdm name="add_ln813_22"/></StgValue>
</operation>

<operation id="152" st_id="2" stage="1" lat="1">
<core>Adder</core>
<MemPortIdVec></MemPortIdVec>
<condition id="-1">
<or_exp><and_exp></and_exp></or_exp>
</condition>

<Node id="168" bw="8" op_0_bw="8" op_1_bw="8">
<![CDATA[
entry:160 %add_ln813_24 = add i8 %trunc_ln818_13, i8 %trunc_ln818_8

]]></Node>
<StgValue><ssdm name="add_ln813_24"/></StgValue>
</operation>

<operation id="153" st_id="2" stage="1" lat="1">
<core>TAddSub</core>
<MemPortIdVec></MemPortIdVec>
<condition id="-1">
<or_exp><and_exp></and_exp></or_exp>
</condition>

<Node id="170" bw="8" op_0_bw="8" op_1_bw="8">
<![CDATA[
entry:162 %add_ln813_26 = add i8 %trunc_ln818_20, i8 %trunc_ln818_26

]]></Node>
<StgValue><ssdm name="add_ln813_26"/></StgValue>
</operation>

<operation id="154" st_id="2" stage="1" lat="1">
<core>TAddSub</core>
<MemPortIdVec></MemPortIdVec>
<condition id="-1">
<or_exp><and_exp></and_exp></or_exp>
</condition>

<Node id="172" bw="8" op_0_bw="8" op_1_bw="8">
<![CDATA[
entry:164 %add_ln813_28 = add i8 %add_ln813_27, i8 %add_ln813_26

]]></Node>
<StgValue><ssdm name="add_ln813_28"/></StgValue>
</operation>

<operation id="155" st_id="2" stage="1" lat="1">
<core>Adder</core>
<MemPortIdVec></MemPortIdVec>
<condition id="-1">
<or_exp><and_exp></and_exp></or_exp>
</condition>

<Node id="174" bw="8" op_0_bw="8" op_1_bw="8">
<![CDATA[
entry:166 %add_ln813_30 = add i8 %trunc_ln818_6, i8 %trunc_ln818_14

]]></Node>
<StgValue><ssdm name="add_ln813_30"/></StgValue>
</operation>

<operation id="156" st_id="2" stage="1" lat="1">
<core>Adder</core>
<MemPortIdVec></MemPortIdVec>
<condition id="-1">
<or_exp><and_exp></and_exp></or_exp>
</condition>

<Node id="177" bw="8" op_0_bw="8" op_1_bw="8">
<![CDATA[
entry:169 %add_ln813_33 = add i8 %trunc_ln818_32, i8 %trunc_ln818_41

]]></Node>
<StgValue><ssdm name="add_ln813_33"/></StgValue>
</operation>

<operation id="157" st_id="2" stage="1" lat="1">
<core>Adder</core>
<MemPortIdVec></MemPortIdVec>
<condition id="-1">
<or_exp><and_exp></and_exp></or_exp>
</condition>

<Node id="180" bw="8" op_0_bw="8" op_1_bw="8">
<![CDATA[
entry:172 %add_ln813_36 = add i8 %trunc_ln818_11, i8 %trunc_ln818_15

]]></Node>
<StgValue><ssdm name="add_ln813_36"/></StgValue>
</operation>

<operation id="158" st_id="2" stage="1" lat="1">
<core>TAddSub</core>
<MemPortIdVec></MemPortIdVec>
<condition id="-1">
<or_exp><and_exp></and_exp></or_exp>
</condition>

<Node id="182" bw="8" op_0_bw="8" op_1_bw="8">
<![CDATA[
entry:174 %add_ln813_38 = add i8 %trunc_ln818_33, i8 %trunc_ln818_42

]]></Node>
<StgValue><ssdm name="add_ln813_38"/></StgValue>
</operation>

<operation id="159" st_id="2" stage="1" lat="1">
<core>TAddSub</core>
<MemPortIdVec></MemPortIdVec>
<condition id="-1">
<or_exp><and_exp></and_exp></or_exp>
</condition>

<Node id="183" bw="8" op_0_bw="8" op_1_bw="8">
<![CDATA[
entry:175 %add_ln813_39 = add i8 %add_ln813_38, i8 %trunc_ln818_28

]]></Node>
<StgValue><ssdm name="add_ln813_39"/></StgValue>
</operation>
</state>

<state id="3" st_id="3">

<operation id="160" st_id="3" stage="1" lat="1">
<core>TAddSub</core>
<MemPortIdVec></MemPortIdVec>
<condition id="-1">
<or_exp><and_exp></and_exp></or_exp>
</condition>

<Node id="145" bw="8" op_0_bw="8" op_1_bw="8">
<![CDATA[
entry:137 %add_ln813_1 = add i8 %add_ln813, i8 %trunc_ln818_8

]]></Node>
<StgValue><ssdm name="add_ln813_1"/></StgValue>
</operation>

<operation id="161" st_id="3" stage="1" lat="1">
<core>TAddSub</core>
<MemPortIdVec></MemPortIdVec>
<condition id="-1">
<or_exp><and_exp></and_exp></or_exp>
</condition>

<Node id="147" bw="8" op_0_bw="8" op_1_bw="8">
<![CDATA[
entry:139 %x_V = add i8 %add_ln813_2, i8 %add_ln813_1

]]></Node>
<StgValue><ssdm name="x_V"/></StgValue>
</operation>

<operation id="162" st_id="3" stage="1" lat="1">
<core>TAddSub</core>
<MemPortIdVec></MemPortIdVec>
<condition id="-1">
<or_exp><and_exp></and_exp></or_exp>
</condition>

<Node id="148" bw="8" op_0_bw="8" op_1_bw="8">
<![CDATA[
entry:140 %add_ln813_4 = add i8 %add_ln813, i8 %trunc_ln818_9

]]></Node>
<StgValue><ssdm name="add_ln813_4"/></StgValue>
</operation>

<operation id="163" st_id="3" stage="1" lat="1">
<core>TAddSub</core>
<MemPortIdVec></MemPortIdVec>
<condition id="-1">
<or_exp><and_exp></and_exp></or_exp>
</condition>

<Node id="151" bw="8" op_0_bw="8" op_1_bw="8">
<![CDATA[
entry:143 %x_V_1 = add i8 %add_ln813_6, i8 %add_ln813_4

]]></Node>
<StgValue><ssdm name="x_V_1"/></StgValue>
</operation>

<operation id="164" st_id="3" stage="1" lat="1">
<core>TAddSub</core>
<MemPortIdVec></MemPortIdVec>
<condition id="-1">
<or_exp><and_exp></and_exp></or_exp>
</condition>

<Node id="152" bw="8" op_0_bw="8" op_1_bw="8">
<![CDATA[
entry:144 %add_ln813_8 = add i8 %trunc_ln818_s, i8 %trunc_ln818_1

]]></Node>
<StgValue><ssdm name="add_ln813_8"/></StgValue>
</operation>

<operation id="165" st_id="3" stage="1" lat="1">
<core>TAddSub</core>
<MemPortIdVec></MemPortIdVec>
<condition id="-1">
<or_exp><and_exp></and_exp></or_exp>
</condition>

<Node id="155" bw="8" op_0_bw="8" op_1_bw="8">
<![CDATA[
entry:147 %x_V_2 = add i8 %add_ln813_10, i8 %add_ln813_8

]]></Node>
<StgValue><ssdm name="x_V_2"/></StgValue>
</operation>

<operation id="166" st_id="3" stage="1" lat="1">
<core>TAddSub</core>
<MemPortIdVec></MemPortIdVec>
<condition id="-1">
<or_exp><and_exp></and_exp></or_exp>
</condition>

<Node id="156" bw="8" op_0_bw="8" op_1_bw="8">
<![CDATA[
entry:148 %add_ln813_12 = add i8 %trunc_ln818_18, i8 %trunc_ln818_2

]]></Node>
<StgValue><ssdm name="add_ln813_12"/></StgValue>
</operation>

<operation id="167" st_id="3" stage="1" lat="1">
<core>TAddSub</core>
<MemPortIdVec></MemPortIdVec>
<condition id="-1">
<or_exp><and_exp></and_exp></or_exp>
</condition>

<Node id="159" bw="8" op_0_bw="8" op_1_bw="8">
<![CDATA[
entry:151 %x_V_3 = add i8 %add_ln813_14, i8 %add_ln813_12

]]></Node>
<StgValue><ssdm name="x_V_3"/></StgValue>
</operation>

<operation id="168" st_id="3" stage="1" lat="1">
<core>TAddSub</core>
<MemPortIdVec></MemPortIdVec>
<condition id="-1">
<or_exp><and_exp></and_exp></or_exp>
</condition>

<Node id="160" bw="8" op_0_bw="8" op_1_bw="8">
<![CDATA[
entry:152 %add_ln813_16 = add i8 %trunc_ln818_3, i8 %trunc_ln818_10

]]></Node>
<StgValue><ssdm name="add_ln813_16"/></StgValue>
</operation>

<operation id="169" st_id="3" stage="1" lat="1">
<core>TAddSub</core>
<MemPortIdVec></MemPortIdVec>
<condition id="-1">
<or_exp><and_exp></and_exp></or_exp>
</condition>

<Node id="163" bw="8" op_0_bw="8" op_1_bw="8">
<![CDATA[
entry:155 %x_V_4 = add i8 %add_ln813_18, i8 %add_ln813_16

]]></Node>
<StgValue><ssdm name="x_V_4"/></StgValue>
</operation>

<operation id="170" st_id="3" stage="1" lat="1">
<core>TAddSub</core>
<MemPortIdVec></MemPortIdVec>
<condition id="-1">
<or_exp><and_exp></and_exp></or_exp>
</condition>

<Node id="164" bw="8" op_0_bw="8" op_1_bw="8">
<![CDATA[
entry:156 %add_ln813_20 = add i8 %trunc_ln818_8, i8 %trunc_ln818_4

]]></Node>
<StgValue><ssdm name="add_ln813_20"/></StgValue>
</operation>

<operation id="171" st_id="3" stage="1" lat="1">
<core>TAddSub</core>
<MemPortIdVec></MemPortIdVec>
<condition id="-1">
<or_exp><and_exp></and_exp></or_exp>
</condition>

<Node id="167" bw="8" op_0_bw="8" op_1_bw="8">
<![CDATA[
entry:159 %x_V_5 = add i8 %add_ln813_22, i8 %add_ln813_20

]]></Node>
<StgValue><ssdm name="x_V_5"/></StgValue>
</operation>

<operation id="172" st_id="3" stage="1" lat="1">
<core>TAddSub</core>
<MemPortIdVec></MemPortIdVec>
<condition id="-1">
<or_exp><and_exp></and_exp></or_exp>
</condition>

<Node id="169" bw="8" op_0_bw="8" op_1_bw="8">
<![CDATA[
entry:161 %add_ln813_25 = add i8 %add_ln813_24, i8 %trunc_ln818_5

]]></Node>
<StgValue><ssdm name="add_ln813_25"/></StgValue>
</operation>

<operation id="173" st_id="3" stage="1" lat="1">
<core>TAddSub</core>
<MemPortIdVec></MemPortIdVec>
<condition id="-1">
<or_exp><and_exp></and_exp></or_exp>
</condition>

<Node id="173" bw="8" op_0_bw="8" op_1_bw="8">
<![CDATA[
entry:165 %x_V_6 = add i8 %add_ln813_28, i8 %add_ln813_25

]]></Node>
<StgValue><ssdm name="x_V_6"/></StgValue>
</operation>

<operation id="174" st_id="3" stage="1" lat="1">
<core>TAddSub</core>
<MemPortIdVec></MemPortIdVec>
<condition id="-1">
<or_exp><and_exp></and_exp></or_exp>
</condition>

<Node id="176" bw="8" op_0_bw="8" op_1_bw="8">
<![CDATA[
entry:168 %add_ln813_32 = add i8 %trunc_ln818_21, i8 %trunc_ln818_27

]]></Node>
<StgValue><ssdm name="add_ln813_32"/></StgValue>
</operation>

<operation id="175" st_id="3" stage="1" lat="1">
<core>TAddSub</core>
<MemPortIdVec></MemPortIdVec>
<condition id="-1">
<or_exp><and_exp></and_exp></or_exp>
</condition>

<Node id="178" bw="8" op_0_bw="8" op_1_bw="8">
<![CDATA[
entry:170 %add_ln813_34 = add i8 %add_ln813_33, i8 %add_ln813_32

]]></Node>
<StgValue><ssdm name="add_ln813_34"/></StgValue>
</operation>

<operation id="176" st_id="3" stage="1" lat="1">
<core>TAddSub</core>
<MemPortIdVec></MemPortIdVec>
<condition id="-1">
<or_exp><and_exp></and_exp></or_exp>
</condition>

<Node id="181" bw="8" op_0_bw="8" op_1_bw="8">
<![CDATA[
entry:173 %add_ln813_37 = add i8 %add_ln813_36, i8 %trunc_ln818_7

]]></Node>
<StgValue><ssdm name="add_ln813_37"/></StgValue>
</operation>

<operation id="177" st_id="3" stage="1" lat="1">
<core>TAddSub</core>
<MemPortIdVec></MemPortIdVec>
<condition id="-1">
<or_exp><and_exp></and_exp></or_exp>
</condition>

<Node id="184" bw="8" op_0_bw="8" op_1_bw="8">
<![CDATA[
entry:176 %x_V_8 = add i8 %add_ln813_39, i8 %add_ln813_37

]]></Node>
<StgValue><ssdm name="x_V_8"/></StgValue>
</operation>
</state>

<state id="4" st_id="4">

<operation id="178" st_id="4" stage="1" lat="1">
<core>NULL</core>
<MemPortIdVec></MemPortIdVec>
<condition id="-1">
<or_exp><and_exp></and_exp></or_exp>
</condition>

<Node id="8" bw="0" op_0_bw="0" op_1_bw="32" op_2_bw="32" op_3_bw="32" op_4_bw="32" op_5_bw="0">
<![CDATA[
entry:0 %specpipeline_ln33 = specpipeline void @_ssdm_op_SpecPipeline, i32 1, i32 0, i32 0, i32 0, void @empty_0

]]></Node>
<StgValue><ssdm name="specpipeline_ln33"/></StgValue>
</operation>

<operation id="179" st_id="4" stage="1" lat="1">
<core>NULL</core>
<MemPortIdVec></MemPortIdVec>
<condition id="-1">
<or_exp><and_exp></and_exp></or_exp>
</condition>

<Node id="9" bw="0" op_0_bw="0" op_1_bw="64" op_2_bw="0" op_3_bw="0" op_4_bw="0" op_5_bw="0">
<![CDATA[
entry:1 %specresourcelimit_ln33 = specresourcelimit void @_ssdm_op_SpecResourceLimit, i64 56, void @empty_1, void @empty_0, void @empty_0, void @empty_0

]]></Node>
<StgValue><ssdm name="specresourcelimit_ln33"/></StgValue>
</operation>

<operation id="180" st_id="4" stage="1" lat="1">
<core>TAddSub</core>
<MemPortIdVec></MemPortIdVec>
<condition id="-1">
<or_exp><and_exp></and_exp></or_exp>
</condition>

<Node id="175" bw="8" op_0_bw="8" op_1_bw="8">
<![CDATA[
entry:167 %add_ln813_31 = add i8 %add_ln813_30, i8 %trunc_ln818_9

]]></Node>
<StgValue><ssdm name="add_ln813_31"/></StgValue>
</operation>

<operation id="181" st_id="4" stage="1" lat="1">
<core>TAddSub</core>
<MemPortIdVec></MemPortIdVec>
<condition id="-1">
<or_exp><and_exp></and_exp></or_exp>
</condition>

<Node id="179" bw="8" op_0_bw="8" op_1_bw="8">
<![CDATA[
entry:171 %x_V_7 = add i8 %add_ln813_34, i8 %add_ln813_31

]]></Node>
<StgValue><ssdm name="x_V_7"/></StgValue>
</operation>

<operation id="182" st_id="4" stage="1" lat="1">
<core>NULL</core>
<MemPortIdVec></MemPortIdVec>
<condition id="-1">
<or_exp><and_exp></and_exp></or_exp>
</condition>

<Node id="185" bw="14" op_0_bw="14" op_1_bw="8" op_2_bw="6">
<![CDATA[
entry:177 %shl_ln1 = bitconcatenate i14 @_ssdm_op_BitConcatenate.i14.i8.i6, i8 %x_V, i6 0

]]></Node>
<StgValue><ssdm name="shl_ln1"/></StgValue>
</operation>

<operation id="183" st_id="4" stage="1" lat="1">
<core>NULL</core>
<MemPortIdVec></MemPortIdVec>
<condition id="-1">
<or_exp><and_exp></and_exp></or_exp>
</condition>

<Node id="186" bw="16" op_0_bw="14">
<![CDATA[
entry:178 %sext_ln110 = sext i14 %shl_ln1

]]></Node>
<StgValue><ssdm name="sext_ln110"/></StgValue>
</operation>

<operation id="184" st_id="4" stage="1" lat="1">
<core>NULL</core>
<MemPortIdVec></MemPortIdVec>
<condition id="-1">
<or_exp><and_exp></and_exp></or_exp>
</condition>

<Node id="187" bw="14" op_0_bw="14" op_1_bw="8" op_2_bw="6">
<![CDATA[
entry:179 %shl_ln838_1 = bitconcatenate i14 @_ssdm_op_BitConcatenate.i14.i8.i6, i8 %x_V_1, i6 0

]]></Node>
<StgValue><ssdm name="shl_ln838_1"/></StgValue>
</operation>

<operation id="185" st_id="4" stage="1" lat="1">
<core>NULL</core>
<MemPortIdVec></MemPortIdVec>
<condition id="-1">
<or_exp><and_exp></and_exp></or_exp>
</condition>

<Node id="188" bw="16" op_0_bw="14">
<![CDATA[
entry:180 %sext_ln110_1 = sext i14 %shl_ln838_1

]]></Node>
<StgValue><ssdm name="sext_ln110_1"/></StgValue>
</operation>

<operation id="186" st_id="4" stage="1" lat="1">
<core>NULL</core>
<MemPortIdVec></MemPortIdVec>
<condition id="-1">
<or_exp><and_exp></and_exp></or_exp>
</condition>

<Node id="189" bw="14" op_0_bw="14" op_1_bw="8" op_2_bw="6">
<![CDATA[
entry:181 %shl_ln838_2 = bitconcatenate i14 @_ssdm_op_BitConcatenate.i14.i8.i6, i8 %x_V_2, i6 0

]]></Node>
<StgValue><ssdm name="shl_ln838_2"/></StgValue>
</operation>

<operation id="187" st_id="4" stage="1" lat="1">
<core>NULL</core>
<MemPortIdVec></MemPortIdVec>
<condition id="-1">
<or_exp><and_exp></and_exp></or_exp>
</condition>

<Node id="190" bw="16" op_0_bw="14">
<![CDATA[
entry:182 %sext_ln110_2 = sext i14 %shl_ln838_2

]]></Node>
<StgValue><ssdm name="sext_ln110_2"/></StgValue>
</operation>

<operation id="188" st_id="4" stage="1" lat="1">
<core>NULL</core>
<MemPortIdVec></MemPortIdVec>
<condition id="-1">
<or_exp><and_exp></and_exp></or_exp>
</condition>

<Node id="191" bw="14" op_0_bw="14" op_1_bw="8" op_2_bw="6">
<![CDATA[
entry:183 %shl_ln838_3 = bitconcatenate i14 @_ssdm_op_BitConcatenate.i14.i8.i6, i8 %x_V_3, i6 0

]]></Node>
<StgValue><ssdm name="shl_ln838_3"/></StgValue>
</operation>

<operation id="189" st_id="4" stage="1" lat="1">
<core>NULL</core>
<MemPortIdVec></MemPortIdVec>
<condition id="-1">
<or_exp><and_exp></and_exp></or_exp>
</condition>

<Node id="192" bw="16" op_0_bw="14">
<![CDATA[
entry:184 %sext_ln110_3 = sext i14 %shl_ln838_3

]]></Node>
<StgValue><ssdm name="sext_ln110_3"/></StgValue>
</operation>

<operation id="190" st_id="4" stage="1" lat="1">
<core>NULL</core>
<MemPortIdVec></MemPortIdVec>
<condition id="-1">
<or_exp><and_exp></and_exp></or_exp>
</condition>

<Node id="193" bw="14" op_0_bw="14" op_1_bw="8" op_2_bw="6">
<![CDATA[
entry:185 %shl_ln838_4 = bitconcatenate i14 @_ssdm_op_BitConcatenate.i14.i8.i6, i8 %x_V_4, i6 0

]]></Node>
<StgValue><ssdm name="shl_ln838_4"/></StgValue>
</operation>

<operation id="191" st_id="4" stage="1" lat="1">
<core>NULL</core>
<MemPortIdVec></MemPortIdVec>
<condition id="-1">
<or_exp><and_exp></and_exp></or_exp>
</condition>

<Node id="194" bw="16" op_0_bw="14">
<![CDATA[
entry:186 %sext_ln110_4 = sext i14 %shl_ln838_4

]]></Node>
<StgValue><ssdm name="sext_ln110_4"/></StgValue>
</operation>

<operation id="192" st_id="4" stage="1" lat="1">
<core>NULL</core>
<MemPortIdVec></MemPortIdVec>
<condition id="-1">
<or_exp><and_exp></and_exp></or_exp>
</condition>

<Node id="195" bw="14" op_0_bw="14" op_1_bw="8" op_2_bw="6">
<![CDATA[
entry:187 %shl_ln838_5 = bitconcatenate i14 @_ssdm_op_BitConcatenate.i14.i8.i6, i8 %x_V_5, i6 0

]]></Node>
<StgValue><ssdm name="shl_ln838_5"/></StgValue>
</operation>

<operation id="193" st_id="4" stage="1" lat="1">
<core>NULL</core>
<MemPortIdVec></MemPortIdVec>
<condition id="-1">
<or_exp><and_exp></and_exp></or_exp>
</condition>

<Node id="196" bw="16" op_0_bw="14">
<![CDATA[
entry:188 %sext_ln110_5 = sext i14 %shl_ln838_5

]]></Node>
<StgValue><ssdm name="sext_ln110_5"/></StgValue>
</operation>

<operation id="194" st_id="4" stage="1" lat="1">
<core>NULL</core>
<MemPortIdVec></MemPortIdVec>
<condition id="-1">
<or_exp><and_exp></and_exp></or_exp>
</condition>

<Node id="197" bw="14" op_0_bw="14" op_1_bw="8" op_2_bw="6">
<![CDATA[
entry:189 %shl_ln838_6 = bitconcatenate i14 @_ssdm_op_BitConcatenate.i14.i8.i6, i8 %x_V_6, i6 0

]]></Node>
<StgValue><ssdm name="shl_ln838_6"/></StgValue>
</operation>

<operation id="195" st_id="4" stage="1" lat="1">
<core>NULL</core>
<MemPortIdVec></MemPortIdVec>
<condition id="-1">
<or_exp><and_exp></and_exp></or_exp>
</condition>

<Node id="198" bw="16" op_0_bw="14">
<![CDATA[
entry:190 %sext_ln110_6 = sext i14 %shl_ln838_6

]]></Node>
<StgValue><ssdm name="sext_ln110_6"/></StgValue>
</operation>

<operation id="196" st_id="4" stage="1" lat="1">
<core>NULL</core>
<MemPortIdVec></MemPortIdVec>
<condition id="-1">
<or_exp><and_exp></and_exp></or_exp>
</condition>

<Node id="199" bw="14" op_0_bw="14" op_1_bw="8" op_2_bw="6">
<![CDATA[
entry:191 %shl_ln838_7 = bitconcatenate i14 @_ssdm_op_BitConcatenate.i14.i8.i6, i8 %x_V_7, i6 0

]]></Node>
<StgValue><ssdm name="shl_ln838_7"/></StgValue>
</operation>

<operation id="197" st_id="4" stage="1" lat="1">
<core>NULL</core>
<MemPortIdVec></MemPortIdVec>
<condition id="-1">
<or_exp><and_exp></and_exp></or_exp>
</condition>

<Node id="200" bw="16" op_0_bw="14">
<![CDATA[
entry:192 %sext_ln110_7 = sext i14 %shl_ln838_7

]]></Node>
<StgValue><ssdm name="sext_ln110_7"/></StgValue>
</operation>

<operation id="198" st_id="4" stage="1" lat="1">
<core>NULL</core>
<MemPortIdVec></MemPortIdVec>
<condition id="-1">
<or_exp><and_exp></and_exp></or_exp>
</condition>

<Node id="201" bw="14" op_0_bw="14" op_1_bw="8" op_2_bw="6">
<![CDATA[
entry:193 %shl_ln838_8 = bitconcatenate i14 @_ssdm_op_BitConcatenate.i14.i8.i6, i8 %x_V_8, i6 0

]]></Node>
<StgValue><ssdm name="shl_ln838_8"/></StgValue>
</operation>

<operation id="199" st_id="4" stage="1" lat="1">
<core>NULL</core>
<MemPortIdVec></MemPortIdVec>
<condition id="-1">
<or_exp><and_exp></and_exp></or_exp>
</condition>

<Node id="202" bw="16" op_0_bw="14">
<![CDATA[
entry:194 %shl_ln838_8_cast = sext i14 %shl_ln838_8

]]></Node>
<StgValue><ssdm name="shl_ln838_8_cast"/></StgValue>
</operation>

<operation id="200" st_id="4" stage="1" lat="1">
<core>NULL</core>
<MemPortIdVec></MemPortIdVec>
<condition id="-1">
<or_exp><and_exp></and_exp></or_exp>
</condition>

<Node id="203" bw="144" op_0_bw="144" op_1_bw="16">
<![CDATA[
entry:195 %newret = insertvalue i144 <undef>, i16 %sext_ln110

]]></Node>
<StgValue><ssdm name="newret"/></StgValue>
</operation>

<operation id="201" st_id="4" stage="1" lat="1">
<core>NULL</core>
<MemPortIdVec></MemPortIdVec>
<condition id="-1">
<or_exp><and_exp></and_exp></or_exp>
</condition>

<Node id="204" bw="144" op_0_bw="144" op_1_bw="16">
<![CDATA[
entry:196 %newret2 = insertvalue i144 %newret, i16 %sext_ln110_1

]]></Node>
<StgValue><ssdm name="newret2"/></StgValue>
</operation>

<operation id="202" st_id="4" stage="1" lat="1">
<core>NULL</core>
<MemPortIdVec></MemPortIdVec>
<condition id="-1">
<or_exp><and_exp></and_exp></or_exp>
</condition>

<Node id="205" bw="144" op_0_bw="144" op_1_bw="16">
<![CDATA[
entry:197 %newret4 = insertvalue i144 %newret2, i16 %sext_ln110_2

]]></Node>
<StgValue><ssdm name="newret4"/></StgValue>
</operation>

<operation id="203" st_id="4" stage="1" lat="1">
<core>NULL</core>
<MemPortIdVec></MemPortIdVec>
<condition id="-1">
<or_exp><and_exp></and_exp></or_exp>
</condition>

<Node id="206" bw="144" op_0_bw="144" op_1_bw="16">
<![CDATA[
entry:198 %newret6 = insertvalue i144 %newret4, i16 %sext_ln110_3

]]></Node>
<StgValue><ssdm name="newret6"/></StgValue>
</operation>

<operation id="204" st_id="4" stage="1" lat="1">
<core>NULL</core>
<MemPortIdVec></MemPortIdVec>
<condition id="-1">
<or_exp><and_exp></and_exp></or_exp>
</condition>

<Node id="207" bw="144" op_0_bw="144" op_1_bw="16">
<![CDATA[
entry:199 %newret8 = insertvalue i144 %newret6, i16 %sext_ln110_4

]]></Node>
<StgValue><ssdm name="newret8"/></StgValue>
</operation>

<operation id="205" st_id="4" stage="1" lat="1">
<core>NULL</core>
<MemPortIdVec></MemPortIdVec>
<condition id="-1">
<or_exp><and_exp></and_exp></or_exp>
</condition>

<Node id="208" bw="144" op_0_bw="144" op_1_bw="16">
<![CDATA[
entry:200 %newret9 = insertvalue i144 %newret8, i16 %sext_ln110_5

]]></Node>
<StgValue><ssdm name="newret9"/></StgValue>
</operation>

<operation id="206" st_id="4" stage="1" lat="1">
<core>NULL</core>
<MemPortIdVec></MemPortIdVec>
<condition id="-1">
<or_exp><and_exp></and_exp></or_exp>
</condition>

<Node id="209" bw="144" op_0_bw="144" op_1_bw="16">
<![CDATA[
entry:201 %newret1 = insertvalue i144 %newret9, i16 %sext_ln110_6

]]></Node>
<StgValue><ssdm name="newret1"/></StgValue>
</operation>

<operation id="207" st_id="4" stage="1" lat="1">
<core>NULL</core>
<MemPortIdVec></MemPortIdVec>
<condition id="-1">
<or_exp><and_exp></and_exp></or_exp>
</condition>

<Node id="210" bw="144" op_0_bw="144" op_1_bw="16">
<![CDATA[
entry:202 %newret3 = insertvalue i144 %newret1, i16 %sext_ln110_7

]]></Node>
<StgValue><ssdm name="newret3"/></StgValue>
</operation>

<operation id="208" st_id="4" stage="1" lat="1">
<core>NULL</core>
<MemPortIdVec></MemPortIdVec>
<condition id="-1">
<or_exp><and_exp></and_exp></or_exp>
</condition>

<Node id="211" bw="144" op_0_bw="144" op_1_bw="16">
<![CDATA[
entry:203 %newret5 = insertvalue i144 %newret3, i16 %shl_ln838_8_cast

]]></Node>
<StgValue><ssdm name="newret5"/></StgValue>
</operation>

<operation id="209" st_id="4" stage="1" lat="1">
<core>NULL</core>
<MemPortIdVec></MemPortIdVec>
<condition id="-1">
<or_exp><and_exp></and_exp></or_exp>
</condition>

<Node id="212" bw="0" op_0_bw="144">
<![CDATA[
entry:204 %ret_ln110 = ret i144 %newret5

]]></Node>
<StgValue><ssdm name="ret_ln110"/></StgValue>
</operation>
</state>
</state_list>


<ports>
</ports>


<dataflows>
</dataflows>


</stg>
