<profile>

<section name = "Vitis HLS Report for 'dense_latency_ap_fixed_16_7_4_0_0_ap_fixed_16_6_5_3_0_config5_s'" level="0">
<item name = "Date">Thu Apr 10 01:00:36 2025
</item>
<item name = "Version">2022.2 (Build 3670227 on Oct 13 2022)</item>
<item name = "Project">myproject_prj</item>
<item name = "Solution">solution1 (Vivado IP Flow Target)</item>
<item name = "Product family">zynq</item>
<item name = "Target device">xc7z020-clg484-1</item>
</section>

<section name = "Performance Estimates" level="0">
<item name = "Timing">
<section name = "" level="1">
<item name = "Summary"><table name="" hasTotal="0">
<keys size="4">Clock, Target, Estimated, Uncertainty</keys>
<column name="ap_clk">5.00 ns, 4.022 ns, 0.62 ns</column>
</table>
</item>
</section>
</item>
<item name = "Latency">
<section name = "" level="1">
<item name = "Summary"><table name="" hasTotal="0">
<keys size="8">, min, max, min, max, min, max, Type</keys>
<column name="">3, 3, 15.000 ns, 15.000 ns, 1, 1, yes</column>
</table>
</item>
<item name = "Detail">
<section name = "" level="1">
<item name = "Instance"><table name="" hasTotal="0">
<keys size="9">Instance, Module, min, max, min, max, min, max, Type</keys>
</table>
</item>
<item name = "Loop"><table name="" hasTotal="0">
<keys size="8">Loop Name, min, max, Latency, achieved, target, Count, Pipelined</keys>
</table>
</item>
</section>
</item>
</section>
</item>
</section>

<section name = "Utilization Estimates" level="0">
<item name = "Summary"><table name="" hasTotal="1">
<keys size="6">Name, BRAM_18K, DSP, FF, LUT, URAM</keys>
<column name="DSP">-, -, -, -, -</column>
<column name="Expression">-, -, 0, 637, -</column>
<column name="FIFO">-, -, -, -, -</column>
<column name="Instance">-, 4, 268, 8, -</column>
<column name="Memory">-, -, -, -, -</column>
<column name="Multiplexer">-, -, -, 98, -</column>
<column name="Register">-, -, 717, 96, -</column>
<specialColumn name="Available">280, 220, 106400, 53200, 0</specialColumn>
<specialColumn name="Utilization (%)">0, 1, ~0, 1, 0</specialColumn>
</table>
</item>
<item name = "Detail">
<section name = "" level="1">
<item name = "Instance"><table name="" hasTotal="1">
<keys size="7">Instance, Module, BRAM_18K, DSP, FF, LUT, URAM</keys>
<column name="mul_16s_5ns_17_2_0_U9">mul_16s_5ns_17_2_0, 0, 1, 67, 2, 0</column>
<column name="mul_16s_5ns_17_2_0_U10">mul_16s_5ns_17_2_0, 0, 1, 67, 2, 0</column>
<column name="mul_16s_5s_17_2_0_U7">mul_16s_5s_17_2_0, 0, 1, 67, 2, 0</column>
<column name="mul_16s_5s_17_2_0_U8">mul_16s_5s_17_2_0, 0, 1, 67, 2, 0</column>
</table>
</item>
<item name = "DSP"><table name="" hasTotal="0">
<keys size="3">Instance, Module, Expression</keys>
</table>
</item>
<item name = "Memory"><table name="" hasTotal="1">
<keys size="10">Memory, Module, BRAM_18K, FF, LUT, URAM, Words, Bits, Banks, W*Bits*Banks</keys>
</table>
</item>
<item name = "FIFO"><table name="" hasTotal="1">
<keys size="8">Name, BRAM_18K, FF, LUT, URAM, Depth, Bits, Size:D*B</keys>
</table>
</item>
<item name = "Expression"><table name="" hasTotal="1">
<keys size="7">Variable Name, Operation, DSP, FF, LUT, Bitwidth P0, Bitwidth P1</keys>
<column name="add_ln813_42_fu_1146_p2">+, 0, 0, 8, 8, 8</column>
<column name="add_ln813_45_fu_1209_p2">+, 0, 0, 8, 8, 8</column>
<column name="add_ln813_46_fu_1173_p2">+, 0, 0, 8, 8, 8</column>
<column name="add_ln813_47_fu_1177_p2">+, 0, 0, 8, 8, 8</column>
<column name="add_ln813_49_fu_1218_p2">+, 0, 0, 8, 8, 8</column>
<column name="add_ln813_50_fu_1182_p2">+, 0, 0, 8, 8, 8</column>
<column name="add_ln813_51_fu_1186_p2">+, 0, 0, 8, 8, 8</column>
<column name="add_ln813_53_fu_1227_p2">+, 0, 0, 8, 8, 8</column>
<column name="add_ln813_54_fu_1191_p2">+, 0, 0, 8, 8, 8</column>
<column name="add_ln813_55_fu_1195_p2">+, 0, 0, 8, 8, 8</column>
<column name="add_ln813_57_fu_1200_p2">+, 0, 0, 8, 8, 8</column>
<column name="add_ln813_58_fu_1155_p2">+, 0, 0, 8, 8, 8</column>
<column name="add_ln813_59_fu_1159_p2">+, 0, 0, 8, 8, 8</column>
<column name="add_ln813_fu_1164_p2">+, 0, 0, 8, 8, 8</column>
<column name="r_V_33_fu_650_p2">+, 0, 0, 24, 17, 17</column>
<column name="r_V_34_fu_686_p2">+, 0, 0, 24, 17, 17</column>
<column name="r_V_35_fu_702_p2">+, 0, 0, 24, 17, 17</column>
<column name="r_V_37_fu_1068_p2">+, 0, 0, 24, 17, 17</column>
<column name="r_V_39_fu_764_p2">+, 0, 0, 24, 17, 17</column>
<column name="r_V_42_fu_844_p2">+, 0, 0, 24, 17, 17</column>
<column name="x_V_10_fu_1150_p2">+, 0, 0, 8, 8, 8</column>
<column name="x_V_11_fu_1222_p2">+, 0, 0, 8, 8, 8</column>
<column name="x_V_12_fu_1231_p2">+, 0, 0, 8, 8, 8</column>
<column name="x_V_13_fu_1019_p2">+, 0, 0, 15, 8, 8</column>
<column name="x_V_14_fu_1204_p2">+, 0, 0, 8, 8, 8</column>
<column name="x_V_9_fu_1213_p2">+, 0, 0, 8, 8, 8</column>
<column name="x_V_fu_1168_p2">+, 0, 0, 8, 8, 8</column>
<column name="r_V_36_fu_1045_p2">-, 0, 0, 24, 1, 17</column>
<column name="r_V_38_fu_1100_p2">-, 0, 0, 24, 17, 17</column>
<column name="r_V_40_fu_798_p2">-, 0, 0, 17, 17, 17</column>
<column name="r_V_41_fu_820_p2">-, 0, 0, 17, 17, 17</column>
<column name="r_V_43_fu_878_p2">-, 0, 0, 24, 17, 17</column>
<column name="r_V_44_fu_912_p2">-, 0, 0, 17, 17, 17</column>
<column name="r_V_45_fu_936_p2">-, 0, 0, 24, 17, 17</column>
<column name="r_V_46_fu_952_p2">-, 0, 0, 24, 1, 17</column>
<column name="r_V_47_fu_1003_p2">-, 0, 0, 24, 17, 17</column>
<column name="r_V_fu_634_p2">-, 0, 0, 24, 17, 17</column>
<column name="sub_ln1270_6_fu_1084_p2">-, 0, 0, 24, 17, 17</column>
<column name="sub_ln1270_fu_718_p2">-, 0, 0, 24, 17, 17</column>
<column name="sub_ln1273_29_fu_814_p2">-, 0, 0, 17, 1, 17</column>
<column name="sub_ln1273_32_fu_906_p2">-, 0, 0, 17, 1, 17</column>
<column name="sub_ln1273_fu_792_p2">-, 0, 0, 17, 1, 17</column>
</table>
</item>
<item name = "Multiplexer"><table name="" hasTotal="1">
<keys size="5">Name, LUT, Input Size, Bits, Total Bits</keys>
<column name="ap_return_0">14, 3, 16, 48</column>
<column name="ap_return_1">14, 3, 16, 48</column>
<column name="ap_return_2">14, 3, 16, 48</column>
<column name="ap_return_3">14, 3, 16, 48</column>
<column name="ap_return_4">14, 3, 16, 48</column>
<column name="ap_return_5">14, 3, 16, 48</column>
<column name="ap_return_6">14, 3, 16, 48</column>
</table>
</item>
<item name = "Register"><table name="" hasTotal="1">
<keys size="5">Name, FF, LUT, Bits, Const Bits</keys>
<column name="add_ln813_47_reg_1519">8, 0, 8, 0</column>
<column name="add_ln813_51_reg_1524">8, 0, 8, 0</column>
<column name="add_ln813_55_reg_1529">8, 0, 8, 0</column>
<column name="add_ln813_59_reg_1509">8, 0, 8, 0</column>
<column name="ap_ce_reg">1, 0, 1, 0</column>
<column name="ap_return_0_int_reg">10, 0, 16, 6</column>
<column name="ap_return_1_int_reg">10, 0, 16, 6</column>
<column name="ap_return_2_int_reg">10, 0, 16, 6</column>
<column name="ap_return_3_int_reg">10, 0, 16, 6</column>
<column name="ap_return_4_int_reg">10, 0, 16, 6</column>
<column name="ap_return_5_int_reg">10, 0, 16, 6</column>
<column name="ap_return_6_int_reg">10, 0, 16, 6</column>
<column name="p_read16_reg_1358">16, 0, 16, 0</column>
<column name="p_read1_int_reg">16, 0, 16, 0</column>
<column name="p_read2_int_reg">16, 0, 16, 0</column>
<column name="p_read3_int_reg">16, 0, 16, 0</column>
<column name="p_read4_int_reg">16, 0, 16, 0</column>
<column name="p_read_int_reg">16, 0, 16, 0</column>
<column name="trunc_ln1273_12_reg_1390">14, 0, 14, 0</column>
<column name="trunc_ln818_43_reg_1463">8, 0, 8, 0</column>
<column name="trunc_ln818_43_reg_1463_pp0_iter2_reg">8, 0, 8, 0</column>
<column name="trunc_ln818_44_reg_1380">8, 0, 8, 0</column>
<column name="trunc_ln818_46_reg_1385">8, 0, 8, 0</column>
<column name="trunc_ln818_46_reg_1385_pp0_iter1_reg">8, 0, 8, 0</column>
<column name="trunc_ln818_47_reg_1468">8, 0, 8, 0</column>
<column name="trunc_ln818_47_reg_1468_pp0_iter2_reg">8, 0, 8, 0</column>
<column name="trunc_ln818_48_reg_1473">8, 0, 8, 0</column>
<column name="trunc_ln818_48_reg_1473_pp0_iter2_reg">8, 0, 8, 0</column>
<column name="trunc_ln818_49_reg_1478">8, 0, 8, 0</column>
<column name="trunc_ln818_49_reg_1478_pp0_iter2_reg">8, 0, 8, 0</column>
<column name="trunc_ln818_50_reg_1483">8, 0, 8, 0</column>
<column name="trunc_ln818_51_reg_1395">8, 0, 8, 0</column>
<column name="trunc_ln818_51_reg_1395_pp0_iter1_reg">8, 0, 8, 0</column>
<column name="trunc_ln818_52_reg_1400">8, 0, 8, 0</column>
<column name="trunc_ln818_52_reg_1400_pp0_iter1_reg">8, 0, 8, 0</column>
<column name="trunc_ln818_53_reg_1406">8, 0, 8, 0</column>
<column name="trunc_ln818_53_reg_1406_pp0_iter1_reg">8, 0, 8, 0</column>
<column name="trunc_ln818_54_reg_1411">8, 0, 8, 0</column>
<column name="trunc_ln818_54_reg_1411_pp0_iter1_reg">8, 0, 8, 0</column>
<column name="trunc_ln818_55_reg_1416">8, 0, 8, 0</column>
<column name="trunc_ln818_56_reg_1488">8, 0, 8, 0</column>
<column name="trunc_ln818_57_reg_1494">8, 0, 8, 0</column>
<column name="trunc_ln818_58_reg_1427">8, 0, 8, 0</column>
<column name="trunc_ln818_59_reg_1432">8, 0, 8, 0</column>
<column name="trunc_ln818_59_reg_1432_pp0_iter1_reg">8, 0, 8, 0</column>
<column name="trunc_ln818_61_reg_1437">8, 0, 8, 0</column>
<column name="trunc_ln818_62_reg_1442">8, 0, 8, 0</column>
<column name="trunc_ln818_62_reg_1442_pp0_iter1_reg">8, 0, 8, 0</column>
<column name="trunc_ln818_63_reg_1499">8, 0, 8, 0</column>
<column name="trunc_ln818_64_reg_1453">8, 0, 8, 0</column>
<column name="trunc_ln818_s_reg_1374">8, 0, 8, 0</column>
<column name="trunc_ln_reg_1369">8, 0, 8, 0</column>
<column name="trunc_ln_reg_1369_pp0_iter1_reg">8, 0, 8, 0</column>
<column name="x_V_10_reg_1504">8, 0, 8, 0</column>
<column name="x_V_10_reg_1504_pp0_iter2_reg">8, 0, 8, 0</column>
<column name="x_V_13_reg_1458">8, 0, 8, 0</column>
<column name="x_V_14_reg_1534">8, 0, 8, 0</column>
<column name="x_V_reg_1514">8, 0, 8, 0</column>
<column name="trunc_ln818_44_reg_1380">64, 32, 8, 0</column>
<column name="trunc_ln818_s_reg_1374">64, 32, 8, 0</column>
<column name="x_V_13_reg_1458">64, 32, 8, 0</column>
</table>
</item>
</section>
</item>
</section>

<section name = "Interface" level="0">
<item name = "Summary"><table name="" hasTotal="0">
<keys size="6">RTL Ports, Dir, Bits, Protocol, Source Object, C Type</keys>
<column name="ap_clk">in, 1, ap_ctrl_hs, dense_latency&lt;ap_fixed&lt;16, 7, 4, 0, 0&gt;, ap_fixed&lt;16, 6, 5, 3, 0&gt;, config5&gt;, return value</column>
<column name="ap_rst">in, 1, ap_ctrl_hs, dense_latency&lt;ap_fixed&lt;16, 7, 4, 0, 0&gt;, ap_fixed&lt;16, 6, 5, 3, 0&gt;, config5&gt;, return value</column>
<column name="ap_return_0">out, 16, ap_ctrl_hs, dense_latency&lt;ap_fixed&lt;16, 7, 4, 0, 0&gt;, ap_fixed&lt;16, 6, 5, 3, 0&gt;, config5&gt;, return value</column>
<column name="ap_return_1">out, 16, ap_ctrl_hs, dense_latency&lt;ap_fixed&lt;16, 7, 4, 0, 0&gt;, ap_fixed&lt;16, 6, 5, 3, 0&gt;, config5&gt;, return value</column>
<column name="ap_return_2">out, 16, ap_ctrl_hs, dense_latency&lt;ap_fixed&lt;16, 7, 4, 0, 0&gt;, ap_fixed&lt;16, 6, 5, 3, 0&gt;, config5&gt;, return value</column>
<column name="ap_return_3">out, 16, ap_ctrl_hs, dense_latency&lt;ap_fixed&lt;16, 7, 4, 0, 0&gt;, ap_fixed&lt;16, 6, 5, 3, 0&gt;, config5&gt;, return value</column>
<column name="ap_return_4">out, 16, ap_ctrl_hs, dense_latency&lt;ap_fixed&lt;16, 7, 4, 0, 0&gt;, ap_fixed&lt;16, 6, 5, 3, 0&gt;, config5&gt;, return value</column>
<column name="ap_return_5">out, 16, ap_ctrl_hs, dense_latency&lt;ap_fixed&lt;16, 7, 4, 0, 0&gt;, ap_fixed&lt;16, 6, 5, 3, 0&gt;, config5&gt;, return value</column>
<column name="ap_return_6">out, 16, ap_ctrl_hs, dense_latency&lt;ap_fixed&lt;16, 7, 4, 0, 0&gt;, ap_fixed&lt;16, 6, 5, 3, 0&gt;, config5&gt;, return value</column>
<column name="ap_ce">in, 1, ap_ctrl_hs, dense_latency&lt;ap_fixed&lt;16, 7, 4, 0, 0&gt;, ap_fixed&lt;16, 6, 5, 3, 0&gt;, config5&gt;, return value</column>
<column name="p_read">in, 16, ap_none, p_read, scalar</column>
<column name="p_read1">in, 16, ap_none, p_read1, scalar</column>
<column name="p_read2">in, 16, ap_none, p_read2, scalar</column>
<column name="p_read3">in, 16, ap_none, p_read3, scalar</column>
<column name="p_read4">in, 16, ap_none, p_read4, scalar</column>
</table>
</item>
</section>
</profile>
