<stg><name>dense_latency<ap_fixed<16, 7, 4, 0, 0>, ap_fixed<16, 6, 5, 3, 0>, config5></name>


<trans_list>

<trans id="140" from="1" to="2">
<condition id="-1">
<or_exp><and_exp></and_exp></or_exp>
</condition>
</trans>

<trans id="141" from="2" to="3">
<condition id="-1">
<or_exp><and_exp></and_exp></or_exp>
</condition>
</trans>

<trans id="142" from="3" to="4">
<condition id="-1">
<or_exp><and_exp></and_exp></or_exp>
</condition>
</trans>
</trans_list>



<state_list>

<state id="1" st_id="1">

<operation id="5" st_id="1" stage="1" lat="1">
<core>NULL</core>
<MemPortIdVec></MemPortIdVec>
<condition id="-1">
<or_exp><and_exp></and_exp></or_exp>
</condition>

<Node id="8" bw="16" op_0_bw="16" op_1_bw="16">
<![CDATA[
entry:2 %p_read49 = read i16 @_ssdm_op_Read.ap_auto.i16, i16 %p_read4

]]></Node>
<StgValue><ssdm name="p_read49"/></StgValue>
</operation>

<operation id="6" st_id="1" stage="1" lat="1">
<core>NULL</core>
<MemPortIdVec></MemPortIdVec>
<condition id="-1">
<or_exp><and_exp></and_exp></or_exp>
</condition>

<Node id="9" bw="16" op_0_bw="16" op_1_bw="16">
<![CDATA[
entry:3 %p_read38 = read i16 @_ssdm_op_Read.ap_auto.i16, i16 %p_read3

]]></Node>
<StgValue><ssdm name="p_read38"/></StgValue>
</operation>

<operation id="7" st_id="1" stage="1" lat="1">
<core>NULL</core>
<MemPortIdVec></MemPortIdVec>
<condition id="-1">
<or_exp><and_exp></and_exp></or_exp>
</condition>

<Node id="10" bw="16" op_0_bw="16" op_1_bw="16">
<![CDATA[
entry:4 %p_read27 = read i16 @_ssdm_op_Read.ap_auto.i16, i16 %p_read2

]]></Node>
<StgValue><ssdm name="p_read27"/></StgValue>
</operation>

<operation id="8" st_id="1" stage="1" lat="1">
<core>NULL</core>
<MemPortIdVec></MemPortIdVec>
<condition id="-1">
<or_exp><and_exp></and_exp></or_exp>
</condition>

<Node id="11" bw="16" op_0_bw="16" op_1_bw="16">
<![CDATA[
entry:5 %p_read16 = read i16 @_ssdm_op_Read.ap_auto.i16, i16 %p_read1

]]></Node>
<StgValue><ssdm name="p_read16"/></StgValue>
</operation>

<operation id="9" st_id="1" stage="1" lat="1">
<core>NULL</core>
<MemPortIdVec></MemPortIdVec>
<condition id="-1">
<or_exp><and_exp></and_exp></or_exp>
</condition>

<Node id="12" bw="16" op_0_bw="16" op_1_bw="16">
<![CDATA[
entry:6 %p_read_18 = read i16 @_ssdm_op_Read.ap_auto.i16, i16 %p_read

]]></Node>
<StgValue><ssdm name="p_read_18"/></StgValue>
</operation>

<operation id="10" st_id="1" stage="1" lat="1">
<core>NULL</core>
<MemPortIdVec></MemPortIdVec>
<condition id="-1">
<or_exp><and_exp></and_exp></or_exp>
</condition>

<Node id="13" bw="17" op_0_bw="16">
<![CDATA[
entry:7 %sext_ln1270 = sext i16 %p_read_18

]]></Node>
<StgValue><ssdm name="sext_ln1270"/></StgValue>
</operation>

<operation id="11" st_id="1" stage="1" lat="1">
<core>NULL</core>
<MemPortIdVec></MemPortIdVec>
<condition id="-1">
<or_exp><and_exp></and_exp></or_exp>
</condition>

<Node id="14" bw="13" op_0_bw="16">
<![CDATA[
entry:8 %trunc_ln1273 = trunc i16 %p_read_18

]]></Node>
<StgValue><ssdm name="trunc_ln1273"/></StgValue>
</operation>

<operation id="12" st_id="1" stage="1" lat="1">
<core>NULL</core>
<MemPortIdVec></MemPortIdVec>
<condition id="-1">
<or_exp><and_exp></and_exp></or_exp>
</condition>

<Node id="15" bw="17" op_0_bw="17" op_1_bw="13" op_2_bw="4">
<![CDATA[
entry:9 %shl_ln = bitconcatenate i17 @_ssdm_op_BitConcatenate.i17.i13.i4, i13 %trunc_ln1273, i4 0

]]></Node>
<StgValue><ssdm name="shl_ln"/></StgValue>
</operation>

<operation id="13" st_id="1" stage="1" lat="1">
<core>NULL</core>
<MemPortIdVec></MemPortIdVec>
<condition id="-1">
<or_exp><and_exp></and_exp></or_exp>
</condition>

<Node id="16" bw="15" op_0_bw="16">
<![CDATA[
entry:10 %trunc_ln1273_10 = trunc i16 %p_read_18

]]></Node>
<StgValue><ssdm name="trunc_ln1273_10"/></StgValue>
</operation>

<operation id="14" st_id="1" stage="1" lat="1">
<core>NULL</core>
<MemPortIdVec></MemPortIdVec>
<condition id="-1">
<or_exp><and_exp></and_exp></or_exp>
</condition>

<Node id="17" bw="17" op_0_bw="17" op_1_bw="15" op_2_bw="2">
<![CDATA[
entry:11 %shl_ln1273_s = bitconcatenate i17 @_ssdm_op_BitConcatenate.i17.i15.i2, i15 %trunc_ln1273_10, i2 0

]]></Node>
<StgValue><ssdm name="shl_ln1273_s"/></StgValue>
</operation>

<operation id="15" st_id="1" stage="1" lat="1">
<core>Adder</core>
<MemPortIdVec></MemPortIdVec>
<condition id="-1">
<or_exp><and_exp></and_exp></or_exp>
</condition>

<Node id="18" bw="17" op_0_bw="17" op_1_bw="17">
<![CDATA[
entry:12 %r_V = sub i17 %shl_ln1273_s, i17 %shl_ln

]]></Node>
<StgValue><ssdm name="r_V"/></StgValue>
</operation>

<operation id="16" st_id="1" stage="1" lat="1">
<core>NULL</core>
<MemPortIdVec></MemPortIdVec>
<condition id="-1">
<or_exp><and_exp></and_exp></or_exp>
</condition>

<Node id="19" bw="8" op_0_bw="8" op_1_bw="17" op_2_bw="32" op_3_bw="32">
<![CDATA[
entry:13 %trunc_ln = partselect i8 @_ssdm_op_PartSelect.i8.i17.i32.i32, i17 %r_V, i32 9, i32 16

]]></Node>
<StgValue><ssdm name="trunc_ln"/></StgValue>
</operation>

<operation id="17" st_id="1" stage="1" lat="1">
<core>Adder</core>
<MemPortIdVec></MemPortIdVec>
<condition id="-1">
<or_exp><and_exp></and_exp></or_exp>
</condition>

<Node id="20" bw="17" op_0_bw="17" op_1_bw="17">
<![CDATA[
entry:14 %r_V_33 = add i17 %shl_ln1273_s, i17 %sext_ln1270

]]></Node>
<StgValue><ssdm name="r_V_33"/></StgValue>
</operation>

<operation id="18" st_id="1" stage="1" lat="1">
<core>NULL</core>
<MemPortIdVec></MemPortIdVec>
<condition id="-1">
<or_exp><and_exp></and_exp></or_exp>
</condition>

<Node id="21" bw="8" op_0_bw="8" op_1_bw="17" op_2_bw="32" op_3_bw="32">
<![CDATA[
entry:15 %trunc_ln818_s = partselect i8 @_ssdm_op_PartSelect.i8.i17.i32.i32, i17 %r_V_33, i32 9, i32 16

]]></Node>
<StgValue><ssdm name="trunc_ln818_s"/></StgValue>
</operation>

<operation id="19" st_id="1" stage="2" lat="2">
<core>Multiplier</core>
<MemPortIdVec></MemPortIdVec>
<condition id="-1">
<or_exp><and_exp></and_exp></or_exp>
</condition>

<Node id="22" bw="17" op_0_bw="17" op_1_bw="17">
<![CDATA[
entry:16 %mul_ln1270 = mul i17 %sext_ln1270, i17 131059

]]></Node>
<StgValue><ssdm name="mul_ln1270"/></StgValue>
</operation>

<operation id="20" st_id="1" stage="1" lat="1">
<core>NULL</core>
<MemPortIdVec></MemPortIdVec>
<condition id="-1">
<or_exp><and_exp></and_exp></or_exp>
</condition>

<Node id="24" bw="14" op_0_bw="16">
<![CDATA[
entry:18 %trunc_ln1273_11 = trunc i16 %p_read_18

]]></Node>
<StgValue><ssdm name="trunc_ln1273_11"/></StgValue>
</operation>

<operation id="21" st_id="1" stage="1" lat="1">
<core>NULL</core>
<MemPortIdVec></MemPortIdVec>
<condition id="-1">
<or_exp><and_exp></and_exp></or_exp>
</condition>

<Node id="25" bw="17" op_0_bw="17" op_1_bw="14" op_2_bw="3">
<![CDATA[
entry:19 %shl_ln1273_14 = bitconcatenate i17 @_ssdm_op_BitConcatenate.i17.i14.i3, i14 %trunc_ln1273_11, i3 0

]]></Node>
<StgValue><ssdm name="shl_ln1273_14"/></StgValue>
</operation>

<operation id="22" st_id="1" stage="1" lat="1">
<core>NULL</core>
<MemPortIdVec></MemPortIdVec>
<condition id="-1">
<or_exp><and_exp></and_exp></or_exp>
</condition>

<Node id="26" bw="17" op_0_bw="17" op_1_bw="16" op_2_bw="1">
<![CDATA[
entry:20 %shl_ln1273_15 = bitconcatenate i17 @_ssdm_op_BitConcatenate.i17.i16.i1, i16 %p_read_18, i1 0

]]></Node>
<StgValue><ssdm name="shl_ln1273_15"/></StgValue>
</operation>

<operation id="23" st_id="1" stage="1" lat="1">
<core>Adder</core>
<MemPortIdVec></MemPortIdVec>
<condition id="-1">
<or_exp><and_exp></and_exp></or_exp>
</condition>

<Node id="27" bw="17" op_0_bw="17" op_1_bw="17">
<![CDATA[
entry:21 %r_V_34 = add i17 %shl_ln1273_14, i17 %shl_ln1273_15

]]></Node>
<StgValue><ssdm name="r_V_34"/></StgValue>
</operation>

<operation id="24" st_id="1" stage="1" lat="1">
<core>NULL</core>
<MemPortIdVec></MemPortIdVec>
<condition id="-1">
<or_exp><and_exp></and_exp></or_exp>
</condition>

<Node id="28" bw="8" op_0_bw="8" op_1_bw="17" op_2_bw="32" op_3_bw="32">
<![CDATA[
entry:22 %trunc_ln818_44 = partselect i8 @_ssdm_op_PartSelect.i8.i17.i32.i32, i17 %r_V_34, i32 9, i32 16

]]></Node>
<StgValue><ssdm name="trunc_ln818_44"/></StgValue>
</operation>

<operation id="25" st_id="1" stage="1" lat="1">
<core>Adder</core>
<MemPortIdVec></MemPortIdVec>
<condition id="-1">
<or_exp><and_exp></and_exp></or_exp>
</condition>

<Node id="29" bw="17" op_0_bw="17" op_1_bw="17">
<![CDATA[
entry:23 %r_V_35 = add i17 %shl_ln1273_14, i17 %sext_ln1270

]]></Node>
<StgValue><ssdm name="r_V_35"/></StgValue>
</operation>

<operation id="26" st_id="1" stage="1" lat="1">
<core>NULL</core>
<MemPortIdVec></MemPortIdVec>
<condition id="-1">
<or_exp><and_exp></and_exp></or_exp>
</condition>

<Node id="30" bw="8" op_0_bw="8" op_1_bw="17" op_2_bw="32" op_3_bw="32">
<![CDATA[
entry:24 %trunc_ln818_45 = partselect i8 @_ssdm_op_PartSelect.i8.i17.i32.i32, i17 %r_V_35, i32 9, i32 16

]]></Node>
<StgValue><ssdm name="trunc_ln818_45"/></StgValue>
</operation>

<operation id="27" st_id="1" stage="1" lat="1">
<core>Adder</core>
<MemPortIdVec></MemPortIdVec>
<condition id="-1">
<or_exp><and_exp></and_exp></or_exp>
</condition>

<Node id="31" bw="17" op_0_bw="17" op_1_bw="17">
<![CDATA[
entry:25 %sub_ln1270 = sub i17 %sext_ln1270, i17 %shl_ln1273_14

]]></Node>
<StgValue><ssdm name="sub_ln1270"/></StgValue>
</operation>

<operation id="28" st_id="1" stage="1" lat="1">
<core>NULL</core>
<MemPortIdVec></MemPortIdVec>
<condition id="-1">
<or_exp><and_exp></and_exp></or_exp>
</condition>

<Node id="32" bw="8" op_0_bw="8" op_1_bw="17" op_2_bw="32" op_3_bw="32">
<![CDATA[
entry:26 %trunc_ln818_46 = partselect i8 @_ssdm_op_PartSelect.i8.i17.i32.i32, i17 %sub_ln1270, i32 9, i32 16

]]></Node>
<StgValue><ssdm name="trunc_ln818_46"/></StgValue>
</operation>

<operation id="29" st_id="1" stage="1" lat="1">
<core>NULL</core>
<MemPortIdVec></MemPortIdVec>
<condition id="-1">
<or_exp><and_exp></and_exp></or_exp>
</condition>

<Node id="34" bw="14" op_0_bw="16">
<![CDATA[
entry:28 %trunc_ln1273_12 = trunc i16 %p_read16

]]></Node>
<StgValue><ssdm name="trunc_ln1273_12"/></StgValue>
</operation>

<operation id="30" st_id="1" stage="1" lat="1">
<core>NULL</core>
<MemPortIdVec></MemPortIdVec>
<condition id="-1">
<or_exp><and_exp></and_exp></or_exp>
</condition>

<Node id="45" bw="8" op_0_bw="8" op_1_bw="16" op_2_bw="32" op_3_bw="32">
<![CDATA[
entry:39 %trunc_ln818_51 = partselect i8 @_ssdm_op_PartSelect.i8.i16.i32.i32, i16 %p_read27, i32 7, i32 14

]]></Node>
<StgValue><ssdm name="trunc_ln818_51"/></StgValue>
</operation>

<operation id="31" st_id="1" stage="1" lat="1">
<core>NULL</core>
<MemPortIdVec></MemPortIdVec>
<condition id="-1">
<or_exp><and_exp></and_exp></or_exp>
</condition>

<Node id="46" bw="17" op_0_bw="16">
<![CDATA[
entry:40 %sext_ln1273 = sext i16 %p_read27

]]></Node>
<StgValue><ssdm name="sext_ln1273"/></StgValue>
</operation>

<operation id="32" st_id="1" stage="1" lat="1">
<core>NULL</core>
<MemPortIdVec></MemPortIdVec>
<condition id="-1">
<or_exp><and_exp></and_exp></or_exp>
</condition>

<Node id="47" bw="15" op_0_bw="16">
<![CDATA[
entry:41 %trunc_ln1273_13 = trunc i16 %p_read27

]]></Node>
<StgValue><ssdm name="trunc_ln1273_13"/></StgValue>
</operation>

<operation id="33" st_id="1" stage="1" lat="1">
<core>NULL</core>
<MemPortIdVec></MemPortIdVec>
<condition id="-1">
<or_exp><and_exp></and_exp></or_exp>
</condition>

<Node id="48" bw="17" op_0_bw="17" op_1_bw="15" op_2_bw="2">
<![CDATA[
entry:42 %shl_ln1273_18 = bitconcatenate i17 @_ssdm_op_BitConcatenate.i17.i15.i2, i15 %trunc_ln1273_13, i2 0

]]></Node>
<StgValue><ssdm name="shl_ln1273_18"/></StgValue>
</operation>

<operation id="34" st_id="1" stage="1" lat="1">
<core>Adder</core>
<MemPortIdVec></MemPortIdVec>
<condition id="-1">
<or_exp><and_exp></and_exp></or_exp>
</condition>

<Node id="49" bw="17" op_0_bw="17" op_1_bw="17">
<![CDATA[
entry:43 %r_V_39 = add i17 %shl_ln1273_18, i17 %sext_ln1273

]]></Node>
<StgValue><ssdm name="r_V_39"/></StgValue>
</operation>

<operation id="35" st_id="1" stage="1" lat="1">
<core>NULL</core>
<MemPortIdVec></MemPortIdVec>
<condition id="-1">
<or_exp><and_exp></and_exp></or_exp>
</condition>

<Node id="50" bw="8" op_0_bw="8" op_1_bw="17" op_2_bw="32" op_3_bw="32">
<![CDATA[
entry:44 %trunc_ln818_52 = partselect i8 @_ssdm_op_PartSelect.i8.i17.i32.i32, i17 %r_V_39, i32 9, i32 16

]]></Node>
<StgValue><ssdm name="trunc_ln818_52"/></StgValue>
</operation>

<operation id="36" st_id="1" stage="1" lat="1">
<core>NULL</core>
<MemPortIdVec></MemPortIdVec>
<condition id="-1">
<or_exp><and_exp></and_exp></or_exp>
</condition>

<Node id="51" bw="14" op_0_bw="16">
<![CDATA[
entry:45 %trunc_ln1273_14 = trunc i16 %p_read27

]]></Node>
<StgValue><ssdm name="trunc_ln1273_14"/></StgValue>
</operation>

<operation id="37" st_id="1" stage="1" lat="1">
<core>NULL</core>
<MemPortIdVec></MemPortIdVec>
<condition id="-1">
<or_exp><and_exp></and_exp></or_exp>
</condition>

<Node id="52" bw="17" op_0_bw="17" op_1_bw="14" op_2_bw="3">
<![CDATA[
entry:46 %shl_ln1273_19 = bitconcatenate i17 @_ssdm_op_BitConcatenate.i17.i14.i3, i14 %trunc_ln1273_14, i3 0

]]></Node>
<StgValue><ssdm name="shl_ln1273_19"/></StgValue>
</operation>

<operation id="38" st_id="1" stage="1" lat="1">
<core>TAddSub</core>
<MemPortIdVec></MemPortIdVec>
<condition id="-1">
<or_exp><and_exp></and_exp></or_exp>
</condition>

<Node id="53" bw="17" op_0_bw="17" op_1_bw="17">
<![CDATA[
entry:47 %sub_ln1273 = sub i17 0, i17 %shl_ln1273_19

]]></Node>
<StgValue><ssdm name="sub_ln1273"/></StgValue>
</operation>

<operation id="39" st_id="1" stage="1" lat="1">
<core>TAddSub</core>
<MemPortIdVec></MemPortIdVec>
<condition id="-1">
<or_exp><and_exp></and_exp></or_exp>
</condition>

<Node id="54" bw="17" op_0_bw="17" op_1_bw="17">
<![CDATA[
entry:48 %r_V_40 = sub i17 %sub_ln1273, i17 %sext_ln1273

]]></Node>
<StgValue><ssdm name="r_V_40"/></StgValue>
</operation>

<operation id="40" st_id="1" stage="1" lat="1">
<core>NULL</core>
<MemPortIdVec></MemPortIdVec>
<condition id="-1">
<or_exp><and_exp></and_exp></or_exp>
</condition>

<Node id="55" bw="8" op_0_bw="8" op_1_bw="17" op_2_bw="32" op_3_bw="32">
<![CDATA[
entry:49 %trunc_ln818_53 = partselect i8 @_ssdm_op_PartSelect.i8.i17.i32.i32, i17 %r_V_40, i32 9, i32 16

]]></Node>
<StgValue><ssdm name="trunc_ln818_53"/></StgValue>
</operation>

<operation id="41" st_id="1" stage="1" lat="1">
<core>TAddSub</core>
<MemPortIdVec></MemPortIdVec>
<condition id="-1">
<or_exp><and_exp></and_exp></or_exp>
</condition>

<Node id="56" bw="17" op_0_bw="17" op_1_bw="17">
<![CDATA[
entry:50 %sub_ln1273_29 = sub i17 0, i17 %shl_ln1273_18

]]></Node>
<StgValue><ssdm name="sub_ln1273_29"/></StgValue>
</operation>

<operation id="42" st_id="1" stage="1" lat="1">
<core>TAddSub</core>
<MemPortIdVec></MemPortIdVec>
<condition id="-1">
<or_exp><and_exp></and_exp></or_exp>
</condition>

<Node id="57" bw="17" op_0_bw="17" op_1_bw="17">
<![CDATA[
entry:51 %r_V_41 = sub i17 %sub_ln1273_29, i17 %sext_ln1273

]]></Node>
<StgValue><ssdm name="r_V_41"/></StgValue>
</operation>

<operation id="43" st_id="1" stage="1" lat="1">
<core>NULL</core>
<MemPortIdVec></MemPortIdVec>
<condition id="-1">
<or_exp><and_exp></and_exp></or_exp>
</condition>

<Node id="58" bw="8" op_0_bw="8" op_1_bw="17" op_2_bw="32" op_3_bw="32">
<![CDATA[
entry:52 %trunc_ln818_54 = partselect i8 @_ssdm_op_PartSelect.i8.i17.i32.i32, i17 %r_V_41, i32 9, i32 16

]]></Node>
<StgValue><ssdm name="trunc_ln818_54"/></StgValue>
</operation>

<operation id="44" st_id="1" stage="1" lat="1">
<core>NULL</core>
<MemPortIdVec></MemPortIdVec>
<condition id="-1">
<or_exp><and_exp></and_exp></or_exp>
</condition>

<Node id="59" bw="17" op_0_bw="17" op_1_bw="16" op_2_bw="1">
<![CDATA[
entry:53 %shl_ln1273_20 = bitconcatenate i17 @_ssdm_op_BitConcatenate.i17.i16.i1, i16 %p_read27, i1 0

]]></Node>
<StgValue><ssdm name="shl_ln1273_20"/></StgValue>
</operation>

<operation id="45" st_id="1" stage="1" lat="1">
<core>Adder</core>
<MemPortIdVec></MemPortIdVec>
<condition id="-1">
<or_exp><and_exp></and_exp></or_exp>
</condition>

<Node id="60" bw="17" op_0_bw="17" op_1_bw="17">
<![CDATA[
entry:54 %r_V_42 = add i17 %shl_ln1273_19, i17 %shl_ln1273_20

]]></Node>
<StgValue><ssdm name="r_V_42"/></StgValue>
</operation>

<operation id="46" st_id="1" stage="1" lat="1">
<core>NULL</core>
<MemPortIdVec></MemPortIdVec>
<condition id="-1">
<or_exp><and_exp></and_exp></or_exp>
</condition>

<Node id="61" bw="8" op_0_bw="8" op_1_bw="17" op_2_bw="32" op_3_bw="32">
<![CDATA[
entry:55 %trunc_ln818_55 = partselect i8 @_ssdm_op_PartSelect.i8.i17.i32.i32, i17 %r_V_42, i32 9, i32 16

]]></Node>
<StgValue><ssdm name="trunc_ln818_55"/></StgValue>
</operation>

<operation id="47" st_id="1" stage="1" lat="1">
<core>NULL</core>
<MemPortIdVec></MemPortIdVec>
<condition id="-1">
<or_exp><and_exp></and_exp></or_exp>
</condition>

<Node id="62" bw="17" op_0_bw="16">
<![CDATA[
entry:56 %sext_ln1273_3 = sext i16 %p_read38

]]></Node>
<StgValue><ssdm name="sext_ln1273_3"/></StgValue>
</operation>

<operation id="48" st_id="1" stage="2" lat="2">
<core>Multiplier</core>
<MemPortIdVec></MemPortIdVec>
<condition id="-1">
<or_exp><and_exp></and_exp></or_exp>
</condition>

<Node id="63" bw="17" op_0_bw="17" op_1_bw="17">
<![CDATA[
entry:57 %mul_ln1270_1 = mul i17 %sext_ln1273_3, i17 11

]]></Node>
<StgValue><ssdm name="mul_ln1270_1"/></StgValue>
</operation>

<operation id="49" st_id="1" stage="2" lat="2">
<core>Multiplier</core>
<MemPortIdVec></MemPortIdVec>
<condition id="-1">
<or_exp><and_exp></and_exp></or_exp>
</condition>

<Node id="65" bw="17" op_0_bw="17" op_1_bw="17">
<![CDATA[
entry:59 %mul_ln1270_2 = mul i17 %sext_ln1273_3, i17 131059

]]></Node>
<StgValue><ssdm name="mul_ln1270_2"/></StgValue>
</operation>

<operation id="50" st_id="1" stage="1" lat="1">
<core>NULL</core>
<MemPortIdVec></MemPortIdVec>
<condition id="-1">
<or_exp><and_exp></and_exp></or_exp>
</condition>

<Node id="67" bw="14" op_0_bw="16">
<![CDATA[
entry:61 %trunc_ln1273_15 = trunc i16 %p_read38

]]></Node>
<StgValue><ssdm name="trunc_ln1273_15"/></StgValue>
</operation>

<operation id="51" st_id="1" stage="1" lat="1">
<core>NULL</core>
<MemPortIdVec></MemPortIdVec>
<condition id="-1">
<or_exp><and_exp></and_exp></or_exp>
</condition>

<Node id="68" bw="17" op_0_bw="17" op_1_bw="14" op_2_bw="3">
<![CDATA[
entry:62 %shl_ln1273_21 = bitconcatenate i17 @_ssdm_op_BitConcatenate.i17.i14.i3, i14 %trunc_ln1273_15, i3 0

]]></Node>
<StgValue><ssdm name="shl_ln1273_21"/></StgValue>
</operation>

<operation id="52" st_id="1" stage="1" lat="1">
<core>Adder</core>
<MemPortIdVec></MemPortIdVec>
<condition id="-1">
<or_exp><and_exp></and_exp></or_exp>
</condition>

<Node id="69" bw="17" op_0_bw="17" op_1_bw="17">
<![CDATA[
entry:63 %r_V_43 = sub i17 %shl_ln1273_21, i17 %sext_ln1273_3

]]></Node>
<StgValue><ssdm name="r_V_43"/></StgValue>
</operation>

<operation id="53" st_id="1" stage="1" lat="1">
<core>NULL</core>
<MemPortIdVec></MemPortIdVec>
<condition id="-1">
<or_exp><and_exp></and_exp></or_exp>
</condition>

<Node id="70" bw="8" op_0_bw="8" op_1_bw="17" op_2_bw="32" op_3_bw="32">
<![CDATA[
entry:64 %trunc_ln818_58 = partselect i8 @_ssdm_op_PartSelect.i8.i17.i32.i32, i17 %r_V_43, i32 9, i32 16

]]></Node>
<StgValue><ssdm name="trunc_ln818_58"/></StgValue>
</operation>

<operation id="54" st_id="1" stage="1" lat="1">
<core>NULL</core>
<MemPortIdVec></MemPortIdVec>
<condition id="-1">
<or_exp><and_exp></and_exp></or_exp>
</condition>

<Node id="71" bw="15" op_0_bw="16">
<![CDATA[
entry:65 %trunc_ln1273_16 = trunc i16 %p_read38

]]></Node>
<StgValue><ssdm name="trunc_ln1273_16"/></StgValue>
</operation>

<operation id="55" st_id="1" stage="1" lat="1">
<core>NULL</core>
<MemPortIdVec></MemPortIdVec>
<condition id="-1">
<or_exp><and_exp></and_exp></or_exp>
</condition>

<Node id="72" bw="17" op_0_bw="17" op_1_bw="15" op_2_bw="2">
<![CDATA[
entry:66 %shl_ln1273_22 = bitconcatenate i17 @_ssdm_op_BitConcatenate.i17.i15.i2, i15 %trunc_ln1273_16, i2 0

]]></Node>
<StgValue><ssdm name="shl_ln1273_22"/></StgValue>
</operation>

<operation id="56" st_id="1" stage="1" lat="1">
<core>TAddSub</core>
<MemPortIdVec></MemPortIdVec>
<condition id="-1">
<or_exp><and_exp></and_exp></or_exp>
</condition>

<Node id="73" bw="17" op_0_bw="17" op_1_bw="17">
<![CDATA[
entry:67 %sub_ln1273_32 = sub i17 0, i17 %shl_ln1273_22

]]></Node>
<StgValue><ssdm name="sub_ln1273_32"/></StgValue>
</operation>

<operation id="57" st_id="1" stage="1" lat="1">
<core>TAddSub</core>
<MemPortIdVec></MemPortIdVec>
<condition id="-1">
<or_exp><and_exp></and_exp></or_exp>
</condition>

<Node id="74" bw="17" op_0_bw="17" op_1_bw="17">
<![CDATA[
entry:68 %r_V_44 = sub i17 %sub_ln1273_32, i17 %sext_ln1273_3

]]></Node>
<StgValue><ssdm name="r_V_44"/></StgValue>
</operation>

<operation id="58" st_id="1" stage="1" lat="1">
<core>NULL</core>
<MemPortIdVec></MemPortIdVec>
<condition id="-1">
<or_exp><and_exp></and_exp></or_exp>
</condition>

<Node id="75" bw="8" op_0_bw="8" op_1_bw="17" op_2_bw="32" op_3_bw="32">
<![CDATA[
entry:69 %trunc_ln818_59 = partselect i8 @_ssdm_op_PartSelect.i8.i17.i32.i32, i17 %r_V_44, i32 9, i32 16

]]></Node>
<StgValue><ssdm name="trunc_ln818_59"/></StgValue>
</operation>

<operation id="59" st_id="1" stage="1" lat="1">
<core>NULL</core>
<MemPortIdVec></MemPortIdVec>
<condition id="-1">
<or_exp><and_exp></and_exp></or_exp>
</condition>

<Node id="76" bw="17" op_0_bw="17" op_1_bw="16" op_2_bw="1">
<![CDATA[
entry:70 %shl_ln1273_23 = bitconcatenate i17 @_ssdm_op_BitConcatenate.i17.i16.i1, i16 %p_read38, i1 0

]]></Node>
<StgValue><ssdm name="shl_ln1273_23"/></StgValue>
</operation>

<operation id="60" st_id="1" stage="1" lat="1">
<core>Adder</core>
<MemPortIdVec></MemPortIdVec>
<condition id="-1">
<or_exp><and_exp></and_exp></or_exp>
</condition>

<Node id="77" bw="17" op_0_bw="17" op_1_bw="17">
<![CDATA[
entry:71 %r_V_45 = sub i17 %shl_ln1273_23, i17 %shl_ln1273_21

]]></Node>
<StgValue><ssdm name="r_V_45"/></StgValue>
</operation>

<operation id="61" st_id="1" stage="1" lat="1">
<core>NULL</core>
<MemPortIdVec></MemPortIdVec>
<condition id="-1">
<or_exp><and_exp></and_exp></or_exp>
</condition>

<Node id="78" bw="8" op_0_bw="8" op_1_bw="17" op_2_bw="32" op_3_bw="32">
<![CDATA[
entry:72 %trunc_ln818_60 = partselect i8 @_ssdm_op_PartSelect.i8.i17.i32.i32, i17 %r_V_45, i32 9, i32 16

]]></Node>
<StgValue><ssdm name="trunc_ln818_60"/></StgValue>
</operation>

<operation id="62" st_id="1" stage="1" lat="1">
<core>Adder</core>
<MemPortIdVec></MemPortIdVec>
<condition id="-1">
<or_exp><and_exp></and_exp></or_exp>
</condition>

<Node id="79" bw="17" op_0_bw="17" op_1_bw="17">
<![CDATA[
entry:73 %r_V_46 = sub i17 0, i17 %shl_ln1273_21

]]></Node>
<StgValue><ssdm name="r_V_46"/></StgValue>
</operation>

<operation id="63" st_id="1" stage="1" lat="1">
<core>NULL</core>
<MemPortIdVec></MemPortIdVec>
<condition id="-1">
<or_exp><and_exp></and_exp></or_exp>
</condition>

<Node id="80" bw="8" op_0_bw="8" op_1_bw="17" op_2_bw="32" op_3_bw="32">
<![CDATA[
entry:74 %trunc_ln818_61 = partselect i8 @_ssdm_op_PartSelect.i8.i17.i32.i32, i17 %r_V_46, i32 9, i32 16

]]></Node>
<StgValue><ssdm name="trunc_ln818_61"/></StgValue>
</operation>

<operation id="64" st_id="1" stage="1" lat="1">
<core>NULL</core>
<MemPortIdVec></MemPortIdVec>
<condition id="-1">
<or_exp><and_exp></and_exp></or_exp>
</condition>

<Node id="81" bw="8" op_0_bw="8" op_1_bw="16" op_2_bw="32" op_3_bw="32">
<![CDATA[
entry:75 %trunc_ln818_62 = partselect i8 @_ssdm_op_PartSelect.i8.i16.i32.i32, i16 %p_read49, i32 6, i32 13

]]></Node>
<StgValue><ssdm name="trunc_ln818_62"/></StgValue>
</operation>

<operation id="65" st_id="1" stage="1" lat="1">
<core>NULL</core>
<MemPortIdVec></MemPortIdVec>
<condition id="-1">
<or_exp><and_exp></and_exp></or_exp>
</condition>

<Node id="82" bw="17" op_0_bw="16">
<![CDATA[
entry:76 %sext_ln1273_4 = sext i16 %p_read49

]]></Node>
<StgValue><ssdm name="sext_ln1273_4"/></StgValue>
</operation>

<operation id="66" st_id="1" stage="2" lat="2">
<core>Multiplier</core>
<MemPortIdVec></MemPortIdVec>
<condition id="-1">
<or_exp><and_exp></and_exp></or_exp>
</condition>

<Node id="83" bw="17" op_0_bw="17" op_1_bw="17">
<![CDATA[
entry:77 %mul_ln1270_3 = mul i17 %sext_ln1273_4, i17 11

]]></Node>
<StgValue><ssdm name="mul_ln1270_3"/></StgValue>
</operation>

<operation id="67" st_id="1" stage="1" lat="1">
<core>NULL</core>
<MemPortIdVec></MemPortIdVec>
<condition id="-1">
<or_exp><and_exp></and_exp></or_exp>
</condition>

<Node id="85" bw="14" op_0_bw="16">
<![CDATA[
entry:79 %trunc_ln1273_17 = trunc i16 %p_read49

]]></Node>
<StgValue><ssdm name="trunc_ln1273_17"/></StgValue>
</operation>

<operation id="68" st_id="1" stage="1" lat="1">
<core>NULL</core>
<MemPortIdVec></MemPortIdVec>
<condition id="-1">
<or_exp><and_exp></and_exp></or_exp>
</condition>

<Node id="86" bw="17" op_0_bw="17" op_1_bw="14" op_2_bw="3">
<![CDATA[
entry:80 %shl_ln1273_24 = bitconcatenate i17 @_ssdm_op_BitConcatenate.i17.i14.i3, i14 %trunc_ln1273_17, i3 0

]]></Node>
<StgValue><ssdm name="shl_ln1273_24"/></StgValue>
</operation>

<operation id="69" st_id="1" stage="1" lat="1">
<core>NULL</core>
<MemPortIdVec></MemPortIdVec>
<condition id="-1">
<or_exp><and_exp></and_exp></or_exp>
</condition>

<Node id="87" bw="17" op_0_bw="17" op_1_bw="16" op_2_bw="1">
<![CDATA[
entry:81 %shl_ln1273_25 = bitconcatenate i17 @_ssdm_op_BitConcatenate.i17.i16.i1, i16 %p_read49, i1 0

]]></Node>
<StgValue><ssdm name="shl_ln1273_25"/></StgValue>
</operation>

<operation id="70" st_id="1" stage="1" lat="1">
<core>Adder</core>
<MemPortIdVec></MemPortIdVec>
<condition id="-1">
<or_exp><and_exp></and_exp></or_exp>
</condition>

<Node id="88" bw="17" op_0_bw="17" op_1_bw="17">
<![CDATA[
entry:82 %r_V_47 = sub i17 %shl_ln1273_25, i17 %shl_ln1273_24

]]></Node>
<StgValue><ssdm name="r_V_47"/></StgValue>
</operation>

<operation id="71" st_id="1" stage="1" lat="1">
<core>NULL</core>
<MemPortIdVec></MemPortIdVec>
<condition id="-1">
<or_exp><and_exp></and_exp></or_exp>
</condition>

<Node id="89" bw="8" op_0_bw="8" op_1_bw="17" op_2_bw="32" op_3_bw="32">
<![CDATA[
entry:83 %trunc_ln818_64 = partselect i8 @_ssdm_op_PartSelect.i8.i17.i32.i32, i17 %r_V_47, i32 9, i32 16

]]></Node>
<StgValue><ssdm name="trunc_ln818_64"/></StgValue>
</operation>

<operation id="72" st_id="1" stage="1" lat="1">
<core>Adder</core>
<MemPortIdVec></MemPortIdVec>
<condition id="-1">
<or_exp><and_exp></and_exp></or_exp>
</condition>

<Node id="94" bw="8" op_0_bw="8" op_1_bw="8">
<![CDATA[
entry:88 %x_V_13 = add i8 %trunc_ln818_60, i8 %trunc_ln818_45

]]></Node>
<StgValue><ssdm name="x_V_13"/></StgValue>
</operation>
</state>

<state id="2" st_id="2">

<operation id="73" st_id="2" stage="1" lat="2">
<core>Multiplier</core>
<MemPortIdVec></MemPortIdVec>
<condition id="-1">
<or_exp><and_exp></and_exp></or_exp>
</condition>

<Node id="22" bw="17" op_0_bw="17" op_1_bw="17">
<![CDATA[
entry:16 %mul_ln1270 = mul i17 %sext_ln1270, i17 131059

]]></Node>
<StgValue><ssdm name="mul_ln1270"/></StgValue>
</operation>

<operation id="74" st_id="2" stage="1" lat="1">
<core>NULL</core>
<MemPortIdVec></MemPortIdVec>
<condition id="-1">
<or_exp><and_exp></and_exp></or_exp>
</condition>

<Node id="23" bw="8" op_0_bw="8" op_1_bw="17" op_2_bw="32" op_3_bw="32">
<![CDATA[
entry:17 %trunc_ln818_43 = partselect i8 @_ssdm_op_PartSelect.i8.i17.i32.i32, i17 %mul_ln1270, i32 9, i32 16

]]></Node>
<StgValue><ssdm name="trunc_ln818_43"/></StgValue>
</operation>

<operation id="75" st_id="2" stage="1" lat="1">
<core>NULL</core>
<MemPortIdVec></MemPortIdVec>
<condition id="-1">
<or_exp><and_exp></and_exp></or_exp>
</condition>

<Node id="33" bw="17" op_0_bw="16">
<![CDATA[
entry:27 %sext_ln1270_4 = sext i16 %p_read16

]]></Node>
<StgValue><ssdm name="sext_ln1270_4"/></StgValue>
</operation>

<operation id="76" st_id="2" stage="1" lat="1">
<core>NULL</core>
<MemPortIdVec></MemPortIdVec>
<condition id="-1">
<or_exp><and_exp></and_exp></or_exp>
</condition>

<Node id="35" bw="17" op_0_bw="17" op_1_bw="14" op_2_bw="3">
<![CDATA[
entry:29 %shl_ln1273_16 = bitconcatenate i17 @_ssdm_op_BitConcatenate.i17.i14.i3, i14 %trunc_ln1273_12, i3 0

]]></Node>
<StgValue><ssdm name="shl_ln1273_16"/></StgValue>
</operation>

<operation id="77" st_id="2" stage="1" lat="1">
<core>Adder</core>
<MemPortIdVec></MemPortIdVec>
<condition id="-1">
<or_exp><and_exp></and_exp></or_exp>
</condition>

<Node id="36" bw="17" op_0_bw="17" op_1_bw="17">
<![CDATA[
entry:30 %r_V_36 = sub i17 0, i17 %shl_ln1273_16

]]></Node>
<StgValue><ssdm name="r_V_36"/></StgValue>
</operation>

<operation id="78" st_id="2" stage="1" lat="1">
<core>NULL</core>
<MemPortIdVec></MemPortIdVec>
<condition id="-1">
<or_exp><and_exp></and_exp></or_exp>
</condition>

<Node id="37" bw="8" op_0_bw="8" op_1_bw="17" op_2_bw="32" op_3_bw="32">
<![CDATA[
entry:31 %trunc_ln818_47 = partselect i8 @_ssdm_op_PartSelect.i8.i17.i32.i32, i17 %r_V_36, i32 9, i32 16

]]></Node>
<StgValue><ssdm name="trunc_ln818_47"/></StgValue>
</operation>

<operation id="79" st_id="2" stage="1" lat="1">
<core>NULL</core>
<MemPortIdVec></MemPortIdVec>
<condition id="-1">
<or_exp><and_exp></and_exp></or_exp>
</condition>

<Node id="38" bw="17" op_0_bw="17" op_1_bw="16" op_2_bw="1">
<![CDATA[
entry:32 %shl_ln1273_17 = bitconcatenate i17 @_ssdm_op_BitConcatenate.i17.i16.i1, i16 %p_read16, i1 0

]]></Node>
<StgValue><ssdm name="shl_ln1273_17"/></StgValue>
</operation>

<operation id="80" st_id="2" stage="1" lat="1">
<core>Adder</core>
<MemPortIdVec></MemPortIdVec>
<condition id="-1">
<or_exp><and_exp></and_exp></or_exp>
</condition>

<Node id="39" bw="17" op_0_bw="17" op_1_bw="17">
<![CDATA[
entry:33 %r_V_37 = add i17 %shl_ln1273_16, i17 %shl_ln1273_17

]]></Node>
<StgValue><ssdm name="r_V_37"/></StgValue>
</operation>

<operation id="81" st_id="2" stage="1" lat="1">
<core>NULL</core>
<MemPortIdVec></MemPortIdVec>
<condition id="-1">
<or_exp><and_exp></and_exp></or_exp>
</condition>

<Node id="40" bw="8" op_0_bw="8" op_1_bw="17" op_2_bw="32" op_3_bw="32">
<![CDATA[
entry:34 %trunc_ln818_48 = partselect i8 @_ssdm_op_PartSelect.i8.i17.i32.i32, i17 %r_V_37, i32 9, i32 16

]]></Node>
<StgValue><ssdm name="trunc_ln818_48"/></StgValue>
</operation>

<operation id="82" st_id="2" stage="1" lat="1">
<core>Adder</core>
<MemPortIdVec></MemPortIdVec>
<condition id="-1">
<or_exp><and_exp></and_exp></or_exp>
</condition>

<Node id="41" bw="17" op_0_bw="17" op_1_bw="17">
<![CDATA[
entry:35 %sub_ln1270_6 = sub i17 %sext_ln1270_4, i17 %shl_ln1273_16

]]></Node>
<StgValue><ssdm name="sub_ln1270_6"/></StgValue>
</operation>

<operation id="83" st_id="2" stage="1" lat="1">
<core>NULL</core>
<MemPortIdVec></MemPortIdVec>
<condition id="-1">
<or_exp><and_exp></and_exp></or_exp>
</condition>

<Node id="42" bw="8" op_0_bw="8" op_1_bw="17" op_2_bw="32" op_3_bw="32">
<![CDATA[
entry:36 %trunc_ln818_49 = partselect i8 @_ssdm_op_PartSelect.i8.i17.i32.i32, i17 %sub_ln1270_6, i32 9, i32 16

]]></Node>
<StgValue><ssdm name="trunc_ln818_49"/></StgValue>
</operation>

<operation id="84" st_id="2" stage="1" lat="1">
<core>Adder</core>
<MemPortIdVec></MemPortIdVec>
<condition id="-1">
<or_exp><and_exp></and_exp></or_exp>
</condition>

<Node id="43" bw="17" op_0_bw="17" op_1_bw="17">
<![CDATA[
entry:37 %r_V_38 = sub i17 %shl_ln1273_16, i17 %shl_ln1273_17

]]></Node>
<StgValue><ssdm name="r_V_38"/></StgValue>
</operation>

<operation id="85" st_id="2" stage="1" lat="1">
<core>NULL</core>
<MemPortIdVec></MemPortIdVec>
<condition id="-1">
<or_exp><and_exp></and_exp></or_exp>
</condition>

<Node id="44" bw="8" op_0_bw="8" op_1_bw="17" op_2_bw="32" op_3_bw="32">
<![CDATA[
entry:38 %trunc_ln818_50 = partselect i8 @_ssdm_op_PartSelect.i8.i17.i32.i32, i17 %r_V_38, i32 9, i32 16

]]></Node>
<StgValue><ssdm name="trunc_ln818_50"/></StgValue>
</operation>

<operation id="86" st_id="2" stage="1" lat="2">
<core>Multiplier</core>
<MemPortIdVec></MemPortIdVec>
<condition id="-1">
<or_exp><and_exp></and_exp></or_exp>
</condition>

<Node id="63" bw="17" op_0_bw="17" op_1_bw="17">
<![CDATA[
entry:57 %mul_ln1270_1 = mul i17 %sext_ln1273_3, i17 11

]]></Node>
<StgValue><ssdm name="mul_ln1270_1"/></StgValue>
</operation>

<operation id="87" st_id="2" stage="1" lat="1">
<core>NULL</core>
<MemPortIdVec></MemPortIdVec>
<condition id="-1">
<or_exp><and_exp></and_exp></or_exp>
</condition>

<Node id="64" bw="8" op_0_bw="8" op_1_bw="17" op_2_bw="32" op_3_bw="32">
<![CDATA[
entry:58 %trunc_ln818_56 = partselect i8 @_ssdm_op_PartSelect.i8.i17.i32.i32, i17 %mul_ln1270_1, i32 9, i32 16

]]></Node>
<StgValue><ssdm name="trunc_ln818_56"/></StgValue>
</operation>

<operation id="88" st_id="2" stage="1" lat="2">
<core>Multiplier</core>
<MemPortIdVec></MemPortIdVec>
<condition id="-1">
<or_exp><and_exp></and_exp></or_exp>
</condition>

<Node id="65" bw="17" op_0_bw="17" op_1_bw="17">
<![CDATA[
entry:59 %mul_ln1270_2 = mul i17 %sext_ln1273_3, i17 131059

]]></Node>
<StgValue><ssdm name="mul_ln1270_2"/></StgValue>
</operation>

<operation id="89" st_id="2" stage="1" lat="1">
<core>NULL</core>
<MemPortIdVec></MemPortIdVec>
<condition id="-1">
<or_exp><and_exp></and_exp></or_exp>
</condition>

<Node id="66" bw="8" op_0_bw="8" op_1_bw="17" op_2_bw="32" op_3_bw="32">
<![CDATA[
entry:60 %trunc_ln818_57 = partselect i8 @_ssdm_op_PartSelect.i8.i17.i32.i32, i17 %mul_ln1270_2, i32 9, i32 16

]]></Node>
<StgValue><ssdm name="trunc_ln818_57"/></StgValue>
</operation>

<operation id="90" st_id="2" stage="1" lat="2">
<core>Multiplier</core>
<MemPortIdVec></MemPortIdVec>
<condition id="-1">
<or_exp><and_exp></and_exp></or_exp>
</condition>

<Node id="83" bw="17" op_0_bw="17" op_1_bw="17">
<![CDATA[
entry:77 %mul_ln1270_3 = mul i17 %sext_ln1273_4, i17 11

]]></Node>
<StgValue><ssdm name="mul_ln1270_3"/></StgValue>
</operation>

<operation id="91" st_id="2" stage="1" lat="1">
<core>NULL</core>
<MemPortIdVec></MemPortIdVec>
<condition id="-1">
<or_exp><and_exp></and_exp></or_exp>
</condition>

<Node id="84" bw="8" op_0_bw="8" op_1_bw="17" op_2_bw="32" op_3_bw="32">
<![CDATA[
entry:78 %trunc_ln818_63 = partselect i8 @_ssdm_op_PartSelect.i8.i17.i32.i32, i17 %mul_ln1270_3, i32 9, i32 16

]]></Node>
<StgValue><ssdm name="trunc_ln818_63"/></StgValue>
</operation>

<operation id="92" st_id="2" stage="1" lat="1">
<core>TAddSub</core>
<MemPortIdVec></MemPortIdVec>
<condition id="-1">
<or_exp><and_exp></and_exp></or_exp>
</condition>

<Node id="92" bw="8" op_0_bw="8" op_1_bw="8">
<![CDATA[
entry:86 %add_ln813_42 = add i8 %trunc_ln818_s, i8 %trunc_ln818_58

]]></Node>
<StgValue><ssdm name="add_ln813_42"/></StgValue>
</operation>

<operation id="93" st_id="2" stage="1" lat="1">
<core>TAddSub</core>
<MemPortIdVec></MemPortIdVec>
<condition id="-1">
<or_exp><and_exp></and_exp></or_exp>
</condition>

<Node id="93" bw="8" op_0_bw="8" op_1_bw="8">
<![CDATA[
entry:87 %x_V_10 = add i8 %add_ln813_42, i8 %trunc_ln818_52

]]></Node>
<StgValue><ssdm name="x_V_10"/></StgValue>
</operation>

<operation id="94" st_id="2" stage="1" lat="1">
<core>TAddSub</core>
<MemPortIdVec></MemPortIdVec>
<condition id="-1">
<or_exp><and_exp></and_exp></or_exp>
</condition>

<Node id="108" bw="8" op_0_bw="8" op_1_bw="8">
<![CDATA[
entry:102 %add_ln813_58 = add i8 %trunc_ln818_61, i8 %trunc_ln818_64

]]></Node>
<StgValue><ssdm name="add_ln813_58"/></StgValue>
</operation>

<operation id="95" st_id="2" stage="1" lat="1">
<core>TAddSub</core>
<MemPortIdVec></MemPortIdVec>
<condition id="-1">
<or_exp><and_exp></and_exp></or_exp>
</condition>

<Node id="109" bw="8" op_0_bw="8" op_1_bw="8">
<![CDATA[
entry:103 %add_ln813_59 = add i8 %add_ln813_58, i8 %trunc_ln818_55

]]></Node>
<StgValue><ssdm name="add_ln813_59"/></StgValue>
</operation>
</state>

<state id="3" st_id="3">

<operation id="96" st_id="3" stage="1" lat="1">
<core>TAddSub</core>
<MemPortIdVec></MemPortIdVec>
<condition id="-1">
<or_exp><and_exp></and_exp></or_exp>
</condition>

<Node id="90" bw="8" op_0_bw="8" op_1_bw="8">
<![CDATA[
entry:84 %add_ln813 = add i8 %trunc_ln818_51, i8 %trunc_ln818_56

]]></Node>
<StgValue><ssdm name="add_ln813"/></StgValue>
</operation>

<operation id="97" st_id="3" stage="1" lat="1">
<core>TAddSub</core>
<MemPortIdVec></MemPortIdVec>
<condition id="-1">
<or_exp><and_exp></and_exp></or_exp>
</condition>

<Node id="91" bw="8" op_0_bw="8" op_1_bw="8">
<![CDATA[
entry:85 %x_V = add i8 %add_ln813, i8 %trunc_ln

]]></Node>
<StgValue><ssdm name="x_V"/></StgValue>
</operation>

<operation id="98" st_id="3" stage="1" lat="1">
<core>TAddSub</core>
<MemPortIdVec></MemPortIdVec>
<condition id="-1">
<or_exp><and_exp></and_exp></or_exp>
</condition>

<Node id="96" bw="8" op_0_bw="8" op_1_bw="8">
<![CDATA[
entry:90 %add_ln813_46 = add i8 %trunc_ln818_62, i8 %trunc_ln818_57

]]></Node>
<StgValue><ssdm name="add_ln813_46"/></StgValue>
</operation>

<operation id="99" st_id="3" stage="1" lat="1">
<core>TAddSub</core>
<MemPortIdVec></MemPortIdVec>
<condition id="-1">
<or_exp><and_exp></and_exp></or_exp>
</condition>

<Node id="97" bw="8" op_0_bw="8" op_1_bw="8">
<![CDATA[
entry:91 %add_ln813_47 = add i8 %add_ln813_46, i8 %trunc_ln818_52

]]></Node>
<StgValue><ssdm name="add_ln813_47"/></StgValue>
</operation>

<operation id="100" st_id="3" stage="1" lat="1">
<core>TAddSub</core>
<MemPortIdVec></MemPortIdVec>
<condition id="-1">
<or_exp><and_exp></and_exp></or_exp>
</condition>

<Node id="100" bw="8" op_0_bw="8" op_1_bw="8">
<![CDATA[
entry:94 %add_ln813_50 = add i8 %trunc_ln818_59, i8 %trunc_ln818_63

]]></Node>
<StgValue><ssdm name="add_ln813_50"/></StgValue>
</operation>

<operation id="101" st_id="3" stage="1" lat="1">
<core>TAddSub</core>
<MemPortIdVec></MemPortIdVec>
<condition id="-1">
<or_exp><and_exp></and_exp></or_exp>
</condition>

<Node id="101" bw="8" op_0_bw="8" op_1_bw="8">
<![CDATA[
entry:95 %add_ln813_51 = add i8 %add_ln813_50, i8 %trunc_ln818_53

]]></Node>
<StgValue><ssdm name="add_ln813_51"/></StgValue>
</operation>

<operation id="102" st_id="3" stage="1" lat="1">
<core>TAddSub</core>
<MemPortIdVec></MemPortIdVec>
<condition id="-1">
<or_exp><and_exp></and_exp></or_exp>
</condition>

<Node id="104" bw="8" op_0_bw="8" op_1_bw="8">
<![CDATA[
entry:98 %add_ln813_54 = add i8 %trunc_ln818_62, i8 %trunc_ln818_56

]]></Node>
<StgValue><ssdm name="add_ln813_54"/></StgValue>
</operation>

<operation id="103" st_id="3" stage="1" lat="1">
<core>TAddSub</core>
<MemPortIdVec></MemPortIdVec>
<condition id="-1">
<or_exp><and_exp></and_exp></or_exp>
</condition>

<Node id="105" bw="8" op_0_bw="8" op_1_bw="8">
<![CDATA[
entry:99 %add_ln813_55 = add i8 %add_ln813_54, i8 %trunc_ln818_54

]]></Node>
<StgValue><ssdm name="add_ln813_55"/></StgValue>
</operation>

<operation id="104" st_id="3" stage="1" lat="1">
<core>TAddSub</core>
<MemPortIdVec></MemPortIdVec>
<condition id="-1">
<or_exp><and_exp></and_exp></or_exp>
</condition>

<Node id="107" bw="8" op_0_bw="8" op_1_bw="8">
<![CDATA[
entry:101 %add_ln813_57 = add i8 %trunc_ln818_50, i8 %trunc_ln818_46

]]></Node>
<StgValue><ssdm name="add_ln813_57"/></StgValue>
</operation>

<operation id="105" st_id="3" stage="1" lat="1">
<core>TAddSub</core>
<MemPortIdVec></MemPortIdVec>
<condition id="-1">
<or_exp><and_exp></and_exp></or_exp>
</condition>

<Node id="110" bw="8" op_0_bw="8" op_1_bw="8">
<![CDATA[
entry:104 %x_V_14 = add i8 %add_ln813_59, i8 %add_ln813_57

]]></Node>
<StgValue><ssdm name="x_V_14"/></StgValue>
</operation>
</state>

<state id="4" st_id="4">

<operation id="106" st_id="4" stage="1" lat="1">
<core>NULL</core>
<MemPortIdVec></MemPortIdVec>
<condition id="-1">
<or_exp><and_exp></and_exp></or_exp>
</condition>

<Node id="6" bw="0" op_0_bw="0" op_1_bw="32" op_2_bw="32" op_3_bw="32" op_4_bw="32" op_5_bw="0">
<![CDATA[
entry:0 %specpipeline_ln33 = specpipeline void @_ssdm_op_SpecPipeline, i32 1, i32 0, i32 0, i32 0, void @empty_0

]]></Node>
<StgValue><ssdm name="specpipeline_ln33"/></StgValue>
</operation>

<operation id="107" st_id="4" stage="1" lat="1">
<core>NULL</core>
<MemPortIdVec></MemPortIdVec>
<condition id="-1">
<or_exp><and_exp></and_exp></or_exp>
</condition>

<Node id="7" bw="0" op_0_bw="0" op_1_bw="64" op_2_bw="0" op_3_bw="0" op_4_bw="0" op_5_bw="0">
<![CDATA[
entry:1 %specresourcelimit_ln33 = specresourcelimit void @_ssdm_op_SpecResourceLimit, i64 28, void @empty_1, void @empty_0, void @empty_0, void @empty_0

]]></Node>
<StgValue><ssdm name="specresourcelimit_ln33"/></StgValue>
</operation>

<operation id="108" st_id="4" stage="1" lat="1">
<core>TAddSub</core>
<MemPortIdVec></MemPortIdVec>
<condition id="-1">
<or_exp><and_exp></and_exp></or_exp>
</condition>

<Node id="95" bw="8" op_0_bw="8" op_1_bw="8">
<![CDATA[
entry:89 %add_ln813_45 = add i8 %trunc_ln818_47, i8 %trunc_ln818_s

]]></Node>
<StgValue><ssdm name="add_ln813_45"/></StgValue>
</operation>

<operation id="109" st_id="4" stage="1" lat="1">
<core>TAddSub</core>
<MemPortIdVec></MemPortIdVec>
<condition id="-1">
<or_exp><and_exp></and_exp></or_exp>
</condition>

<Node id="98" bw="8" op_0_bw="8" op_1_bw="8">
<![CDATA[
entry:92 %x_V_9 = add i8 %add_ln813_47, i8 %add_ln813_45

]]></Node>
<StgValue><ssdm name="x_V_9"/></StgValue>
</operation>

<operation id="110" st_id="4" stage="1" lat="1">
<core>TAddSub</core>
<MemPortIdVec></MemPortIdVec>
<condition id="-1">
<or_exp><and_exp></and_exp></or_exp>
</condition>

<Node id="99" bw="8" op_0_bw="8" op_1_bw="8">
<![CDATA[
entry:93 %add_ln813_49 = add i8 %trunc_ln818_48, i8 %trunc_ln818_43

]]></Node>
<StgValue><ssdm name="add_ln813_49"/></StgValue>
</operation>

<operation id="111" st_id="4" stage="1" lat="1">
<core>TAddSub</core>
<MemPortIdVec></MemPortIdVec>
<condition id="-1">
<or_exp><and_exp></and_exp></or_exp>
</condition>

<Node id="102" bw="8" op_0_bw="8" op_1_bw="8">
<![CDATA[
entry:96 %x_V_11 = add i8 %add_ln813_51, i8 %add_ln813_49

]]></Node>
<StgValue><ssdm name="x_V_11"/></StgValue>
</operation>

<operation id="112" st_id="4" stage="1" lat="1">
<core>TAddSub</core>
<MemPortIdVec></MemPortIdVec>
<condition id="-1">
<or_exp><and_exp></and_exp></or_exp>
</condition>

<Node id="103" bw="8" op_0_bw="8" op_1_bw="8">
<![CDATA[
entry:97 %add_ln813_53 = add i8 %trunc_ln818_49, i8 %trunc_ln818_44

]]></Node>
<StgValue><ssdm name="add_ln813_53"/></StgValue>
</operation>

<operation id="113" st_id="4" stage="1" lat="1">
<core>TAddSub</core>
<MemPortIdVec></MemPortIdVec>
<condition id="-1">
<or_exp><and_exp></and_exp></or_exp>
</condition>

<Node id="106" bw="8" op_0_bw="8" op_1_bw="8">
<![CDATA[
entry:100 %x_V_12 = add i8 %add_ln813_55, i8 %add_ln813_53

]]></Node>
<StgValue><ssdm name="x_V_12"/></StgValue>
</operation>

<operation id="114" st_id="4" stage="1" lat="1">
<core>NULL</core>
<MemPortIdVec></MemPortIdVec>
<condition id="-1">
<or_exp><and_exp></and_exp></or_exp>
</condition>

<Node id="111" bw="14" op_0_bw="14" op_1_bw="8" op_2_bw="6">
<![CDATA[
entry:105 %shl_ln2 = bitconcatenate i14 @_ssdm_op_BitConcatenate.i14.i8.i6, i8 %x_V, i6 0

]]></Node>
<StgValue><ssdm name="shl_ln2"/></StgValue>
</operation>

<operation id="115" st_id="4" stage="1" lat="1">
<core>NULL</core>
<MemPortIdVec></MemPortIdVec>
<condition id="-1">
<or_exp><and_exp></and_exp></or_exp>
</condition>

<Node id="112" bw="16" op_0_bw="14">
<![CDATA[
entry:106 %sext_ln110 = sext i14 %shl_ln2

]]></Node>
<StgValue><ssdm name="sext_ln110"/></StgValue>
</operation>

<operation id="116" st_id="4" stage="1" lat="1">
<core>NULL</core>
<MemPortIdVec></MemPortIdVec>
<condition id="-1">
<or_exp><and_exp></and_exp></or_exp>
</condition>

<Node id="113" bw="14" op_0_bw="14" op_1_bw="8" op_2_bw="6">
<![CDATA[
entry:107 %shl_ln838_9 = bitconcatenate i14 @_ssdm_op_BitConcatenate.i14.i8.i6, i8 %x_V_9, i6 0

]]></Node>
<StgValue><ssdm name="shl_ln838_9"/></StgValue>
</operation>

<operation id="117" st_id="4" stage="1" lat="1">
<core>NULL</core>
<MemPortIdVec></MemPortIdVec>
<condition id="-1">
<or_exp><and_exp></and_exp></or_exp>
</condition>

<Node id="114" bw="16" op_0_bw="14">
<![CDATA[
entry:108 %sext_ln110_8 = sext i14 %shl_ln838_9

]]></Node>
<StgValue><ssdm name="sext_ln110_8"/></StgValue>
</operation>

<operation id="118" st_id="4" stage="1" lat="1">
<core>NULL</core>
<MemPortIdVec></MemPortIdVec>
<condition id="-1">
<or_exp><and_exp></and_exp></or_exp>
</condition>

<Node id="115" bw="14" op_0_bw="14" op_1_bw="8" op_2_bw="6">
<![CDATA[
entry:109 %shl_ln838_s = bitconcatenate i14 @_ssdm_op_BitConcatenate.i14.i8.i6, i8 %x_V_10, i6 0

]]></Node>
<StgValue><ssdm name="shl_ln838_s"/></StgValue>
</operation>

<operation id="119" st_id="4" stage="1" lat="1">
<core>NULL</core>
<MemPortIdVec></MemPortIdVec>
<condition id="-1">
<or_exp><and_exp></and_exp></or_exp>
</condition>

<Node id="116" bw="16" op_0_bw="14">
<![CDATA[
entry:110 %sext_ln110_9 = sext i14 %shl_ln838_s

]]></Node>
<StgValue><ssdm name="sext_ln110_9"/></StgValue>
</operation>

<operation id="120" st_id="4" stage="1" lat="1">
<core>NULL</core>
<MemPortIdVec></MemPortIdVec>
<condition id="-1">
<or_exp><and_exp></and_exp></or_exp>
</condition>

<Node id="117" bw="14" op_0_bw="14" op_1_bw="8" op_2_bw="6">
<![CDATA[
entry:111 %shl_ln838_1 = bitconcatenate i14 @_ssdm_op_BitConcatenate.i14.i8.i6, i8 %x_V_11, i6 0

]]></Node>
<StgValue><ssdm name="shl_ln838_1"/></StgValue>
</operation>

<operation id="121" st_id="4" stage="1" lat="1">
<core>NULL</core>
<MemPortIdVec></MemPortIdVec>
<condition id="-1">
<or_exp><and_exp></and_exp></or_exp>
</condition>

<Node id="118" bw="16" op_0_bw="14">
<![CDATA[
entry:112 %sext_ln110_10 = sext i14 %shl_ln838_1

]]></Node>
<StgValue><ssdm name="sext_ln110_10"/></StgValue>
</operation>

<operation id="122" st_id="4" stage="1" lat="1">
<core>NULL</core>
<MemPortIdVec></MemPortIdVec>
<condition id="-1">
<or_exp><and_exp></and_exp></or_exp>
</condition>

<Node id="119" bw="14" op_0_bw="14" op_1_bw="8" op_2_bw="6">
<![CDATA[
entry:113 %shl_ln838_2 = bitconcatenate i14 @_ssdm_op_BitConcatenate.i14.i8.i6, i8 %x_V_12, i6 0

]]></Node>
<StgValue><ssdm name="shl_ln838_2"/></StgValue>
</operation>

<operation id="123" st_id="4" stage="1" lat="1">
<core>NULL</core>
<MemPortIdVec></MemPortIdVec>
<condition id="-1">
<or_exp><and_exp></and_exp></or_exp>
</condition>

<Node id="120" bw="16" op_0_bw="14">
<![CDATA[
entry:114 %sext_ln110_11 = sext i14 %shl_ln838_2

]]></Node>
<StgValue><ssdm name="sext_ln110_11"/></StgValue>
</operation>

<operation id="124" st_id="4" stage="1" lat="1">
<core>NULL</core>
<MemPortIdVec></MemPortIdVec>
<condition id="-1">
<or_exp><and_exp></and_exp></or_exp>
</condition>

<Node id="121" bw="14" op_0_bw="14" op_1_bw="8" op_2_bw="6">
<![CDATA[
entry:115 %shl_ln838_3 = bitconcatenate i14 @_ssdm_op_BitConcatenate.i14.i8.i6, i8 %x_V_13, i6 0

]]></Node>
<StgValue><ssdm name="shl_ln838_3"/></StgValue>
</operation>

<operation id="125" st_id="4" stage="1" lat="1">
<core>NULL</core>
<MemPortIdVec></MemPortIdVec>
<condition id="-1">
<or_exp><and_exp></and_exp></or_exp>
</condition>

<Node id="122" bw="16" op_0_bw="14">
<![CDATA[
entry:116 %sext_ln110_12 = sext i14 %shl_ln838_3

]]></Node>
<StgValue><ssdm name="sext_ln110_12"/></StgValue>
</operation>

<operation id="126" st_id="4" stage="1" lat="1">
<core>NULL</core>
<MemPortIdVec></MemPortIdVec>
<condition id="-1">
<or_exp><and_exp></and_exp></or_exp>
</condition>

<Node id="123" bw="14" op_0_bw="14" op_1_bw="8" op_2_bw="6">
<![CDATA[
entry:117 %shl_ln838_4 = bitconcatenate i14 @_ssdm_op_BitConcatenate.i14.i8.i6, i8 %x_V_14, i6 0

]]></Node>
<StgValue><ssdm name="shl_ln838_4"/></StgValue>
</operation>

<operation id="127" st_id="4" stage="1" lat="1">
<core>NULL</core>
<MemPortIdVec></MemPortIdVec>
<condition id="-1">
<or_exp><and_exp></and_exp></or_exp>
</condition>

<Node id="124" bw="16" op_0_bw="14">
<![CDATA[
entry:118 %sext_ln68 = sext i14 %shl_ln838_4

]]></Node>
<StgValue><ssdm name="sext_ln68"/></StgValue>
</operation>

<operation id="128" st_id="4" stage="1" lat="1">
<core>NULL</core>
<MemPortIdVec></MemPortIdVec>
<condition id="-1">
<or_exp><and_exp></and_exp></or_exp>
</condition>

<Node id="125" bw="112" op_0_bw="112" op_1_bw="16">
<![CDATA[
entry:119 %mrv = insertvalue i112 <undef>, i16 %sext_ln110

]]></Node>
<StgValue><ssdm name="mrv"/></StgValue>
</operation>

<operation id="129" st_id="4" stage="1" lat="1">
<core>NULL</core>
<MemPortIdVec></MemPortIdVec>
<condition id="-1">
<or_exp><and_exp></and_exp></or_exp>
</condition>

<Node id="126" bw="112" op_0_bw="112" op_1_bw="16">
<![CDATA[
entry:120 %mrv_1 = insertvalue i112 %mrv, i16 %sext_ln110_8

]]></Node>
<StgValue><ssdm name="mrv_1"/></StgValue>
</operation>

<operation id="130" st_id="4" stage="1" lat="1">
<core>NULL</core>
<MemPortIdVec></MemPortIdVec>
<condition id="-1">
<or_exp><and_exp></and_exp></or_exp>
</condition>

<Node id="127" bw="112" op_0_bw="112" op_1_bw="16">
<![CDATA[
entry:121 %mrv_2 = insertvalue i112 %mrv_1, i16 %sext_ln110_9

]]></Node>
<StgValue><ssdm name="mrv_2"/></StgValue>
</operation>

<operation id="131" st_id="4" stage="1" lat="1">
<core>NULL</core>
<MemPortIdVec></MemPortIdVec>
<condition id="-1">
<or_exp><and_exp></and_exp></or_exp>
</condition>

<Node id="128" bw="112" op_0_bw="112" op_1_bw="16">
<![CDATA[
entry:122 %mrv_3 = insertvalue i112 %mrv_2, i16 %sext_ln110_10

]]></Node>
<StgValue><ssdm name="mrv_3"/></StgValue>
</operation>

<operation id="132" st_id="4" stage="1" lat="1">
<core>NULL</core>
<MemPortIdVec></MemPortIdVec>
<condition id="-1">
<or_exp><and_exp></and_exp></or_exp>
</condition>

<Node id="129" bw="112" op_0_bw="112" op_1_bw="16">
<![CDATA[
entry:123 %mrv_4 = insertvalue i112 %mrv_3, i16 %sext_ln110_11

]]></Node>
<StgValue><ssdm name="mrv_4"/></StgValue>
</operation>

<operation id="133" st_id="4" stage="1" lat="1">
<core>NULL</core>
<MemPortIdVec></MemPortIdVec>
<condition id="-1">
<or_exp><and_exp></and_exp></or_exp>
</condition>

<Node id="130" bw="112" op_0_bw="112" op_1_bw="16">
<![CDATA[
entry:124 %mrv_5 = insertvalue i112 %mrv_4, i16 %sext_ln110_12

]]></Node>
<StgValue><ssdm name="mrv_5"/></StgValue>
</operation>

<operation id="134" st_id="4" stage="1" lat="1">
<core>NULL</core>
<MemPortIdVec></MemPortIdVec>
<condition id="-1">
<or_exp><and_exp></and_exp></or_exp>
</condition>

<Node id="131" bw="112" op_0_bw="112" op_1_bw="16">
<![CDATA[
entry:125 %mrv_6 = insertvalue i112 %mrv_5, i16 %sext_ln68

]]></Node>
<StgValue><ssdm name="mrv_6"/></StgValue>
</operation>

<operation id="135" st_id="4" stage="1" lat="1">
<core>NULL</core>
<MemPortIdVec></MemPortIdVec>
<condition id="-1">
<or_exp><and_exp></and_exp></or_exp>
</condition>

<Node id="132" bw="0" op_0_bw="112">
<![CDATA[
entry:126 %ret_ln68 = ret i112 %mrv_6

]]></Node>
<StgValue><ssdm name="ret_ln68"/></StgValue>
</operation>
</state>
</state_list>


<ports>
</ports>


<dataflows>
</dataflows>


</stg>
