<profile>

<section name = "Vitis HLS Report for 'dense_latency_ap_fixed_16_7_4_0_0_ap_fixed_16_6_5_3_0_config8_s'" level="0">
<item name = "Date">Thu Apr 10 01:00:37 2025
</item>
<item name = "Version">2022.2 (Build 3670227 on Oct 13 2022)</item>
<item name = "Project">myproject_prj</item>
<item name = "Solution">solution1 (Vivado IP Flow Target)</item>
<item name = "Product family">zynq</item>
<item name = "Target device">xc7z020-clg484-1</item>
</section>

<section name = "Performance Estimates" level="0">
<item name = "Timing">
<section name = "" level="1">
<item name = "Summary"><table name="" hasTotal="0">
<keys size="4">Clock, Target, Estimated, Uncertainty</keys>
<column name="ap_clk">5.00 ns, 4.213 ns, 0.62 ns</column>
</table>
</item>
</section>
</item>
<item name = "Latency">
<section name = "" level="1">
<item name = "Summary"><table name="" hasTotal="0">
<keys size="8">, min, max, min, max, min, max, Type</keys>
<column name="">3, 3, 15.000 ns, 15.000 ns, 1, 1, yes</column>
</table>
</item>
<item name = "Detail">
<section name = "" level="1">
<item name = "Instance"><table name="" hasTotal="0">
<keys size="9">Instance, Module, min, max, min, max, min, max, Type</keys>
</table>
</item>
<item name = "Loop"><table name="" hasTotal="0">
<keys size="8">Loop Name, min, max, Latency, achieved, target, Count, Pipelined</keys>
</table>
</item>
</section>
</item>
</section>
</item>
</section>

<section name = "Utilization Estimates" level="0">
<item name = "Summary"><table name="" hasTotal="1">
<keys size="6">Name, BRAM_18K, DSP, FF, LUT, URAM</keys>
<column name="DSP">-, -, -, -, -</column>
<column name="Expression">-, -, 0, 1339, -</column>
<column name="FIFO">-, -, -, -, -</column>
<column name="Instance">-, -, -, -, -</column>
<column name="Memory">-, -, -, -, -</column>
<column name="Multiplexer">-, -, -, 126, -</column>
<column name="Register">-, -, 872, 32, -</column>
<specialColumn name="Available">280, 220, 106400, 53200, 0</specialColumn>
<specialColumn name="Utilization (%)">0, 0, ~0, 2, 0</specialColumn>
</table>
</item>
<item name = "Detail">
<section name = "" level="1">
<item name = "Instance"><table name="" hasTotal="1">
<keys size="7">Instance, Module, BRAM_18K, DSP, FF, LUT, URAM</keys>
</table>
</item>
<item name = "DSP"><table name="" hasTotal="0">
<keys size="3">Instance, Module, Expression</keys>
</table>
</item>
<item name = "Memory"><table name="" hasTotal="1">
<keys size="10">Memory, Module, BRAM_18K, FF, LUT, URAM, Words, Bits, Banks, W*Bits*Banks</keys>
</table>
</item>
<item name = "FIFO"><table name="" hasTotal="1">
<keys size="8">Name, BRAM_18K, FF, LUT, URAM, Depth, Bits, Size:D*B</keys>
</table>
</item>
<item name = "Expression"><table name="" hasTotal="1">
<keys size="7">Variable Name, Operation, DSP, FF, LUT, Bitwidth P0, Bitwidth P1</keys>
<column name="add_ln813_10_fu_1070_p2">+, 0, 0, 8, 8, 8</column>
<column name="add_ln813_12_fu_1164_p2">+, 0, 0, 8, 8, 8</column>
<column name="add_ln813_13_fu_1075_p2">+, 0, 0, 8, 8, 8</column>
<column name="add_ln813_14_fu_1079_p2">+, 0, 0, 8, 8, 8</column>
<column name="add_ln813_16_fu_1173_p2">+, 0, 0, 8, 8, 8</column>
<column name="add_ln813_17_fu_1084_p2">+, 0, 0, 8, 8, 8</column>
<column name="add_ln813_18_fu_1088_p2">+, 0, 0, 8, 8, 8</column>
<column name="add_ln813_1_fu_1137_p2">+, 0, 0, 8, 8, 8</column>
<column name="add_ln813_20_fu_1182_p2">+, 0, 0, 8, 8, 8</column>
<column name="add_ln813_21_fu_1093_p2">+, 0, 0, 8, 8, 8</column>
<column name="add_ln813_22_fu_1097_p2">+, 0, 0, 8, 8, 8</column>
<column name="add_ln813_24_fu_1102_p2">+, 0, 0, 15, 8, 8</column>
<column name="add_ln813_25_fu_1191_p2">+, 0, 0, 8, 8, 8</column>
<column name="add_ln813_26_fu_1106_p2">+, 0, 0, 8, 8, 8</column>
<column name="add_ln813_27_fu_884_p2">+, 0, 0, 15, 8, 8</column>
<column name="add_ln813_28_fu_1110_p2">+, 0, 0, 8, 8, 8</column>
<column name="add_ln813_2_fu_1053_p2">+, 0, 0, 15, 8, 8</column>
<column name="add_ln813_30_fu_1115_p2">+, 0, 0, 15, 8, 8</column>
<column name="add_ln813_31_fu_1218_p2">+, 0, 0, 8, 8, 8</column>
<column name="add_ln813_32_fu_1200_p2">+, 0, 0, 8, 8, 8</column>
<column name="add_ln813_33_fu_1120_p2">+, 0, 0, 15, 8, 8</column>
<column name="add_ln813_34_fu_1204_p2">+, 0, 0, 8, 8, 8</column>
<column name="add_ln813_36_fu_1124_p2">+, 0, 0, 15, 8, 8</column>
<column name="add_ln813_37_fu_1209_p2">+, 0, 0, 8, 8, 8</column>
<column name="add_ln813_38_fu_1128_p2">+, 0, 0, 8, 8, 8</column>
<column name="add_ln813_39_fu_1132_p2">+, 0, 0, 8, 8, 8</column>
<column name="add_ln813_4_fu_1146_p2">+, 0, 0, 8, 8, 8</column>
<column name="add_ln813_5_fu_1057_p2">+, 0, 0, 8, 8, 8</column>
<column name="add_ln813_6_fu_1061_p2">+, 0, 0, 8, 8, 8</column>
<column name="add_ln813_8_fu_1155_p2">+, 0, 0, 8, 8, 8</column>
<column name="add_ln813_9_fu_1066_p2">+, 0, 0, 8, 8, 8</column>
<column name="add_ln813_fu_1048_p2">+, 0, 0, 15, 8, 8</column>
<column name="r_V_20_fu_538_p2">+, 0, 0, 24, 17, 17</column>
<column name="r_V_22_fu_620_p2">+, 0, 0, 24, 17, 17</column>
<column name="r_V_23_fu_656_p2">+, 0, 0, 24, 17, 17</column>
<column name="r_V_24_fu_672_p2">+, 0, 0, 24, 17, 17</column>
<column name="r_V_31_fu_830_p2">+, 0, 0, 24, 17, 17</column>
<column name="r_V_7_fu_1032_p2">+, 0, 0, 24, 17, 17</column>
<column name="x_V_1_fu_1150_p2">+, 0, 0, 8, 8, 8</column>
<column name="x_V_2_fu_1159_p2">+, 0, 0, 8, 8, 8</column>
<column name="x_V_3_fu_1168_p2">+, 0, 0, 8, 8, 8</column>
<column name="x_V_4_fu_1177_p2">+, 0, 0, 8, 8, 8</column>
<column name="x_V_5_fu_1186_p2">+, 0, 0, 8, 8, 8</column>
<column name="x_V_6_fu_1195_p2">+, 0, 0, 8, 8, 8</column>
<column name="x_V_7_fu_1222_p2">+, 0, 0, 8, 8, 8</column>
<column name="x_V_8_fu_1213_p2">+, 0, 0, 8, 8, 8</column>
<column name="x_V_fu_1141_p2">+, 0, 0, 8, 8, 8</column>
<column name="r_V_10_fu_286_p2">-, 0, 0, 17, 17, 17</column>
<column name="r_V_11_fu_324_p2">-, 0, 0, 24, 17, 17</column>
<column name="r_V_12_fu_340_p2">-, 0, 0, 24, 17, 17</column>
<column name="r_V_13_fu_364_p2">-, 0, 0, 24, 17, 17</column>
<column name="r_V_14_fu_318_p2">-, 0, 0, 24, 1, 17</column>
<column name="r_V_15_fu_408_p2">-, 0, 0, 17, 17, 17</column>
<column name="r_V_16_fu_424_p2">-, 0, 0, 24, 17, 17</column>
<column name="r_V_17_fu_456_p2">-, 0, 0, 24, 1, 17</column>
<column name="r_V_18_fu_472_p2">-, 0, 0, 24, 17, 17</column>
<column name="r_V_19_fu_522_p2">-, 0, 0, 17, 17, 17</column>
<column name="r_V_21_fu_562_p2">-, 0, 0, 24, 17, 17</column>
<column name="r_V_25_fu_688_p2">-, 0, 0, 24, 17, 17</column>
<column name="r_V_26_fu_726_p2">-, 0, 0, 24, 17, 17</column>
<column name="r_V_27_fu_742_p2">-, 0, 0, 24, 17, 17</column>
<column name="r_V_28_fu_720_p2">-, 0, 0, 24, 1, 17</column>
<column name="r_V_29_fu_786_p2">-, 0, 0, 24, 1, 17</column>
<column name="r_V_2_fu_930_p2">-, 0, 0, 24, 1, 17</column>
<column name="r_V_30_fu_814_p2">-, 0, 0, 24, 17, 17</column>
<column name="r_V_32_fu_852_p2">-, 0, 0, 17, 17, 17</column>
<column name="r_V_3_fu_946_p2">-, 0, 0, 24, 1, 17</column>
<column name="r_V_4_fu_968_p2">-, 0, 0, 17, 17, 17</column>
<column name="r_V_5_fu_984_p2">-, 0, 0, 24, 17, 17</column>
<column name="r_V_6_fu_1016_p2">-, 0, 0, 24, 17, 17</column>
<column name="r_V_8_fu_164_p2">-, 0, 0, 24, 17, 17</column>
<column name="r_V_9_fu_180_p2">-, 0, 0, 24, 1, 17</column>
<column name="r_V_fu_907_p2">-, 0, 0, 24, 17, 17</column>
<column name="sub_ln1270_1_fu_136_p2">-, 0, 0, 24, 17, 17</column>
<column name="sub_ln1270_2_fu_270_p2">-, 0, 0, 24, 17, 17</column>
<column name="sub_ln1270_3_fu_500_p2">-, 0, 0, 24, 17, 17</column>
<column name="sub_ln1270_4_fu_604_p2">-, 0, 0, 24, 17, 17</column>
<column name="sub_ln1270_5_fu_868_p2">-, 0, 0, 24, 17, 17</column>
<column name="sub_ln1270_fu_1000_p2">-, 0, 0, 24, 17, 17</column>
<column name="sub_ln1273_12_fu_402_p2">-, 0, 0, 17, 1, 17</column>
<column name="sub_ln1273_17_fu_516_p2">-, 0, 0, 17, 1, 17</column>
<column name="sub_ln1273_26_fu_846_p2">-, 0, 0, 17, 1, 17</column>
<column name="sub_ln1273_6_fu_252_p2">-, 0, 0, 17, 1, 17</column>
<column name="sub_ln1273_fu_962_p2">-, 0, 0, 17, 1, 17</column>
</table>
</item>
<item name = "Multiplexer"><table name="" hasTotal="1">
<keys size="5">Name, LUT, Input Size, Bits, Total Bits</keys>
<column name="ap_return_0">14, 3, 16, 48</column>
<column name="ap_return_1">14, 3, 16, 48</column>
<column name="ap_return_2">14, 3, 16, 48</column>
<column name="ap_return_3">14, 3, 16, 48</column>
<column name="ap_return_4">14, 3, 16, 48</column>
<column name="ap_return_5">14, 3, 16, 48</column>
<column name="ap_return_6">14, 3, 16, 48</column>
<column name="ap_return_7">14, 3, 16, 48</column>
<column name="ap_return_8">14, 3, 16, 48</column>
</table>
</item>
<item name = "Register"><table name="" hasTotal="1">
<keys size="5">Name, FF, LUT, Bits, Const Bits</keys>
<column name="add_ln813_10_reg_1623">8, 0, 8, 0</column>
<column name="add_ln813_14_reg_1628">8, 0, 8, 0</column>
<column name="add_ln813_18_reg_1633">8, 0, 8, 0</column>
<column name="add_ln813_22_reg_1638">8, 0, 8, 0</column>
<column name="add_ln813_24_reg_1643">8, 0, 8, 0</column>
<column name="add_ln813_27_reg_1572">8, 0, 8, 0</column>
<column name="add_ln813_28_reg_1648">8, 0, 8, 0</column>
<column name="add_ln813_2_reg_1613">8, 0, 8, 0</column>
<column name="add_ln813_30_reg_1653">8, 0, 8, 0</column>
<column name="add_ln813_30_reg_1653_pp0_iter2_reg">8, 0, 8, 0</column>
<column name="add_ln813_33_reg_1658">8, 0, 8, 0</column>
<column name="add_ln813_34_reg_1708">8, 0, 8, 0</column>
<column name="add_ln813_36_reg_1663">8, 0, 8, 0</column>
<column name="add_ln813_39_reg_1668">8, 0, 8, 0</column>
<column name="add_ln813_6_reg_1618">8, 0, 8, 0</column>
<column name="add_ln813_reg_1607">8, 0, 8, 0</column>
<column name="ap_ce_reg">1, 0, 1, 0</column>
<column name="ap_return_0_int_reg">10, 0, 16, 6</column>
<column name="ap_return_1_int_reg">10, 0, 16, 6</column>
<column name="ap_return_2_int_reg">10, 0, 16, 6</column>
<column name="ap_return_3_int_reg">10, 0, 16, 6</column>
<column name="ap_return_4_int_reg">10, 0, 16, 6</column>
<column name="ap_return_5_int_reg">10, 0, 16, 6</column>
<column name="ap_return_6_int_reg">10, 0, 16, 6</column>
<column name="ap_return_7_int_reg">10, 0, 16, 6</column>
<column name="ap_return_8_int_reg">10, 0, 16, 6</column>
<column name="p_read13_reg_1381">16, 0, 16, 0</column>
<column name="p_read1_int_reg">16, 0, 16, 0</column>
<column name="p_read2_int_reg">16, 0, 16, 0</column>
<column name="p_read3_int_reg">16, 0, 16, 0</column>
<column name="p_read4_int_reg">16, 0, 16, 0</column>
<column name="p_read5_int_reg">16, 0, 16, 0</column>
<column name="p_read6_int_reg">16, 0, 16, 0</column>
<column name="p_read_int_reg">16, 0, 16, 0</column>
<column name="trunc_ln1273_1_reg_1392">15, 0, 15, 0</column>
<column name="trunc_ln1273_reg_1387">14, 0, 14, 0</column>
<column name="trunc_ln818_10_reg_1415">8, 0, 8, 0</column>
<column name="trunc_ln818_10_reg_1415_pp0_iter1_reg">8, 0, 8, 0</column>
<column name="trunc_ln818_11_reg_1420">8, 0, 8, 0</column>
<column name="trunc_ln818_12_reg_1425">8, 0, 8, 0</column>
<column name="trunc_ln818_13_reg_1430">8, 0, 8, 0</column>
<column name="trunc_ln818_14_reg_1435">8, 0, 8, 0</column>
<column name="trunc_ln818_15_reg_1440">8, 0, 8, 0</column>
<column name="trunc_ln818_16_reg_1445">8, 0, 8, 0</column>
<column name="trunc_ln818_17_reg_1450">8, 0, 8, 0</column>
<column name="trunc_ln818_18_reg_1455">8, 0, 8, 0</column>
<column name="trunc_ln818_18_reg_1455_pp0_iter1_reg">8, 0, 8, 0</column>
<column name="trunc_ln818_19_reg_1460">8, 0, 8, 0</column>
<column name="trunc_ln818_1_reg_1577">8, 0, 8, 0</column>
<column name="trunc_ln818_20_reg_1465">8, 0, 8, 0</column>
<column name="trunc_ln818_21_reg_1470">8, 0, 8, 0</column>
<column name="trunc_ln818_21_reg_1470_pp0_iter1_reg">8, 0, 8, 0</column>
<column name="trunc_ln818_22_reg_1475">8, 0, 8, 0</column>
<column name="trunc_ln818_23_reg_1480">8, 0, 8, 0</column>
<column name="trunc_ln818_24_reg_1485">8, 0, 8, 0</column>
<column name="trunc_ln818_25_reg_1491">8, 0, 8, 0</column>
<column name="trunc_ln818_26_reg_1496">8, 0, 8, 0</column>
<column name="trunc_ln818_27_reg_1501">8, 0, 8, 0</column>
<column name="trunc_ln818_27_reg_1501_pp0_iter1_reg">8, 0, 8, 0</column>
<column name="trunc_ln818_28_reg_1506">8, 0, 8, 0</column>
<column name="trunc_ln818_29_reg_1511">8, 0, 8, 0</column>
<column name="trunc_ln818_2_reg_1582">8, 0, 8, 0</column>
<column name="trunc_ln818_30_reg_1517">8, 0, 8, 0</column>
<column name="trunc_ln818_32_reg_1522">8, 0, 8, 0</column>
<column name="trunc_ln818_33_reg_1527">8, 0, 8, 0</column>
<column name="trunc_ln818_34_reg_1532">8, 0, 8, 0</column>
<column name="trunc_ln818_35_reg_1537">8, 0, 8, 0</column>
<column name="trunc_ln818_36_reg_1542">8, 0, 8, 0</column>
<column name="trunc_ln818_37_reg_1547">8, 0, 8, 0</column>
<column name="trunc_ln818_38_reg_1552">8, 0, 8, 0</column>
<column name="trunc_ln818_39_reg_1557">8, 0, 8, 0</column>
<column name="trunc_ln818_3_reg_1587">8, 0, 8, 0</column>
<column name="trunc_ln818_41_reg_1562">8, 0, 8, 0</column>
<column name="trunc_ln818_42_reg_1567">8, 0, 8, 0</column>
<column name="trunc_ln818_4_reg_1592">8, 0, 8, 0</column>
<column name="trunc_ln818_5_reg_1597">8, 0, 8, 0</column>
<column name="trunc_ln818_7_reg_1602">8, 0, 8, 0</column>
<column name="trunc_ln818_8_reg_1397">8, 0, 8, 0</column>
<column name="trunc_ln818_8_reg_1397_pp0_iter1_reg">8, 0, 8, 0</column>
<column name="trunc_ln818_9_reg_1404">8, 0, 8, 0</column>
<column name="trunc_ln818_s_reg_1410">8, 0, 8, 0</column>
<column name="trunc_ln818_s_reg_1410_pp0_iter1_reg">8, 0, 8, 0</column>
<column name="x_V_1_reg_1678">8, 0, 8, 0</column>
<column name="x_V_2_reg_1683">8, 0, 8, 0</column>
<column name="x_V_3_reg_1688">8, 0, 8, 0</column>
<column name="x_V_4_reg_1693">8, 0, 8, 0</column>
<column name="x_V_5_reg_1698">8, 0, 8, 0</column>
<column name="x_V_6_reg_1703">8, 0, 8, 0</column>
<column name="x_V_8_reg_1713">8, 0, 8, 0</column>
<column name="x_V_reg_1673">8, 0, 8, 0</column>
<column name="trunc_ln818_9_reg_1404">64, 32, 8, 0</column>
</table>
</item>
</section>
</item>
</section>

<section name = "Interface" level="0">
<item name = "Summary"><table name="" hasTotal="0">
<keys size="6">RTL Ports, Dir, Bits, Protocol, Source Object, C Type</keys>
<column name="ap_clk">in, 1, ap_ctrl_hs, dense_latency&lt;ap_fixed&lt;16, 7, 4, 0, 0&gt;, ap_fixed&lt;16, 6, 5, 3, 0&gt;, config8&gt;, return value</column>
<column name="ap_rst">in, 1, ap_ctrl_hs, dense_latency&lt;ap_fixed&lt;16, 7, 4, 0, 0&gt;, ap_fixed&lt;16, 6, 5, 3, 0&gt;, config8&gt;, return value</column>
<column name="ap_return_0">out, 16, ap_ctrl_hs, dense_latency&lt;ap_fixed&lt;16, 7, 4, 0, 0&gt;, ap_fixed&lt;16, 6, 5, 3, 0&gt;, config8&gt;, return value</column>
<column name="ap_return_1">out, 16, ap_ctrl_hs, dense_latency&lt;ap_fixed&lt;16, 7, 4, 0, 0&gt;, ap_fixed&lt;16, 6, 5, 3, 0&gt;, config8&gt;, return value</column>
<column name="ap_return_2">out, 16, ap_ctrl_hs, dense_latency&lt;ap_fixed&lt;16, 7, 4, 0, 0&gt;, ap_fixed&lt;16, 6, 5, 3, 0&gt;, config8&gt;, return value</column>
<column name="ap_return_3">out, 16, ap_ctrl_hs, dense_latency&lt;ap_fixed&lt;16, 7, 4, 0, 0&gt;, ap_fixed&lt;16, 6, 5, 3, 0&gt;, config8&gt;, return value</column>
<column name="ap_return_4">out, 16, ap_ctrl_hs, dense_latency&lt;ap_fixed&lt;16, 7, 4, 0, 0&gt;, ap_fixed&lt;16, 6, 5, 3, 0&gt;, config8&gt;, return value</column>
<column name="ap_return_5">out, 16, ap_ctrl_hs, dense_latency&lt;ap_fixed&lt;16, 7, 4, 0, 0&gt;, ap_fixed&lt;16, 6, 5, 3, 0&gt;, config8&gt;, return value</column>
<column name="ap_return_6">out, 16, ap_ctrl_hs, dense_latency&lt;ap_fixed&lt;16, 7, 4, 0, 0&gt;, ap_fixed&lt;16, 6, 5, 3, 0&gt;, config8&gt;, return value</column>
<column name="ap_return_7">out, 16, ap_ctrl_hs, dense_latency&lt;ap_fixed&lt;16, 7, 4, 0, 0&gt;, ap_fixed&lt;16, 6, 5, 3, 0&gt;, config8&gt;, return value</column>
<column name="ap_return_8">out, 16, ap_ctrl_hs, dense_latency&lt;ap_fixed&lt;16, 7, 4, 0, 0&gt;, ap_fixed&lt;16, 6, 5, 3, 0&gt;, config8&gt;, return value</column>
<column name="ap_ce">in, 1, ap_ctrl_hs, dense_latency&lt;ap_fixed&lt;16, 7, 4, 0, 0&gt;, ap_fixed&lt;16, 6, 5, 3, 0&gt;, config8&gt;, return value</column>
<column name="p_read">in, 16, ap_none, p_read, scalar</column>
<column name="p_read1">in, 16, ap_none, p_read1, scalar</column>
<column name="p_read2">in, 16, ap_none, p_read2, scalar</column>
<column name="p_read3">in, 16, ap_none, p_read3, scalar</column>
<column name="p_read4">in, 16, ap_none, p_read4, scalar</column>
<column name="p_read5">in, 16, ap_none, p_read5, scalar</column>
<column name="p_read6">in, 16, ap_none, p_read6, scalar</column>
</table>
</item>
</section>
</profile>
