<stg><name>dense_latency<ap_fixed<16, 7, 4, 0, 0>, ap_fixed<16, 6, 5, 3, 0>, config5></name>


<trans_list>

<trans id="140" from="1" to="2">
<condition id="-1">
<or_exp><and_exp></and_exp></or_exp>
</condition>
</trans>

<trans id="141" from="2" to="3">
<condition id="-1">
<or_exp><and_exp></and_exp></or_exp>
</condition>
</trans>

<trans id="142" from="3" to="4">
<condition id="-1">
<or_exp><and_exp></and_exp></or_exp>
</condition>
</trans>
</trans_list>



<state_list>

<state id="1" st_id="1">

<operation id="5" st_id="1" stage="1" lat="1">
<core>NULL</core>
<MemPortIdVec></MemPortIdVec>
<condition id="-1">
<or_exp><and_exp></and_exp></or_exp>
</condition>

<Node id="8" bw="16" op_0_bw="16" op_1_bw="16">
<![CDATA[
entry:2 %p_read49 = read i16 @_ssdm_op_Read.ap_auto.i16, i16 %p_read4

]]></Node>
<StgValue><ssdm name="p_read49"/></StgValue>
</operation>

<operation id="6" st_id="1" stage="1" lat="1">
<core>NULL</core>
<MemPortIdVec></MemPortIdVec>
<condition id="-1">
<or_exp><and_exp></and_exp></or_exp>
</condition>

<Node id="9" bw="16" op_0_bw="16" op_1_bw="16">
<![CDATA[
entry:3 %p_read38 = read i16 @_ssdm_op_Read.ap_auto.i16, i16 %p_read3

]]></Node>
<StgValue><ssdm name="p_read38"/></StgValue>
</operation>

<operation id="7" st_id="1" stage="1" lat="1">
<core>NULL</core>
<MemPortIdVec></MemPortIdVec>
<condition id="-1">
<or_exp><and_exp></and_exp></or_exp>
</condition>

<Node id="10" bw="16" op_0_bw="16" op_1_bw="16">
<![CDATA[
entry:4 %p_read27 = read i16 @_ssdm_op_Read.ap_auto.i16, i16 %p_read2

]]></Node>
<StgValue><ssdm name="p_read27"/></StgValue>
</operation>

<operation id="8" st_id="1" stage="1" lat="1">
<core>NULL</core>
<MemPortIdVec></MemPortIdVec>
<condition id="-1">
<or_exp><and_exp></and_exp></or_exp>
</condition>

<Node id="11" bw="16" op_0_bw="16" op_1_bw="16">
<![CDATA[
entry:5 %p_read16 = read i16 @_ssdm_op_Read.ap_auto.i16, i16 %p_read1

]]></Node>
<StgValue><ssdm name="p_read16"/></StgValue>
</operation>

<operation id="9" st_id="1" stage="1" lat="1">
<core>NULL</core>
<MemPortIdVec></MemPortIdVec>
<condition id="-1">
<or_exp><and_exp></and_exp></or_exp>
</condition>

<Node id="12" bw="16" op_0_bw="16" op_1_bw="16">
<![CDATA[
entry:6 %p_read_18 = read i16 @_ssdm_op_Read.ap_auto.i16, i16 %p_read

]]></Node>
<StgValue><ssdm name="p_read_18"/></StgValue>
</operation>

<operation id="10" st_id="1" stage="1" lat="1">
<core>NULL</core>
<MemPortIdVec></MemPortIdVec>
<condition id="-1">
<or_exp><and_exp></and_exp></or_exp>
</condition>

<Node id="13" bw="17" op_0_bw="16">
<![CDATA[
entry:7 %sext_ln1270 = sext i16 %p_read_18

]]></Node>
<StgValue><ssdm name="sext_ln1270"/></StgValue>
</operation>

<operation id="11" st_id="1" stage="1" lat="1">
<core>NULL</core>
<MemPortIdVec></MemPortIdVec>
<condition id="-1">
<or_exp><and_exp></and_exp></or_exp>
</condition>

<Node id="14" bw="13" op_0_bw="16">
<![CDATA[
entry:8 %trunc_ln1273 = trunc i16 %p_read_18

]]></Node>
<StgValue><ssdm name="trunc_ln1273"/></StgValue>
</operation>

<operation id="12" st_id="1" stage="1" lat="1">
<core>NULL</core>
<MemPortIdVec></MemPortIdVec>
<condition id="-1">
<or_exp><and_exp></and_exp></or_exp>
</condition>

<Node id="15" bw="17" op_0_bw="17" op_1_bw="13" op_2_bw="4">
<![CDATA[
entry:9 %shl_ln = bitconcatenate i17 @_ssdm_op_BitConcatenate.i17.i13.i4, i13 %trunc_ln1273, i4 0

]]></Node>
<StgValue><ssdm name="shl_ln"/></StgValue>
</operation>

<operation id="13" st_id="1" stage="1" lat="1">
<core>NULL</core>
<MemPortIdVec></MemPortIdVec>
<condition id="-1">
<or_exp><and_exp></and_exp></or_exp>
</condition>

<Node id="16" bw="15" op_0_bw="16">
<![CDATA[
entry:10 %trunc_ln1273_10 = trunc i16 %p_read_18

]]></Node>
<StgValue><ssdm name="trunc_ln1273_10"/></StgValue>
</operation>

<operation id="14" st_id="1" stage="1" lat="1">
<core>NULL</core>
<MemPortIdVec></MemPortIdVec>
<condition id="-1">
<or_exp><and_exp></and_exp></or_exp>
</condition>

<Node id="17" bw="17" op_0_bw="17" op_1_bw="15" op_2_bw="2">
<![CDATA[
entry:11 %shl_ln1273_s = bitconcatenate i17 @_ssdm_op_BitConcatenate.i17.i15.i2, i15 %trunc_ln1273_10, i2 0

]]></Node>
<StgValue><ssdm name="shl_ln1273_s"/></StgValue>
</operation>

<operation id="15" st_id="1" stage="1" lat="1">
<core>Adder</core>
<MemPortIdVec></MemPortIdVec>
<condition id="-1">
<or_exp><and_exp></and_exp></or_exp>
</condition>

<Node id="18" bw="17" op_0_bw="17" op_1_bw="17">
<![CDATA[
entry:12 %r_V = sub i17 %shl_ln1273_s, i17 %shl_ln

]]></Node>
<StgValue><ssdm name="r_V"/></StgValue>
</operation>

<operation id="16" st_id="1" stage="1" lat="1">
<core>NULL</core>
<MemPortIdVec></MemPortIdVec>
<condition id="-1">
<or_exp><and_exp></and_exp></or_exp>
</condition>

<Node id="19" bw="8" op_0_bw="8" op_1_bw="17" op_2_bw="32" op_3_bw="32">
<![CDATA[
entry:13 %trunc_ln = partselect i8 @_ssdm_op_PartSelect.i8.i17.i32.i32, i17 %r_V, i32 9, i32 16

]]></Node>
<StgValue><ssdm name="trunc_ln"/></StgValue>
</operation>

<operation id="17" st_id="1" stage="1" lat="1">
<core>Adder</core>
<MemPortIdVec></MemPortIdVec>
<condition id="-1">
<or_exp><and_exp></and_exp></or_exp>
</condition>

<Node id="20" bw="17" op_0_bw="17" op_1_bw="17">
<![CDATA[
entry:14 %r_V_33 = add i17 %shl_ln1273_s, i17 %sext_ln1270

]]></Node>
<StgValue><ssdm name="r_V_33"/></StgValue>
</operation>

<operation id="18" st_id="1" stage="1" lat="1">
<core>NULL</core>
<MemPortIdVec></MemPortIdVec>
<condition id="-1">
<or_exp><and_exp></and_exp></or_exp>
</condition>

<Node id="21" bw="8" op_0_bw="8" op_1_bw="17" op_2_bw="32" op_3_bw="32">
<![CDATA[
entry:15 %trunc_ln818_s = partselect i8 @_ssdm_op_PartSelect.i8.i17.i32.i32, i17 %r_V_33, i32 9, i32 16

]]></Node>
<StgValue><ssdm name="trunc_ln818_s"/></StgValue>
</operation>

<operation id="19" st_id="1" stage="2" lat="2">
<core>Multiplier</core>
<MemPortIdVec></MemPortIdVec>
<condition id="-1">
<or_exp><and_exp></and_exp></or_exp>
</condition>

<Node id="22" bw="17" op_0_bw="17" op_1_bw="17">
<![CDATA[
entry:16 %mul_ln1270 = mul i17 %sext_ln1270, i17 131059

]]></Node>
<StgValue><ssdm name="mul_ln1270"/></StgValue>
</operation>

<operation id="20" st_id="1" stage="1" lat="1">
<core>NULL</core>
<MemPortIdVec></MemPortIdVec>
<condition id="-1">
<or_exp><and_exp></and_exp></or_exp>
</condition>

<Node id="24" bw="14" op_0_bw="16">
<![CDATA[
entry:18 %trunc_ln1273_11 = trunc i16 %p_read_18

]]></Node>
<StgValue><ssdm name="trunc_ln1273_11"/></StgValue>
</operation>

<operation id="21" st_id="1" stage="1" lat="1">
<core>NULL</core>
<MemPortIdVec></MemPortIdVec>
<condition id="-1">
<or_exp><and_exp></and_exp></or_exp>
</condition>

<Node id="25" bw="17" op_0_bw="17" op_1_bw="14" op_2_bw="3">
<![CDATA[
entry:19 %shl_ln1273_14 = bitconcatenate i17 @_ssdm_op_BitConcatenate.i17.i14.i3, i14 %trunc_ln1273_11, i3 0

]]></Node>
<StgValue><ssdm name="shl_ln1273_14"/></StgValue>
</operation>

<operation id="22" st_id="1" stage="1" lat="1">
<core>NULL</core>
<MemPortIdVec></MemPortIdVec>
<condition id="-1">
<or_exp><and_exp></and_exp></or_exp>
</condition>

<Node id="26" bw="17" op_0_bw="17" op_1_bw="16" op_2_bw="1">
<![CDATA[
entry:20 %shl_ln1273_15 = bitconcatenate i17 @_ssdm_op_BitConcatenate.i17.i16.i1, i16 %p_read_18, i1 0

]]></Node>
<StgValue><ssdm name="shl_ln1273_15"/></StgValue>
</operation>

<operation id="23" st_id="1" stage="1" lat="1">
<core>Adder</core>
<MemPortIdVec></MemPortIdVec>
<condition id="-1">
<or_exp><and_exp></and_exp></or_exp>
</condition>

<Node id="27" bw="17" op_0_bw="17" op_1_bw="17">
<![CDATA[
entry:21 %r_V_34 = add i17 %shl_ln1273_14, i17 %shl_ln1273_15

]]></Node>
<StgValue><ssdm name="r_V_34"/></StgValue>
</operation>

<operation id="24" st_id="1" stage="1" lat="1">
<core>NULL</core>
<MemPortIdVec></MemPortIdVec>
<condition id="-1">
<or_exp><and_exp></and_exp></or_exp>
</condition>

<Node id="28" bw="8" op_0_bw="8" op_1_bw="17" op_2_bw="32" op_3_bw="32">
<![CDATA[
entry:22 %trunc_ln818_44 = partselect i8 @_ssdm_op_PartSelect.i8.i17.i32.i32, i17 %r_V_34, i32 9, i32 16

]]></Node>
<StgValue><ssdm name="trunc_ln818_44"/></StgValue>
</operation>

<operation id="25" st_id="1" stage="1" lat="1">
<core>Adder</core>
<MemPortIdVec></MemPortIdVec>
<condition id="-1">
<or_exp><and_exp></and_exp></or_exp>
</condition>

<Node id="29" bw="17" op_0_bw="17" op_1_bw="17">
<![CDATA[
entry:23 %r_V_35 = add i17 %shl_ln1273_14, i17 %sext_ln1270

]]></Node>
<StgValue><ssdm name="r_V_35"/></StgValue>
</operation>

<operation id="26" st_id="1" stage="1" lat="1">
<core>NULL</core>
<MemPortIdVec></MemPortIdVec>
<condition id="-1">
<or_exp><and_exp></and_exp></or_exp>
</condition>

<Node id="30" bw="8" op_0_bw="8" op_1_bw="17" op_2_bw="32" op_3_bw="32">
<![CDATA[
entry:24 %trunc_ln818_45 = partselect i8 @_ssdm_op_PartSelect.i8.i17.i32.i32, i17 %r_V_35, i32 9, i32 16

]]></Node>
<StgValue><ssdm name="trunc_ln818_45"/></StgValue>
</operation>

<operation id="27" st_id="1" stage="1" lat="1">
<core>Adder</core>
<MemPortIdVec></MemPortIdVec>
<condition id="-1">
<or_exp><and_exp></and_exp></or_exp>
</condition>

<Node id="31" bw="17" op_0_bw="17" op_1_bw="17">
<![CDATA[
entry:25 %sub_ln1270 = sub i17 %sext_ln1270, i17 %shl_ln1273_14

]]></Node>
<StgValue><ssdm name="sub_ln1270"/></StgValue>
</operation>

<operation id="28" st_id="1" stage="1" lat="1">
<core>NULL</core>
<MemPortIdVec></MemPortIdVec>
<condition id="-1">
<or_exp><and_exp></and_exp></or_exp>
</condition>

<Node id="32" bw="8" op_0_bw="8" op_1_bw="17" op_2_bw="32" op_3_bw="32">
<![CDATA[
entry:26 %trunc_ln818_46 = partselect i8 @_ssdm_op_PartSelect.i8.i17.i32.i32, i17 %sub_ln1270, i32 9, i32 16

]]></Node>
<StgValue><ssdm name="trunc_ln818_46"/></StgValue>
</operation>

<operation id="29" st_id="1" stage="1" lat="1">
<core>NULL</core>
<MemPortIdVec></MemPortIdVec>
<condition id="-1">
<or_exp><and_exp></and_exp></or_exp>
</condition>

<Node id="34" bw="14" op_0_bw="16">
<![CDATA[
entry:28 %trunc_ln1273_12 = trunc i16 %p_read16

]]></Node>
<StgValue><ssdm name="trunc_ln1273_12"/></StgValue>
</operation>

<operation id="30" st_id="1" stage="1" lat="1">
<core>NULL</core>
<MemPortIdVec></MemPortIdVec>
<condition id="-1">
<or_exp><and_exp></and_exp></or_exp>
</condition>

<Node id="45" bw="8" op_0_bw="8" op_1_bw="16" op_2_bw="32" op_3_bw="32">
<![CDATA[
entry:39 %trunc_ln818_51 = partselect i8 @_ssdm_op_PartSelect.i8.i16.i32.i32, i16 %p_read27, i32 7, i32 14

]]></Node>
<StgValue><ssdm name="trunc_ln818_51"/></StgValue>
</operation>

<operation id="31" st_id="1" stage="1" lat="1">
<core>NULL</core>
<MemPortIdVec></MemPortIdVec>
<condition id="-1">
<or_exp><and_exp></and_exp></or_exp>
</condition>

<Node id="46" bw="17" op_0_bw="16">
<![CDATA[
entry:40 %sext_ln1273 = sext i16 %p_read27

]]></Node>
<StgValue><ssdm name="sext_ln1273"/></StgValue>
</operation>

<operation id="32" st_id="1" stage="1" lat="1">
<core>NULL</core>
<MemPortIdVec></MemPortIdVec>
<condition id="-1">
<or_exp><and_exp></and_exp></or_exp>
</condition>

<Node id="47" bw="15" op_0_bw="16">
<![CDATA[
entry:41 %trunc_ln1273_13 = trunc i16 %p_read27

]]></Node>
<StgValue><ssdm name="trunc_ln1273_13"/></StgValue>
</operation>

<operation id="33" st_id="1" stage="1" lat="1">
<core>NULL</core>
<MemPortIdVec></MemPortIdVec>
<condition id="-1">
<or_exp><and_exp></and_exp></or_exp>
</condition>

<Node id="48" bw="17" op_0_bw="17" op_1_bw="15" op_2_bw="2">
<![CDATA[
entry:42 %shl_ln1273_18 = bitconcatenate i17 @_ssdm_op_BitConcatenate.i17.i15.i2, i15 %trunc_ln1273_13, i2 0

]]></Node>
<StgValue><ssdm name="shl_ln1273_18"/></StgValue>
</operation>

<operation id="34" st_id="1" stage="1" lat="1">
<core>Adder</core>
<MemPortIdVec></MemPortIdVec>
<condition id="-1">
<or_exp><and_exp></and_exp></or_exp>
</condition>

<Node id="49" bw="17" op_0_bw="17" op_1_bw="17">
<![CDATA[
entry:43 %r_V_39 = add i17 %shl_ln1273_18, i17 %sext_ln1273

]]></Node>
<StgValue><ssdm name="r_V_39"/></StgValue>
</operation>

<operation id="35" st_id="1" stage="1" lat="1">
<core>NULL</core>
<MemPortIdVec></MemPortIdVec>
<condition id="-1">
<or_exp><and_exp></and_exp></or_exp>
</condition>

<Node id="50" bw="8" op_0_bw="8" op_1_bw="17" op_2_bw="32" op_3_bw="32">
<![CDATA[
entry:44 %trunc_ln818_52 = partselect i8 @_ssdm_op_PartSelect.i8.i17.i32.i32, i17 %r_V_39, i32 9, i32 16

]]></Node>
<StgValue><ssdm name="trunc_ln818_52"/></StgValue>
</operation>

<operation id="36" st_id="1" stage="1" lat="1">
<core>NULL</core>
<MemPortIdVec></MemPortIdVec>
<condition id="-1">
<or_exp><and_exp></and_exp></or_exp>
</condition>

<Node id="51" bw="14" op_0_bw="16">
<![CDATA[
entry:45 %trunc_ln1273_14 = trunc i16 %p_read27

]]></Node>
<StgValue><ssdm name="trunc_ln1273_14"/></StgValue>
</operation>

<operation id="37" st_id="1" stage="1" lat="1">
<core>NULL</core>
<MemPortIdVec></MemPortIdVec>
<condition id="-1">
<or_exp><and_exp></and_exp></or_exp>
</condition>

<Node id="52" bw="17" op_0_bw="17" op_1_bw="14" op_2_bw="3">
<![CDATA[
entry:46 %shl_ln1273_19 = bitconcatenate i17 @_ssdm_op_BitConcatenate.i17.i14.i3, i14 %trunc_ln1273_14, i3 0

]]></Node>
<StgValue><ssdm name="shl_ln1273_19"/></StgValue>
</operation>

<operation id="38" st_id="1" stage="1" lat="1">
<core>TAddSub</core>
<MemPortIdVec></MemPortIdVec>
<condition id="-1">
<or_exp><and_exp></and_exp></or_exp>
</condition>

<Node id="53" bw="17" op_0_bw="17" op_1_bw="17">
<![CDATA[
entry:47 %sub_ln1273 = sub i17 0, i17 %shl_ln1273_19

]]></Node>
<StgValue><ssdm name="sub_ln1273"/></StgValue>
</operation>

<operation id="39" st_id="1" stage="1" lat="1">
<core>TAddSub</core>
<MemPortIdVec></MemPortIdVec>
<condition id="-1">
<or_exp><and_exp></and_exp></or_exp>
</condition>

<Node id="54" bw="17" op_0_bw="17" op_1_bw="17">
<![CDATA[
entry:48 %r_V_40 = sub i17 %sub_ln1273, i17 %sext_ln1273

]]></Node>
<StgValue><ssdm name="r_V_40"/></StgValue>
</operation>

<operation id="40" st_id="1" stage="1" lat="1">
<core>NULL</core>
<MemPortIdVec></MemPortIdVec>
<condition id="-1">
<or_exp><and_exp></and_exp></or_exp>
</condition>

<Node id="55" bw="8" op_0_bw="8" op_1_bw="17" op_2_bw="32" op_3_bw="32">
<![CDATA[
entry:49 %trunc_ln818_53 = partselect i8 @_ssdm_op_PartSelect.i8.i17.i32.i32, i17 %r_V_40, i32 9, i32 16

]]></Node>
<StgValue><ssdm name="trunc_ln818_53"/></StgValue>
</operation>

<operation id="41" st_id="1" stage="1" lat="1">
<core>TAddSub</core>
<MemPortIdVec></MemPortIdVec>
<condition id="-1">
<or_exp><and_exp></and_exp></or_exp>
</condition>

<Node id="56" bw="17" op_0_bw="17" op_1_bw="17">
<![CDATA[
entry:50 %sub_ln1273_29 = sub i17 0, i17 %shl_ln1273_18

]]></Node>
<StgValue><ssdm name="sub_ln1273_29"/></StgValue>
</operation>

<operation id="42" st_id="1" stage="1" lat="1">
<core>TAddSub</core>
<MemPortIdVec></MemPortIdVec>
<condition id="-1">
<or_exp><and_exp></and_exp></or_exp>
</condition>

<Node id="57" bw="17" op_0_bw="17" op_1_bw="17">
<![CDATA[
entry:51 %r_V_41 = sub i17 %sub_ln1273_29, i17 %sext_ln1273

]]></Node>
<StgValue><ssdm name="r_V_41"/></StgValue>
</operation>

<operation id="43" st_id="1" stage="1" lat="1">
<core>NULL</core>
<MemPortIdVec></MemPortIdVec>
<condition id="-1">
<or_exp><and_exp></and_exp></or_exp>
</condition>

<Node id="58" bw="8" op_0_bw="8" op_1_bw="17" op_2_bw="32" op_3_bw="32">
<![CDATA[
entry:52 %trunc_ln818_54 = partselect i8 @_ssdm_op_PartSelect.i8.i17.i32.i32, i17 %r_V_41, i32 9, i32 16

]]></Node>
<StgValue><ssdm name="trunc_ln818_54"/></StgValue>
</operation>

<operation id="44" st_id="1" stage="1" lat="1">
<core>NULL</core>
<MemPortIdVec></MemPortIdVec>
<condition id="-1">
<or_exp><and_exp></and_exp></or_exp>
</condition>

<Node id="59" bw="17" op_0_bw="17" op_1_bw="16" op_2_bw="1">
<![CDATA[
entry:53 %shl_ln1273_20 = bitconcatenate i17 @_ssdm_op_BitConcatenate.i17.i16.i1, i16 %p_read27, i1 0

]]></Node>
<StgValue><ssdm name="shl_ln1273_20"/></StgValue>
</operation>

<operation id="45" st_id="1" stage="1" lat="1">
<core>Adder</core>
<MemPortIdVec></MemPortIdVec>
<condition id="-1">
<or_exp><and_exp></and_exp></or_exp>
</condition>

<Node id="60" bw="17" op_0_bw="17" op_1_bw="17">
<![CDATA[
entry:54 %r_V_42 = add i17 %shl_ln1273_19, i17 %shl_ln1273_20

]]></Node>
<StgValue><ssdm name="r_V_42"/></StgValue>
</operation>

<operation id="46" st_id="1" stage="1" lat="1">
<core>NULL</core>
<MemPortIdVec></MemPortIdVec>
<condition id="-1">
<or_exp><and_exp></and_exp></or_exp>
</condition>

<Node id="61" bw="8" op_0_bw="8" op_1_bw="17" op_2_bw="32" op_3_bw="32">
<![CDATA[
entry:55 %trunc_ln818_55 = partselect i8 @_ssdm_op_PartSelect.i8.i17.i32.i32, i17 %r_V_42, i32 9, i32 16

]]></Node>
<StgValue><ssdm name="trunc_ln818_55"/></StgValue>
</operation>

<operation id="47" st_id="1" stage="1" lat="1">
<core>NULL</core>
<MemPortIdVec></MemPortIdVec>
<condition id="-1">
<or_exp><and_exp></and_exp></or_exp>
</condition>

<Node id="62" bw="17" op_0_bw="16">
<![CDATA[
entry:56 %sext_ln1273_3 = sext i16 %p_read38

]]></Node>
<StgValue><ssdm name="sext_ln1273_3"/></StgValue>
</operation>

<operation id="48" st_id="1" stage="2" lat="2">
<core>Multiplier</core>
<MemPortIdVec></MemPortIdVec>
<condition id="-1">
<or_exp><and_exp></and_exp></or_exp>
</condition>

<Node id="63" bw="17" op_0_bw="17" op_1_bw="17">
<![CDATA[
entry:57 %mul_ln1270_1 = mul i17 %sext_ln1273_3, i17 11

]]></Node>
<StgValue><ssdm name="mul_ln1270_1"/></StgValue>
</operation>

<operation id="49" st_id="1" stage="2" lat="2">
<core>Multiplier</core>
<MemPortIdVec></MemPortIdVec>
<condition id="-1">
<or_exp><and_exp></and_exp></or_exp>
</condition>

<Node id="65" bw="17" op_0_bw="17" op_1_bw="17">
<![CDATA[
entry:59 %mul_ln1270_2 = mul i17 %sext_ln1273_3, i17 131059

]]></Node>
<StgValue><ssdm name="mul_ln1270_2"/></StgValue>
</operation>

<operation id="50" st_id="1" stage="1" lat="1">
<core>NULL</core>
<MemPortIdVec></MemPortIdVec>
<condition id="-1">
<or_exp><and_exp></and_exp></or_exp>
</condition>

<Node id="67" bw="14" op_0_bw="16">
<![CDATA[
entry:61 %trunc_ln1273_15 = trunc i16 %p_read38

]]></Node>
<StgValue><ssdm name="trunc_ln1273_15"/></StgValue>
</operation>

<operation id="51" st_id="1" stage="1" lat="1">
<core>NULL</core>
<MemPortIdVec></MemPortIdVec>
<condition id="-1">
<or_exp><and_exp></and_exp></or_exp>
</condition>

<Node id="68" bw="17" op_0_bw="17" op_1_bw="14" op_2_bw="3">
<![CDATA[
entry:62 %shl_ln1273_21 = bitconcatenate i17 @_ssdm_op_BitConcatenate.i17.i14.i3, i14 %trunc_ln1273_15, i3 0

]]></Node>
<StgValue><ssdm name="shl_ln1273_21"/></StgValue>
</operation>

<operation id="52" st_id="1" stage="1" lat="1">
<core>Adder</core>
<MemPortIdVec></MemPortIdVec>
<condition id="-1">
<or_exp><and_exp></and_exp></or_exp>
</condition>

<Node id="69" bw="17" op_0_bw="17" op_1_bw="17">
<![CDATA[
entry:63 %r_V_43 = sub i17 %shl_ln1273_21, i17 %sext_ln1273_3

]]></Node>
<StgValue><ssdm name="r_V_43"/></StgValue>
</operation>

<operation id="53" st_id="1" stage="1" lat="1">
<core>NULL</core>
<MemPortIdVec></MemPortIdVec>
<condition id="-1">
<or_exp><and_exp></and_exp></or_exp>
</condition>

<Node id="70" bw="8" op_0_bw="8" op_1_bw="17" op_2_bw="32" op_3_bw="32">
<![CDATA[
entry:64 %trunc_ln818_58 = partselect i8 @_ssdm_op_PartSelect.i8.i17.i32.i32, i17 %r_V_43, i32 9, i32 16

]]></Node>
<StgValue><ssdm name="trunc_ln818_58"/></StgValue>
</operation>

<operation id="54" st_id="1" stage="1" lat="1">
<core>NULL</core>
<MemPortIdVec></MemPortIdVec>
<condition id="-1">
<or_exp><and_exp></and_exp></or_exp>
</condition>

<Node id="71" bw="15" op_0_bw="16">
<![CDATA[
entry:65 %trunc_ln1273_16 = trunc i16 %p_read38

]]></Node>
<StgValue><ssdm name="trunc_ln1273_16"/></StgValue>
</operation>

<operation id="55" st_id="1" stage="1" lat="1">
<core>NULL</core>
<MemPortIdVec></MemPortIdVec>
<condition id="-1">
<or_exp><and_exp></and_exp></or_exp>
</condition>

<Node id="72" bw="17" op_0_bw="17" op_1_bw="15" op_2_bw="2">
<![CDATA[
entry:66 %shl_ln1273_22 = bitconcatenate i17 @_ssdm_op_BitConcatenate.i17.i15.i2, i15 %trunc_ln1273_16, i2 0

]]></Node>
<StgValue><ssdm name="shl_ln1273_22"/></StgValue>
</operation>

<operation id="56" st_id="1" stage="1" lat="1">
<core>TAddSub</core>
<MemPortIdVec></MemPortIdVec>
<condition id="-1">
<or_exp><and_exp></and_exp></or_exp>
</condition>

<Node id="73" bw="17" op_0_bw="17" op_1_bw="17">
<![CDATA[
entry:67 %sub_ln1273_32 = sub i17 0, i17 %shl_ln1273_22

]]></Node>
<StgValue><ssdm name="sub_ln1273_32"/></StgValue>
</operation>

<operation id="57" st_id="1" stage="1" lat="1">
<core>TAddSub</core>
<MemPortIdVec></MemPortIdVec>
<condition id="-1">
<or_exp><and_exp></and_exp></or_exp>
</condition>

<Node id="74" bw="17" op_0_bw="17" op_1_bw="17">
<![CDATA[
entry:68 %r_V_44 = sub i17 %sub_ln1273_32, i17 %sext_ln1273_3

]]></Node>
<StgValue><ssdm name="r_V_44"/></StgValue>
</operation>

<operation id="58" st_id="1" stage="1" lat="1">
<core>NULL</core>
<MemPortIdVec></MemPortIdVec>
<condition id="-1">
<or_exp><and_exp></and_exp></or_exp>
</condition>

<Node id="75" bw="8" op_0_bw="8" op_1_bw="17" op_2_bw="32" op_3_bw="32">
<![CDATA[
entry:69 %trunc_ln818_59 = partselect i8 @_ssdm_op_PartSelect.i8.i17.i32.i32, i17 %r_V_44, i32 9, i32 16

]]></Node>
<StgValue><ssdm name="trunc_ln818_59"/></StgValue>
</operation>

<operation id="59" st_id="1" stage="1" lat="1">
<core>NULL</core>
<MemPortIdVec></MemPortIdVec>
<condition id="-1">
<or_exp><and_exp></and_exp></or_exp>
</condition>

<Node id="76" bw="17" op_0_bw="17" op_1_bw="16" op_2_bw="1">
<![CDATA[
entry:70 %shl_ln1273_23 = bitconcatenate i17 @_ssdm_op_BitConcatenate.i17.i16.i1, i16 %p_read38, i1 0

]]></Node>
<StgValue><ssdm name="shl_ln1273_23"/></StgValue>
</operation>

<operation id="60" st_id="1" stage="1" lat="1">
<core>Adder</core>
<MemPortIdVec></MemPortIdVec>
<condition id="-1">
<or_exp><and_exp></and_exp></or_exp>
</condition>

<Node id="77" bw="17" op_0_bw="17" op_1_bw="17">
<![CDATA[
entry:71 %r_V_45 = sub i17 %shl_ln1273_23, i17 %shl_ln1273_21

]]></Node>
<StgValue><ssdm name="r_V_45"/></StgValue>
</operation>

<operation id="61" st_id="1" stage="1" lat="1">
<core>NULL</core>
<MemPortIdVec></MemPortIdVec>
<condition id="-1">
<or_exp><and_exp></and_exp></or_exp>
</condition>

<Node id="78" bw="8" op_0_bw="8" op_1_bw="17" op_2_bw="32" op_3_bw="32">
<![CDATA[
entry:72 %trunc_ln818_60 = partselect i8 @_ssdm_op_PartSelect.i8.i17.i32.i32, i17 %r_V_45, i32 9, i32 16

]]></Node>
<StgValue><ssdm name="trunc_ln818_60"/></StgValue>
</operation>

<operation id="62" st_id="1" stage="1" lat="1">
<core>Adder</core>
<MemPortIdVec></MemPortIdVec>
<condition id="-1">
<or_exp><and_exp></and_exp></or_exp>
</condition>

<Node id="79" bw="17" op_0_bw="17" op_1_bw="17">
<![CDATA[
entry:73 %r_V_46 = sub i17 0, i17 %shl_ln1273_21

]]></Node>
<StgValue><ssdm name="r_V_46"/></StgValue>
</operation>

<operation id="63" st_id="1" stage="1" lat="1">
<core>NULL</core>
<MemPortIdVec></MemPortIdVec>
<condition id="-1">
<or_exp><and_exp></and_exp></or_exp>
</condition>

<Node id="80" bw="8" op_0_bw="8" op_1_bw="17" op_2_bw="32" op_3_bw="32">
<![CDATA[
entry:74 %trunc_ln818_61 = partselect i8 @_ssdm_op_PartSelect.i8.i17.i32.i32, i17 %r_V_46, i32 9, i32 16

]]></Node>
<StgValue><ssdm name="trunc_ln818_61"/></StgValue>
</operation>

<operation id="64" st_id="1" stage="1" lat="1">
<core>NULL</core>
<MemPortIdVec></MemPortIdVec>
<condition id="-1">
<or_exp><and_exp></and_exp></or_exp>
</condition>

<Node id="81" bw="8" op_0_bw="8" op_1_bw="16" op_2_bw="32" op_3_bw="32">
<![CDATA[
entry:75 %trunc_ln818_62 = partselect i8 @_ssdm_op_PartSelect.i8.i16.i32.i32, i16 %p_read49, i32 6, i32 13

]]></Node>
<StgValue><ssdm name="trunc_ln818_62"/></StgValue>
</operation>

<operation id="65" st_id="1" stage="1" lat="1">
<core>NULL</core>
<MemPortIdVec></MemPortIdVec>
<condition id="-1">
<or_exp><and_exp></and_exp></or_exp>
</condition>

<Node id="82" bw="17" op_0_bw="16">
<![CDATA[
entry:76 %sext_ln1273_4 = sext i16 %p_read49

]]></Node>
<StgValue><ssdm name="sext_ln1273_4"/></StgValue>
</operation>

<operation id="66" st_id="1" stage="2" lat="2">
<core>Multiplier</core>
<MemPortIdVec></MemPortIdVec>
<condition id="-1">
<or_exp><and_exp></and_exp></or_exp>
</condition>

<Node id="83" bw="17" op_0_bw="17" op_1_bw="17">
<![CDATA[
entry:77 %mul_ln1270_3 = mul i17 %sext_ln1273_4, i17 11

]]></Node>
<StgValue><ssdm name="mul_ln1270_3"/></StgValue>
</operation>

<operation id="67" st_id="1" stage="1" lat="1">
<core>NULL</core>
<MemPortIdVec></MemPortIdVec>
<condition id="-1">
<or_exp><and_exp></and_exp></or_exp>
</condition>

<Node id="85" bw="14" op_0_bw="16">
<![CDATA[
entry:79 %trunc_ln1273_17 = trunc i16 %p_read49

]]></Node>
<StgValue><ssdm name="trunc_ln1273_17"/></StgValue>
</operation>

<operation id="68" st_id="1" stage="1" lat="1">
<core>NULL</core>
<MemPortIdVec></MemPortIdVec>
<condition id="-1">
<or_exp><and_exp></and_exp></or_exp>
</condition>

<Node id="86" bw="17" op_0_bw="17" op_1_bw="14" op_2_bw="3">
<![CDATA[
entry:80 %shl_ln1273_24 = bitconcatenate i17 @_ssdm_op_BitConcatenate.i17.i14.i3, i14 %trunc_ln1273_17, i3 0

]]></Node>
<StgValue><ssdm name="shl_ln1273_24"/></StgValue>
</operation>

<operation id="69" st_id="1" stage="1" lat="1">
<core>NULL</core>
<MemPortIdVec></MemPortIdVec>
<condition id="-1">
<or_exp><and_exp></and_exp></or_exp>
</condition>

<Node id="87" bw="17" op_0_bw="17" op_1_bw="16" op_2_bw="1">
<![CDATA[
entry:81 %shl_ln1273_25 = bitconcatenate i17 @_ssdm_op_BitConcatenate.i17.i16.i1, i16 %p_read49, i1 0

]]></Node>
<StgValue><ssdm name="shl_ln1273_25"/></StgValue>
</operation>

<operation id="70" st_id="1" stage="1" lat="1">
<core>Adder</core>
<MemPortIdVec></MemPortIdVec>
<condition id="-1">
<or_exp><and_exp></and_exp></or_exp>
</condition>

<Node id="88" bw="17" op_0_bw="17" op_1_bw="17">
<![CDATA[
entry:82 %r_V_47 = sub i17 %shl_ln1273_25, i17 %shl_ln1273_24

]]></Node>
<StgValue><ssdm name="r_V_47"/></StgValue>
</operation>

<operation id="71" st_id="1" stage="1" lat="1">
<core>NULL</core>
<MemPortIdVec></MemPortIdVec>
<condition id="-1">
<or_exp><and_exp></and_exp></or_exp>
</condition>

<Node id="89" bw="8" op_0_bw="8" op_1_bw="17" op_2_bw="32" op_3_bw="32">
<![CDATA[
entry:83 %trunc_ln818_64 = partselect i8 @_ssdm_op_PartSelect.i8.i17.i32.i32, i17 %r_V_47, i32 9, i32 16

]]></Node>
<StgValue><ssdm name="trunc_ln818_64"/></StgValue>
</operation>

<operation id="72" st_id="1" stage="1" lat="1">
<core>Adder</core>
<MemPortIdVec></MemPortIdVec>
<condition id="-1">
<or_exp><and_exp></and_exp></or_exp>
</condition>

<Node id="94" bw="8" op_0_bw="8" op_1_bw="8">
<![CDATA[
entry:88 %x_V_13 = add i8 %trunc_ln818_60, i8 %trunc_ln818_45

]]></Node>
<StgValue><ssdm name="x_V_13"/></StgValue>
</operation>
</state>

<state id="2" st_id="2">

<operation id="73" st_id="2" stage="1" lat="2">
<core>Multiplier</core>
<MemPortIdVec></MemPortIdVec>
<condition id="-1">
<or_exp><and_exp></and_exp></or_exp>
</condition>

<Node id="22" bw="17" op_0_bw="17" op_1_bw="17">
<![CDATA[
entry:16 %mul_ln1270 = mul i17 %sext_ln1270, i17 131059

]]></Node>
<StgValue><ssdm name="mul_ln1270"/></StgValue>
</operation>

<operation id="74" st_id="2" stage="1" lat="1">
<core>NULL</core>
<MemPortIdVec></MemPortIdVec>
<condition id="-1">
<or_exp><and_exp></and_exp></or_exp>
</condition>

<Node id="23" bw="8" op_0_bw="8" op_1_bw="17" op_2_bw="32" op_3_bw="32">
<![CDATA[
entry:17 %trunc_ln818_43 = partselect i8 @_ssdm_op_PartSelect.i8.i17.i32.i32, i17 %mul_ln1270, i32 9, i32 16

]]></Node>
<StgValue><ssdm name="trunc_ln818_43"/></StgValue>
</operation>

<operation id="75" st_id="2" stage="1" lat="1">
<core>NULL</core>
<MemPortIdVec></MemPortIdVec>
<condition id="-1">
<or_exp><and_exp></and_exp></or_exp>
</condition>

<Node id="33" bw="17" op_0_bw="16">
<![CDATA[
entry:27 %sext_ln1270_4 = sext i16 %p_read16

]]></Node>
<StgValue><ssdm name="sext_ln1270_4"/></StgValue>
</operation>

<operation id="76" st_id="2" stage="1" lat="1">
<core>NULL</core>
<MemPortIdVec></MemPortIdVec>
<condition id="-1">
<or_exp><and_exp></and_exp></or_exp>
</condition>

<Node id="35" bw="17" op_0_bw="17" op_1_bw="14" op_2_bw="3">
<![CDATA[
entry:29 %shl_ln1273_16 = bitconcatenate i17 @_ssdm_op_BitConcatenate.i17.i14.i3, i14 %trunc_ln1273_12, i3 0

]]></Node>
<StgValue><ssdm name="shl_ln1273_16"/></StgValue>
</operation>

<operation id="77" st_id="2" stage="1" lat="1">
<core>Adder</core>
<MemPortIdVec></MemPortIdVec>
<condition id="-1">
<or_exp><and_exp></and_exp></or_exp>
</condition>

<Node id="36" bw="17" op_0_bw="17" op_1_bw="17">
<![CDATA[
entry:30 %r_V_36 = sub i17 0, i17 %shl_ln1273_16

]]></Node>
<StgValue><ssdm name="r_V_36"/></StgValue>
</operation>

<operation id="78" st_id="2" stage="1" lat="1">
<core>NULL</core>
<MemPortIdVec></MemPortIdVec>
<condition id="-1">
<or_exp><and_exp></and_exp></or_exp>
</condition>

<Node id="37" bw="8" op_0_bw="8" op_1_bw="17" op_2_bw="32" op_3_bw="32">
<![CDATA[
entry:31 %trunc_ln818_47 = partselect i8 @_ssdm_op_PartSelect.i8.i17.i32.i32, i17 %r_V_36, i32 9, i32 16

]]></Node>
<StgValue><ssdm name="trunc_ln818_47"/></StgValue>
</operation>

<operation id="79" st_id="2" stage="1" lat="1">
<core>NULL</core>
<MemPortIdVec></MemPortIdVec>
<condition id="-1">
<or_exp><and_exp></and_exp></or_exp>
</condition>

<Node id="38" bw="17" op_0_bw="17" op_1_bw="16" op_2_bw="1">
<![CDATA[
entry:32 %shl_ln1273_17 = bitconcatenate i17 @_ssdm_op_BitConcatenate.i17.i16.i1, i16 %p_read16, i1 0

]]></Node>
<StgValue><ssdm name="shl_ln1273_17"/></StgValue>
</operation>

<operation id="80" st_id="2" stage="1" lat="1">
<core>Adder</core>
<MemPortIdVec></MemPortIdVec>
<condition id="-1">
<or_exp><and_exp></and_exp></or_exp>
</condition>

<Node id="39" bw="17" op_0_bw="17" op_1_bw="17">
<![CDATA[
entry:33 %r_V_37 = add i17 %shl_ln1273_16, i17 %shl_ln1273_17

]]></Node>
<StgValue><ssdm name="r_V_37"/></StgValue>
</operation>

<operation id="81" st_id="2" stage="1" lat="1">
<core>NULL</core>
<MemPortIdVec></MemPortIdVec>
<condition id="-1">
<or_exp><and_exp></and_exp></or_exp>
</condition>

<Node id="40" bw="8" op_0_bw="8" op_1_bw="17" op_2_bw="32" op_3_bw="32">
<![CDATA[
entry:34 %trunc_ln818_48 = partselect i8 @_ssdm_op_PartSelect.i8.i17.i32.i32, i17 %r_V_37, i32 9, i32 16

]]></Node>
<StgValue><ssdm name="trunc_ln818_48"/></StgValue>
</operation>

<operation id="82" st_id="2" stage="1" lat="1">
<core>Adder</core>
<MemPortIdVec></MemPortIdVec>
<condition id="-1">
<or_exp><and_exp></and_exp></or_exp>
</condition>

<Node id="41" bw="17" op_0_bw="17" op_1_bw="17">
<![CDATA[
entry:35 %sub_ln1270_6 = sub i17 %sext_ln1270_4, i17 %shl_ln1273_16

]]></Node>
<StgValue><ssdm name="sub_ln1270_6"/></StgValue>
</operation>

<operation id="83" st_id="2" stage="1" lat="1">
<core>NULL</core>
<MemPortIdVec></MemPortIdVec>
<condition id="-1">
<or_exp><and_exp></and_exp></or_exp>
</condition>

<Node id="42" bw="8" op_0_bw="8" op_1_bw="17" op_2_bw="32" op_3_bw="32">
<![CDATA[
entry:36 %trunc_ln818_49 = partselect i8 @_ssdm_op_PartSelect.i8.i17.i32.i32, i17 %sub_ln1270_6, i32 9, i32 16

]]></Node>
<StgValue><ssdm name="trunc_ln818_49"/></StgValue>
</operation>

<operation id="84" st_id="2" stage="1" lat="1">
<core>Adder</core>
<MemPortIdVec></MemPortIdVec>
<condition id="-1">
<or_exp><and_exp></and_exp></or_exp>
</condition>

<Node id="43" bw="17" op_0_bw="17" op_1_bw="17">
<![CDATA[
entry:37 %r_V_38 = sub i17 %shl_ln1273_16, i17 %shl_ln1273_17

]]></Node>
<StgValue><ssdm name="r_V_38"/></StgValue>
</operation>

<operation id="85" st_id="2" stage="1" lat="1">
<core>NULL</core>
<MemPortIdVec></MemPortIdVec>
<condition id="-1">
<or_exp><and_exp></and_exp></or_exp>
</condition>

<Node id="44" bw="8" op_0_bw="8" op_1_bw="17" op_2_bw="32" op_3_bw="32">
<![CDATA[
entry:38 %trunc_ln818_50 = partselect i8 @_ssdm_op_PartSelect.i8.i17.i32.i32, i17 %r_V_38, i32 9, i32 16

]]></Node>
<StgValue><ssdm name="trunc_ln818_50"/></StgValue>
</operation>

<operation id="86" st_id="2" stage="1" lat="2">
<core>Multiplier</core>
<MemPortIdVec></MemPortIdVec>
<condition id="-1">
<or_exp><and_exp></and_exp></or_exp>
</condition>

<Node id="63" bw="17" op_0_bw="17" op_1_bw="17">
<![CDATA[
entry:57 %mul_ln1270_1 = mul i17 %sext_ln1273_3, i17 11

]]></Node>
<StgValue><ssdm name="mul_ln1270_1"/></StgValue>
</operation>

<operation id="87" st_id="2" stage="1" lat="1">
<core>NULL</core>
<MemPortIdVec></MemPortIdVec>
<condition id="-1">
<or_exp><and_exp></and_exp></or_exp>
</condition>

<Node id="64" bw="8" op_0_bw="8" op_1_bw="17" op_2_bw="32" op_3_bw="32">
<![CDATA[
entry:58 %trunc_ln818_56 = partselect i8 @_ssdm_op_PartSelect.i8.i17.i32.i32, i17 %mul_ln1270_1, i32 9, i32 16

]]></Node>
<StgValue><ssdm name="trunc_ln818_56"/></StgValue>
</operation>

<operation id="88" st_id="2" stage="1" lat="2">
<core>Multiplier</core>
<MemPortIdVec></MemPortIdVec>
<condition id="-1">
<or_exp><and_exp></and_exp></or_exp>
</condition>

<Node id="65" bw="17" op_0_bw="17" op_1_bw="17">
<![CDATA[
entry:59 %mul_ln1270_2 = mul i17 %sext_ln1273_3, i17 131059

]]></Node>
<StgValue><ssdm name="mul_ln1270_2"/></StgValue>
</operation>

<operation id="89" st_id="2" stage="1" lat="1">
<core>NULL</core>
<MemPortIdVec></MemPortIdVec>
<condition id="-1">
<or_exp><and_exp></and_exp></or_exp>
</condition>

<Node id="66" bw="8" op_0_bw="8" op_1_bw="17" op_2_bw="32" op_3_bw="32">
<![CDATA[
entry:60 %trunc_ln818_57 = partselect i8 @_ssdm_op_PartSelect.i8.i17.i32.i32, i17 %mul_ln1270_2, i32 9, i32 16

]]></Node>
<StgValue><ssdm name="trunc_ln818_57"/></StgValue>
</operation>

<operation id="90" st_id="2" stage="1" lat="2">
<core>Multiplier</core>
<MemPortIdVec></MemPortIdVec>
<condition id="-1">
<or_exp><and_exp></and_exp></or_exp>
</condition>

<Node id="83" bw="17" op_0_bw="17" op_1_bw="17">
<![CDATA[
entry:77 %mul_ln1270_3 = mul i17 %sext_ln1273_4, i17 11

]]></Node>
<StgValue><ssdm name="mul_ln1270_3"/></StgValue>
</operation>

<operation id="91" st_id="2" stage="1" lat="1">
<core>NULL</core>
<MemPortIdVec></MemPortIdVec>
<condition id="-1">
<or_exp><and_exp></and_exp></or_exp>
</condition>

<Node id="84" bw="8" op_0_bw="8" op_1_bw="17" op_2_bw="32" op_3_bw="32">
<![CDATA[
entry:78 %trunc_ln818_63 = partselect i8 @_ssdm_op_PartSelect.i8.i17.i32.i32, i17 %mul_ln1270_3, i32 9, i32 16

]]></Node>
<StgValue><ssdm name="trunc_ln818_63"/></StgValue>
</operation>

<operation id="92" st_id="2" stage="1" lat="1">
<core>TAddSub</core>
<MemPortIdVec></MemPortIdVec>
<condition id="-1">
<or_exp><and_exp></and_exp></or_exp>
</condition>

<Node id="92" bw="8" op_0_bw="8" op_1_bw="8">
<![CDATA[
entry:86 %add_ln813_42 = add i8 %trunc_ln818_s, i8 %trunc_ln818_58

]]></Node>
<StgValue><ssdm name="add_ln813_42"/></StgValue>
</operation>

<operation id="93" st_id="2" stage="1" lat="1">
<core>TAddSub</core>
<MemPortIdVec></MemPortIdVec>
<condition id="-1">
<or_exp><and_exp></and_exp></or_exp>
</condition>

<Node id="93" bw="8" op_0_bw="8" op_1_bw="8">
<![CDATA[
entry:87 %x_V_10 = add i8 %add_ln813_42, i8 %trunc_ln818_52

]]></Node>
<StgValue><ssdm name="x_V_10"/></StgValue>
</operation>

<operation id="94" st_id="2" stage="1" lat="1">
<core>TAddSub</core>
<MemPortIdVec></MemPortIdVec>
<condition id="-1">
<or_exp><and_exp></and_exp></or_exp>
</condition>

<Node id="108" bw="8" op_0_bw="8" op_1_bw="8">
<![CDATA[
entry:102 %add_ln813_58 = add i8 %trunc_ln818_61, i8 %trunc_ln818_64

]]></Node>
<StgValue><ssdm name="add_ln813_58"/></StgValue>
</operation>

<operation id="95" st_id="2" stage="1" lat="1">
<core>TAddSub</core>
<MemPortIdVec></MemPortIdVec>
<condition id="-1">
<or_exp><and_exp></and_exp></or_exp>
</condition>

<Node id="109" bw="8" op_0_bw="8" op_1_bw="8">
<![CDATA[
entry:103 %add_ln813_59 = add i8 %add_ln813_58, i8 %trunc_ln818_55

]]></Node>
<StgValue><ssdm name="add_ln813_59"/></StgValue>
</operation>
</state>

<state id="3" st_id="3">

<operation id="96" st_id="3" stage="1" lat="1">
<core>TAddSub</core>
<MemPortIdVec></MemPortIdVec>
<condition id="-1">
<or_exp><and_exp></and_exp></or_exp>
</condition>

<Node id="90" bw="8" op_0_bw="8" op_1_bw="8">
<![CDATA[
entry:84 %add_ln813 = add i8 %trunc_ln818_51, i8 %trunc_ln818_56

]]></Node>
<StgValue><ssdm name="add_ln813"/></StgValue>
</operation>

<operation id="97" st_id="3" stage="1" lat="1">
<core>TAddSub</core>
<MemPortIdVec></MemPortIdVec>
<condition id="-1">
<or_exp><and_exp></and_exp></or_exp>
</condition>

<Node id="91" bw="8" op_0_bw="8" op_1_bw="8">
<![CDATA[
entry:85 %x_V = add i8 %add_ln813, i8 %trunc_ln

]]></Node>
<StgValue><ssdm name="x_V"/></StgValue>
</operation>

<operation id="98" st_id="3" stage="1" lat="1">
<core>TAddSub</core>
<MemPortIdVec></MemPortIdVec>
<condition id="-1">
<or_exp><and_exp></and_exp></or_exp>
</condition>

<Node id="96" bw="8" op_0_bw="8" op_1_bw="8">
<![CDATA[
entry:90 %add_ln813_46 = add i8 %trunc_ln818_62, i8 %trunc_ln818_57

]]></Node>
<StgValue><ssdm name="add_ln813_46"/></StgValue>
</operation>

<operation id="99" st_id="3" stage="1" lat="1">
<core>TAddSub</core>
<MemPortIdVec></MemPortIdVec>
<condition id="-1">
<or_exp><and_exp></and_exp></or_exp>
</condition>

<Node id="97" bw="8" op_0_bw="8" op_1_bw="8">
<![CDATA[
entry:91 %add_ln813_47 = add i8 %add_ln813_46, i8 %trunc_ln818_52

]]></Node>
<StgValue><ssdm name="add_ln813_47"/></StgValue>
</operation>

<operation id="100" st_id="3" stage="1" lat="1">
<core>TAddSub</core>
<MemPortIdVec></MemPortIdVec>
<condition id="-1">
<or_exp><and_exp></and_exp></or_exp>
</condition>

<Node id="100" bw="8" op_0_bw="8" op_1_bw="8">
<![CDATA[
entry:94 %add_ln813_50 = add i8 %trunc_ln818_59, i8 %trunc_ln818_63

]]></Node>
<StgValue><ssdm name="add_ln813_50"/></StgValue>
</operation>

<operation id="101" st_id="3" stage="1" lat="1">
<core>TAddSub</core>
<MemPortIdVec></MemPortIdVec>
<condition id="-1">
<or_exp><and_exp></and_exp></or_exp>
</condition>

<Node id="101" bw="8" op_0_bw="8" op_1_bw="8">
<![CDATA[
entry:95 %add_ln813_51 = add i8 %add_ln813_50, i8 %trunc_ln818_53

]]></Node>
<StgValue><ssdm name="add_ln813_51"/></StgValue>
</operation>

<operation id="102" st_id="3" stage="1" lat="1">
<core>TAddSub</core>
<MemPortIdVec></MemPortIdVec>
<condition id="-1">
<or_exp><and_exp></and_exp></or_exp>
</condition>

<Node id="104" bw="8" op_0_bw="8" op_1_bw="8">
<![CDATA[
entry:98 %add_ln813_54 = add i8 %trunc_ln818_62, i8 %trunc_ln818_56

]]></Node>
<StgValue><ssdm name="add_ln813_54"/></StgValue>
</operation>

<operation id="103" st_id="3" stage="1" lat="1">
<core>TAddSub</core>
<MemPortIdVec></MemPortIdVec>
<condition id="-1">
<or_exp><and_exp></and_exp></or_exp>
</condition>

<Node id="105" bw="8" op_0_bw="8" op_1_bw="8">
<![CDATA[
entry:99 %add_ln813_55 = add i8 %add_ln813_54, i8 %trunc_ln818_54

]]></Node>
<StgValue><ssdm name="add_ln813_55"/></StgValue>
</operation>

<operation id="104" st_id="3" stage="1" lat="1">
<core>TAddSub</core>
<MemPortIdVec></MemPortIdVec>
<condition id="-1">
<or_exp><and_exp></and_exp></or_exp>
</condition>

<Node id="107" bw="8" op_0_bw="8" op_1_bw="8">
<![CDATA[
entry:101 %add_ln813_57 = add i8 %trunc_ln818_50, i8 %trunc_ln818_46

]]></Node>
<StgValue><ssdm name="add_ln813_57"/></StgValue>
</operation>

<operation id="105" st_id="3" stage="1" lat="1">
<core>TAddSub</core>
<MemPortIdVec></MemPortIdVec>
<condition id="-1">
<or_exp><and_exp></and_exp></or_exp>
</condition>

<Node id="110" bw="8" op_0_bw="8" op_1_bw="8">
<![CDATA[
entry:104 %x_V_14 = add i8 %add_ln813_59, i8 %add_ln813_57

]]></Node>
<StgValue><ssdm name="x_V_14"/></StgValue>
</operation>
</state>

<state id="4" st_id="4">

<operation id="106" st_id="4" stage="1" lat="1">
<core>NULL</core>
<MemPortIdVec></MemPortIdVec>
<condition id="-1">
<or_exp><and_exp></and_exp></or_exp>
</condition>

<Node id="6" bw="0" op_0_bw="0" op_1_bw="32" op_2_bw="32" op_3_bw="32" op_4_bw="32" op_5_bw="0">
<![CDATA[
entry:0 %specpipeline_ln33 = specpipeline void @_ssdm_op_SpecPipeline, i32 1, i32 0, i32 0, i32 0, void @empty_0

]]></Node>
<StgValue><ssdm name="specpipeline_ln33"/></StgValue>
</operation>

<operation id="107" st_id="4" stage="1" lat="1">
<core>NULL</core>
<MemPortIdVec></MemPortIdVec>
<condition id="-1">
<or_exp><and_exp></and_exp></or_exp>
</condition>

<Node id="7" bw="0" op_0_bw="0" op_1_bw="64" op_2_bw="0" op_3_bw="0" op_4_bw="0" op_5_bw="0">
<![CDATA[
entry:1 %specresourcelimit_ln33 = specresourcelimit void @_ssdm_op_SpecResourceLimit, i64 28, void @empty_1, void @empty_0, void @empty_0, void @empty_0

]]></Node>
<StgValue><ssdm name="specresourcelimit_ln33"/></StgValue>
</operation>

<operation id="108" st_id="4" stage="1" lat="1">
<core>TAddSub</core>
<MemPortIdVec></MemPortIdVec>
<condition id="-1">
<or_exp><and_exp></and_exp></or_exp>
</condition>

<Node id="95" bw="8" op_0_bw="8" op_1_bw="8">
<![CDATA[
entry:89 %add_ln813_45 = add i8 %trunc_ln818_47, i8 %trunc_ln818_s

]]></Node>
<StgValue><ssdm name="add_ln813_45"/></StgValue>
</operation>

<operation id="109" st_id="4" stage="1" lat="1">
<core>TAddSub</core>
<MemPortIdVec></MemPortIdVec>
<condition id="-1">
<or_exp><and_exp></and_exp></or_exp>
</condition>

<Node id="98" bw="8" op_0_bw="8" op_1_bw="8">
<![CDATA[
entry:92 %x_V_9 = add i8 %add_ln813_47, i8 %add_ln813_45

]]></Node>
<StgValue><ssdm name="x_V_9"/></StgValue>
</operation>

<operation id="110" st_id="4" stage="1" lat="1">
<core>TAddSub</core>
<MemPortIdVec></MemPortIdVec>
<condition id="-1">
<or_exp><and_exp></and_exp></or_exp>
</condition>

<Node id="99" bw="8" op_0_bw="8" op_1_bw="8">
<![CDATA[
entry:93 %add_ln813_49 = add i8 %trunc_ln818_48, i8 %trunc_ln818_43

]]></Node>
<StgValue><ssdm name="add_ln813_49"/></StgValue>
</operation>

<operation id="111" st_id="4" stage="1" lat="1">
<core>TAddSub</core>
<MemPortIdVec></MemPortIdVec>
<condition id="-1">
<or_exp><and_exp></and_exp></or_exp>
</condition>

<Node id="102" bw="8" op_0_bw="8" op_1_bw="8">
<![CDATA[
entry:96 %x_V_11 = add i8 %add_ln813_51, i8 %add_ln813_49

]]></Node>
<StgValue><ssdm name="x_V_11"/></StgValue>
</operation>

<operation id="112" st_id="4" stage="1" lat="1">
<core>TAddSub</core>
<MemPortIdVec></MemPortIdVec>
<condition id="-1">
<or_exp><and_exp></and_exp></or_exp>
</condition>

<Node id="103" bw="8" op_0_bw="8" op_1_bw="8">
<![CDATA[
entry:97 %add_ln813_53 = add i8 %trunc_ln818_49, i8 %trunc_ln818_44

]]></Node>
<StgValue><ssdm name="add_ln813_53"/></StgValue>
</operation>

<operation id="113" st_id="4" stage="1" lat="1">
<core>TAddSub</core>
<MemPortIdVec></MemPortIdVec>
<condition id="-1">
<or_exp><and_exp></and_exp></or_exp>
</condition>

<Node id="106" bw="8" op_0_bw="8" op_1_bw="8">
<![CDATA[
entry:100 %x_V_12 = add i8 %add_ln813_55, i8 %add_ln813_53

]]></Node>
<StgValue><ssdm name="x_V_12"/></StgValue>
</operation>

<operation id="114" st_id="4" stage="1" lat="1">
<core>NULL</core>
<MemPortIdVec></MemPortIdVec>
<condition id="-1">
<or_exp><and_exp></and_exp></or_exp>
</condition>

<Node id="111" bw="14" op_0_bw="14" op_1_bw="8" op_2_bw="6">
<![CDATA[
entry:105 %shl_ln2 = bitconcatenate i14 @_ssdm_op_BitConcatenate.i14.i8.i6, i8 %x_V, i6 0

]]></Node>
<StgValue><ssdm name="shl_ln2"/></StgValue>
</operation>

<operation id="115" st_id="4" stage="1" lat="1">
<core>NULL</core>
<MemPortIdVec></MemPortIdVec>
<condition id="-1">
<or_exp><and_exp></and_exp></or_exp>
</condition>

<Node id="112" bw="16" op_0_bw="14">
<![CDATA[
entry:106 %sext_ln110 = sext i14 %shl_ln2

]]></Node>
<StgValue><ssdm name="sext_ln110"/></StgValue>
</operation>

<operation id="116" st_id="4" stage="1" lat="1">
<core>NULL</core>
<MemPortIdVec></MemPortIdVec>
<condition id="-1">
<or_exp><and_exp></and_exp></or_exp>
</condition>

<Node id="113" bw="14" op_0_bw="14" op_1_bw="8" op_2_bw="6">
<![CDATA[
entry:107 %shl_ln838_9 = bitconcatenate i14 @_ssdm_op_BitConcatenate.i14.i8.i6, i8 %x_V_9, i6 0

]]></Node>
<StgValue><ssdm name="shl_ln838_9"/></StgValue>
</operation>

<operation id="117" st_id="4" stage="1" lat="1">
<core>NULL</core>
<MemPortIdVec></MemPortIdVec>
<condition id="-1">
<or_exp><and_exp></and_exp></or_exp>
</condition>

<Node id="114" bw="16" op_0_bw="14">
<![CDATA[
entry:108 %sext_ln110_8 = sext i14 %shl_ln838_9

]]></Node>
<StgValue><ssdm name="sext_ln110_8"/></StgValue>
</operation>

<operation id="118" st_id="4" stage="1" lat="1">
<core>NULL</core>
<MemPortIdVec></MemPortIdVec>
<condition id="-1">
<or_exp><and_exp></and_exp></or_exp>
</condition>

<Node id="115" bw="14" op_0_bw="14" op_1_bw="8" op_2_bw="6">
<![CDATA[
entry:109 %shl_ln838_s = bitconcatenate i14 @_ssdm_op_BitConcatenate.i14.i8.i6, i8 %x_V_10, i6 0

]]></Node>
<StgValue><ssdm name="shl_ln838_s"/></StgValue>
</operation>

<operation id="119" st_id="4" stage="1" lat="1">
<core>NULL</core>
<MemPortIdVec></MemPortIdVec>
<condition id="-1">
<or_exp><and_exp></and_exp></or_exp>
</condition>

<Node id="116" bw="16" op_0_bw="14">
<![CDATA[
entry:110 %sext_ln110_9 = sext i14 %shl_ln838_s

]]></Node>
<StgValue><ssdm name="sext_ln110_9"/></StgValue>
</operation>

<operation id="120" st_id="4" stage="1" lat="1">
<core>NULL</core>
<MemPortIdVec></MemPortIdVec>
<condition id="-1">
<or_exp><and_exp></and_exp></or_exp>
</condition>

<Node id="117" bw="14" op_0_bw="14" op_1_bw="8" op_2_bw="6">
<![CDATA[
entry:111 %shl_ln838_1 = bitconcatenate i14 @_ssdm_op_BitConcatenate.i14.i8.i6, i8 %x_V_11, i6 0

]]></Node>
<StgValue><ssdm name="shl_ln838_1"/></StgValue>
</operation>

<operation id="121" st_id="4" stage="1" lat="1">
<core>NULL</core>
<MemPortIdVec></MemPortIdVec>
<condition id="-1">
<or_exp><and_exp></and_exp></or_exp>
</condition>

<Node id="118" bw="16" op_0_bw="14">
<![CDATA[
entry:112 %sext_ln110_10 = sext i14 %shl_ln838_1

]]></Node>
<StgValue><ssdm name="sext_ln110_10"/></StgValue>
</operation>

<operation id="122" st_id="4" stage="1" lat="1">
<core>NULL</core>
<MemPortIdVec></MemPortIdVec>
<condition id="-1">
<or_exp><and_exp></and_exp></or_exp>
</condition>

<Node id="119" bw="14" op_0_bw="14" op_1_bw="8" op_2_bw="6">
<![CDATA[
entry:113 %shl_ln838_2 = bitconcatenate i14 @_ssdm_op_BitConcatenate.i14.i8.i6, i8 %x_V_12, i6 0

]]></Node>
<StgValue><ssdm name="shl_ln838_2"/></StgValue>
</operation>

<operation id="123" st_id="4" stage="1" lat="1">
<core>NULL</core>
<MemPortIdVec></MemPortIdVec>
<condition id="-1">
<or_exp><and_exp></and_exp></or_exp>
</condition>

<Node id="120" bw="16" op_0_bw="14">
<![CDATA[
entry:114 %sext_ln110_11 = sext i14 %shl_ln838_2

]]></Node>
<StgValue><ssdm name="sext_ln110_11"/></StgValue>
</operation>

<operation id="124" st_id="4" stage="1" lat="1">
<core>NULL</core>
<MemPortIdVec></MemPortIdVec>
<condition id="-1">
<or_exp><and_exp></and_exp></or_exp>
</condition>

<Node id="121" bw="14" op_0_bw="14" op_1_bw="8" op_2_bw="6">
<![CDATA[
entry:115 %shl_ln838_3 = bitconcatenate i14 @_ssdm_op_BitConcatenate.i14.i8.i6, i8 %x_V_13, i6 0

]]></Node>
<StgValue><ssdm name="shl_ln838_3"/></StgValue>
</operation>

<operation id="125" st_id="4" stage="1" lat="1">
<core>NULL</core>
<MemPortIdVec></MemPortIdVec>
<condition id="-1">
<or_exp><and_exp></and_exp></or_exp>
</condition>

<Node id="122" bw="16" op_0_bw="14">
<![CDATA[
entry:116 %sext_ln110_12 = sext i14 %shl_ln838_3

]]></Node>
<StgValue><ssdm name="sext_ln110_12"/></StgValue>
</operation>

<operation id="126" st_id="4" stage="1" lat="1">
<core>NULL</core>
<MemPortIdVec></MemPortIdVec>
<condition id="-1">
<or_exp><and_exp></and_exp></or_exp>
</condition>

<Node id="123" bw="14" op_0_bw="14" op_1_bw="8" op_2_bw="6">
<![CDATA[
entry:117 %shl_ln838_4 = bitconcatenate i14 @_ssdm_op_BitConcatenate.i14.i8.i6, i8 %x_V_14, i6 0

]]></Node>
<StgValue><ssdm name="shl_ln838_4"/></StgValue>
</operation>

<operation id="127" st_id="4" stage="1" lat="1">
<core>NULL</core>
<MemPortIdVec></MemPortIdVec>
<condition id="-1">
<or_exp><and_exp></and_exp></or_exp>
</condition>

<Node id="124" bw="16" op_0_bw="14">
<![CDATA[
entry:118 %sext_ln68 = sext i14 %shl_ln838_4

]]></Node>
<StgValue><ssdm name="sext_ln68"/></StgValue>
</operation>

<operation id="128" st_id="4" stage="1" lat="1">
<core>NULL</core>
<MemPortIdVec></MemPortIdVec>
<condition id="-1">
<or_exp><and_exp></and_exp></or_exp>
</condition>

<Node id="125" bw="112" op_0_bw="112" op_1_bw="16">
<![CDATA[
entry:119 %mrv = insertvalue i112 <undef>, i16 %sext_ln110

]]></Node>
<StgValue><ssdm name="mrv"/></StgValue>
</operation>

<operation id="129" st_id="4" stage="1" lat="1">
<core>NULL</core>
<MemPortIdVec></MemPortIdVec>
<condition id="-1">
<or_exp><and_exp></and_exp></or_exp>
</condition>

<Node id="126" bw="112" op_0_bw="112" op_1_bw="16">
<![CDATA[
entry:120 %mrv_1 = insertvalue i112 %mrv, i16 %sext_ln110_8

]]></Node>
<StgValue><ssdm name="mrv_1"/></StgValue>
</operation>

<operation id="130" st_id="4" stage="1" lat="1">
<core>NULL</core>
<MemPortIdVec></MemPortIdVec>
<condition id="-1">
<or_exp><and_exp></and_exp></or_exp>
</condition>

<Node id="127" bw="112" op_0_bw="112" op_1_bw="16">
<![CDATA[
entry:121 %mrv_2 = insertvalue i112 %mrv_1, i16 %sext_ln110_9

]]></Node>
<StgValue><ssdm name="mrv_2"/></StgValue>
</operation>

<operation id="131" st_id="4" stage="1" lat="1">
<core>NULL</core>
<MemPortIdVec></MemPortIdVec>
<condition id="-1">
<or_exp><and_exp></and_exp></or_exp>
</condition>

<Node id="128" bw="112" op_0_bw="112" op_1_bw="16">
<![CDATA[
entry:122 %mrv_3 = insertvalue i112 %mrv_2, i16 %sext_ln110_10

]]></Node>
<StgValue><ssdm name="mrv_3"/></StgValue>
</operation>

<operation id="132" st_id="4" stage="1" lat="1">
<core>NULL</core>
<MemPortIdVec></MemPortIdVec>
<condition id="-1">
<or_exp><and_exp></and_exp></or_exp>
</condition>

<Node id="129" bw="112" op_0_bw="112" op_1_bw="16">
<![CDATA[
entry:123 %mrv_4 = insertvalue i112 %mrv_3, i16 %sext_ln110_11

]]></Node>
<StgValue><ssdm name="mrv_4"/></StgValue>
</operation>

<operation id="133" st_id="4" stage="1" lat="1">
<core>NULL</core>
<MemPortIdVec></MemPortIdVec>
<condition id="-1">
<or_exp><and_exp></and_exp></or_exp>
</condition>

<Node id="130" bw="112" op_0_bw="112" op_1_bw="16">
<![CDATA[
entry:124 %mrv_5 = insertvalue i112 %mrv_4, i16 %sext_ln110_12

]]></Node>
<StgValue><ssdm name="mrv_5"/></StgValue>
</operation>

<operation id="134" st_id="4" stage="1" lat="1">
<core>NULL</core>
<MemPortIdVec></MemPortIdVec>
<condition id="-1">
<or_exp><and_exp></and_exp></or_exp>
</condition>

<Node id="131" bw="112" op_0_bw="112" op_1_bw="16">
<![CDATA[
entry:125 %mrv_6 = insertvalue i112 %mrv_5, i16 %sext_ln68

]]></Node>
<StgValue><ssdm name="mrv_6"/></StgValue>
</operation>

<operation id="135" st_id="4" stage="1" lat="1">
<core>NULL</core>
<MemPortIdVec></MemPortIdVec>
<condition id="-1">
<or_exp><and_exp></and_exp></or_exp>
</condition>

<Node id="132" bw="0" op_0_bw="112">
<![CDATA[
entry:126 %ret_ln68 = ret i112 %mrv_6

]]></Node>
<StgValue><ssdm name="ret_ln68"/></StgValue>
</operation>
</state>
</state_list>


<ports>
<port id="143" name="p_read" dir="0" iftype="0">
<core>NULL</core><StgValue><ssdm name="p_read"/></StgValue>
</port>
<port id="144" name="p_read1" dir="0" iftype="0">
<core>NULL</core><StgValue><ssdm name="p_read1"/></StgValue>
</port>
<port id="145" name="p_read2" dir="0" iftype="0">
<core>NULL</core><StgValue><ssdm name="p_read2"/></StgValue>
</port>
<port id="146" name="p_read3" dir="0" iftype="0">
<core>NULL</core><StgValue><ssdm name="p_read3"/></StgValue>
</port>
<port id="147" name="p_read4" dir="0" iftype="0">
<core>NULL</core><StgValue><ssdm name="p_read4"/></StgValue>
</port>
</ports>


<dataflows>
<dataflow id="149" from="_ssdm_op_Read.ap_auto.i16" to="p_read49" fromId="148" toId="5">
</dataflow>
<dataflow id="150" from="p_read4" to="p_read49" fromId="147" toId="5">
</dataflow>
<dataflow id="151" from="_ssdm_op_Read.ap_auto.i16" to="p_read38" fromId="148" toId="6">
</dataflow>
<dataflow id="152" from="p_read3" to="p_read38" fromId="146" toId="6">
</dataflow>
<dataflow id="153" from="_ssdm_op_Read.ap_auto.i16" to="p_read27" fromId="148" toId="7">
</dataflow>
<dataflow id="154" from="p_read2" to="p_read27" fromId="145" toId="7">
</dataflow>
<dataflow id="155" from="_ssdm_op_Read.ap_auto.i16" to="p_read16" fromId="148" toId="8">
</dataflow>
<dataflow id="156" from="p_read1" to="p_read16" fromId="144" toId="8">
</dataflow>
<dataflow id="157" from="_ssdm_op_Read.ap_auto.i16" to="p_read_18" fromId="148" toId="9">
</dataflow>
<dataflow id="158" from="p_read" to="p_read_18" fromId="143" toId="9">
</dataflow>
<dataflow id="159" from="p_read_18" to="sext_ln1270" fromId="9" toId="10">
</dataflow>
<dataflow id="160" from="p_read_18" to="trunc_ln1273" fromId="9" toId="11">
</dataflow>
<dataflow id="162" from="_ssdm_op_BitConcatenate.i17.i13.i4" to="shl_ln" fromId="161" toId="12">
</dataflow>
<dataflow id="163" from="trunc_ln1273" to="shl_ln" fromId="11" toId="12">
</dataflow>
<dataflow id="165" from="StgValue_164" to="shl_ln" fromId="164" toId="12">
</dataflow>
<dataflow id="166" from="p_read_18" to="trunc_ln1273_10" fromId="9" toId="13">
</dataflow>
<dataflow id="168" from="_ssdm_op_BitConcatenate.i17.i15.i2" to="shl_ln1273_s" fromId="167" toId="14">
</dataflow>
<dataflow id="169" from="trunc_ln1273_10" to="shl_ln1273_s" fromId="13" toId="14">
</dataflow>
<dataflow id="171" from="StgValue_170" to="shl_ln1273_s" fromId="170" toId="14">
</dataflow>
<dataflow id="172" from="shl_ln1273_s" to="r_V" fromId="14" toId="15">
</dataflow>
<dataflow id="173" from="shl_ln" to="r_V" fromId="12" toId="15">
</dataflow>
<dataflow id="175" from="_ssdm_op_PartSelect.i8.i17.i32.i32" to="trunc_ln" fromId="174" toId="16">
</dataflow>
<dataflow id="176" from="r_V" to="trunc_ln" fromId="15" toId="16">
</dataflow>
<dataflow id="178" from="StgValue_177" to="trunc_ln" fromId="177" toId="16">
</dataflow>
<dataflow id="180" from="StgValue_179" to="trunc_ln" fromId="179" toId="16">
</dataflow>
<dataflow id="181" from="shl_ln1273_s" to="r_V_33" fromId="14" toId="17">
</dataflow>
<dataflow id="182" from="sext_ln1270" to="r_V_33" fromId="10" toId="17">
</dataflow>
<dataflow id="183" from="_ssdm_op_PartSelect.i8.i17.i32.i32" to="trunc_ln818_s" fromId="174" toId="18">
</dataflow>
<dataflow id="184" from="r_V_33" to="trunc_ln818_s" fromId="17" toId="18">
</dataflow>
<dataflow id="185" from="StgValue_177" to="trunc_ln818_s" fromId="177" toId="18">
</dataflow>
<dataflow id="186" from="StgValue_179" to="trunc_ln818_s" fromId="179" toId="18">
</dataflow>
<dataflow id="187" from="sext_ln1270" to="mul_ln1270" fromId="10" toId="19">
</dataflow>
<dataflow id="189" from="StgValue_188" to="mul_ln1270" fromId="188" toId="19">
</dataflow>
<dataflow id="190" from="p_read_18" to="trunc_ln1273_11" fromId="9" toId="20">
</dataflow>
<dataflow id="192" from="_ssdm_op_BitConcatenate.i17.i14.i3" to="shl_ln1273_14" fromId="191" toId="21">
</dataflow>
<dataflow id="193" from="trunc_ln1273_11" to="shl_ln1273_14" fromId="20" toId="21">
</dataflow>
<dataflow id="195" from="StgValue_194" to="shl_ln1273_14" fromId="194" toId="21">
</dataflow>
<dataflow id="197" from="_ssdm_op_BitConcatenate.i17.i16.i1" to="shl_ln1273_15" fromId="196" toId="22">
</dataflow>
<dataflow id="198" from="p_read_18" to="shl_ln1273_15" fromId="9" toId="22">
</dataflow>
<dataflow id="200" from="StgValue_199" to="shl_ln1273_15" fromId="199" toId="22">
</dataflow>
<dataflow id="201" from="shl_ln1273_14" to="r_V_34" fromId="21" toId="23">
</dataflow>
<dataflow id="202" from="shl_ln1273_15" to="r_V_34" fromId="22" toId="23">
</dataflow>
<dataflow id="203" from="_ssdm_op_PartSelect.i8.i17.i32.i32" to="trunc_ln818_44" fromId="174" toId="24">
</dataflow>
<dataflow id="204" from="r_V_34" to="trunc_ln818_44" fromId="23" toId="24">
</dataflow>
<dataflow id="205" from="StgValue_177" to="trunc_ln818_44" fromId="177" toId="24">
</dataflow>
<dataflow id="206" from="StgValue_179" to="trunc_ln818_44" fromId="179" toId="24">
</dataflow>
<dataflow id="207" from="shl_ln1273_14" to="r_V_35" fromId="21" toId="25">
</dataflow>
<dataflow id="208" from="sext_ln1270" to="r_V_35" fromId="10" toId="25">
</dataflow>
<dataflow id="209" from="_ssdm_op_PartSelect.i8.i17.i32.i32" to="trunc_ln818_45" fromId="174" toId="26">
</dataflow>
<dataflow id="210" from="r_V_35" to="trunc_ln818_45" fromId="25" toId="26">
</dataflow>
<dataflow id="211" from="StgValue_177" to="trunc_ln818_45" fromId="177" toId="26">
</dataflow>
<dataflow id="212" from="StgValue_179" to="trunc_ln818_45" fromId="179" toId="26">
</dataflow>
<dataflow id="213" from="sext_ln1270" to="sub_ln1270" fromId="10" toId="27">
</dataflow>
<dataflow id="214" from="shl_ln1273_14" to="sub_ln1270" fromId="21" toId="27">
</dataflow>
<dataflow id="215" from="_ssdm_op_PartSelect.i8.i17.i32.i32" to="trunc_ln818_46" fromId="174" toId="28">
</dataflow>
<dataflow id="216" from="sub_ln1270" to="trunc_ln818_46" fromId="27" toId="28">
</dataflow>
<dataflow id="217" from="StgValue_177" to="trunc_ln818_46" fromId="177" toId="28">
</dataflow>
<dataflow id="218" from="StgValue_179" to="trunc_ln818_46" fromId="179" toId="28">
</dataflow>
<dataflow id="219" from="p_read16" to="trunc_ln1273_12" fromId="8" toId="29">
</dataflow>
<dataflow id="221" from="_ssdm_op_PartSelect.i8.i16.i32.i32" to="trunc_ln818_51" fromId="220" toId="30">
</dataflow>
<dataflow id="222" from="p_read27" to="trunc_ln818_51" fromId="7" toId="30">
</dataflow>
<dataflow id="224" from="StgValue_223" to="trunc_ln818_51" fromId="223" toId="30">
</dataflow>
<dataflow id="226" from="StgValue_225" to="trunc_ln818_51" fromId="225" toId="30">
</dataflow>
<dataflow id="227" from="p_read27" to="sext_ln1273" fromId="7" toId="31">
</dataflow>
<dataflow id="228" from="p_read27" to="trunc_ln1273_13" fromId="7" toId="32">
</dataflow>
<dataflow id="229" from="_ssdm_op_BitConcatenate.i17.i15.i2" to="shl_ln1273_18" fromId="167" toId="33">
</dataflow>
<dataflow id="230" from="trunc_ln1273_13" to="shl_ln1273_18" fromId="32" toId="33">
</dataflow>
<dataflow id="231" from="StgValue_170" to="shl_ln1273_18" fromId="170" toId="33">
</dataflow>
<dataflow id="232" from="shl_ln1273_18" to="r_V_39" fromId="33" toId="34">
</dataflow>
<dataflow id="233" from="sext_ln1273" to="r_V_39" fromId="31" toId="34">
</dataflow>
<dataflow id="234" from="_ssdm_op_PartSelect.i8.i17.i32.i32" to="trunc_ln818_52" fromId="174" toId="35">
</dataflow>
<dataflow id="235" from="r_V_39" to="trunc_ln818_52" fromId="34" toId="35">
</dataflow>
<dataflow id="236" from="StgValue_177" to="trunc_ln818_52" fromId="177" toId="35">
</dataflow>
<dataflow id="237" from="StgValue_179" to="trunc_ln818_52" fromId="179" toId="35">
</dataflow>
<dataflow id="238" from="p_read27" to="trunc_ln1273_14" fromId="7" toId="36">
</dataflow>
<dataflow id="239" from="_ssdm_op_BitConcatenate.i17.i14.i3" to="shl_ln1273_19" fromId="191" toId="37">
</dataflow>
<dataflow id="240" from="trunc_ln1273_14" to="shl_ln1273_19" fromId="36" toId="37">
</dataflow>
<dataflow id="241" from="StgValue_194" to="shl_ln1273_19" fromId="194" toId="37">
</dataflow>
<dataflow id="243" from="StgValue_242" to="sub_ln1273" fromId="242" toId="38">
</dataflow>
<dataflow id="244" from="shl_ln1273_19" to="sub_ln1273" fromId="37" toId="38">
</dataflow>
<dataflow id="245" from="sub_ln1273" to="r_V_40" fromId="38" toId="39">
</dataflow>
<dataflow id="246" from="sext_ln1273" to="r_V_40" fromId="31" toId="39">
</dataflow>
<dataflow id="247" from="_ssdm_op_PartSelect.i8.i17.i32.i32" to="trunc_ln818_53" fromId="174" toId="40">
</dataflow>
<dataflow id="248" from="r_V_40" to="trunc_ln818_53" fromId="39" toId="40">
</dataflow>
<dataflow id="249" from="StgValue_177" to="trunc_ln818_53" fromId="177" toId="40">
</dataflow>
<dataflow id="250" from="StgValue_179" to="trunc_ln818_53" fromId="179" toId="40">
</dataflow>
<dataflow id="251" from="StgValue_242" to="sub_ln1273_29" fromId="242" toId="41">
</dataflow>
<dataflow id="252" from="shl_ln1273_18" to="sub_ln1273_29" fromId="33" toId="41">
</dataflow>
<dataflow id="253" from="sub_ln1273_29" to="r_V_41" fromId="41" toId="42">
</dataflow>
<dataflow id="254" from="sext_ln1273" to="r_V_41" fromId="31" toId="42">
</dataflow>
<dataflow id="255" from="_ssdm_op_PartSelect.i8.i17.i32.i32" to="trunc_ln818_54" fromId="174" toId="43">
</dataflow>
<dataflow id="256" from="r_V_41" to="trunc_ln818_54" fromId="42" toId="43">
</dataflow>
<dataflow id="257" from="StgValue_177" to="trunc_ln818_54" fromId="177" toId="43">
</dataflow>
<dataflow id="258" from="StgValue_179" to="trunc_ln818_54" fromId="179" toId="43">
</dataflow>
<dataflow id="259" from="_ssdm_op_BitConcatenate.i17.i16.i1" to="shl_ln1273_20" fromId="196" toId="44">
</dataflow>
<dataflow id="260" from="p_read27" to="shl_ln1273_20" fromId="7" toId="44">
</dataflow>
<dataflow id="261" from="StgValue_199" to="shl_ln1273_20" fromId="199" toId="44">
</dataflow>
<dataflow id="262" from="shl_ln1273_19" to="r_V_42" fromId="37" toId="45">
</dataflow>
<dataflow id="263" from="shl_ln1273_20" to="r_V_42" fromId="44" toId="45">
</dataflow>
<dataflow id="264" from="_ssdm_op_PartSelect.i8.i17.i32.i32" to="trunc_ln818_55" fromId="174" toId="46">
</dataflow>
<dataflow id="265" from="r_V_42" to="trunc_ln818_55" fromId="45" toId="46">
</dataflow>
<dataflow id="266" from="StgValue_177" to="trunc_ln818_55" fromId="177" toId="46">
</dataflow>
<dataflow id="267" from="StgValue_179" to="trunc_ln818_55" fromId="179" toId="46">
</dataflow>
<dataflow id="268" from="p_read38" to="sext_ln1273_3" fromId="6" toId="47">
</dataflow>
<dataflow id="269" from="sext_ln1273_3" to="mul_ln1270_1" fromId="47" toId="48">
</dataflow>
<dataflow id="271" from="StgValue_270" to="mul_ln1270_1" fromId="270" toId="48">
</dataflow>
<dataflow id="272" from="sext_ln1273_3" to="mul_ln1270_2" fromId="47" toId="49">
</dataflow>
<dataflow id="273" from="StgValue_188" to="mul_ln1270_2" fromId="188" toId="49">
</dataflow>
<dataflow id="274" from="p_read38" to="trunc_ln1273_15" fromId="6" toId="50">
</dataflow>
<dataflow id="275" from="_ssdm_op_BitConcatenate.i17.i14.i3" to="shl_ln1273_21" fromId="191" toId="51">
</dataflow>
<dataflow id="276" from="trunc_ln1273_15" to="shl_ln1273_21" fromId="50" toId="51">
</dataflow>
<dataflow id="277" from="StgValue_194" to="shl_ln1273_21" fromId="194" toId="51">
</dataflow>
<dataflow id="278" from="shl_ln1273_21" to="r_V_43" fromId="51" toId="52">
</dataflow>
<dataflow id="279" from="sext_ln1273_3" to="r_V_43" fromId="47" toId="52">
</dataflow>
<dataflow id="280" from="_ssdm_op_PartSelect.i8.i17.i32.i32" to="trunc_ln818_58" fromId="174" toId="53">
</dataflow>
<dataflow id="281" from="r_V_43" to="trunc_ln818_58" fromId="52" toId="53">
</dataflow>
<dataflow id="282" from="StgValue_177" to="trunc_ln818_58" fromId="177" toId="53">
</dataflow>
<dataflow id="283" from="StgValue_179" to="trunc_ln818_58" fromId="179" toId="53">
</dataflow>
<dataflow id="284" from="p_read38" to="trunc_ln1273_16" fromId="6" toId="54">
</dataflow>
<dataflow id="285" from="_ssdm_op_BitConcatenate.i17.i15.i2" to="shl_ln1273_22" fromId="167" toId="55">
</dataflow>
<dataflow id="286" from="trunc_ln1273_16" to="shl_ln1273_22" fromId="54" toId="55">
</dataflow>
<dataflow id="287" from="StgValue_170" to="shl_ln1273_22" fromId="170" toId="55">
</dataflow>
<dataflow id="288" from="StgValue_242" to="sub_ln1273_32" fromId="242" toId="56">
</dataflow>
<dataflow id="289" from="shl_ln1273_22" to="sub_ln1273_32" fromId="55" toId="56">
</dataflow>
<dataflow id="290" from="sub_ln1273_32" to="r_V_44" fromId="56" toId="57">
</dataflow>
<dataflow id="291" from="sext_ln1273_3" to="r_V_44" fromId="47" toId="57">
</dataflow>
<dataflow id="292" from="_ssdm_op_PartSelect.i8.i17.i32.i32" to="trunc_ln818_59" fromId="174" toId="58">
</dataflow>
<dataflow id="293" from="r_V_44" to="trunc_ln818_59" fromId="57" toId="58">
</dataflow>
<dataflow id="294" from="StgValue_177" to="trunc_ln818_59" fromId="177" toId="58">
</dataflow>
<dataflow id="295" from="StgValue_179" to="trunc_ln818_59" fromId="179" toId="58">
</dataflow>
<dataflow id="296" from="_ssdm_op_BitConcatenate.i17.i16.i1" to="shl_ln1273_23" fromId="196" toId="59">
</dataflow>
<dataflow id="297" from="p_read38" to="shl_ln1273_23" fromId="6" toId="59">
</dataflow>
<dataflow id="298" from="StgValue_199" to="shl_ln1273_23" fromId="199" toId="59">
</dataflow>
<dataflow id="299" from="shl_ln1273_23" to="r_V_45" fromId="59" toId="60">
</dataflow>
<dataflow id="300" from="shl_ln1273_21" to="r_V_45" fromId="51" toId="60">
</dataflow>
<dataflow id="301" from="_ssdm_op_PartSelect.i8.i17.i32.i32" to="trunc_ln818_60" fromId="174" toId="61">
</dataflow>
<dataflow id="302" from="r_V_45" to="trunc_ln818_60" fromId="60" toId="61">
</dataflow>
<dataflow id="303" from="StgValue_177" to="trunc_ln818_60" fromId="177" toId="61">
</dataflow>
<dataflow id="304" from="StgValue_179" to="trunc_ln818_60" fromId="179" toId="61">
</dataflow>
<dataflow id="305" from="StgValue_242" to="r_V_46" fromId="242" toId="62">
</dataflow>
<dataflow id="306" from="shl_ln1273_21" to="r_V_46" fromId="51" toId="62">
</dataflow>
<dataflow id="307" from="_ssdm_op_PartSelect.i8.i17.i32.i32" to="trunc_ln818_61" fromId="174" toId="63">
</dataflow>
<dataflow id="308" from="r_V_46" to="trunc_ln818_61" fromId="62" toId="63">
</dataflow>
<dataflow id="309" from="StgValue_177" to="trunc_ln818_61" fromId="177" toId="63">
</dataflow>
<dataflow id="310" from="StgValue_179" to="trunc_ln818_61" fromId="179" toId="63">
</dataflow>
<dataflow id="311" from="_ssdm_op_PartSelect.i8.i16.i32.i32" to="trunc_ln818_62" fromId="220" toId="64">
</dataflow>
<dataflow id="312" from="p_read49" to="trunc_ln818_62" fromId="5" toId="64">
</dataflow>
<dataflow id="314" from="StgValue_313" to="trunc_ln818_62" fromId="313" toId="64">
</dataflow>
<dataflow id="316" from="StgValue_315" to="trunc_ln818_62" fromId="315" toId="64">
</dataflow>
<dataflow id="317" from="p_read49" to="sext_ln1273_4" fromId="5" toId="65">
</dataflow>
<dataflow id="318" from="sext_ln1273_4" to="mul_ln1270_3" fromId="65" toId="66">
</dataflow>
<dataflow id="319" from="StgValue_270" to="mul_ln1270_3" fromId="270" toId="66">
</dataflow>
<dataflow id="320" from="p_read49" to="trunc_ln1273_17" fromId="5" toId="67">
</dataflow>
<dataflow id="321" from="_ssdm_op_BitConcatenate.i17.i14.i3" to="shl_ln1273_24" fromId="191" toId="68">
</dataflow>
<dataflow id="322" from="trunc_ln1273_17" to="shl_ln1273_24" fromId="67" toId="68">
</dataflow>
<dataflow id="323" from="StgValue_194" to="shl_ln1273_24" fromId="194" toId="68">
</dataflow>
<dataflow id="324" from="_ssdm_op_BitConcatenate.i17.i16.i1" to="shl_ln1273_25" fromId="196" toId="69">
</dataflow>
<dataflow id="325" from="p_read49" to="shl_ln1273_25" fromId="5" toId="69">
</dataflow>
<dataflow id="326" from="StgValue_199" to="shl_ln1273_25" fromId="199" toId="69">
</dataflow>
<dataflow id="327" from="shl_ln1273_25" to="r_V_47" fromId="69" toId="70">
</dataflow>
<dataflow id="328" from="shl_ln1273_24" to="r_V_47" fromId="68" toId="70">
</dataflow>
<dataflow id="329" from="_ssdm_op_PartSelect.i8.i17.i32.i32" to="trunc_ln818_64" fromId="174" toId="71">
</dataflow>
<dataflow id="330" from="r_V_47" to="trunc_ln818_64" fromId="70" toId="71">
</dataflow>
<dataflow id="331" from="StgValue_177" to="trunc_ln818_64" fromId="177" toId="71">
</dataflow>
<dataflow id="332" from="StgValue_179" to="trunc_ln818_64" fromId="179" toId="71">
</dataflow>
<dataflow id="333" from="trunc_ln818_60" to="x_V_13" fromId="61" toId="72">
</dataflow>
<dataflow id="334" from="trunc_ln818_45" to="x_V_13" fromId="26" toId="72">
</dataflow>
<dataflow id="335" from="sext_ln1270" to="mul_ln1270" fromId="10" toId="73">
</dataflow>
<dataflow id="336" from="StgValue_188" to="mul_ln1270" fromId="188" toId="73">
</dataflow>
<dataflow id="337" from="_ssdm_op_PartSelect.i8.i17.i32.i32" to="trunc_ln818_43" fromId="174" toId="74">
</dataflow>
<dataflow id="338" from="mul_ln1270" to="trunc_ln818_43" fromId="73" toId="74">
</dataflow>
<dataflow id="339" from="StgValue_177" to="trunc_ln818_43" fromId="177" toId="74">
</dataflow>
<dataflow id="340" from="StgValue_179" to="trunc_ln818_43" fromId="179" toId="74">
</dataflow>
<dataflow id="341" from="p_read16" to="sext_ln1270_4" fromId="8" toId="75">
</dataflow>
<dataflow id="342" from="_ssdm_op_BitConcatenate.i17.i14.i3" to="shl_ln1273_16" fromId="191" toId="76">
</dataflow>
<dataflow id="343" from="trunc_ln1273_12" to="shl_ln1273_16" fromId="29" toId="76">
</dataflow>
<dataflow id="344" from="StgValue_194" to="shl_ln1273_16" fromId="194" toId="76">
</dataflow>
<dataflow id="345" from="StgValue_242" to="r_V_36" fromId="242" toId="77">
</dataflow>
<dataflow id="346" from="shl_ln1273_16" to="r_V_36" fromId="76" toId="77">
</dataflow>
<dataflow id="347" from="_ssdm_op_PartSelect.i8.i17.i32.i32" to="trunc_ln818_47" fromId="174" toId="78">
</dataflow>
<dataflow id="348" from="r_V_36" to="trunc_ln818_47" fromId="77" toId="78">
</dataflow>
<dataflow id="349" from="StgValue_177" to="trunc_ln818_47" fromId="177" toId="78">
</dataflow>
<dataflow id="350" from="StgValue_179" to="trunc_ln818_47" fromId="179" toId="78">
</dataflow>
<dataflow id="351" from="_ssdm_op_BitConcatenate.i17.i16.i1" to="shl_ln1273_17" fromId="196" toId="79">
</dataflow>
<dataflow id="352" from="p_read16" to="shl_ln1273_17" fromId="8" toId="79">
</dataflow>
<dataflow id="353" from="StgValue_199" to="shl_ln1273_17" fromId="199" toId="79">
</dataflow>
<dataflow id="354" from="shl_ln1273_16" to="r_V_37" fromId="76" toId="80">
</dataflow>
<dataflow id="355" from="shl_ln1273_17" to="r_V_37" fromId="79" toId="80">
</dataflow>
<dataflow id="356" from="_ssdm_op_PartSelect.i8.i17.i32.i32" to="trunc_ln818_48" fromId="174" toId="81">
</dataflow>
<dataflow id="357" from="r_V_37" to="trunc_ln818_48" fromId="80" toId="81">
</dataflow>
<dataflow id="358" from="StgValue_177" to="trunc_ln818_48" fromId="177" toId="81">
</dataflow>
<dataflow id="359" from="StgValue_179" to="trunc_ln818_48" fromId="179" toId="81">
</dataflow>
<dataflow id="360" from="sext_ln1270_4" to="sub_ln1270_6" fromId="75" toId="82">
</dataflow>
<dataflow id="361" from="shl_ln1273_16" to="sub_ln1270_6" fromId="76" toId="82">
</dataflow>
<dataflow id="362" from="_ssdm_op_PartSelect.i8.i17.i32.i32" to="trunc_ln818_49" fromId="174" toId="83">
</dataflow>
<dataflow id="363" from="sub_ln1270_6" to="trunc_ln818_49" fromId="82" toId="83">
</dataflow>
<dataflow id="364" from="StgValue_177" to="trunc_ln818_49" fromId="177" toId="83">
</dataflow>
<dataflow id="365" from="StgValue_179" to="trunc_ln818_49" fromId="179" toId="83">
</dataflow>
<dataflow id="366" from="shl_ln1273_16" to="r_V_38" fromId="76" toId="84">
</dataflow>
<dataflow id="367" from="shl_ln1273_17" to="r_V_38" fromId="79" toId="84">
</dataflow>
<dataflow id="368" from="_ssdm_op_PartSelect.i8.i17.i32.i32" to="trunc_ln818_50" fromId="174" toId="85">
</dataflow>
<dataflow id="369" from="r_V_38" to="trunc_ln818_50" fromId="84" toId="85">
</dataflow>
<dataflow id="370" from="StgValue_177" to="trunc_ln818_50" fromId="177" toId="85">
</dataflow>
<dataflow id="371" from="StgValue_179" to="trunc_ln818_50" fromId="179" toId="85">
</dataflow>
<dataflow id="372" from="sext_ln1273_3" to="mul_ln1270_1" fromId="47" toId="86">
</dataflow>
<dataflow id="373" from="StgValue_270" to="mul_ln1270_1" fromId="270" toId="86">
</dataflow>
<dataflow id="374" from="_ssdm_op_PartSelect.i8.i17.i32.i32" to="trunc_ln818_56" fromId="174" toId="87">
</dataflow>
<dataflow id="375" from="mul_ln1270_1" to="trunc_ln818_56" fromId="86" toId="87">
</dataflow>
<dataflow id="376" from="StgValue_177" to="trunc_ln818_56" fromId="177" toId="87">
</dataflow>
<dataflow id="377" from="StgValue_179" to="trunc_ln818_56" fromId="179" toId="87">
</dataflow>
<dataflow id="378" from="sext_ln1273_3" to="mul_ln1270_2" fromId="47" toId="88">
</dataflow>
<dataflow id="379" from="StgValue_188" to="mul_ln1270_2" fromId="188" toId="88">
</dataflow>
<dataflow id="380" from="_ssdm_op_PartSelect.i8.i17.i32.i32" to="trunc_ln818_57" fromId="174" toId="89">
</dataflow>
<dataflow id="381" from="mul_ln1270_2" to="trunc_ln818_57" fromId="88" toId="89">
</dataflow>
<dataflow id="382" from="StgValue_177" to="trunc_ln818_57" fromId="177" toId="89">
</dataflow>
<dataflow id="383" from="StgValue_179" to="trunc_ln818_57" fromId="179" toId="89">
</dataflow>
<dataflow id="384" from="sext_ln1273_4" to="mul_ln1270_3" fromId="65" toId="90">
</dataflow>
<dataflow id="385" from="StgValue_270" to="mul_ln1270_3" fromId="270" toId="90">
</dataflow>
<dataflow id="386" from="_ssdm_op_PartSelect.i8.i17.i32.i32" to="trunc_ln818_63" fromId="174" toId="91">
</dataflow>
<dataflow id="387" from="mul_ln1270_3" to="trunc_ln818_63" fromId="90" toId="91">
</dataflow>
<dataflow id="388" from="StgValue_177" to="trunc_ln818_63" fromId="177" toId="91">
</dataflow>
<dataflow id="389" from="StgValue_179" to="trunc_ln818_63" fromId="179" toId="91">
</dataflow>
<dataflow id="390" from="trunc_ln818_s" to="add_ln813_42" fromId="18" toId="92">
</dataflow>
<dataflow id="391" from="trunc_ln818_58" to="add_ln813_42" fromId="53" toId="92">
</dataflow>
<dataflow id="392" from="add_ln813_42" to="x_V_10" fromId="92" toId="93">
</dataflow>
<dataflow id="393" from="trunc_ln818_52" to="x_V_10" fromId="35" toId="93">
</dataflow>
<dataflow id="394" from="trunc_ln818_61" to="add_ln813_58" fromId="63" toId="94">
</dataflow>
<dataflow id="395" from="trunc_ln818_64" to="add_ln813_58" fromId="71" toId="94">
</dataflow>
<dataflow id="396" from="add_ln813_58" to="add_ln813_59" fromId="94" toId="95">
</dataflow>
<dataflow id="397" from="trunc_ln818_55" to="add_ln813_59" fromId="46" toId="95">
</dataflow>
<dataflow id="398" from="trunc_ln818_51" to="add_ln813" fromId="30" toId="96">
</dataflow>
<dataflow id="399" from="trunc_ln818_56" to="add_ln813" fromId="87" toId="96">
</dataflow>
<dataflow id="400" from="add_ln813" to="x_V" fromId="96" toId="97">
</dataflow>
<dataflow id="401" from="trunc_ln" to="x_V" fromId="16" toId="97">
</dataflow>
<dataflow id="402" from="trunc_ln818_62" to="add_ln813_46" fromId="64" toId="98">
</dataflow>
<dataflow id="403" from="trunc_ln818_57" to="add_ln813_46" fromId="89" toId="98">
</dataflow>
<dataflow id="404" from="add_ln813_46" to="add_ln813_47" fromId="98" toId="99">
</dataflow>
<dataflow id="405" from="trunc_ln818_52" to="add_ln813_47" fromId="35" toId="99">
</dataflow>
<dataflow id="406" from="trunc_ln818_59" to="add_ln813_50" fromId="58" toId="100">
</dataflow>
<dataflow id="407" from="trunc_ln818_63" to="add_ln813_50" fromId="91" toId="100">
</dataflow>
<dataflow id="408" from="add_ln813_50" to="add_ln813_51" fromId="100" toId="101">
</dataflow>
<dataflow id="409" from="trunc_ln818_53" to="add_ln813_51" fromId="40" toId="101">
</dataflow>
<dataflow id="410" from="trunc_ln818_62" to="add_ln813_54" fromId="64" toId="102">
</dataflow>
<dataflow id="411" from="trunc_ln818_56" to="add_ln813_54" fromId="87" toId="102">
</dataflow>
<dataflow id="412" from="add_ln813_54" to="add_ln813_55" fromId="102" toId="103">
</dataflow>
<dataflow id="413" from="trunc_ln818_54" to="add_ln813_55" fromId="43" toId="103">
</dataflow>
<dataflow id="414" from="trunc_ln818_50" to="add_ln813_57" fromId="85" toId="104">
</dataflow>
<dataflow id="415" from="trunc_ln818_46" to="add_ln813_57" fromId="28" toId="104">
</dataflow>
<dataflow id="416" from="add_ln813_59" to="x_V_14" fromId="95" toId="105">
</dataflow>
<dataflow id="417" from="add_ln813_57" to="x_V_14" fromId="104" toId="105">
</dataflow>
<dataflow id="419" from="_ssdm_op_SpecPipeline" to="specpipeline_ln33" fromId="418" toId="106">
</dataflow>
<dataflow id="421" from="StgValue_420" to="specpipeline_ln33" fromId="420" toId="106">
</dataflow>
<dataflow id="423" from="StgValue_422" to="specpipeline_ln33" fromId="422" toId="106">
</dataflow>
<dataflow id="424" from="StgValue_422" to="specpipeline_ln33" fromId="422" toId="106">
</dataflow>
<dataflow id="425" from="StgValue_422" to="specpipeline_ln33" fromId="422" toId="106">
</dataflow>
<dataflow id="427" from="empty_0" to="specpipeline_ln33" fromId="426" toId="106">
</dataflow>
<dataflow id="429" from="_ssdm_op_SpecResourceLimit" to="specresourcelimit_ln33" fromId="428" toId="107">
</dataflow>
<dataflow id="431" from="StgValue_430" to="specresourcelimit_ln33" fromId="430" toId="107">
</dataflow>
<dataflow id="433" from="empty_1" to="specresourcelimit_ln33" fromId="432" toId="107">
</dataflow>
<dataflow id="434" from="empty_0" to="specresourcelimit_ln33" fromId="426" toId="107">
</dataflow>
<dataflow id="435" from="empty_0" to="specresourcelimit_ln33" fromId="426" toId="107">
</dataflow>
<dataflow id="436" from="empty_0" to="specresourcelimit_ln33" fromId="426" toId="107">
</dataflow>
<dataflow id="437" from="trunc_ln818_47" to="add_ln813_45" fromId="78" toId="108">
</dataflow>
<dataflow id="438" from="trunc_ln818_s" to="add_ln813_45" fromId="18" toId="108">
</dataflow>
<dataflow id="439" from="add_ln813_47" to="x_V_9" fromId="99" toId="109">
</dataflow>
<dataflow id="440" from="add_ln813_45" to="x_V_9" fromId="108" toId="109">
</dataflow>
<dataflow id="441" from="trunc_ln818_48" to="add_ln813_49" fromId="81" toId="110">
</dataflow>
<dataflow id="442" from="trunc_ln818_43" to="add_ln813_49" fromId="74" toId="110">
</dataflow>
<dataflow id="443" from="add_ln813_51" to="x_V_11" fromId="101" toId="111">
</dataflow>
<dataflow id="444" from="add_ln813_49" to="x_V_11" fromId="110" toId="111">
</dataflow>
<dataflow id="445" from="trunc_ln818_49" to="add_ln813_53" fromId="83" toId="112">
</dataflow>
<dataflow id="446" from="trunc_ln818_44" to="add_ln813_53" fromId="24" toId="112">
</dataflow>
<dataflow id="447" from="add_ln813_55" to="x_V_12" fromId="103" toId="113">
</dataflow>
<dataflow id="448" from="add_ln813_53" to="x_V_12" fromId="112" toId="113">
</dataflow>
<dataflow id="450" from="_ssdm_op_BitConcatenate.i14.i8.i6" to="shl_ln2" fromId="449" toId="114">
</dataflow>
<dataflow id="451" from="x_V" to="shl_ln2" fromId="97" toId="114">
</dataflow>
<dataflow id="453" from="StgValue_452" to="shl_ln2" fromId="452" toId="114">
</dataflow>
<dataflow id="454" from="shl_ln2" to="sext_ln110" fromId="114" toId="115">
</dataflow>
<dataflow id="455" from="_ssdm_op_BitConcatenate.i14.i8.i6" to="shl_ln838_9" fromId="449" toId="116">
</dataflow>
<dataflow id="456" from="x_V_9" to="shl_ln838_9" fromId="109" toId="116">
</dataflow>
<dataflow id="457" from="StgValue_452" to="shl_ln838_9" fromId="452" toId="116">
</dataflow>
<dataflow id="458" from="shl_ln838_9" to="sext_ln110_8" fromId="116" toId="117">
</dataflow>
<dataflow id="459" from="_ssdm_op_BitConcatenate.i14.i8.i6" to="shl_ln838_s" fromId="449" toId="118">
</dataflow>
<dataflow id="460" from="x_V_10" to="shl_ln838_s" fromId="93" toId="118">
</dataflow>
<dataflow id="461" from="StgValue_452" to="shl_ln838_s" fromId="452" toId="118">
</dataflow>
<dataflow id="462" from="shl_ln838_s" to="sext_ln110_9" fromId="118" toId="119">
</dataflow>
<dataflow id="463" from="_ssdm_op_BitConcatenate.i14.i8.i6" to="shl_ln838_1" fromId="449" toId="120">
</dataflow>
<dataflow id="464" from="x_V_11" to="shl_ln838_1" fromId="111" toId="120">
</dataflow>
<dataflow id="465" from="StgValue_452" to="shl_ln838_1" fromId="452" toId="120">
</dataflow>
<dataflow id="466" from="shl_ln838_1" to="sext_ln110_10" fromId="120" toId="121">
</dataflow>
<dataflow id="467" from="_ssdm_op_BitConcatenate.i14.i8.i6" to="shl_ln838_2" fromId="449" toId="122">
</dataflow>
<dataflow id="468" from="x_V_12" to="shl_ln838_2" fromId="113" toId="122">
</dataflow>
<dataflow id="469" from="StgValue_452" to="shl_ln838_2" fromId="452" toId="122">
</dataflow>
<dataflow id="470" from="shl_ln838_2" to="sext_ln110_11" fromId="122" toId="123">
</dataflow>
<dataflow id="471" from="_ssdm_op_BitConcatenate.i14.i8.i6" to="shl_ln838_3" fromId="449" toId="124">
</dataflow>
<dataflow id="472" from="x_V_13" to="shl_ln838_3" fromId="72" toId="124">
</dataflow>
<dataflow id="473" from="StgValue_452" to="shl_ln838_3" fromId="452" toId="124">
</dataflow>
<dataflow id="474" from="shl_ln838_3" to="sext_ln110_12" fromId="124" toId="125">
</dataflow>
<dataflow id="475" from="_ssdm_op_BitConcatenate.i14.i8.i6" to="shl_ln838_4" fromId="449" toId="126">
</dataflow>
<dataflow id="476" from="x_V_14" to="shl_ln838_4" fromId="105" toId="126">
</dataflow>
<dataflow id="477" from="StgValue_452" to="shl_ln838_4" fromId="452" toId="126">
</dataflow>
<dataflow id="478" from="shl_ln838_4" to="sext_ln68" fromId="126" toId="127">
</dataflow>
<dataflow id="480" from="StgValue_479" to="mrv" fromId="479" toId="128">
</dataflow>
<dataflow id="481" from="sext_ln110" to="mrv" fromId="115" toId="128">
</dataflow>
<dataflow id="482" from="mrv" to="mrv_1" fromId="128" toId="129">
</dataflow>
<dataflow id="483" from="sext_ln110_8" to="mrv_1" fromId="117" toId="129">
</dataflow>
<dataflow id="484" from="mrv_1" to="mrv_2" fromId="129" toId="130">
</dataflow>
<dataflow id="485" from="sext_ln110_9" to="mrv_2" fromId="119" toId="130">
</dataflow>
<dataflow id="486" from="mrv_2" to="mrv_3" fromId="130" toId="131">
</dataflow>
<dataflow id="487" from="sext_ln110_10" to="mrv_3" fromId="121" toId="131">
</dataflow>
<dataflow id="488" from="mrv_3" to="mrv_4" fromId="131" toId="132">
</dataflow>
<dataflow id="489" from="sext_ln110_11" to="mrv_4" fromId="123" toId="132">
</dataflow>
<dataflow id="490" from="mrv_4" to="mrv_5" fromId="132" toId="133">
</dataflow>
<dataflow id="491" from="sext_ln110_12" to="mrv_5" fromId="125" toId="133">
</dataflow>
<dataflow id="492" from="mrv_5" to="mrv_6" fromId="133" toId="134">
</dataflow>
<dataflow id="493" from="sext_ln68" to="mrv_6" fromId="127" toId="134">
</dataflow>
<dataflow id="494" from="mrv_6" to="ret_ln68" fromId="134" toId="135">
</dataflow>
</dataflows>


</stg>
