<stg><name>dense_latency<ap_fixed<16, 7, 4, 0, 0>, ap_fixed<16, 6, 5, 3, 0>, config11></name>


<trans_list>

<trans id="98" from="1" to="2">
<condition id="-1">
<or_exp><and_exp></and_exp></or_exp>
</condition>
</trans>

<trans id="99" from="2" to="3">
<condition id="-1">
<or_exp><and_exp></and_exp></or_exp>
</condition>
</trans>

<trans id="100" from="3" to="4">
<condition id="-1">
<or_exp><and_exp></and_exp></or_exp>
</condition>
</trans>
</trans_list>



<state_list>

<state id="1" st_id="1">

<operation id="5" st_id="1" stage="1" lat="1">
<core>NULL</core>
<MemPortIdVec></MemPortIdVec>
<condition id="-1">
<or_exp><and_exp></and_exp></or_exp>
</condition>

<Node id="12" bw="16" op_0_bw="16" op_1_bw="16">
<![CDATA[
entry:2 %p_read817 = read i16 @_ssdm_op_Read.ap_auto.i16, i16 %p_read8

]]></Node>
<StgValue><ssdm name="p_read817"/></StgValue>
</operation>

<operation id="6" st_id="1" stage="1" lat="1">
<core>NULL</core>
<MemPortIdVec></MemPortIdVec>
<condition id="-1">
<or_exp><and_exp></and_exp></or_exp>
</condition>

<Node id="13" bw="16" op_0_bw="16" op_1_bw="16">
<![CDATA[
entry:3 %p_read716 = read i16 @_ssdm_op_Read.ap_auto.i16, i16 %p_read7

]]></Node>
<StgValue><ssdm name="p_read716"/></StgValue>
</operation>

<operation id="7" st_id="1" stage="1" lat="1">
<core>NULL</core>
<MemPortIdVec></MemPortIdVec>
<condition id="-1">
<or_exp><and_exp></and_exp></or_exp>
</condition>

<Node id="14" bw="16" op_0_bw="16" op_1_bw="16">
<![CDATA[
entry:4 %p_read615 = read i16 @_ssdm_op_Read.ap_auto.i16, i16 %p_read6

]]></Node>
<StgValue><ssdm name="p_read615"/></StgValue>
</operation>

<operation id="8" st_id="1" stage="1" lat="1">
<core>NULL</core>
<MemPortIdVec></MemPortIdVec>
<condition id="-1">
<or_exp><and_exp></and_exp></or_exp>
</condition>

<Node id="15" bw="16" op_0_bw="16" op_1_bw="16">
<![CDATA[
entry:5 %p_read514 = read i16 @_ssdm_op_Read.ap_auto.i16, i16 %p_read5

]]></Node>
<StgValue><ssdm name="p_read514"/></StgValue>
</operation>

<operation id="9" st_id="1" stage="1" lat="1">
<core>NULL</core>
<MemPortIdVec></MemPortIdVec>
<condition id="-1">
<or_exp><and_exp></and_exp></or_exp>
</condition>

<Node id="16" bw="16" op_0_bw="16" op_1_bw="16">
<![CDATA[
entry:6 %p_read413 = read i16 @_ssdm_op_Read.ap_auto.i16, i16 %p_read4

]]></Node>
<StgValue><ssdm name="p_read413"/></StgValue>
</operation>

<operation id="10" st_id="1" stage="1" lat="1">
<core>NULL</core>
<MemPortIdVec></MemPortIdVec>
<condition id="-1">
<or_exp><and_exp></and_exp></or_exp>
</condition>

<Node id="17" bw="16" op_0_bw="16" op_1_bw="16">
<![CDATA[
entry:7 %p_read312 = read i16 @_ssdm_op_Read.ap_auto.i16, i16 %p_read3

]]></Node>
<StgValue><ssdm name="p_read312"/></StgValue>
</operation>

<operation id="11" st_id="1" stage="1" lat="1">
<core>NULL</core>
<MemPortIdVec></MemPortIdVec>
<condition id="-1">
<or_exp><and_exp></and_exp></or_exp>
</condition>

<Node id="18" bw="16" op_0_bw="16" op_1_bw="16">
<![CDATA[
entry:8 %p_read211 = read i16 @_ssdm_op_Read.ap_auto.i16, i16 %p_read2

]]></Node>
<StgValue><ssdm name="p_read211"/></StgValue>
</operation>

<operation id="12" st_id="1" stage="1" lat="1">
<core>NULL</core>
<MemPortIdVec></MemPortIdVec>
<condition id="-1">
<or_exp><and_exp></and_exp></or_exp>
</condition>

<Node id="19" bw="15" op_0_bw="15" op_1_bw="15">
<![CDATA[
entry:9 %p_read110 = read i15 @_ssdm_op_Read.ap_auto.i15, i15 %p_read1

]]></Node>
<StgValue><ssdm name="p_read110"/></StgValue>
</operation>

<operation id="13" st_id="1" stage="1" lat="1">
<core>NULL</core>
<MemPortIdVec></MemPortIdVec>
<condition id="-1">
<or_exp><and_exp></and_exp></or_exp>
</condition>

<Node id="20" bw="16" op_0_bw="16" op_1_bw="16">
<![CDATA[
entry:10 %p_read_19 = read i16 @_ssdm_op_Read.ap_auto.i16, i16 %p_read

]]></Node>
<StgValue><ssdm name="p_read_19"/></StgValue>
</operation>

<operation id="14" st_id="1" stage="1" lat="1">
<core>NULL</core>
<MemPortIdVec></MemPortIdVec>
<condition id="-1">
<or_exp><and_exp></and_exp></or_exp>
</condition>

<Node id="21" bw="17" op_0_bw="16">
<![CDATA[
entry:11 %sext_ln70 = sext i16 %p_read_19

]]></Node>
<StgValue><ssdm name="sext_ln70"/></StgValue>
</operation>

<operation id="15" st_id="1" stage="1" lat="1">
<core>NULL</core>
<MemPortIdVec></MemPortIdVec>
<condition id="-1">
<or_exp><and_exp></and_exp></or_exp>
</condition>

<Node id="22" bw="14" op_0_bw="16">
<![CDATA[
entry:12 %trunc_ln1273 = trunc i16 %p_read_19

]]></Node>
<StgValue><ssdm name="trunc_ln1273"/></StgValue>
</operation>

<operation id="16" st_id="1" stage="1" lat="1">
<core>NULL</core>
<MemPortIdVec></MemPortIdVec>
<condition id="-1">
<or_exp><and_exp></and_exp></or_exp>
</condition>

<Node id="23" bw="17" op_0_bw="17" op_1_bw="14" op_2_bw="3">
<![CDATA[
entry:13 %shl_ln = bitconcatenate i17 @_ssdm_op_BitConcatenate.i17.i14.i3, i14 %trunc_ln1273, i3 0

]]></Node>
<StgValue><ssdm name="shl_ln"/></StgValue>
</operation>

<operation id="17" st_id="1" stage="1" lat="1">
<core>Adder</core>
<MemPortIdVec></MemPortIdVec>
<condition id="-1">
<or_exp><and_exp></and_exp></or_exp>
</condition>

<Node id="24" bw="17" op_0_bw="17" op_1_bw="17">
<![CDATA[
entry:14 %r_V = sub i17 %shl_ln, i17 %sext_ln70

]]></Node>
<StgValue><ssdm name="r_V"/></StgValue>
</operation>

<operation id="18" st_id="1" stage="1" lat="1">
<core>NULL</core>
<MemPortIdVec></MemPortIdVec>
<condition id="-1">
<or_exp><and_exp></and_exp></or_exp>
</condition>

<Node id="25" bw="8" op_0_bw="8" op_1_bw="17" op_2_bw="32" op_3_bw="32">
<![CDATA[
entry:15 %trunc_ln = partselect i8 @_ssdm_op_PartSelect.i8.i17.i32.i32, i17 %r_V, i32 9, i32 16

]]></Node>
<StgValue><ssdm name="trunc_ln"/></StgValue>
</operation>

<operation id="19" st_id="1" stage="1" lat="1">
<core>NULL</core>
<MemPortIdVec></MemPortIdVec>
<condition id="-1">
<or_exp><and_exp></and_exp></or_exp>
</condition>

<Node id="26" bw="14" op_0_bw="15">
<![CDATA[
entry:16 %trunc_ln1273_18 = trunc i15 %p_read110

]]></Node>
<StgValue><ssdm name="trunc_ln1273_18"/></StgValue>
</operation>

<operation id="20" st_id="1" stage="1" lat="1">
<core>NULL</core>
<MemPortIdVec></MemPortIdVec>
<condition id="-1">
<or_exp><and_exp></and_exp></or_exp>
</condition>

<Node id="27" bw="17" op_0_bw="17" op_1_bw="14" op_2_bw="3">
<![CDATA[
entry:17 %shl_ln1273_s = bitconcatenate i17 @_ssdm_op_BitConcatenate.i17.i14.i3, i14 %trunc_ln1273_18, i3 0

]]></Node>
<StgValue><ssdm name="shl_ln1273_s"/></StgValue>
</operation>

<operation id="21" st_id="1" stage="1" lat="1">
<core>Adder</core>
<MemPortIdVec></MemPortIdVec>
<condition id="-1">
<or_exp><and_exp></and_exp></or_exp>
</condition>

<Node id="28" bw="17" op_0_bw="17" op_1_bw="17">
<![CDATA[
entry:18 %r_V_48 = sub i17 0, i17 %shl_ln1273_s

]]></Node>
<StgValue><ssdm name="r_V_48"/></StgValue>
</operation>

<operation id="22" st_id="1" stage="1" lat="1">
<core>NULL</core>
<MemPortIdVec></MemPortIdVec>
<condition id="-1">
<or_exp><and_exp></and_exp></or_exp>
</condition>

<Node id="29" bw="8" op_0_bw="8" op_1_bw="17" op_2_bw="32" op_3_bw="32">
<![CDATA[
entry:19 %trunc_ln818_s = partselect i8 @_ssdm_op_PartSelect.i8.i17.i32.i32, i17 %r_V_48, i32 9, i32 16

]]></Node>
<StgValue><ssdm name="trunc_ln818_s"/></StgValue>
</operation>

<operation id="23" st_id="1" stage="1" lat="1">
<core>NULL</core>
<MemPortIdVec></MemPortIdVec>
<condition id="-1">
<or_exp><and_exp></and_exp></or_exp>
</condition>

<Node id="30" bw="17" op_0_bw="17" op_1_bw="15" op_2_bw="2">
<![CDATA[
entry:20 %shl_ln1273_26 = bitconcatenate i17 @_ssdm_op_BitConcatenate.i17.i15.i2, i15 %p_read110, i2 0

]]></Node>
<StgValue><ssdm name="shl_ln1273_26"/></StgValue>
</operation>

<operation id="24" st_id="1" stage="1" lat="1">
<core>Adder</core>
<MemPortIdVec></MemPortIdVec>
<condition id="-1">
<or_exp><and_exp></and_exp></or_exp>
</condition>

<Node id="31" bw="17" op_0_bw="17" op_1_bw="17">
<![CDATA[
entry:21 %r_V_49 = sub i17 0, i17 %shl_ln1273_26

]]></Node>
<StgValue><ssdm name="r_V_49"/></StgValue>
</operation>

<operation id="25" st_id="1" stage="1" lat="1">
<core>NULL</core>
<MemPortIdVec></MemPortIdVec>
<condition id="-1">
<or_exp><and_exp></and_exp></or_exp>
</condition>

<Node id="32" bw="8" op_0_bw="8" op_1_bw="17" op_2_bw="32" op_3_bw="32">
<![CDATA[
entry:22 %trunc_ln818_65 = partselect i8 @_ssdm_op_PartSelect.i8.i17.i32.i32, i17 %r_V_49, i32 9, i32 16

]]></Node>
<StgValue><ssdm name="trunc_ln818_65"/></StgValue>
</operation>

<operation id="26" st_id="1" stage="1" lat="1">
<core>NULL</core>
<MemPortIdVec></MemPortIdVec>
<condition id="-1">
<or_exp><and_exp></and_exp></or_exp>
</condition>

<Node id="33" bw="17" op_0_bw="16">
<![CDATA[
entry:23 %sext_ln1270 = sext i16 %p_read211

]]></Node>
<StgValue><ssdm name="sext_ln1270"/></StgValue>
</operation>

<operation id="27" st_id="1" stage="1" lat="1">
<core>NULL</core>
<MemPortIdVec></MemPortIdVec>
<condition id="-1">
<or_exp><and_exp></and_exp></or_exp>
</condition>

<Node id="34" bw="14" op_0_bw="16">
<![CDATA[
entry:24 %trunc_ln1270 = trunc i16 %p_read211

]]></Node>
<StgValue><ssdm name="trunc_ln1270"/></StgValue>
</operation>

<operation id="28" st_id="1" stage="1" lat="1">
<core>NULL</core>
<MemPortIdVec></MemPortIdVec>
<condition id="-1">
<or_exp><and_exp></and_exp></or_exp>
</condition>

<Node id="35" bw="17" op_0_bw="17" op_1_bw="14" op_2_bw="3">
<![CDATA[
entry:25 %p_shl5 = bitconcatenate i17 @_ssdm_op_BitConcatenate.i17.i14.i3, i14 %trunc_ln1270, i3 0

]]></Node>
<StgValue><ssdm name="p_shl5"/></StgValue>
</operation>

<operation id="29" st_id="1" stage="1" lat="1">
<core>Adder</core>
<MemPortIdVec></MemPortIdVec>
<condition id="-1">
<or_exp><and_exp></and_exp></or_exp>
</condition>

<Node id="36" bw="17" op_0_bw="17" op_1_bw="17">
<![CDATA[
entry:26 %sub_ln1270 = sub i17 %sext_ln1270, i17 %p_shl5

]]></Node>
<StgValue><ssdm name="sub_ln1270"/></StgValue>
</operation>

<operation id="30" st_id="1" stage="1" lat="1">
<core>NULL</core>
<MemPortIdVec></MemPortIdVec>
<condition id="-1">
<or_exp><and_exp></and_exp></or_exp>
</condition>

<Node id="37" bw="8" op_0_bw="8" op_1_bw="17" op_2_bw="32" op_3_bw="32">
<![CDATA[
entry:27 %trunc_ln818_66 = partselect i8 @_ssdm_op_PartSelect.i8.i17.i32.i32, i17 %sub_ln1270, i32 9, i32 16

]]></Node>
<StgValue><ssdm name="trunc_ln818_66"/></StgValue>
</operation>

<operation id="31" st_id="1" stage="1" lat="1">
<core>NULL</core>
<MemPortIdVec></MemPortIdVec>
<condition id="-1">
<or_exp><and_exp></and_exp></or_exp>
</condition>

<Node id="38" bw="17" op_0_bw="16">
<![CDATA[
entry:28 %sext_ln1273 = sext i16 %p_read312

]]></Node>
<StgValue><ssdm name="sext_ln1273"/></StgValue>
</operation>

<operation id="32" st_id="1" stage="1" lat="1">
<core>NULL</core>
<MemPortIdVec></MemPortIdVec>
<condition id="-1">
<or_exp><and_exp></and_exp></or_exp>
</condition>

<Node id="39" bw="14" op_0_bw="16">
<![CDATA[
entry:29 %trunc_ln1273_19 = trunc i16 %p_read312

]]></Node>
<StgValue><ssdm name="trunc_ln1273_19"/></StgValue>
</operation>

<operation id="33" st_id="1" stage="1" lat="1">
<core>NULL</core>
<MemPortIdVec></MemPortIdVec>
<condition id="-1">
<or_exp><and_exp></and_exp></or_exp>
</condition>

<Node id="40" bw="17" op_0_bw="17" op_1_bw="14" op_2_bw="3">
<![CDATA[
entry:30 %shl_ln1273_27 = bitconcatenate i17 @_ssdm_op_BitConcatenate.i17.i14.i3, i14 %trunc_ln1273_19, i3 0

]]></Node>
<StgValue><ssdm name="shl_ln1273_27"/></StgValue>
</operation>

<operation id="34" st_id="1" stage="1" lat="1">
<core>Adder</core>
<MemPortIdVec></MemPortIdVec>
<condition id="-1">
<or_exp><and_exp></and_exp></or_exp>
</condition>

<Node id="41" bw="17" op_0_bw="17" op_1_bw="17">
<![CDATA[
entry:31 %r_V_50 = add i17 %shl_ln1273_27, i17 %sext_ln1273

]]></Node>
<StgValue><ssdm name="r_V_50"/></StgValue>
</operation>

<operation id="35" st_id="1" stage="1" lat="1">
<core>NULL</core>
<MemPortIdVec></MemPortIdVec>
<condition id="-1">
<or_exp><and_exp></and_exp></or_exp>
</condition>

<Node id="42" bw="8" op_0_bw="8" op_1_bw="17" op_2_bw="32" op_3_bw="32">
<![CDATA[
entry:32 %trunc_ln818_67 = partselect i8 @_ssdm_op_PartSelect.i8.i17.i32.i32, i17 %r_V_50, i32 9, i32 16

]]></Node>
<StgValue><ssdm name="trunc_ln818_67"/></StgValue>
</operation>

<operation id="36" st_id="1" stage="1" lat="1">
<core>NULL</core>
<MemPortIdVec></MemPortIdVec>
<condition id="-1">
<or_exp><and_exp></and_exp></or_exp>
</condition>

<Node id="43" bw="8" op_0_bw="8" op_1_bw="16" op_2_bw="32" op_3_bw="32">
<![CDATA[
entry:33 %trunc_ln818_68 = partselect i8 @_ssdm_op_PartSelect.i8.i16.i32.i32, i16 %p_read312, i32 8, i32 15

]]></Node>
<StgValue><ssdm name="trunc_ln818_68"/></StgValue>
</operation>

<operation id="37" st_id="1" stage="1" lat="1">
<core>NULL</core>
<MemPortIdVec></MemPortIdVec>
<condition id="-1">
<or_exp><and_exp></and_exp></or_exp>
</condition>

<Node id="44" bw="17" op_0_bw="16">
<![CDATA[
entry:34 %sext_ln1270_5 = sext i16 %p_read413

]]></Node>
<StgValue><ssdm name="sext_ln1270_5"/></StgValue>
</operation>

<operation id="38" st_id="1" stage="1" lat="1">
<core>NULL</core>
<MemPortIdVec></MemPortIdVec>
<condition id="-1">
<or_exp><and_exp></and_exp></or_exp>
</condition>

<Node id="45" bw="15" op_0_bw="16">
<![CDATA[
entry:35 %trunc_ln1270_4 = trunc i16 %p_read413

]]></Node>
<StgValue><ssdm name="trunc_ln1270_4"/></StgValue>
</operation>

<operation id="39" st_id="1" stage="1" lat="1">
<core>NULL</core>
<MemPortIdVec></MemPortIdVec>
<condition id="-1">
<or_exp><and_exp></and_exp></or_exp>
</condition>

<Node id="46" bw="17" op_0_bw="17" op_1_bw="15" op_2_bw="2">
<![CDATA[
entry:36 %p_shl3 = bitconcatenate i17 @_ssdm_op_BitConcatenate.i17.i15.i2, i15 %trunc_ln1270_4, i2 0

]]></Node>
<StgValue><ssdm name="p_shl3"/></StgValue>
</operation>

<operation id="40" st_id="1" stage="1" lat="1">
<core>Adder</core>
<MemPortIdVec></MemPortIdVec>
<condition id="-1">
<or_exp><and_exp></and_exp></or_exp>
</condition>

<Node id="47" bw="17" op_0_bw="17" op_1_bw="17">
<![CDATA[
entry:37 %sub_ln1270_7 = sub i17 %sext_ln1270_5, i17 %p_shl3

]]></Node>
<StgValue><ssdm name="sub_ln1270_7"/></StgValue>
</operation>

<operation id="41" st_id="1" stage="1" lat="1">
<core>NULL</core>
<MemPortIdVec></MemPortIdVec>
<condition id="-1">
<or_exp><and_exp></and_exp></or_exp>
</condition>

<Node id="48" bw="8" op_0_bw="8" op_1_bw="17" op_2_bw="32" op_3_bw="32">
<![CDATA[
entry:38 %trunc_ln818_69 = partselect i8 @_ssdm_op_PartSelect.i8.i17.i32.i32, i17 %sub_ln1270_7, i32 9, i32 16

]]></Node>
<StgValue><ssdm name="trunc_ln818_69"/></StgValue>
</operation>

<operation id="42" st_id="1" stage="1" lat="1">
<core>NULL</core>
<MemPortIdVec></MemPortIdVec>
<condition id="-1">
<or_exp><and_exp></and_exp></or_exp>
</condition>

<Node id="49" bw="17" op_0_bw="16">
<![CDATA[
entry:39 %sext_ln1270_6 = sext i16 %p_read514

]]></Node>
<StgValue><ssdm name="sext_ln1270_6"/></StgValue>
</operation>

<operation id="43" st_id="1" stage="1" lat="1">
<core>NULL</core>
<MemPortIdVec></MemPortIdVec>
<condition id="-1">
<or_exp><and_exp></and_exp></or_exp>
</condition>

<Node id="50" bw="14" op_0_bw="16">
<![CDATA[
entry:40 %trunc_ln1270_5 = trunc i16 %p_read514

]]></Node>
<StgValue><ssdm name="trunc_ln1270_5"/></StgValue>
</operation>

<operation id="44" st_id="1" stage="1" lat="1">
<core>NULL</core>
<MemPortIdVec></MemPortIdVec>
<condition id="-1">
<or_exp><and_exp></and_exp></or_exp>
</condition>

<Node id="51" bw="17" op_0_bw="17" op_1_bw="14" op_2_bw="3">
<![CDATA[
entry:41 %p_shl1 = bitconcatenate i17 @_ssdm_op_BitConcatenate.i17.i14.i3, i14 %trunc_ln1270_5, i3 0

]]></Node>
<StgValue><ssdm name="p_shl1"/></StgValue>
</operation>

<operation id="45" st_id="1" stage="1" lat="1">
<core>Adder</core>
<MemPortIdVec></MemPortIdVec>
<condition id="-1">
<or_exp><and_exp></and_exp></or_exp>
</condition>

<Node id="52" bw="17" op_0_bw="17" op_1_bw="17">
<![CDATA[
entry:42 %sub_ln1270_8 = sub i17 %sext_ln1270_6, i17 %p_shl1

]]></Node>
<StgValue><ssdm name="sub_ln1270_8"/></StgValue>
</operation>

<operation id="46" st_id="1" stage="1" lat="1">
<core>NULL</core>
<MemPortIdVec></MemPortIdVec>
<condition id="-1">
<or_exp><and_exp></and_exp></or_exp>
</condition>

<Node id="53" bw="8" op_0_bw="8" op_1_bw="17" op_2_bw="32" op_3_bw="32">
<![CDATA[
entry:43 %trunc_ln818_70 = partselect i8 @_ssdm_op_PartSelect.i8.i17.i32.i32, i17 %sub_ln1270_8, i32 9, i32 16

]]></Node>
<StgValue><ssdm name="trunc_ln818_70"/></StgValue>
</operation>

<operation id="47" st_id="1" stage="1" lat="1">
<core>NULL</core>
<MemPortIdVec></MemPortIdVec>
<condition id="-1">
<or_exp><and_exp></and_exp></or_exp>
</condition>

<Node id="54" bw="8" op_0_bw="8" op_1_bw="16" op_2_bw="32" op_3_bw="32">
<![CDATA[
entry:44 %trunc_ln818_71 = partselect i8 @_ssdm_op_PartSelect.i8.i16.i32.i32, i16 %p_read514, i32 8, i32 15

]]></Node>
<StgValue><ssdm name="trunc_ln818_71"/></StgValue>
</operation>

<operation id="48" st_id="1" stage="1" lat="1">
<core>NULL</core>
<MemPortIdVec></MemPortIdVec>
<condition id="-1">
<or_exp><and_exp></and_exp></or_exp>
</condition>

<Node id="55" bw="17" op_0_bw="16">
<![CDATA[
entry:45 %sext_ln1273_5 = sext i16 %p_read615

]]></Node>
<StgValue><ssdm name="sext_ln1273_5"/></StgValue>
</operation>

<operation id="49" st_id="1" stage="1" lat="1">
<core>NULL</core>
<MemPortIdVec></MemPortIdVec>
<condition id="-1">
<or_exp><and_exp></and_exp></or_exp>
</condition>

<Node id="56" bw="14" op_0_bw="16">
<![CDATA[
entry:46 %trunc_ln1273_20 = trunc i16 %p_read615

]]></Node>
<StgValue><ssdm name="trunc_ln1273_20"/></StgValue>
</operation>

<operation id="50" st_id="1" stage="1" lat="1">
<core>NULL</core>
<MemPortIdVec></MemPortIdVec>
<condition id="-1">
<or_exp><and_exp></and_exp></or_exp>
</condition>

<Node id="57" bw="17" op_0_bw="17" op_1_bw="14" op_2_bw="3">
<![CDATA[
entry:47 %shl_ln1273_28 = bitconcatenate i17 @_ssdm_op_BitConcatenate.i17.i14.i3, i14 %trunc_ln1273_20, i3 0

]]></Node>
<StgValue><ssdm name="shl_ln1273_28"/></StgValue>
</operation>

<operation id="51" st_id="1" stage="1" lat="1">
<core>NULL</core>
<MemPortIdVec></MemPortIdVec>
<condition id="-1">
<or_exp><and_exp></and_exp></or_exp>
</condition>

<Node id="58" bw="17" op_0_bw="17" op_1_bw="16" op_2_bw="1">
<![CDATA[
entry:48 %shl_ln1273_29 = bitconcatenate i17 @_ssdm_op_BitConcatenate.i17.i16.i1, i16 %p_read615, i1 0

]]></Node>
<StgValue><ssdm name="shl_ln1273_29"/></StgValue>
</operation>

<operation id="52" st_id="1" stage="1" lat="1">
<core>Adder</core>
<MemPortIdVec></MemPortIdVec>
<condition id="-1">
<or_exp><and_exp></and_exp></or_exp>
</condition>

<Node id="59" bw="17" op_0_bw="17" op_1_bw="17">
<![CDATA[
entry:49 %r_V_51 = sub i17 %shl_ln1273_29, i17 %shl_ln1273_28

]]></Node>
<StgValue><ssdm name="r_V_51"/></StgValue>
</operation>

<operation id="53" st_id="1" stage="1" lat="1">
<core>NULL</core>
<MemPortIdVec></MemPortIdVec>
<condition id="-1">
<or_exp><and_exp></and_exp></or_exp>
</condition>

<Node id="60" bw="8" op_0_bw="8" op_1_bw="17" op_2_bw="32" op_3_bw="32">
<![CDATA[
entry:50 %trunc_ln818_72 = partselect i8 @_ssdm_op_PartSelect.i8.i17.i32.i32, i17 %r_V_51, i32 9, i32 16

]]></Node>
<StgValue><ssdm name="trunc_ln818_72"/></StgValue>
</operation>

<operation id="54" st_id="1" stage="1" lat="1">
<core>NULL</core>
<MemPortIdVec></MemPortIdVec>
<condition id="-1">
<or_exp><and_exp></and_exp></or_exp>
</condition>

<Node id="61" bw="15" op_0_bw="16">
<![CDATA[
entry:51 %trunc_ln1273_21 = trunc i16 %p_read615

]]></Node>
<StgValue><ssdm name="trunc_ln1273_21"/></StgValue>
</operation>

<operation id="55" st_id="1" stage="1" lat="1">
<core>NULL</core>
<MemPortIdVec></MemPortIdVec>
<condition id="-1">
<or_exp><and_exp></and_exp></or_exp>
</condition>

<Node id="62" bw="17" op_0_bw="17" op_1_bw="15" op_2_bw="2">
<![CDATA[
entry:52 %shl_ln1273_30 = bitconcatenate i17 @_ssdm_op_BitConcatenate.i17.i15.i2, i15 %trunc_ln1273_21, i2 0

]]></Node>
<StgValue><ssdm name="shl_ln1273_30"/></StgValue>
</operation>

<operation id="56" st_id="1" stage="1" lat="1">
<core>Adder</core>
<MemPortIdVec></MemPortIdVec>
<condition id="-1">
<or_exp><and_exp></and_exp></or_exp>
</condition>

<Node id="63" bw="17" op_0_bw="17" op_1_bw="17">
<![CDATA[
entry:53 %r_V_52 = add i17 %shl_ln1273_30, i17 %sext_ln1273_5

]]></Node>
<StgValue><ssdm name="r_V_52"/></StgValue>
</operation>

<operation id="57" st_id="1" stage="1" lat="1">
<core>NULL</core>
<MemPortIdVec></MemPortIdVec>
<condition id="-1">
<or_exp><and_exp></and_exp></or_exp>
</condition>

<Node id="64" bw="8" op_0_bw="8" op_1_bw="17" op_2_bw="32" op_3_bw="32">
<![CDATA[
entry:54 %trunc_ln818_73 = partselect i8 @_ssdm_op_PartSelect.i8.i17.i32.i32, i17 %r_V_52, i32 9, i32 16

]]></Node>
<StgValue><ssdm name="trunc_ln818_73"/></StgValue>
</operation>

<operation id="58" st_id="1" stage="1" lat="1">
<core>NULL</core>
<MemPortIdVec></MemPortIdVec>
<condition id="-1">
<or_exp><and_exp></and_exp></or_exp>
</condition>

<Node id="65" bw="8" op_0_bw="8" op_1_bw="16" op_2_bw="32" op_3_bw="32">
<![CDATA[
entry:55 %trunc_ln818_74 = partselect i8 @_ssdm_op_PartSelect.i8.i16.i32.i32, i16 %p_read716, i32 6, i32 13

]]></Node>
<StgValue><ssdm name="trunc_ln818_74"/></StgValue>
</operation>

<operation id="59" st_id="1" stage="1" lat="1">
<core>NULL</core>
<MemPortIdVec></MemPortIdVec>
<condition id="-1">
<or_exp><and_exp></and_exp></or_exp>
</condition>

<Node id="66" bw="17" op_0_bw="16">
<![CDATA[
entry:56 %sext_ln1273_6 = sext i16 %p_read716

]]></Node>
<StgValue><ssdm name="sext_ln1273_6"/></StgValue>
</operation>

<operation id="60" st_id="1" stage="1" lat="1">
<core>NULL</core>
<MemPortIdVec></MemPortIdVec>
<condition id="-1">
<or_exp><and_exp></and_exp></or_exp>
</condition>

<Node id="67" bw="15" op_0_bw="16">
<![CDATA[
entry:57 %trunc_ln1273_22 = trunc i16 %p_read716

]]></Node>
<StgValue><ssdm name="trunc_ln1273_22"/></StgValue>
</operation>

<operation id="61" st_id="1" stage="1" lat="1">
<core>NULL</core>
<MemPortIdVec></MemPortIdVec>
<condition id="-1">
<or_exp><and_exp></and_exp></or_exp>
</condition>

<Node id="68" bw="17" op_0_bw="17" op_1_bw="15" op_2_bw="2">
<![CDATA[
entry:58 %shl_ln1273_31 = bitconcatenate i17 @_ssdm_op_BitConcatenate.i17.i15.i2, i15 %trunc_ln1273_22, i2 0

]]></Node>
<StgValue><ssdm name="shl_ln1273_31"/></StgValue>
</operation>

<operation id="62" st_id="1" stage="1" lat="1">
<core>TAddSub</core>
<MemPortIdVec></MemPortIdVec>
<condition id="-1">
<or_exp><and_exp></and_exp></or_exp>
</condition>

<Node id="69" bw="17" op_0_bw="17" op_1_bw="17">
<![CDATA[
entry:59 %sub_ln1273 = sub i17 0, i17 %shl_ln1273_31

]]></Node>
<StgValue><ssdm name="sub_ln1273"/></StgValue>
</operation>

<operation id="63" st_id="1" stage="1" lat="1">
<core>TAddSub</core>
<MemPortIdVec></MemPortIdVec>
<condition id="-1">
<or_exp><and_exp></and_exp></or_exp>
</condition>

<Node id="70" bw="17" op_0_bw="17" op_1_bw="17">
<![CDATA[
entry:60 %r_V_53 = sub i17 %sub_ln1273, i17 %sext_ln1273_6

]]></Node>
<StgValue><ssdm name="r_V_53"/></StgValue>
</operation>

<operation id="64" st_id="1" stage="1" lat="1">
<core>NULL</core>
<MemPortIdVec></MemPortIdVec>
<condition id="-1">
<or_exp><and_exp></and_exp></or_exp>
</condition>

<Node id="71" bw="8" op_0_bw="8" op_1_bw="17" op_2_bw="32" op_3_bw="32">
<![CDATA[
entry:61 %trunc_ln818_75 = partselect i8 @_ssdm_op_PartSelect.i8.i17.i32.i32, i17 %r_V_53, i32 9, i32 16

]]></Node>
<StgValue><ssdm name="trunc_ln818_75"/></StgValue>
</operation>

<operation id="65" st_id="1" stage="1" lat="1">
<core>NULL</core>
<MemPortIdVec></MemPortIdVec>
<condition id="-1">
<or_exp><and_exp></and_exp></or_exp>
</condition>

<Node id="72" bw="17" op_0_bw="16">
<![CDATA[
entry:62 %sext_ln1270_7 = sext i16 %p_read817

]]></Node>
<StgValue><ssdm name="sext_ln1270_7"/></StgValue>
</operation>

<operation id="66" st_id="1" stage="1" lat="1">
<core>NULL</core>
<MemPortIdVec></MemPortIdVec>
<condition id="-1">
<or_exp><and_exp></and_exp></or_exp>
</condition>

<Node id="73" bw="15" op_0_bw="16">
<![CDATA[
entry:63 %trunc_ln1270_6 = trunc i16 %p_read817

]]></Node>
<StgValue><ssdm name="trunc_ln1270_6"/></StgValue>
</operation>

<operation id="67" st_id="1" stage="1" lat="1">
<core>NULL</core>
<MemPortIdVec></MemPortIdVec>
<condition id="-1">
<or_exp><and_exp></and_exp></or_exp>
</condition>

<Node id="74" bw="17" op_0_bw="17" op_1_bw="15" op_2_bw="2">
<![CDATA[
entry:64 %p_shl = bitconcatenate i17 @_ssdm_op_BitConcatenate.i17.i15.i2, i15 %trunc_ln1270_6, i2 0

]]></Node>
<StgValue><ssdm name="p_shl"/></StgValue>
</operation>

<operation id="68" st_id="1" stage="1" lat="1">
<core>Adder</core>
<MemPortIdVec></MemPortIdVec>
<condition id="-1">
<or_exp><and_exp></and_exp></or_exp>
</condition>

<Node id="75" bw="17" op_0_bw="17" op_1_bw="17">
<![CDATA[
entry:65 %sub_ln1270_9 = sub i17 %sext_ln1270_7, i17 %p_shl

]]></Node>
<StgValue><ssdm name="sub_ln1270_9"/></StgValue>
</operation>

<operation id="69" st_id="1" stage="1" lat="1">
<core>NULL</core>
<MemPortIdVec></MemPortIdVec>
<condition id="-1">
<or_exp><and_exp></and_exp></or_exp>
</condition>

<Node id="76" bw="8" op_0_bw="8" op_1_bw="17" op_2_bw="32" op_3_bw="32">
<![CDATA[
entry:66 %trunc_ln818_76 = partselect i8 @_ssdm_op_PartSelect.i8.i17.i32.i32, i17 %sub_ln1270_9, i32 9, i32 16

]]></Node>
<StgValue><ssdm name="trunc_ln818_76"/></StgValue>
</operation>

<operation id="70" st_id="1" stage="1" lat="1">
<core>NULL</core>
<MemPortIdVec></MemPortIdVec>
<condition id="-1">
<or_exp><and_exp></and_exp></or_exp>
</condition>

<Node id="77" bw="8" op_0_bw="8" op_1_bw="16" op_2_bw="32" op_3_bw="32">
<![CDATA[
entry:67 %trunc_ln818_77 = partselect i8 @_ssdm_op_PartSelect.i8.i16.i32.i32, i16 %p_read817, i32 8, i32 15

]]></Node>
<StgValue><ssdm name="trunc_ln818_77"/></StgValue>
</operation>

<operation id="71" st_id="1" stage="1" lat="1">
<core>Adder</core>
<MemPortIdVec></MemPortIdVec>
<condition id="-1">
<or_exp><and_exp></and_exp></or_exp>
</condition>

<Node id="78" bw="8" op_0_bw="8" op_1_bw="8">
<![CDATA[
entry:68 %add_ln813 = add i8 %trunc_ln818_66, i8 %trunc_ln818_s

]]></Node>
<StgValue><ssdm name="add_ln813"/></StgValue>
</operation>

<operation id="72" st_id="1" stage="1" lat="1">
<core>Adder</core>
<MemPortIdVec></MemPortIdVec>
<condition id="-1">
<or_exp><and_exp></and_exp></or_exp>
</condition>

<Node id="79" bw="8" op_0_bw="8" op_1_bw="8">
<![CDATA[
entry:69 %add_ln813_61 = add i8 %trunc_ln818_67, i8 %trunc_ln818_69

]]></Node>
<StgValue><ssdm name="add_ln813_61"/></StgValue>
</operation>

<operation id="73" st_id="1" stage="1" lat="1">
<core>Adder</core>
<MemPortIdVec></MemPortIdVec>
<condition id="-1">
<or_exp><and_exp></and_exp></or_exp>
</condition>

<Node id="82" bw="8" op_0_bw="8" op_1_bw="8">
<![CDATA[
entry:72 %add_ln813_64 = add i8 %trunc_ln818_72, i8 %trunc_ln818_76

]]></Node>
<StgValue><ssdm name="add_ln813_64"/></StgValue>
</operation>

<operation id="74" st_id="1" stage="1" lat="1">
<core>Adder</core>
<MemPortIdVec></MemPortIdVec>
<condition id="-1">
<or_exp><and_exp></and_exp></or_exp>
</condition>

<Node id="85" bw="8" op_0_bw="8" op_1_bw="8">
<![CDATA[
entry:75 %add_ln813_67 = add i8 %trunc_ln818_65, i8 %trunc_ln

]]></Node>
<StgValue><ssdm name="add_ln813_67"/></StgValue>
</operation>

<operation id="75" st_id="1" stage="1" lat="1">
<core>Adder</core>
<MemPortIdVec></MemPortIdVec>
<condition id="-1">
<or_exp><and_exp></and_exp></or_exp>
</condition>

<Node id="86" bw="8" op_0_bw="8" op_1_bw="8">
<![CDATA[
entry:76 %add_ln813_68 = add i8 %trunc_ln818_68, i8 %trunc_ln818_66

]]></Node>
<StgValue><ssdm name="add_ln813_68"/></StgValue>
</operation>
</state>

<state id="2" st_id="2">

<operation id="76" st_id="2" stage="1" lat="1">
<core>TAddSub</core>
<MemPortIdVec></MemPortIdVec>
<condition id="-1">
<or_exp><and_exp></and_exp></or_exp>
</condition>

<Node id="81" bw="8" op_0_bw="8" op_1_bw="8">
<![CDATA[
entry:71 %add_ln813_63 = add i8 %trunc_ln818_70, i8 %trunc_ln818_74

]]></Node>
<StgValue><ssdm name="add_ln813_63"/></StgValue>
</operation>

<operation id="77" st_id="2" stage="1" lat="1">
<core>TAddSub</core>
<MemPortIdVec></MemPortIdVec>
<condition id="-1">
<or_exp><and_exp></and_exp></or_exp>
</condition>

<Node id="83" bw="8" op_0_bw="8" op_1_bw="8">
<![CDATA[
entry:73 %add_ln813_65 = add i8 %add_ln813_64, i8 %add_ln813_63

]]></Node>
<StgValue><ssdm name="add_ln813_65"/></StgValue>
</operation>

<operation id="78" st_id="2" stage="1" lat="1">
<core>Adder</core>
<MemPortIdVec></MemPortIdVec>
<condition id="-1">
<or_exp><and_exp></and_exp></or_exp>
</condition>

<Node id="89" bw="8" op_0_bw="8" op_1_bw="8">
<![CDATA[
entry:79 %add_ln813_71 = add i8 %trunc_ln818_77, i8 %trunc_ln818_75

]]></Node>
<StgValue><ssdm name="add_ln813_71"/></StgValue>
</operation>
</state>

<state id="3" st_id="3">

<operation id="79" st_id="3" stage="1" lat="1">
<core>TAddSub</core>
<MemPortIdVec></MemPortIdVec>
<condition id="-1">
<or_exp><and_exp></and_exp></or_exp>
</condition>

<Node id="80" bw="8" op_0_bw="8" op_1_bw="8">
<![CDATA[
entry:70 %add_ln813_62 = add i8 %add_ln813_61, i8 %add_ln813

]]></Node>
<StgValue><ssdm name="add_ln813_62"/></StgValue>
</operation>

<operation id="80" st_id="3" stage="1" lat="1">
<core>TAddSub</core>
<MemPortIdVec></MemPortIdVec>
<condition id="-1">
<or_exp><and_exp></and_exp></or_exp>
</condition>

<Node id="84" bw="8" op_0_bw="8" op_1_bw="8">
<![CDATA[
entry:74 %x_V = add i8 %add_ln813_65, i8 %add_ln813_62

]]></Node>
<StgValue><ssdm name="x_V"/></StgValue>
</operation>

<operation id="81" st_id="3" stage="1" lat="1">
<core>TAddSub</core>
<MemPortIdVec></MemPortIdVec>
<condition id="-1">
<or_exp><and_exp></and_exp></or_exp>
</condition>

<Node id="88" bw="8" op_0_bw="8" op_1_bw="8">
<![CDATA[
entry:78 %add_ln813_70 = add i8 %trunc_ln818_71, i8 %trunc_ln818_73

]]></Node>
<StgValue><ssdm name="add_ln813_70"/></StgValue>
</operation>

<operation id="82" st_id="3" stage="1" lat="1">
<core>TAddSub</core>
<MemPortIdVec></MemPortIdVec>
<condition id="-1">
<or_exp><and_exp></and_exp></or_exp>
</condition>

<Node id="90" bw="8" op_0_bw="8" op_1_bw="8">
<![CDATA[
entry:80 %add_ln813_72 = add i8 %add_ln813_71, i8 %add_ln813_70

]]></Node>
<StgValue><ssdm name="add_ln813_72"/></StgValue>
</operation>
</state>

<state id="4" st_id="4">

<operation id="83" st_id="4" stage="1" lat="1">
<core>NULL</core>
<MemPortIdVec></MemPortIdVec>
<condition id="-1">
<or_exp><and_exp></and_exp></or_exp>
</condition>

<Node id="10" bw="0" op_0_bw="0" op_1_bw="32" op_2_bw="32" op_3_bw="32" op_4_bw="32" op_5_bw="0">
<![CDATA[
entry:0 %specpipeline_ln33 = specpipeline void @_ssdm_op_SpecPipeline, i32 1, i32 0, i32 0, i32 0, void @empty_0

]]></Node>
<StgValue><ssdm name="specpipeline_ln33"/></StgValue>
</operation>

<operation id="84" st_id="4" stage="1" lat="1">
<core>NULL</core>
<MemPortIdVec></MemPortIdVec>
<condition id="-1">
<or_exp><and_exp></and_exp></or_exp>
</condition>

<Node id="11" bw="0" op_0_bw="0" op_1_bw="64" op_2_bw="0" op_3_bw="0" op_4_bw="0" op_5_bw="0">
<![CDATA[
entry:1 %specresourcelimit_ln33 = specresourcelimit void @_ssdm_op_SpecResourceLimit, i64 16, void @empty_1, void @empty_0, void @empty_0, void @empty_0

]]></Node>
<StgValue><ssdm name="specresourcelimit_ln33"/></StgValue>
</operation>

<operation id="85" st_id="4" stage="1" lat="1">
<core>TAddSub</core>
<MemPortIdVec></MemPortIdVec>
<condition id="-1">
<or_exp><and_exp></and_exp></or_exp>
</condition>

<Node id="87" bw="8" op_0_bw="8" op_1_bw="8">
<![CDATA[
entry:77 %add_ln813_69 = add i8 %add_ln813_68, i8 %add_ln813_67

]]></Node>
<StgValue><ssdm name="add_ln813_69"/></StgValue>
</operation>

<operation id="86" st_id="4" stage="1" lat="1">
<core>TAddSub</core>
<MemPortIdVec></MemPortIdVec>
<condition id="-1">
<or_exp><and_exp></and_exp></or_exp>
</condition>

<Node id="91" bw="8" op_0_bw="8" op_1_bw="8">
<![CDATA[
entry:81 %x_V_15 = add i8 %add_ln813_72, i8 %add_ln813_69

]]></Node>
<StgValue><ssdm name="x_V_15"/></StgValue>
</operation>

<operation id="87" st_id="4" stage="1" lat="1">
<core>NULL</core>
<MemPortIdVec></MemPortIdVec>
<condition id="-1">
<or_exp><and_exp></and_exp></or_exp>
</condition>

<Node id="92" bw="14" op_0_bw="14" op_1_bw="8" op_2_bw="6">
<![CDATA[
entry:82 %shl_ln3 = bitconcatenate i14 @_ssdm_op_BitConcatenate.i14.i8.i6, i8 %x_V, i6 0

]]></Node>
<StgValue><ssdm name="shl_ln3"/></StgValue>
</operation>

<operation id="88" st_id="4" stage="1" lat="1">
<core>NULL</core>
<MemPortIdVec></MemPortIdVec>
<condition id="-1">
<or_exp><and_exp></and_exp></or_exp>
</condition>

<Node id="93" bw="16" op_0_bw="14">
<![CDATA[
entry:83 %sext_ln110 = sext i14 %shl_ln3

]]></Node>
<StgValue><ssdm name="sext_ln110"/></StgValue>
</operation>

<operation id="89" st_id="4" stage="1" lat="1">
<core>NULL</core>
<MemPortIdVec></MemPortIdVec>
<condition id="-1">
<or_exp><and_exp></and_exp></or_exp>
</condition>

<Node id="94" bw="14" op_0_bw="14" op_1_bw="8" op_2_bw="6">
<![CDATA[
entry:84 %shl_ln838_s = bitconcatenate i14 @_ssdm_op_BitConcatenate.i14.i8.i6, i8 %x_V_15, i6 0

]]></Node>
<StgValue><ssdm name="shl_ln838_s"/></StgValue>
</operation>

<operation id="90" st_id="4" stage="1" lat="1">
<core>NULL</core>
<MemPortIdVec></MemPortIdVec>
<condition id="-1">
<or_exp><and_exp></and_exp></or_exp>
</condition>

<Node id="95" bw="16" op_0_bw="14">
<![CDATA[
entry:85 %sext_ln68 = sext i14 %shl_ln838_s

]]></Node>
<StgValue><ssdm name="sext_ln68"/></StgValue>
</operation>

<operation id="91" st_id="4" stage="1" lat="1">
<core>NULL</core>
<MemPortIdVec></MemPortIdVec>
<condition id="-1">
<or_exp><and_exp></and_exp></or_exp>
</condition>

<Node id="96" bw="32" op_0_bw="32" op_1_bw="16">
<![CDATA[
entry:86 %mrv = insertvalue i32 <undef>, i16 %sext_ln110

]]></Node>
<StgValue><ssdm name="mrv"/></StgValue>
</operation>

<operation id="92" st_id="4" stage="1" lat="1">
<core>NULL</core>
<MemPortIdVec></MemPortIdVec>
<condition id="-1">
<or_exp><and_exp></and_exp></or_exp>
</condition>

<Node id="97" bw="32" op_0_bw="32" op_1_bw="16">
<![CDATA[
entry:87 %mrv_1 = insertvalue i32 %mrv, i16 %sext_ln68

]]></Node>
<StgValue><ssdm name="mrv_1"/></StgValue>
</operation>

<operation id="93" st_id="4" stage="1" lat="1">
<core>NULL</core>
<MemPortIdVec></MemPortIdVec>
<condition id="-1">
<or_exp><and_exp></and_exp></or_exp>
</condition>

<Node id="98" bw="0" op_0_bw="32">
<![CDATA[
entry:88 %ret_ln68 = ret i32 %mrv_1

]]></Node>
<StgValue><ssdm name="ret_ln68"/></StgValue>
</operation>
</state>
</state_list>


<ports>
<port id="101" name="p_read" dir="0" iftype="0">
<core>NULL</core><StgValue><ssdm name="p_read"/></StgValue>
</port>
<port id="102" name="p_read1" dir="0" iftype="0">
<core>NULL</core><StgValue><ssdm name="p_read1"/></StgValue>
</port>
<port id="103" name="p_read2" dir="0" iftype="0">
<core>NULL</core><StgValue><ssdm name="p_read2"/></StgValue>
</port>
<port id="104" name="p_read3" dir="0" iftype="0">
<core>NULL</core><StgValue><ssdm name="p_read3"/></StgValue>
</port>
<port id="105" name="p_read4" dir="0" iftype="0">
<core>NULL</core><StgValue><ssdm name="p_read4"/></StgValue>
</port>
<port id="106" name="p_read5" dir="0" iftype="0">
<core>NULL</core><StgValue><ssdm name="p_read5"/></StgValue>
</port>
<port id="107" name="p_read6" dir="0" iftype="0">
<core>NULL</core><StgValue><ssdm name="p_read6"/></StgValue>
</port>
<port id="108" name="p_read7" dir="0" iftype="0">
<core>NULL</core><StgValue><ssdm name="p_read7"/></StgValue>
</port>
<port id="109" name="p_read8" dir="0" iftype="0">
<core>NULL</core><StgValue><ssdm name="p_read8"/></StgValue>
</port>
</ports>


<dataflows>
<dataflow id="111" from="_ssdm_op_Read.ap_auto.i16" to="p_read817" fromId="110" toId="5">
</dataflow>
<dataflow id="112" from="p_read8" to="p_read817" fromId="109" toId="5">
</dataflow>
<dataflow id="113" from="_ssdm_op_Read.ap_auto.i16" to="p_read716" fromId="110" toId="6">
</dataflow>
<dataflow id="114" from="p_read7" to="p_read716" fromId="108" toId="6">
</dataflow>
<dataflow id="115" from="_ssdm_op_Read.ap_auto.i16" to="p_read615" fromId="110" toId="7">
</dataflow>
<dataflow id="116" from="p_read6" to="p_read615" fromId="107" toId="7">
</dataflow>
<dataflow id="117" from="_ssdm_op_Read.ap_auto.i16" to="p_read514" fromId="110" toId="8">
</dataflow>
<dataflow id="118" from="p_read5" to="p_read514" fromId="106" toId="8">
</dataflow>
<dataflow id="119" from="_ssdm_op_Read.ap_auto.i16" to="p_read413" fromId="110" toId="9">
</dataflow>
<dataflow id="120" from="p_read4" to="p_read413" fromId="105" toId="9">
</dataflow>
<dataflow id="121" from="_ssdm_op_Read.ap_auto.i16" to="p_read312" fromId="110" toId="10">
</dataflow>
<dataflow id="122" from="p_read3" to="p_read312" fromId="104" toId="10">
</dataflow>
<dataflow id="123" from="_ssdm_op_Read.ap_auto.i16" to="p_read211" fromId="110" toId="11">
</dataflow>
<dataflow id="124" from="p_read2" to="p_read211" fromId="103" toId="11">
</dataflow>
<dataflow id="126" from="_ssdm_op_Read.ap_auto.i15" to="p_read110" fromId="125" toId="12">
</dataflow>
<dataflow id="127" from="p_read1" to="p_read110" fromId="102" toId="12">
</dataflow>
<dataflow id="128" from="_ssdm_op_Read.ap_auto.i16" to="p_read_19" fromId="110" toId="13">
</dataflow>
<dataflow id="129" from="p_read" to="p_read_19" fromId="101" toId="13">
</dataflow>
<dataflow id="130" from="p_read_19" to="sext_ln70" fromId="13" toId="14">
</dataflow>
<dataflow id="131" from="p_read_19" to="trunc_ln1273" fromId="13" toId="15">
</dataflow>
<dataflow id="133" from="_ssdm_op_BitConcatenate.i17.i14.i3" to="shl_ln" fromId="132" toId="16">
</dataflow>
<dataflow id="134" from="trunc_ln1273" to="shl_ln" fromId="15" toId="16">
</dataflow>
<dataflow id="136" from="StgValue_135" to="shl_ln" fromId="135" toId="16">
</dataflow>
<dataflow id="137" from="shl_ln" to="r_V" fromId="16" toId="17">
</dataflow>
<dataflow id="138" from="sext_ln70" to="r_V" fromId="14" toId="17">
</dataflow>
<dataflow id="140" from="_ssdm_op_PartSelect.i8.i17.i32.i32" to="trunc_ln" fromId="139" toId="18">
</dataflow>
<dataflow id="141" from="r_V" to="trunc_ln" fromId="17" toId="18">
</dataflow>
<dataflow id="143" from="StgValue_142" to="trunc_ln" fromId="142" toId="18">
</dataflow>
<dataflow id="145" from="StgValue_144" to="trunc_ln" fromId="144" toId="18">
</dataflow>
<dataflow id="146" from="p_read110" to="trunc_ln1273_18" fromId="12" toId="19">
</dataflow>
<dataflow id="147" from="_ssdm_op_BitConcatenate.i17.i14.i3" to="shl_ln1273_s" fromId="132" toId="20">
</dataflow>
<dataflow id="148" from="trunc_ln1273_18" to="shl_ln1273_s" fromId="19" toId="20">
</dataflow>
<dataflow id="149" from="StgValue_135" to="shl_ln1273_s" fromId="135" toId="20">
</dataflow>
<dataflow id="151" from="StgValue_150" to="r_V_48" fromId="150" toId="21">
</dataflow>
<dataflow id="152" from="shl_ln1273_s" to="r_V_48" fromId="20" toId="21">
</dataflow>
<dataflow id="153" from="_ssdm_op_PartSelect.i8.i17.i32.i32" to="trunc_ln818_s" fromId="139" toId="22">
</dataflow>
<dataflow id="154" from="r_V_48" to="trunc_ln818_s" fromId="21" toId="22">
</dataflow>
<dataflow id="155" from="StgValue_142" to="trunc_ln818_s" fromId="142" toId="22">
</dataflow>
<dataflow id="156" from="StgValue_144" to="trunc_ln818_s" fromId="144" toId="22">
</dataflow>
<dataflow id="158" from="_ssdm_op_BitConcatenate.i17.i15.i2" to="shl_ln1273_26" fromId="157" toId="23">
</dataflow>
<dataflow id="159" from="p_read110" to="shl_ln1273_26" fromId="12" toId="23">
</dataflow>
<dataflow id="161" from="StgValue_160" to="shl_ln1273_26" fromId="160" toId="23">
</dataflow>
<dataflow id="162" from="StgValue_150" to="r_V_49" fromId="150" toId="24">
</dataflow>
<dataflow id="163" from="shl_ln1273_26" to="r_V_49" fromId="23" toId="24">
</dataflow>
<dataflow id="164" from="_ssdm_op_PartSelect.i8.i17.i32.i32" to="trunc_ln818_65" fromId="139" toId="25">
</dataflow>
<dataflow id="165" from="r_V_49" to="trunc_ln818_65" fromId="24" toId="25">
</dataflow>
<dataflow id="166" from="StgValue_142" to="trunc_ln818_65" fromId="142" toId="25">
</dataflow>
<dataflow id="167" from="StgValue_144" to="trunc_ln818_65" fromId="144" toId="25">
</dataflow>
<dataflow id="168" from="p_read211" to="sext_ln1270" fromId="11" toId="26">
</dataflow>
<dataflow id="169" from="p_read211" to="trunc_ln1270" fromId="11" toId="27">
</dataflow>
<dataflow id="170" from="_ssdm_op_BitConcatenate.i17.i14.i3" to="p_shl5" fromId="132" toId="28">
</dataflow>
<dataflow id="171" from="trunc_ln1270" to="p_shl5" fromId="27" toId="28">
</dataflow>
<dataflow id="172" from="StgValue_135" to="p_shl5" fromId="135" toId="28">
</dataflow>
<dataflow id="173" from="sext_ln1270" to="sub_ln1270" fromId="26" toId="29">
</dataflow>
<dataflow id="174" from="p_shl5" to="sub_ln1270" fromId="28" toId="29">
</dataflow>
<dataflow id="175" from="_ssdm_op_PartSelect.i8.i17.i32.i32" to="trunc_ln818_66" fromId="139" toId="30">
</dataflow>
<dataflow id="176" from="sub_ln1270" to="trunc_ln818_66" fromId="29" toId="30">
</dataflow>
<dataflow id="177" from="StgValue_142" to="trunc_ln818_66" fromId="142" toId="30">
</dataflow>
<dataflow id="178" from="StgValue_144" to="trunc_ln818_66" fromId="144" toId="30">
</dataflow>
<dataflow id="179" from="p_read312" to="sext_ln1273" fromId="10" toId="31">
</dataflow>
<dataflow id="180" from="p_read312" to="trunc_ln1273_19" fromId="10" toId="32">
</dataflow>
<dataflow id="181" from="_ssdm_op_BitConcatenate.i17.i14.i3" to="shl_ln1273_27" fromId="132" toId="33">
</dataflow>
<dataflow id="182" from="trunc_ln1273_19" to="shl_ln1273_27" fromId="32" toId="33">
</dataflow>
<dataflow id="183" from="StgValue_135" to="shl_ln1273_27" fromId="135" toId="33">
</dataflow>
<dataflow id="184" from="shl_ln1273_27" to="r_V_50" fromId="33" toId="34">
</dataflow>
<dataflow id="185" from="sext_ln1273" to="r_V_50" fromId="31" toId="34">
</dataflow>
<dataflow id="186" from="_ssdm_op_PartSelect.i8.i17.i32.i32" to="trunc_ln818_67" fromId="139" toId="35">
</dataflow>
<dataflow id="187" from="r_V_50" to="trunc_ln818_67" fromId="34" toId="35">
</dataflow>
<dataflow id="188" from="StgValue_142" to="trunc_ln818_67" fromId="142" toId="35">
</dataflow>
<dataflow id="189" from="StgValue_144" to="trunc_ln818_67" fromId="144" toId="35">
</dataflow>
<dataflow id="191" from="_ssdm_op_PartSelect.i8.i16.i32.i32" to="trunc_ln818_68" fromId="190" toId="36">
</dataflow>
<dataflow id="192" from="p_read312" to="trunc_ln818_68" fromId="10" toId="36">
</dataflow>
<dataflow id="194" from="StgValue_193" to="trunc_ln818_68" fromId="193" toId="36">
</dataflow>
<dataflow id="196" from="StgValue_195" to="trunc_ln818_68" fromId="195" toId="36">
</dataflow>
<dataflow id="197" from="p_read413" to="sext_ln1270_5" fromId="9" toId="37">
</dataflow>
<dataflow id="198" from="p_read413" to="trunc_ln1270_4" fromId="9" toId="38">
</dataflow>
<dataflow id="199" from="_ssdm_op_BitConcatenate.i17.i15.i2" to="p_shl3" fromId="157" toId="39">
</dataflow>
<dataflow id="200" from="trunc_ln1270_4" to="p_shl3" fromId="38" toId="39">
</dataflow>
<dataflow id="201" from="StgValue_160" to="p_shl3" fromId="160" toId="39">
</dataflow>
<dataflow id="202" from="sext_ln1270_5" to="sub_ln1270_7" fromId="37" toId="40">
</dataflow>
<dataflow id="203" from="p_shl3" to="sub_ln1270_7" fromId="39" toId="40">
</dataflow>
<dataflow id="204" from="_ssdm_op_PartSelect.i8.i17.i32.i32" to="trunc_ln818_69" fromId="139" toId="41">
</dataflow>
<dataflow id="205" from="sub_ln1270_7" to="trunc_ln818_69" fromId="40" toId="41">
</dataflow>
<dataflow id="206" from="StgValue_142" to="trunc_ln818_69" fromId="142" toId="41">
</dataflow>
<dataflow id="207" from="StgValue_144" to="trunc_ln818_69" fromId="144" toId="41">
</dataflow>
<dataflow id="208" from="p_read514" to="sext_ln1270_6" fromId="8" toId="42">
</dataflow>
<dataflow id="209" from="p_read514" to="trunc_ln1270_5" fromId="8" toId="43">
</dataflow>
<dataflow id="210" from="_ssdm_op_BitConcatenate.i17.i14.i3" to="p_shl1" fromId="132" toId="44">
</dataflow>
<dataflow id="211" from="trunc_ln1270_5" to="p_shl1" fromId="43" toId="44">
</dataflow>
<dataflow id="212" from="StgValue_135" to="p_shl1" fromId="135" toId="44">
</dataflow>
<dataflow id="213" from="sext_ln1270_6" to="sub_ln1270_8" fromId="42" toId="45">
</dataflow>
<dataflow id="214" from="p_shl1" to="sub_ln1270_8" fromId="44" toId="45">
</dataflow>
<dataflow id="215" from="_ssdm_op_PartSelect.i8.i17.i32.i32" to="trunc_ln818_70" fromId="139" toId="46">
</dataflow>
<dataflow id="216" from="sub_ln1270_8" to="trunc_ln818_70" fromId="45" toId="46">
</dataflow>
<dataflow id="217" from="StgValue_142" to="trunc_ln818_70" fromId="142" toId="46">
</dataflow>
<dataflow id="218" from="StgValue_144" to="trunc_ln818_70" fromId="144" toId="46">
</dataflow>
<dataflow id="219" from="_ssdm_op_PartSelect.i8.i16.i32.i32" to="trunc_ln818_71" fromId="190" toId="47">
</dataflow>
<dataflow id="220" from="p_read514" to="trunc_ln818_71" fromId="8" toId="47">
</dataflow>
<dataflow id="221" from="StgValue_193" to="trunc_ln818_71" fromId="193" toId="47">
</dataflow>
<dataflow id="222" from="StgValue_195" to="trunc_ln818_71" fromId="195" toId="47">
</dataflow>
<dataflow id="223" from="p_read615" to="sext_ln1273_5" fromId="7" toId="48">
</dataflow>
<dataflow id="224" from="p_read615" to="trunc_ln1273_20" fromId="7" toId="49">
</dataflow>
<dataflow id="225" from="_ssdm_op_BitConcatenate.i17.i14.i3" to="shl_ln1273_28" fromId="132" toId="50">
</dataflow>
<dataflow id="226" from="trunc_ln1273_20" to="shl_ln1273_28" fromId="49" toId="50">
</dataflow>
<dataflow id="227" from="StgValue_135" to="shl_ln1273_28" fromId="135" toId="50">
</dataflow>
<dataflow id="229" from="_ssdm_op_BitConcatenate.i17.i16.i1" to="shl_ln1273_29" fromId="228" toId="51">
</dataflow>
<dataflow id="230" from="p_read615" to="shl_ln1273_29" fromId="7" toId="51">
</dataflow>
<dataflow id="232" from="StgValue_231" to="shl_ln1273_29" fromId="231" toId="51">
</dataflow>
<dataflow id="233" from="shl_ln1273_29" to="r_V_51" fromId="51" toId="52">
</dataflow>
<dataflow id="234" from="shl_ln1273_28" to="r_V_51" fromId="50" toId="52">
</dataflow>
<dataflow id="235" from="_ssdm_op_PartSelect.i8.i17.i32.i32" to="trunc_ln818_72" fromId="139" toId="53">
</dataflow>
<dataflow id="236" from="r_V_51" to="trunc_ln818_72" fromId="52" toId="53">
</dataflow>
<dataflow id="237" from="StgValue_142" to="trunc_ln818_72" fromId="142" toId="53">
</dataflow>
<dataflow id="238" from="StgValue_144" to="trunc_ln818_72" fromId="144" toId="53">
</dataflow>
<dataflow id="239" from="p_read615" to="trunc_ln1273_21" fromId="7" toId="54">
</dataflow>
<dataflow id="240" from="_ssdm_op_BitConcatenate.i17.i15.i2" to="shl_ln1273_30" fromId="157" toId="55">
</dataflow>
<dataflow id="241" from="trunc_ln1273_21" to="shl_ln1273_30" fromId="54" toId="55">
</dataflow>
<dataflow id="242" from="StgValue_160" to="shl_ln1273_30" fromId="160" toId="55">
</dataflow>
<dataflow id="243" from="shl_ln1273_30" to="r_V_52" fromId="55" toId="56">
</dataflow>
<dataflow id="244" from="sext_ln1273_5" to="r_V_52" fromId="48" toId="56">
</dataflow>
<dataflow id="245" from="_ssdm_op_PartSelect.i8.i17.i32.i32" to="trunc_ln818_73" fromId="139" toId="57">
</dataflow>
<dataflow id="246" from="r_V_52" to="trunc_ln818_73" fromId="56" toId="57">
</dataflow>
<dataflow id="247" from="StgValue_142" to="trunc_ln818_73" fromId="142" toId="57">
</dataflow>
<dataflow id="248" from="StgValue_144" to="trunc_ln818_73" fromId="144" toId="57">
</dataflow>
<dataflow id="249" from="_ssdm_op_PartSelect.i8.i16.i32.i32" to="trunc_ln818_74" fromId="190" toId="58">
</dataflow>
<dataflow id="250" from="p_read716" to="trunc_ln818_74" fromId="6" toId="58">
</dataflow>
<dataflow id="252" from="StgValue_251" to="trunc_ln818_74" fromId="251" toId="58">
</dataflow>
<dataflow id="254" from="StgValue_253" to="trunc_ln818_74" fromId="253" toId="58">
</dataflow>
<dataflow id="255" from="p_read716" to="sext_ln1273_6" fromId="6" toId="59">
</dataflow>
<dataflow id="256" from="p_read716" to="trunc_ln1273_22" fromId="6" toId="60">
</dataflow>
<dataflow id="257" from="_ssdm_op_BitConcatenate.i17.i15.i2" to="shl_ln1273_31" fromId="157" toId="61">
</dataflow>
<dataflow id="258" from="trunc_ln1273_22" to="shl_ln1273_31" fromId="60" toId="61">
</dataflow>
<dataflow id="259" from="StgValue_160" to="shl_ln1273_31" fromId="160" toId="61">
</dataflow>
<dataflow id="260" from="StgValue_150" to="sub_ln1273" fromId="150" toId="62">
</dataflow>
<dataflow id="261" from="shl_ln1273_31" to="sub_ln1273" fromId="61" toId="62">
</dataflow>
<dataflow id="262" from="sub_ln1273" to="r_V_53" fromId="62" toId="63">
</dataflow>
<dataflow id="263" from="sext_ln1273_6" to="r_V_53" fromId="59" toId="63">
</dataflow>
<dataflow id="264" from="_ssdm_op_PartSelect.i8.i17.i32.i32" to="trunc_ln818_75" fromId="139" toId="64">
</dataflow>
<dataflow id="265" from="r_V_53" to="trunc_ln818_75" fromId="63" toId="64">
</dataflow>
<dataflow id="266" from="StgValue_142" to="trunc_ln818_75" fromId="142" toId="64">
</dataflow>
<dataflow id="267" from="StgValue_144" to="trunc_ln818_75" fromId="144" toId="64">
</dataflow>
<dataflow id="268" from="p_read817" to="sext_ln1270_7" fromId="5" toId="65">
</dataflow>
<dataflow id="269" from="p_read817" to="trunc_ln1270_6" fromId="5" toId="66">
</dataflow>
<dataflow id="270" from="_ssdm_op_BitConcatenate.i17.i15.i2" to="p_shl" fromId="157" toId="67">
</dataflow>
<dataflow id="271" from="trunc_ln1270_6" to="p_shl" fromId="66" toId="67">
</dataflow>
<dataflow id="272" from="StgValue_160" to="p_shl" fromId="160" toId="67">
</dataflow>
<dataflow id="273" from="sext_ln1270_7" to="sub_ln1270_9" fromId="65" toId="68">
</dataflow>
<dataflow id="274" from="p_shl" to="sub_ln1270_9" fromId="67" toId="68">
</dataflow>
<dataflow id="275" from="_ssdm_op_PartSelect.i8.i17.i32.i32" to="trunc_ln818_76" fromId="139" toId="69">
</dataflow>
<dataflow id="276" from="sub_ln1270_9" to="trunc_ln818_76" fromId="68" toId="69">
</dataflow>
<dataflow id="277" from="StgValue_142" to="trunc_ln818_76" fromId="142" toId="69">
</dataflow>
<dataflow id="278" from="StgValue_144" to="trunc_ln818_76" fromId="144" toId="69">
</dataflow>
<dataflow id="279" from="_ssdm_op_PartSelect.i8.i16.i32.i32" to="trunc_ln818_77" fromId="190" toId="70">
</dataflow>
<dataflow id="280" from="p_read817" to="trunc_ln818_77" fromId="5" toId="70">
</dataflow>
<dataflow id="281" from="StgValue_193" to="trunc_ln818_77" fromId="193" toId="70">
</dataflow>
<dataflow id="282" from="StgValue_195" to="trunc_ln818_77" fromId="195" toId="70">
</dataflow>
<dataflow id="283" from="trunc_ln818_66" to="add_ln813" fromId="30" toId="71">
</dataflow>
<dataflow id="284" from="trunc_ln818_s" to="add_ln813" fromId="22" toId="71">
</dataflow>
<dataflow id="285" from="trunc_ln818_67" to="add_ln813_61" fromId="35" toId="72">
</dataflow>
<dataflow id="286" from="trunc_ln818_69" to="add_ln813_61" fromId="41" toId="72">
</dataflow>
<dataflow id="287" from="trunc_ln818_72" to="add_ln813_64" fromId="53" toId="73">
</dataflow>
<dataflow id="288" from="trunc_ln818_76" to="add_ln813_64" fromId="69" toId="73">
</dataflow>
<dataflow id="289" from="trunc_ln818_65" to="add_ln813_67" fromId="25" toId="74">
</dataflow>
<dataflow id="290" from="trunc_ln" to="add_ln813_67" fromId="18" toId="74">
</dataflow>
<dataflow id="291" from="trunc_ln818_68" to="add_ln813_68" fromId="36" toId="75">
</dataflow>
<dataflow id="292" from="trunc_ln818_66" to="add_ln813_68" fromId="30" toId="75">
</dataflow>
<dataflow id="293" from="trunc_ln818_70" to="add_ln813_63" fromId="46" toId="76">
</dataflow>
<dataflow id="294" from="trunc_ln818_74" to="add_ln813_63" fromId="58" toId="76">
</dataflow>
<dataflow id="295" from="add_ln813_64" to="add_ln813_65" fromId="73" toId="77">
</dataflow>
<dataflow id="296" from="add_ln813_63" to="add_ln813_65" fromId="76" toId="77">
</dataflow>
<dataflow id="297" from="trunc_ln818_77" to="add_ln813_71" fromId="70" toId="78">
</dataflow>
<dataflow id="298" from="trunc_ln818_75" to="add_ln813_71" fromId="64" toId="78">
</dataflow>
<dataflow id="299" from="add_ln813_61" to="add_ln813_62" fromId="72" toId="79">
</dataflow>
<dataflow id="300" from="add_ln813" to="add_ln813_62" fromId="71" toId="79">
</dataflow>
<dataflow id="301" from="add_ln813_65" to="x_V" fromId="77" toId="80">
</dataflow>
<dataflow id="302" from="add_ln813_62" to="x_V" fromId="79" toId="80">
</dataflow>
<dataflow id="303" from="trunc_ln818_71" to="add_ln813_70" fromId="47" toId="81">
</dataflow>
<dataflow id="304" from="trunc_ln818_73" to="add_ln813_70" fromId="57" toId="81">
</dataflow>
<dataflow id="305" from="add_ln813_71" to="add_ln813_72" fromId="78" toId="82">
</dataflow>
<dataflow id="306" from="add_ln813_70" to="add_ln813_72" fromId="81" toId="82">
</dataflow>
<dataflow id="308" from="_ssdm_op_SpecPipeline" to="specpipeline_ln33" fromId="307" toId="83">
</dataflow>
<dataflow id="310" from="StgValue_309" to="specpipeline_ln33" fromId="309" toId="83">
</dataflow>
<dataflow id="312" from="StgValue_311" to="specpipeline_ln33" fromId="311" toId="83">
</dataflow>
<dataflow id="313" from="StgValue_311" to="specpipeline_ln33" fromId="311" toId="83">
</dataflow>
<dataflow id="314" from="StgValue_311" to="specpipeline_ln33" fromId="311" toId="83">
</dataflow>
<dataflow id="316" from="empty_0" to="specpipeline_ln33" fromId="315" toId="83">
</dataflow>
<dataflow id="318" from="_ssdm_op_SpecResourceLimit" to="specresourcelimit_ln33" fromId="317" toId="84">
</dataflow>
<dataflow id="320" from="StgValue_319" to="specresourcelimit_ln33" fromId="319" toId="84">
</dataflow>
<dataflow id="322" from="empty_1" to="specresourcelimit_ln33" fromId="321" toId="84">
</dataflow>
<dataflow id="323" from="empty_0" to="specresourcelimit_ln33" fromId="315" toId="84">
</dataflow>
<dataflow id="324" from="empty_0" to="specresourcelimit_ln33" fromId="315" toId="84">
</dataflow>
<dataflow id="325" from="empty_0" to="specresourcelimit_ln33" fromId="315" toId="84">
</dataflow>
<dataflow id="326" from="add_ln813_68" to="add_ln813_69" fromId="75" toId="85">
</dataflow>
<dataflow id="327" from="add_ln813_67" to="add_ln813_69" fromId="74" toId="85">
</dataflow>
<dataflow id="328" from="add_ln813_72" to="x_V_15" fromId="82" toId="86">
</dataflow>
<dataflow id="329" from="add_ln813_69" to="x_V_15" fromId="85" toId="86">
</dataflow>
<dataflow id="331" from="_ssdm_op_BitConcatenate.i14.i8.i6" to="shl_ln3" fromId="330" toId="87">
</dataflow>
<dataflow id="332" from="x_V" to="shl_ln3" fromId="80" toId="87">
</dataflow>
<dataflow id="334" from="StgValue_333" to="shl_ln3" fromId="333" toId="87">
</dataflow>
<dataflow id="335" from="shl_ln3" to="sext_ln110" fromId="87" toId="88">
</dataflow>
<dataflow id="336" from="_ssdm_op_BitConcatenate.i14.i8.i6" to="shl_ln838_s" fromId="330" toId="89">
</dataflow>
<dataflow id="337" from="x_V_15" to="shl_ln838_s" fromId="86" toId="89">
</dataflow>
<dataflow id="338" from="StgValue_333" to="shl_ln838_s" fromId="333" toId="89">
</dataflow>
<dataflow id="339" from="shl_ln838_s" to="sext_ln68" fromId="89" toId="90">
</dataflow>
<dataflow id="341" from="StgValue_340" to="mrv" fromId="340" toId="91">
</dataflow>
<dataflow id="342" from="sext_ln110" to="mrv" fromId="88" toId="91">
</dataflow>
<dataflow id="343" from="mrv" to="mrv_1" fromId="91" toId="92">
</dataflow>
<dataflow id="344" from="sext_ln68" to="mrv_1" fromId="90" toId="92">
</dataflow>
<dataflow id="345" from="mrv_1" to="ret_ln68" fromId="92" toId="93">
</dataflow>
</dataflows>


</stg>
