<profile>

<section name = "Vitis HLS Report for 'dense_latency_ap_fixed_16_7_4_0_0_ap_fixed_16_6_5_3_0_config11_s'" level="0">
<item name = "Date">Thu Apr 10 01:00:37 2025
</item>
<item name = "Version">2022.2 (Build 3670227 on Oct 13 2022)</item>
<item name = "Project">myproject_prj</item>
<item name = "Solution">solution1 (Vivado IP Flow Target)</item>
<item name = "Product family">zynq</item>
<item name = "Target device">xc7z020-clg484-1</item>
</section>

<section name = "Performance Estimates" level="0">
<item name = "Timing">
<section name = "" level="1">
<item name = "Summary"><table name="" hasTotal="0">
<keys size="4">Clock, Target, Estimated, Uncertainty</keys>
<column name="ap_clk">5.00 ns, 4.022 ns, 0.62 ns</column>
</table>
</item>
</section>
</item>
<item name = "Latency">
<section name = "" level="1">
<item name = "Summary"><table name="" hasTotal="0">
<keys size="8">, min, max, min, max, min, max, Type</keys>
<column name="">3, 3, 15.000 ns, 15.000 ns, 1, 1, yes</column>
</table>
</item>
<item name = "Detail">
<section name = "" level="1">
<item name = "Instance"><table name="" hasTotal="0">
<keys size="9">Instance, Module, min, max, min, max, min, max, Type</keys>
</table>
</item>
<item name = "Loop"><table name="" hasTotal="0">
<keys size="8">Loop Name, min, max, Latency, achieved, target, Count, Pipelined</keys>
</table>
</item>
</section>
</item>
</section>
</item>
</section>

<section name = "Utilization Estimates" level="0">
<item name = "Summary"><table name="" hasTotal="1">
<keys size="6">Name, BRAM_18K, DSP, FF, LUT, URAM</keys>
<column name="DSP">-, -, -, -, -</column>
<column name="Expression">-, -, 0, 428, -</column>
<column name="FIFO">-, -, -, -, -</column>
<column name="Instance">-, -, -, -, -</column>
<column name="Memory">-, -, -, -, -</column>
<column name="Multiplexer">-, -, -, 28, -</column>
<column name="Register">-, -, 444, 64, -</column>
<specialColumn name="Available">280, 220, 106400, 53200, 0</specialColumn>
<specialColumn name="Utilization (%)">0, 0, ~0, ~0, 0</specialColumn>
</table>
</item>
<item name = "Detail">
<section name = "" level="1">
<item name = "Instance"><table name="" hasTotal="1">
<keys size="7">Instance, Module, BRAM_18K, DSP, FF, LUT, URAM</keys>
</table>
</item>
<item name = "DSP"><table name="" hasTotal="0">
<keys size="3">Instance, Module, Expression</keys>
</table>
</item>
<item name = "Memory"><table name="" hasTotal="1">
<keys size="10">Memory, Module, BRAM_18K, FF, LUT, URAM, Words, Bits, Banks, W*Bits*Banks</keys>
</table>
</item>
<item name = "FIFO"><table name="" hasTotal="1">
<keys size="8">Name, BRAM_18K, FF, LUT, URAM, Depth, Bits, Size:D*B</keys>
</table>
</item>
<item name = "Expression"><table name="" hasTotal="1">
<keys size="7">Variable Name, Operation, DSP, FF, LUT, Bitwidth P0, Bitwidth P1</keys>
<column name="add_ln813_61_fu_522_p2">+, 0, 0, 15, 8, 8</column>
<column name="add_ln813_62_fu_559_p2">+, 0, 0, 8, 8, 8</column>
<column name="add_ln813_63_fu_546_p2">+, 0, 0, 8, 8, 8</column>
<column name="add_ln813_64_fu_528_p2">+, 0, 0, 15, 8, 8</column>
<column name="add_ln813_65_fu_550_p2">+, 0, 0, 8, 8, 8</column>
<column name="add_ln813_67_fu_534_p2">+, 0, 0, 15, 8, 8</column>
<column name="add_ln813_68_fu_540_p2">+, 0, 0, 15, 8, 8</column>
<column name="add_ln813_69_fu_577_p2">+, 0, 0, 8, 8, 8</column>
<column name="add_ln813_70_fu_568_p2">+, 0, 0, 8, 8, 8</column>
<column name="add_ln813_71_fu_555_p2">+, 0, 0, 15, 8, 8</column>
<column name="add_ln813_72_fu_572_p2">+, 0, 0, 8, 8, 8</column>
<column name="add_ln813_fu_516_p2">+, 0, 0, 15, 8, 8</column>
<column name="r_V_50_fu_258_p2">+, 0, 0, 24, 17, 17</column>
<column name="r_V_52_fu_410_p2">+, 0, 0, 24, 17, 17</column>
<column name="x_V_15_fu_581_p2">+, 0, 0, 8, 8, 8</column>
<column name="x_V_fu_563_p2">+, 0, 0, 8, 8, 8</column>
<column name="r_V_48_fu_170_p2">-, 0, 0, 24, 1, 17</column>
<column name="r_V_49_fu_194_p2">-, 0, 0, 24, 1, 17</column>
<column name="r_V_51_fu_382_p2">-, 0, 0, 24, 17, 17</column>
<column name="r_V_53_fu_458_p2">-, 0, 0, 17, 17, 17</column>
<column name="r_V_fu_142_p2">-, 0, 0, 24, 17, 17</column>
<column name="sub_ln1270_7_fu_300_p2">-, 0, 0, 24, 17, 17</column>
<column name="sub_ln1270_8_fu_332_p2">-, 0, 0, 24, 17, 17</column>
<column name="sub_ln1270_9_fu_490_p2">-, 0, 0, 24, 17, 17</column>
<column name="sub_ln1270_fu_226_p2">-, 0, 0, 24, 17, 17</column>
<column name="sub_ln1273_fu_452_p2">-, 0, 0, 17, 1, 17</column>
</table>
</item>
<item name = "Multiplexer"><table name="" hasTotal="1">
<keys size="5">Name, LUT, Input Size, Bits, Total Bits</keys>
<column name="ap_return_0">14, 3, 16, 48</column>
<column name="ap_return_1">14, 3, 16, 48</column>
</table>
</item>
<item name = "Register"><table name="" hasTotal="1">
<keys size="5">Name, FF, LUT, Bits, Const Bits</keys>
<column name="add_ln813_61_reg_656">8, 0, 8, 0</column>
<column name="add_ln813_61_reg_656_pp0_iter1_reg">8, 0, 8, 0</column>
<column name="add_ln813_64_reg_661">8, 0, 8, 0</column>
<column name="add_ln813_65_reg_676">8, 0, 8, 0</column>
<column name="add_ln813_67_reg_666">8, 0, 8, 0</column>
<column name="add_ln813_68_reg_671">8, 0, 8, 0</column>
<column name="add_ln813_71_reg_681">8, 0, 8, 0</column>
<column name="add_ln813_72_reg_691">8, 0, 8, 0</column>
<column name="add_ln813_reg_651">8, 0, 8, 0</column>
<column name="add_ln813_reg_651_pp0_iter1_reg">8, 0, 8, 0</column>
<column name="ap_ce_reg">1, 0, 1, 0</column>
<column name="ap_return_0_int_reg">10, 0, 16, 6</column>
<column name="ap_return_1_int_reg">10, 0, 16, 6</column>
<column name="p_read1_int_reg">15, 0, 15, 0</column>
<column name="p_read2_int_reg">16, 0, 16, 0</column>
<column name="p_read3_int_reg">16, 0, 16, 0</column>
<column name="p_read4_int_reg">16, 0, 16, 0</column>
<column name="p_read5_int_reg">16, 0, 16, 0</column>
<column name="p_read6_int_reg">16, 0, 16, 0</column>
<column name="p_read7_int_reg">16, 0, 16, 0</column>
<column name="p_read8_int_reg">16, 0, 16, 0</column>
<column name="p_read_int_reg">16, 0, 16, 0</column>
<column name="trunc_ln818_70_reg_621">8, 0, 8, 0</column>
<column name="trunc_ln818_71_reg_626">8, 0, 8, 0</column>
<column name="trunc_ln818_71_reg_626_pp0_iter1_reg">8, 0, 8, 0</column>
<column name="trunc_ln818_73_reg_631">8, 0, 8, 0</column>
<column name="trunc_ln818_73_reg_631_pp0_iter1_reg">8, 0, 8, 0</column>
<column name="trunc_ln818_74_reg_636">8, 0, 8, 0</column>
<column name="trunc_ln818_75_reg_641">8, 0, 8, 0</column>
<column name="trunc_ln818_77_reg_646">8, 0, 8, 0</column>
<column name="x_V_reg_686">8, 0, 8, 0</column>
<column name="add_ln813_67_reg_666">64, 32, 8, 0</column>
<column name="add_ln813_68_reg_671">64, 32, 8, 0</column>
</table>
</item>
</section>
</item>
</section>

<section name = "Interface" level="0">
<item name = "Summary"><table name="" hasTotal="0">
<keys size="6">RTL Ports, Dir, Bits, Protocol, Source Object, C Type</keys>
<column name="ap_clk">in, 1, ap_ctrl_hs, dense_latency&lt;ap_fixed&lt;16, 7, 4, 0, 0&gt;, ap_fixed&lt;16, 6, 5, 3, 0&gt;, config11&gt;, return value</column>
<column name="ap_rst">in, 1, ap_ctrl_hs, dense_latency&lt;ap_fixed&lt;16, 7, 4, 0, 0&gt;, ap_fixed&lt;16, 6, 5, 3, 0&gt;, config11&gt;, return value</column>
<column name="ap_return_0">out, 16, ap_ctrl_hs, dense_latency&lt;ap_fixed&lt;16, 7, 4, 0, 0&gt;, ap_fixed&lt;16, 6, 5, 3, 0&gt;, config11&gt;, return value</column>
<column name="ap_return_1">out, 16, ap_ctrl_hs, dense_latency&lt;ap_fixed&lt;16, 7, 4, 0, 0&gt;, ap_fixed&lt;16, 6, 5, 3, 0&gt;, config11&gt;, return value</column>
<column name="ap_ce">in, 1, ap_ctrl_hs, dense_latency&lt;ap_fixed&lt;16, 7, 4, 0, 0&gt;, ap_fixed&lt;16, 6, 5, 3, 0&gt;, config11&gt;, return value</column>
<column name="p_read">in, 16, ap_none, p_read, scalar</column>
<column name="p_read1">in, 15, ap_none, p_read1, scalar</column>
<column name="p_read2">in, 16, ap_none, p_read2, scalar</column>
<column name="p_read3">in, 16, ap_none, p_read3, scalar</column>
<column name="p_read4">in, 16, ap_none, p_read4, scalar</column>
<column name="p_read5">in, 16, ap_none, p_read5, scalar</column>
<column name="p_read6">in, 16, ap_none, p_read6, scalar</column>
<column name="p_read7">in, 16, ap_none, p_read7, scalar</column>
<column name="p_read8">in, 16, ap_none, p_read8, scalar</column>
</table>
</item>
</section>
</profile>
