<stg><name>dense_latency<ap_fixed<16, 7, 4, 0, 0>, ap_fixed<16, 6, 5, 3, 0>, config11></name>


<trans_list>

<trans id="98" from="1" to="2">
<condition id="-1">
<or_exp><and_exp></and_exp></or_exp>
</condition>
</trans>

<trans id="99" from="2" to="3">
<condition id="-1">
<or_exp><and_exp></and_exp></or_exp>
</condition>
</trans>

<trans id="100" from="3" to="4">
<condition id="-1">
<or_exp><and_exp></and_exp></or_exp>
</condition>
</trans>
</trans_list>



<state_list>

<state id="1" st_id="1">

<operation id="5" st_id="1" stage="1" lat="1">
<core>NULL</core>
<MemPortIdVec></MemPortIdVec>
<condition id="-1">
<or_exp><and_exp></and_exp></or_exp>
</condition>

<Node id="12" bw="16" op_0_bw="16" op_1_bw="16">
<![CDATA[
entry:2 %p_read817 = read i16 @_ssdm_op_Read.ap_auto.i16, i16 %p_read8

]]></Node>
<StgValue><ssdm name="p_read817"/></StgValue>
</operation>

<operation id="6" st_id="1" stage="1" lat="1">
<core>NULL</core>
<MemPortIdVec></MemPortIdVec>
<condition id="-1">
<or_exp><and_exp></and_exp></or_exp>
</condition>

<Node id="13" bw="16" op_0_bw="16" op_1_bw="16">
<![CDATA[
entry:3 %p_read716 = read i16 @_ssdm_op_Read.ap_auto.i16, i16 %p_read7

]]></Node>
<StgValue><ssdm name="p_read716"/></StgValue>
</operation>

<operation id="7" st_id="1" stage="1" lat="1">
<core>NULL</core>
<MemPortIdVec></MemPortIdVec>
<condition id="-1">
<or_exp><and_exp></and_exp></or_exp>
</condition>

<Node id="14" bw="16" op_0_bw="16" op_1_bw="16">
<![CDATA[
entry:4 %p_read615 = read i16 @_ssdm_op_Read.ap_auto.i16, i16 %p_read6

]]></Node>
<StgValue><ssdm name="p_read615"/></StgValue>
</operation>

<operation id="8" st_id="1" stage="1" lat="1">
<core>NULL</core>
<MemPortIdVec></MemPortIdVec>
<condition id="-1">
<or_exp><and_exp></and_exp></or_exp>
</condition>

<Node id="15" bw="16" op_0_bw="16" op_1_bw="16">
<![CDATA[
entry:5 %p_read514 = read i16 @_ssdm_op_Read.ap_auto.i16, i16 %p_read5

]]></Node>
<StgValue><ssdm name="p_read514"/></StgValue>
</operation>

<operation id="9" st_id="1" stage="1" lat="1">
<core>NULL</core>
<MemPortIdVec></MemPortIdVec>
<condition id="-1">
<or_exp><and_exp></and_exp></or_exp>
</condition>

<Node id="16" bw="16" op_0_bw="16" op_1_bw="16">
<![CDATA[
entry:6 %p_read413 = read i16 @_ssdm_op_Read.ap_auto.i16, i16 %p_read4

]]></Node>
<StgValue><ssdm name="p_read413"/></StgValue>
</operation>

<operation id="10" st_id="1" stage="1" lat="1">
<core>NULL</core>
<MemPortIdVec></MemPortIdVec>
<condition id="-1">
<or_exp><and_exp></and_exp></or_exp>
</condition>

<Node id="17" bw="16" op_0_bw="16" op_1_bw="16">
<![CDATA[
entry:7 %p_read312 = read i16 @_ssdm_op_Read.ap_auto.i16, i16 %p_read3

]]></Node>
<StgValue><ssdm name="p_read312"/></StgValue>
</operation>

<operation id="11" st_id="1" stage="1" lat="1">
<core>NULL</core>
<MemPortIdVec></MemPortIdVec>
<condition id="-1">
<or_exp><and_exp></and_exp></or_exp>
</condition>

<Node id="18" bw="16" op_0_bw="16" op_1_bw="16">
<![CDATA[
entry:8 %p_read211 = read i16 @_ssdm_op_Read.ap_auto.i16, i16 %p_read2

]]></Node>
<StgValue><ssdm name="p_read211"/></StgValue>
</operation>

<operation id="12" st_id="1" stage="1" lat="1">
<core>NULL</core>
<MemPortIdVec></MemPortIdVec>
<condition id="-1">
<or_exp><and_exp></and_exp></or_exp>
</condition>

<Node id="19" bw="15" op_0_bw="15" op_1_bw="15">
<![CDATA[
entry:9 %p_read110 = read i15 @_ssdm_op_Read.ap_auto.i15, i15 %p_read1

]]></Node>
<StgValue><ssdm name="p_read110"/></StgValue>
</operation>

<operation id="13" st_id="1" stage="1" lat="1">
<core>NULL</core>
<MemPortIdVec></MemPortIdVec>
<condition id="-1">
<or_exp><and_exp></and_exp></or_exp>
</condition>

<Node id="20" bw="16" op_0_bw="16" op_1_bw="16">
<![CDATA[
entry:10 %p_read_19 = read i16 @_ssdm_op_Read.ap_auto.i16, i16 %p_read

]]></Node>
<StgValue><ssdm name="p_read_19"/></StgValue>
</operation>

<operation id="14" st_id="1" stage="1" lat="1">
<core>NULL</core>
<MemPortIdVec></MemPortIdVec>
<condition id="-1">
<or_exp><and_exp></and_exp></or_exp>
</condition>

<Node id="21" bw="17" op_0_bw="16">
<![CDATA[
entry:11 %sext_ln70 = sext i16 %p_read_19

]]></Node>
<StgValue><ssdm name="sext_ln70"/></StgValue>
</operation>

<operation id="15" st_id="1" stage="1" lat="1">
<core>NULL</core>
<MemPortIdVec></MemPortIdVec>
<condition id="-1">
<or_exp><and_exp></and_exp></or_exp>
</condition>

<Node id="22" bw="14" op_0_bw="16">
<![CDATA[
entry:12 %trunc_ln1273 = trunc i16 %p_read_19

]]></Node>
<StgValue><ssdm name="trunc_ln1273"/></StgValue>
</operation>

<operation id="16" st_id="1" stage="1" lat="1">
<core>NULL</core>
<MemPortIdVec></MemPortIdVec>
<condition id="-1">
<or_exp><and_exp></and_exp></or_exp>
</condition>

<Node id="23" bw="17" op_0_bw="17" op_1_bw="14" op_2_bw="3">
<![CDATA[
entry:13 %shl_ln = bitconcatenate i17 @_ssdm_op_BitConcatenate.i17.i14.i3, i14 %trunc_ln1273, i3 0

]]></Node>
<StgValue><ssdm name="shl_ln"/></StgValue>
</operation>

<operation id="17" st_id="1" stage="1" lat="1">
<core>Adder</core>
<MemPortIdVec></MemPortIdVec>
<condition id="-1">
<or_exp><and_exp></and_exp></or_exp>
</condition>

<Node id="24" bw="17" op_0_bw="17" op_1_bw="17">
<![CDATA[
entry:14 %r_V = sub i17 %shl_ln, i17 %sext_ln70

]]></Node>
<StgValue><ssdm name="r_V"/></StgValue>
</operation>

<operation id="18" st_id="1" stage="1" lat="1">
<core>NULL</core>
<MemPortIdVec></MemPortIdVec>
<condition id="-1">
<or_exp><and_exp></and_exp></or_exp>
</condition>

<Node id="25" bw="8" op_0_bw="8" op_1_bw="17" op_2_bw="32" op_3_bw="32">
<![CDATA[
entry:15 %trunc_ln = partselect i8 @_ssdm_op_PartSelect.i8.i17.i32.i32, i17 %r_V, i32 9, i32 16

]]></Node>
<StgValue><ssdm name="trunc_ln"/></StgValue>
</operation>

<operation id="19" st_id="1" stage="1" lat="1">
<core>NULL</core>
<MemPortIdVec></MemPortIdVec>
<condition id="-1">
<or_exp><and_exp></and_exp></or_exp>
</condition>

<Node id="26" bw="14" op_0_bw="15">
<![CDATA[
entry:16 %trunc_ln1273_18 = trunc i15 %p_read110

]]></Node>
<StgValue><ssdm name="trunc_ln1273_18"/></StgValue>
</operation>

<operation id="20" st_id="1" stage="1" lat="1">
<core>NULL</core>
<MemPortIdVec></MemPortIdVec>
<condition id="-1">
<or_exp><and_exp></and_exp></or_exp>
</condition>

<Node id="27" bw="17" op_0_bw="17" op_1_bw="14" op_2_bw="3">
<![CDATA[
entry:17 %shl_ln1273_s = bitconcatenate i17 @_ssdm_op_BitConcatenate.i17.i14.i3, i14 %trunc_ln1273_18, i3 0

]]></Node>
<StgValue><ssdm name="shl_ln1273_s"/></StgValue>
</operation>

<operation id="21" st_id="1" stage="1" lat="1">
<core>Adder</core>
<MemPortIdVec></MemPortIdVec>
<condition id="-1">
<or_exp><and_exp></and_exp></or_exp>
</condition>

<Node id="28" bw="17" op_0_bw="17" op_1_bw="17">
<![CDATA[
entry:18 %r_V_48 = sub i17 0, i17 %shl_ln1273_s

]]></Node>
<StgValue><ssdm name="r_V_48"/></StgValue>
</operation>

<operation id="22" st_id="1" stage="1" lat="1">
<core>NULL</core>
<MemPortIdVec></MemPortIdVec>
<condition id="-1">
<or_exp><and_exp></and_exp></or_exp>
</condition>

<Node id="29" bw="8" op_0_bw="8" op_1_bw="17" op_2_bw="32" op_3_bw="32">
<![CDATA[
entry:19 %trunc_ln818_s = partselect i8 @_ssdm_op_PartSelect.i8.i17.i32.i32, i17 %r_V_48, i32 9, i32 16

]]></Node>
<StgValue><ssdm name="trunc_ln818_s"/></StgValue>
</operation>

<operation id="23" st_id="1" stage="1" lat="1">
<core>NULL</core>
<MemPortIdVec></MemPortIdVec>
<condition id="-1">
<or_exp><and_exp></and_exp></or_exp>
</condition>

<Node id="30" bw="17" op_0_bw="17" op_1_bw="15" op_2_bw="2">
<![CDATA[
entry:20 %shl_ln1273_26 = bitconcatenate i17 @_ssdm_op_BitConcatenate.i17.i15.i2, i15 %p_read110, i2 0

]]></Node>
<StgValue><ssdm name="shl_ln1273_26"/></StgValue>
</operation>

<operation id="24" st_id="1" stage="1" lat="1">
<core>Adder</core>
<MemPortIdVec></MemPortIdVec>
<condition id="-1">
<or_exp><and_exp></and_exp></or_exp>
</condition>

<Node id="31" bw="17" op_0_bw="17" op_1_bw="17">
<![CDATA[
entry:21 %r_V_49 = sub i17 0, i17 %shl_ln1273_26

]]></Node>
<StgValue><ssdm name="r_V_49"/></StgValue>
</operation>

<operation id="25" st_id="1" stage="1" lat="1">
<core>NULL</core>
<MemPortIdVec></MemPortIdVec>
<condition id="-1">
<or_exp><and_exp></and_exp></or_exp>
</condition>

<Node id="32" bw="8" op_0_bw="8" op_1_bw="17" op_2_bw="32" op_3_bw="32">
<![CDATA[
entry:22 %trunc_ln818_65 = partselect i8 @_ssdm_op_PartSelect.i8.i17.i32.i32, i17 %r_V_49, i32 9, i32 16

]]></Node>
<StgValue><ssdm name="trunc_ln818_65"/></StgValue>
</operation>

<operation id="26" st_id="1" stage="1" lat="1">
<core>NULL</core>
<MemPortIdVec></MemPortIdVec>
<condition id="-1">
<or_exp><and_exp></and_exp></or_exp>
</condition>

<Node id="33" bw="17" op_0_bw="16">
<![CDATA[
entry:23 %sext_ln1270 = sext i16 %p_read211

]]></Node>
<StgValue><ssdm name="sext_ln1270"/></StgValue>
</operation>

<operation id="27" st_id="1" stage="1" lat="1">
<core>NULL</core>
<MemPortIdVec></MemPortIdVec>
<condition id="-1">
<or_exp><and_exp></and_exp></or_exp>
</condition>

<Node id="34" bw="14" op_0_bw="16">
<![CDATA[
entry:24 %trunc_ln1270 = trunc i16 %p_read211

]]></Node>
<StgValue><ssdm name="trunc_ln1270"/></StgValue>
</operation>

<operation id="28" st_id="1" stage="1" lat="1">
<core>NULL</core>
<MemPortIdVec></MemPortIdVec>
<condition id="-1">
<or_exp><and_exp></and_exp></or_exp>
</condition>

<Node id="35" bw="17" op_0_bw="17" op_1_bw="14" op_2_bw="3">
<![CDATA[
entry:25 %p_shl5 = bitconcatenate i17 @_ssdm_op_BitConcatenate.i17.i14.i3, i14 %trunc_ln1270, i3 0

]]></Node>
<StgValue><ssdm name="p_shl5"/></StgValue>
</operation>

<operation id="29" st_id="1" stage="1" lat="1">
<core>Adder</core>
<MemPortIdVec></MemPortIdVec>
<condition id="-1">
<or_exp><and_exp></and_exp></or_exp>
</condition>

<Node id="36" bw="17" op_0_bw="17" op_1_bw="17">
<![CDATA[
entry:26 %sub_ln1270 = sub i17 %sext_ln1270, i17 %p_shl5

]]></Node>
<StgValue><ssdm name="sub_ln1270"/></StgValue>
</operation>

<operation id="30" st_id="1" stage="1" lat="1">
<core>NULL</core>
<MemPortIdVec></MemPortIdVec>
<condition id="-1">
<or_exp><and_exp></and_exp></or_exp>
</condition>

<Node id="37" bw="8" op_0_bw="8" op_1_bw="17" op_2_bw="32" op_3_bw="32">
<![CDATA[
entry:27 %trunc_ln818_66 = partselect i8 @_ssdm_op_PartSelect.i8.i17.i32.i32, i17 %sub_ln1270, i32 9, i32 16

]]></Node>
<StgValue><ssdm name="trunc_ln818_66"/></StgValue>
</operation>

<operation id="31" st_id="1" stage="1" lat="1">
<core>NULL</core>
<MemPortIdVec></MemPortIdVec>
<condition id="-1">
<or_exp><and_exp></and_exp></or_exp>
</condition>

<Node id="38" bw="17" op_0_bw="16">
<![CDATA[
entry:28 %sext_ln1273 = sext i16 %p_read312

]]></Node>
<StgValue><ssdm name="sext_ln1273"/></StgValue>
</operation>

<operation id="32" st_id="1" stage="1" lat="1">
<core>NULL</core>
<MemPortIdVec></MemPortIdVec>
<condition id="-1">
<or_exp><and_exp></and_exp></or_exp>
</condition>

<Node id="39" bw="14" op_0_bw="16">
<![CDATA[
entry:29 %trunc_ln1273_19 = trunc i16 %p_read312

]]></Node>
<StgValue><ssdm name="trunc_ln1273_19"/></StgValue>
</operation>

<operation id="33" st_id="1" stage="1" lat="1">
<core>NULL</core>
<MemPortIdVec></MemPortIdVec>
<condition id="-1">
<or_exp><and_exp></and_exp></or_exp>
</condition>

<Node id="40" bw="17" op_0_bw="17" op_1_bw="14" op_2_bw="3">
<![CDATA[
entry:30 %shl_ln1273_27 = bitconcatenate i17 @_ssdm_op_BitConcatenate.i17.i14.i3, i14 %trunc_ln1273_19, i3 0

]]></Node>
<StgValue><ssdm name="shl_ln1273_27"/></StgValue>
</operation>

<operation id="34" st_id="1" stage="1" lat="1">
<core>Adder</core>
<MemPortIdVec></MemPortIdVec>
<condition id="-1">
<or_exp><and_exp></and_exp></or_exp>
</condition>

<Node id="41" bw="17" op_0_bw="17" op_1_bw="17">
<![CDATA[
entry:31 %r_V_50 = add i17 %shl_ln1273_27, i17 %sext_ln1273

]]></Node>
<StgValue><ssdm name="r_V_50"/></StgValue>
</operation>

<operation id="35" st_id="1" stage="1" lat="1">
<core>NULL</core>
<MemPortIdVec></MemPortIdVec>
<condition id="-1">
<or_exp><and_exp></and_exp></or_exp>
</condition>

<Node id="42" bw="8" op_0_bw="8" op_1_bw="17" op_2_bw="32" op_3_bw="32">
<![CDATA[
entry:32 %trunc_ln818_67 = partselect i8 @_ssdm_op_PartSelect.i8.i17.i32.i32, i17 %r_V_50, i32 9, i32 16

]]></Node>
<StgValue><ssdm name="trunc_ln818_67"/></StgValue>
</operation>

<operation id="36" st_id="1" stage="1" lat="1">
<core>NULL</core>
<MemPortIdVec></MemPortIdVec>
<condition id="-1">
<or_exp><and_exp></and_exp></or_exp>
</condition>

<Node id="43" bw="8" op_0_bw="8" op_1_bw="16" op_2_bw="32" op_3_bw="32">
<![CDATA[
entry:33 %trunc_ln818_68 = partselect i8 @_ssdm_op_PartSelect.i8.i16.i32.i32, i16 %p_read312, i32 8, i32 15

]]></Node>
<StgValue><ssdm name="trunc_ln818_68"/></StgValue>
</operation>

<operation id="37" st_id="1" stage="1" lat="1">
<core>NULL</core>
<MemPortIdVec></MemPortIdVec>
<condition id="-1">
<or_exp><and_exp></and_exp></or_exp>
</condition>

<Node id="44" bw="17" op_0_bw="16">
<![CDATA[
entry:34 %sext_ln1270_5 = sext i16 %p_read413

]]></Node>
<StgValue><ssdm name="sext_ln1270_5"/></StgValue>
</operation>

<operation id="38" st_id="1" stage="1" lat="1">
<core>NULL</core>
<MemPortIdVec></MemPortIdVec>
<condition id="-1">
<or_exp><and_exp></and_exp></or_exp>
</condition>

<Node id="45" bw="15" op_0_bw="16">
<![CDATA[
entry:35 %trunc_ln1270_4 = trunc i16 %p_read413

]]></Node>
<StgValue><ssdm name="trunc_ln1270_4"/></StgValue>
</operation>

<operation id="39" st_id="1" stage="1" lat="1">
<core>NULL</core>
<MemPortIdVec></MemPortIdVec>
<condition id="-1">
<or_exp><and_exp></and_exp></or_exp>
</condition>

<Node id="46" bw="17" op_0_bw="17" op_1_bw="15" op_2_bw="2">
<![CDATA[
entry:36 %p_shl3 = bitconcatenate i17 @_ssdm_op_BitConcatenate.i17.i15.i2, i15 %trunc_ln1270_4, i2 0

]]></Node>
<StgValue><ssdm name="p_shl3"/></StgValue>
</operation>

<operation id="40" st_id="1" stage="1" lat="1">
<core>Adder</core>
<MemPortIdVec></MemPortIdVec>
<condition id="-1">
<or_exp><and_exp></and_exp></or_exp>
</condition>

<Node id="47" bw="17" op_0_bw="17" op_1_bw="17">
<![CDATA[
entry:37 %sub_ln1270_7 = sub i17 %sext_ln1270_5, i17 %p_shl3

]]></Node>
<StgValue><ssdm name="sub_ln1270_7"/></StgValue>
</operation>

<operation id="41" st_id="1" stage="1" lat="1">
<core>NULL</core>
<MemPortIdVec></MemPortIdVec>
<condition id="-1">
<or_exp><and_exp></and_exp></or_exp>
</condition>

<Node id="48" bw="8" op_0_bw="8" op_1_bw="17" op_2_bw="32" op_3_bw="32">
<![CDATA[
entry:38 %trunc_ln818_69 = partselect i8 @_ssdm_op_PartSelect.i8.i17.i32.i32, i17 %sub_ln1270_7, i32 9, i32 16

]]></Node>
<StgValue><ssdm name="trunc_ln818_69"/></StgValue>
</operation>

<operation id="42" st_id="1" stage="1" lat="1">
<core>NULL</core>
<MemPortIdVec></MemPortIdVec>
<condition id="-1">
<or_exp><and_exp></and_exp></or_exp>
</condition>

<Node id="49" bw="17" op_0_bw="16">
<![CDATA[
entry:39 %sext_ln1270_6 = sext i16 %p_read514

]]></Node>
<StgValue><ssdm name="sext_ln1270_6"/></StgValue>
</operation>

<operation id="43" st_id="1" stage="1" lat="1">
<core>NULL</core>
<MemPortIdVec></MemPortIdVec>
<condition id="-1">
<or_exp><and_exp></and_exp></or_exp>
</condition>

<Node id="50" bw="14" op_0_bw="16">
<![CDATA[
entry:40 %trunc_ln1270_5 = trunc i16 %p_read514

]]></Node>
<StgValue><ssdm name="trunc_ln1270_5"/></StgValue>
</operation>

<operation id="44" st_id="1" stage="1" lat="1">
<core>NULL</core>
<MemPortIdVec></MemPortIdVec>
<condition id="-1">
<or_exp><and_exp></and_exp></or_exp>
</condition>

<Node id="51" bw="17" op_0_bw="17" op_1_bw="14" op_2_bw="3">
<![CDATA[
entry:41 %p_shl1 = bitconcatenate i17 @_ssdm_op_BitConcatenate.i17.i14.i3, i14 %trunc_ln1270_5, i3 0

]]></Node>
<StgValue><ssdm name="p_shl1"/></StgValue>
</operation>

<operation id="45" st_id="1" stage="1" lat="1">
<core>Adder</core>
<MemPortIdVec></MemPortIdVec>
<condition id="-1">
<or_exp><and_exp></and_exp></or_exp>
</condition>

<Node id="52" bw="17" op_0_bw="17" op_1_bw="17">
<![CDATA[
entry:42 %sub_ln1270_8 = sub i17 %sext_ln1270_6, i17 %p_shl1

]]></Node>
<StgValue><ssdm name="sub_ln1270_8"/></StgValue>
</operation>

<operation id="46" st_id="1" stage="1" lat="1">
<core>NULL</core>
<MemPortIdVec></MemPortIdVec>
<condition id="-1">
<or_exp><and_exp></and_exp></or_exp>
</condition>

<Node id="53" bw="8" op_0_bw="8" op_1_bw="17" op_2_bw="32" op_3_bw="32">
<![CDATA[
entry:43 %trunc_ln818_70 = partselect i8 @_ssdm_op_PartSelect.i8.i17.i32.i32, i17 %sub_ln1270_8, i32 9, i32 16

]]></Node>
<StgValue><ssdm name="trunc_ln818_70"/></StgValue>
</operation>

<operation id="47" st_id="1" stage="1" lat="1">
<core>NULL</core>
<MemPortIdVec></MemPortIdVec>
<condition id="-1">
<or_exp><and_exp></and_exp></or_exp>
</condition>

<Node id="54" bw="8" op_0_bw="8" op_1_bw="16" op_2_bw="32" op_3_bw="32">
<![CDATA[
entry:44 %trunc_ln818_71 = partselect i8 @_ssdm_op_PartSelect.i8.i16.i32.i32, i16 %p_read514, i32 8, i32 15

]]></Node>
<StgValue><ssdm name="trunc_ln818_71"/></StgValue>
</operation>

<operation id="48" st_id="1" stage="1" lat="1">
<core>NULL</core>
<MemPortIdVec></MemPortIdVec>
<condition id="-1">
<or_exp><and_exp></and_exp></or_exp>
</condition>

<Node id="55" bw="17" op_0_bw="16">
<![CDATA[
entry:45 %sext_ln1273_5 = sext i16 %p_read615

]]></Node>
<StgValue><ssdm name="sext_ln1273_5"/></StgValue>
</operation>

<operation id="49" st_id="1" stage="1" lat="1">
<core>NULL</core>
<MemPortIdVec></MemPortIdVec>
<condition id="-1">
<or_exp><and_exp></and_exp></or_exp>
</condition>

<Node id="56" bw="14" op_0_bw="16">
<![CDATA[
entry:46 %trunc_ln1273_20 = trunc i16 %p_read615

]]></Node>
<StgValue><ssdm name="trunc_ln1273_20"/></StgValue>
</operation>

<operation id="50" st_id="1" stage="1" lat="1">
<core>NULL</core>
<MemPortIdVec></MemPortIdVec>
<condition id="-1">
<or_exp><and_exp></and_exp></or_exp>
</condition>

<Node id="57" bw="17" op_0_bw="17" op_1_bw="14" op_2_bw="3">
<![CDATA[
entry:47 %shl_ln1273_28 = bitconcatenate i17 @_ssdm_op_BitConcatenate.i17.i14.i3, i14 %trunc_ln1273_20, i3 0

]]></Node>
<StgValue><ssdm name="shl_ln1273_28"/></StgValue>
</operation>

<operation id="51" st_id="1" stage="1" lat="1">
<core>NULL</core>
<MemPortIdVec></MemPortIdVec>
<condition id="-1">
<or_exp><and_exp></and_exp></or_exp>
</condition>

<Node id="58" bw="17" op_0_bw="17" op_1_bw="16" op_2_bw="1">
<![CDATA[
entry:48 %shl_ln1273_29 = bitconcatenate i17 @_ssdm_op_BitConcatenate.i17.i16.i1, i16 %p_read615, i1 0

]]></Node>
<StgValue><ssdm name="shl_ln1273_29"/></StgValue>
</operation>

<operation id="52" st_id="1" stage="1" lat="1">
<core>Adder</core>
<MemPortIdVec></MemPortIdVec>
<condition id="-1">
<or_exp><and_exp></and_exp></or_exp>
</condition>

<Node id="59" bw="17" op_0_bw="17" op_1_bw="17">
<![CDATA[
entry:49 %r_V_51 = sub i17 %shl_ln1273_29, i17 %shl_ln1273_28

]]></Node>
<StgValue><ssdm name="r_V_51"/></StgValue>
</operation>

<operation id="53" st_id="1" stage="1" lat="1">
<core>NULL</core>
<MemPortIdVec></MemPortIdVec>
<condition id="-1">
<or_exp><and_exp></and_exp></or_exp>
</condition>

<Node id="60" bw="8" op_0_bw="8" op_1_bw="17" op_2_bw="32" op_3_bw="32">
<![CDATA[
entry:50 %trunc_ln818_72 = partselect i8 @_ssdm_op_PartSelect.i8.i17.i32.i32, i17 %r_V_51, i32 9, i32 16

]]></Node>
<StgValue><ssdm name="trunc_ln818_72"/></StgValue>
</operation>

<operation id="54" st_id="1" stage="1" lat="1">
<core>NULL</core>
<MemPortIdVec></MemPortIdVec>
<condition id="-1">
<or_exp><and_exp></and_exp></or_exp>
</condition>

<Node id="61" bw="15" op_0_bw="16">
<![CDATA[
entry:51 %trunc_ln1273_21 = trunc i16 %p_read615

]]></Node>
<StgValue><ssdm name="trunc_ln1273_21"/></StgValue>
</operation>

<operation id="55" st_id="1" stage="1" lat="1">
<core>NULL</core>
<MemPortIdVec></MemPortIdVec>
<condition id="-1">
<or_exp><and_exp></and_exp></or_exp>
</condition>

<Node id="62" bw="17" op_0_bw="17" op_1_bw="15" op_2_bw="2">
<![CDATA[
entry:52 %shl_ln1273_30 = bitconcatenate i17 @_ssdm_op_BitConcatenate.i17.i15.i2, i15 %trunc_ln1273_21, i2 0

]]></Node>
<StgValue><ssdm name="shl_ln1273_30"/></StgValue>
</operation>

<operation id="56" st_id="1" stage="1" lat="1">
<core>Adder</core>
<MemPortIdVec></MemPortIdVec>
<condition id="-1">
<or_exp><and_exp></and_exp></or_exp>
</condition>

<Node id="63" bw="17" op_0_bw="17" op_1_bw="17">
<![CDATA[
entry:53 %r_V_52 = add i17 %shl_ln1273_30, i17 %sext_ln1273_5

]]></Node>
<StgValue><ssdm name="r_V_52"/></StgValue>
</operation>

<operation id="57" st_id="1" stage="1" lat="1">
<core>NULL</core>
<MemPortIdVec></MemPortIdVec>
<condition id="-1">
<or_exp><and_exp></and_exp></or_exp>
</condition>

<Node id="64" bw="8" op_0_bw="8" op_1_bw="17" op_2_bw="32" op_3_bw="32">
<![CDATA[
entry:54 %trunc_ln818_73 = partselect i8 @_ssdm_op_PartSelect.i8.i17.i32.i32, i17 %r_V_52, i32 9, i32 16

]]></Node>
<StgValue><ssdm name="trunc_ln818_73"/></StgValue>
</operation>

<operation id="58" st_id="1" stage="1" lat="1">
<core>NULL</core>
<MemPortIdVec></MemPortIdVec>
<condition id="-1">
<or_exp><and_exp></and_exp></or_exp>
</condition>

<Node id="65" bw="8" op_0_bw="8" op_1_bw="16" op_2_bw="32" op_3_bw="32">
<![CDATA[
entry:55 %trunc_ln818_74 = partselect i8 @_ssdm_op_PartSelect.i8.i16.i32.i32, i16 %p_read716, i32 6, i32 13

]]></Node>
<StgValue><ssdm name="trunc_ln818_74"/></StgValue>
</operation>

<operation id="59" st_id="1" stage="1" lat="1">
<core>NULL</core>
<MemPortIdVec></MemPortIdVec>
<condition id="-1">
<or_exp><and_exp></and_exp></or_exp>
</condition>

<Node id="66" bw="17" op_0_bw="16">
<![CDATA[
entry:56 %sext_ln1273_6 = sext i16 %p_read716

]]></Node>
<StgValue><ssdm name="sext_ln1273_6"/></StgValue>
</operation>

<operation id="60" st_id="1" stage="1" lat="1">
<core>NULL</core>
<MemPortIdVec></MemPortIdVec>
<condition id="-1">
<or_exp><and_exp></and_exp></or_exp>
</condition>

<Node id="67" bw="15" op_0_bw="16">
<![CDATA[
entry:57 %trunc_ln1273_22 = trunc i16 %p_read716

]]></Node>
<StgValue><ssdm name="trunc_ln1273_22"/></StgValue>
</operation>

<operation id="61" st_id="1" stage="1" lat="1">
<core>NULL</core>
<MemPortIdVec></MemPortIdVec>
<condition id="-1">
<or_exp><and_exp></and_exp></or_exp>
</condition>

<Node id="68" bw="17" op_0_bw="17" op_1_bw="15" op_2_bw="2">
<![CDATA[
entry:58 %shl_ln1273_31 = bitconcatenate i17 @_ssdm_op_BitConcatenate.i17.i15.i2, i15 %trunc_ln1273_22, i2 0

]]></Node>
<StgValue><ssdm name="shl_ln1273_31"/></StgValue>
</operation>

<operation id="62" st_id="1" stage="1" lat="1">
<core>TAddSub</core>
<MemPortIdVec></MemPortIdVec>
<condition id="-1">
<or_exp><and_exp></and_exp></or_exp>
</condition>

<Node id="69" bw="17" op_0_bw="17" op_1_bw="17">
<![CDATA[
entry:59 %sub_ln1273 = sub i17 0, i17 %shl_ln1273_31

]]></Node>
<StgValue><ssdm name="sub_ln1273"/></StgValue>
</operation>

<operation id="63" st_id="1" stage="1" lat="1">
<core>TAddSub</core>
<MemPortIdVec></MemPortIdVec>
<condition id="-1">
<or_exp><and_exp></and_exp></or_exp>
</condition>

<Node id="70" bw="17" op_0_bw="17" op_1_bw="17">
<![CDATA[
entry:60 %r_V_53 = sub i17 %sub_ln1273, i17 %sext_ln1273_6

]]></Node>
<StgValue><ssdm name="r_V_53"/></StgValue>
</operation>

<operation id="64" st_id="1" stage="1" lat="1">
<core>NULL</core>
<MemPortIdVec></MemPortIdVec>
<condition id="-1">
<or_exp><and_exp></and_exp></or_exp>
</condition>

<Node id="71" bw="8" op_0_bw="8" op_1_bw="17" op_2_bw="32" op_3_bw="32">
<![CDATA[
entry:61 %trunc_ln818_75 = partselect i8 @_ssdm_op_PartSelect.i8.i17.i32.i32, i17 %r_V_53, i32 9, i32 16

]]></Node>
<StgValue><ssdm name="trunc_ln818_75"/></StgValue>
</operation>

<operation id="65" st_id="1" stage="1" lat="1">
<core>NULL</core>
<MemPortIdVec></MemPortIdVec>
<condition id="-1">
<or_exp><and_exp></and_exp></or_exp>
</condition>

<Node id="72" bw="17" op_0_bw="16">
<![CDATA[
entry:62 %sext_ln1270_7 = sext i16 %p_read817

]]></Node>
<StgValue><ssdm name="sext_ln1270_7"/></StgValue>
</operation>

<operation id="66" st_id="1" stage="1" lat="1">
<core>NULL</core>
<MemPortIdVec></MemPortIdVec>
<condition id="-1">
<or_exp><and_exp></and_exp></or_exp>
</condition>

<Node id="73" bw="15" op_0_bw="16">
<![CDATA[
entry:63 %trunc_ln1270_6 = trunc i16 %p_read817

]]></Node>
<StgValue><ssdm name="trunc_ln1270_6"/></StgValue>
</operation>

<operation id="67" st_id="1" stage="1" lat="1">
<core>NULL</core>
<MemPortIdVec></MemPortIdVec>
<condition id="-1">
<or_exp><and_exp></and_exp></or_exp>
</condition>

<Node id="74" bw="17" op_0_bw="17" op_1_bw="15" op_2_bw="2">
<![CDATA[
entry:64 %p_shl = bitconcatenate i17 @_ssdm_op_BitConcatenate.i17.i15.i2, i15 %trunc_ln1270_6, i2 0

]]></Node>
<StgValue><ssdm name="p_shl"/></StgValue>
</operation>

<operation id="68" st_id="1" stage="1" lat="1">
<core>Adder</core>
<MemPortIdVec></MemPortIdVec>
<condition id="-1">
<or_exp><and_exp></and_exp></or_exp>
</condition>

<Node id="75" bw="17" op_0_bw="17" op_1_bw="17">
<![CDATA[
entry:65 %sub_ln1270_9 = sub i17 %sext_ln1270_7, i17 %p_shl

]]></Node>
<StgValue><ssdm name="sub_ln1270_9"/></StgValue>
</operation>

<operation id="69" st_id="1" stage="1" lat="1">
<core>NULL</core>
<MemPortIdVec></MemPortIdVec>
<condition id="-1">
<or_exp><and_exp></and_exp></or_exp>
</condition>

<Node id="76" bw="8" op_0_bw="8" op_1_bw="17" op_2_bw="32" op_3_bw="32">
<![CDATA[
entry:66 %trunc_ln818_76 = partselect i8 @_ssdm_op_PartSelect.i8.i17.i32.i32, i17 %sub_ln1270_9, i32 9, i32 16

]]></Node>
<StgValue><ssdm name="trunc_ln818_76"/></StgValue>
</operation>

<operation id="70" st_id="1" stage="1" lat="1">
<core>NULL</core>
<MemPortIdVec></MemPortIdVec>
<condition id="-1">
<or_exp><and_exp></and_exp></or_exp>
</condition>

<Node id="77" bw="8" op_0_bw="8" op_1_bw="16" op_2_bw="32" op_3_bw="32">
<![CDATA[
entry:67 %trunc_ln818_77 = partselect i8 @_ssdm_op_PartSelect.i8.i16.i32.i32, i16 %p_read817, i32 8, i32 15

]]></Node>
<StgValue><ssdm name="trunc_ln818_77"/></StgValue>
</operation>

<operation id="71" st_id="1" stage="1" lat="1">
<core>Adder</core>
<MemPortIdVec></MemPortIdVec>
<condition id="-1">
<or_exp><and_exp></and_exp></or_exp>
</condition>

<Node id="78" bw="8" op_0_bw="8" op_1_bw="8">
<![CDATA[
entry:68 %add_ln813 = add i8 %trunc_ln818_66, i8 %trunc_ln818_s

]]></Node>
<StgValue><ssdm name="add_ln813"/></StgValue>
</operation>

<operation id="72" st_id="1" stage="1" lat="1">
<core>Adder</core>
<MemPortIdVec></MemPortIdVec>
<condition id="-1">
<or_exp><and_exp></and_exp></or_exp>
</condition>

<Node id="79" bw="8" op_0_bw="8" op_1_bw="8">
<![CDATA[
entry:69 %add_ln813_61 = add i8 %trunc_ln818_67, i8 %trunc_ln818_69

]]></Node>
<StgValue><ssdm name="add_ln813_61"/></StgValue>
</operation>

<operation id="73" st_id="1" stage="1" lat="1">
<core>Adder</core>
<MemPortIdVec></MemPortIdVec>
<condition id="-1">
<or_exp><and_exp></and_exp></or_exp>
</condition>

<Node id="82" bw="8" op_0_bw="8" op_1_bw="8">
<![CDATA[
entry:72 %add_ln813_64 = add i8 %trunc_ln818_72, i8 %trunc_ln818_76

]]></Node>
<StgValue><ssdm name="add_ln813_64"/></StgValue>
</operation>

<operation id="74" st_id="1" stage="1" lat="1">
<core>Adder</core>
<MemPortIdVec></MemPortIdVec>
<condition id="-1">
<or_exp><and_exp></and_exp></or_exp>
</condition>

<Node id="85" bw="8" op_0_bw="8" op_1_bw="8">
<![CDATA[
entry:75 %add_ln813_67 = add i8 %trunc_ln818_65, i8 %trunc_ln

]]></Node>
<StgValue><ssdm name="add_ln813_67"/></StgValue>
</operation>

<operation id="75" st_id="1" stage="1" lat="1">
<core>Adder</core>
<MemPortIdVec></MemPortIdVec>
<condition id="-1">
<or_exp><and_exp></and_exp></or_exp>
</condition>

<Node id="86" bw="8" op_0_bw="8" op_1_bw="8">
<![CDATA[
entry:76 %add_ln813_68 = add i8 %trunc_ln818_68, i8 %trunc_ln818_66

]]></Node>
<StgValue><ssdm name="add_ln813_68"/></StgValue>
</operation>
</state>

<state id="2" st_id="2">

<operation id="76" st_id="2" stage="1" lat="1">
<core>TAddSub</core>
<MemPortIdVec></MemPortIdVec>
<condition id="-1">
<or_exp><and_exp></and_exp></or_exp>
</condition>

<Node id="81" bw="8" op_0_bw="8" op_1_bw="8">
<![CDATA[
entry:71 %add_ln813_63 = add i8 %trunc_ln818_70, i8 %trunc_ln818_74

]]></Node>
<StgValue><ssdm name="add_ln813_63"/></StgValue>
</operation>

<operation id="77" st_id="2" stage="1" lat="1">
<core>TAddSub</core>
<MemPortIdVec></MemPortIdVec>
<condition id="-1">
<or_exp><and_exp></and_exp></or_exp>
</condition>

<Node id="83" bw="8" op_0_bw="8" op_1_bw="8">
<![CDATA[
entry:73 %add_ln813_65 = add i8 %add_ln813_64, i8 %add_ln813_63

]]></Node>
<StgValue><ssdm name="add_ln813_65"/></StgValue>
</operation>

<operation id="78" st_id="2" stage="1" lat="1">
<core>Adder</core>
<MemPortIdVec></MemPortIdVec>
<condition id="-1">
<or_exp><and_exp></and_exp></or_exp>
</condition>

<Node id="89" bw="8" op_0_bw="8" op_1_bw="8">
<![CDATA[
entry:79 %add_ln813_71 = add i8 %trunc_ln818_77, i8 %trunc_ln818_75

]]></Node>
<StgValue><ssdm name="add_ln813_71"/></StgValue>
</operation>
</state>

<state id="3" st_id="3">

<operation id="79" st_id="3" stage="1" lat="1">
<core>TAddSub</core>
<MemPortIdVec></MemPortIdVec>
<condition id="-1">
<or_exp><and_exp></and_exp></or_exp>
</condition>

<Node id="80" bw="8" op_0_bw="8" op_1_bw="8">
<![CDATA[
entry:70 %add_ln813_62 = add i8 %add_ln813_61, i8 %add_ln813

]]></Node>
<StgValue><ssdm name="add_ln813_62"/></StgValue>
</operation>

<operation id="80" st_id="3" stage="1" lat="1">
<core>TAddSub</core>
<MemPortIdVec></MemPortIdVec>
<condition id="-1">
<or_exp><and_exp></and_exp></or_exp>
</condition>

<Node id="84" bw="8" op_0_bw="8" op_1_bw="8">
<![CDATA[
entry:74 %x_V = add i8 %add_ln813_65, i8 %add_ln813_62

]]></Node>
<StgValue><ssdm name="x_V"/></StgValue>
</operation>

<operation id="81" st_id="3" stage="1" lat="1">
<core>TAddSub</core>
<MemPortIdVec></MemPortIdVec>
<condition id="-1">
<or_exp><and_exp></and_exp></or_exp>
</condition>

<Node id="88" bw="8" op_0_bw="8" op_1_bw="8">
<![CDATA[
entry:78 %add_ln813_70 = add i8 %trunc_ln818_71, i8 %trunc_ln818_73

]]></Node>
<StgValue><ssdm name="add_ln813_70"/></StgValue>
</operation>

<operation id="82" st_id="3" stage="1" lat="1">
<core>TAddSub</core>
<MemPortIdVec></MemPortIdVec>
<condition id="-1">
<or_exp><and_exp></and_exp></or_exp>
</condition>

<Node id="90" bw="8" op_0_bw="8" op_1_bw="8">
<![CDATA[
entry:80 %add_ln813_72 = add i8 %add_ln813_71, i8 %add_ln813_70

]]></Node>
<StgValue><ssdm name="add_ln813_72"/></StgValue>
</operation>
</state>

<state id="4" st_id="4">

<operation id="83" st_id="4" stage="1" lat="1">
<core>NULL</core>
<MemPortIdVec></MemPortIdVec>
<condition id="-1">
<or_exp><and_exp></and_exp></or_exp>
</condition>

<Node id="10" bw="0" op_0_bw="0" op_1_bw="32" op_2_bw="32" op_3_bw="32" op_4_bw="32" op_5_bw="0">
<![CDATA[
entry:0 %specpipeline_ln33 = specpipeline void @_ssdm_op_SpecPipeline, i32 1, i32 0, i32 0, i32 0, void @empty_0

]]></Node>
<StgValue><ssdm name="specpipeline_ln33"/></StgValue>
</operation>

<operation id="84" st_id="4" stage="1" lat="1">
<core>NULL</core>
<MemPortIdVec></MemPortIdVec>
<condition id="-1">
<or_exp><and_exp></and_exp></or_exp>
</condition>

<Node id="11" bw="0" op_0_bw="0" op_1_bw="64" op_2_bw="0" op_3_bw="0" op_4_bw="0" op_5_bw="0">
<![CDATA[
entry:1 %specresourcelimit_ln33 = specresourcelimit void @_ssdm_op_SpecResourceLimit, i64 16, void @empty_1, void @empty_0, void @empty_0, void @empty_0

]]></Node>
<StgValue><ssdm name="specresourcelimit_ln33"/></StgValue>
</operation>

<operation id="85" st_id="4" stage="1" lat="1">
<core>TAddSub</core>
<MemPortIdVec></MemPortIdVec>
<condition id="-1">
<or_exp><and_exp></and_exp></or_exp>
</condition>

<Node id="87" bw="8" op_0_bw="8" op_1_bw="8">
<![CDATA[
entry:77 %add_ln813_69 = add i8 %add_ln813_68, i8 %add_ln813_67

]]></Node>
<StgValue><ssdm name="add_ln813_69"/></StgValue>
</operation>

<operation id="86" st_id="4" stage="1" lat="1">
<core>TAddSub</core>
<MemPortIdVec></MemPortIdVec>
<condition id="-1">
<or_exp><and_exp></and_exp></or_exp>
</condition>

<Node id="91" bw="8" op_0_bw="8" op_1_bw="8">
<![CDATA[
entry:81 %x_V_15 = add i8 %add_ln813_72, i8 %add_ln813_69

]]></Node>
<StgValue><ssdm name="x_V_15"/></StgValue>
</operation>

<operation id="87" st_id="4" stage="1" lat="1">
<core>NULL</core>
<MemPortIdVec></MemPortIdVec>
<condition id="-1">
<or_exp><and_exp></and_exp></or_exp>
</condition>

<Node id="92" bw="14" op_0_bw="14" op_1_bw="8" op_2_bw="6">
<![CDATA[
entry:82 %shl_ln3 = bitconcatenate i14 @_ssdm_op_BitConcatenate.i14.i8.i6, i8 %x_V, i6 0

]]></Node>
<StgValue><ssdm name="shl_ln3"/></StgValue>
</operation>

<operation id="88" st_id="4" stage="1" lat="1">
<core>NULL</core>
<MemPortIdVec></MemPortIdVec>
<condition id="-1">
<or_exp><and_exp></and_exp></or_exp>
</condition>

<Node id="93" bw="16" op_0_bw="14">
<![CDATA[
entry:83 %sext_ln110 = sext i14 %shl_ln3

]]></Node>
<StgValue><ssdm name="sext_ln110"/></StgValue>
</operation>

<operation id="89" st_id="4" stage="1" lat="1">
<core>NULL</core>
<MemPortIdVec></MemPortIdVec>
<condition id="-1">
<or_exp><and_exp></and_exp></or_exp>
</condition>

<Node id="94" bw="14" op_0_bw="14" op_1_bw="8" op_2_bw="6">
<![CDATA[
entry:84 %shl_ln838_s = bitconcatenate i14 @_ssdm_op_BitConcatenate.i14.i8.i6, i8 %x_V_15, i6 0

]]></Node>
<StgValue><ssdm name="shl_ln838_s"/></StgValue>
</operation>

<operation id="90" st_id="4" stage="1" lat="1">
<core>NULL</core>
<MemPortIdVec></MemPortIdVec>
<condition id="-1">
<or_exp><and_exp></and_exp></or_exp>
</condition>

<Node id="95" bw="16" op_0_bw="14">
<![CDATA[
entry:85 %sext_ln68 = sext i14 %shl_ln838_s

]]></Node>
<StgValue><ssdm name="sext_ln68"/></StgValue>
</operation>

<operation id="91" st_id="4" stage="1" lat="1">
<core>NULL</core>
<MemPortIdVec></MemPortIdVec>
<condition id="-1">
<or_exp><and_exp></and_exp></or_exp>
</condition>

<Node id="96" bw="32" op_0_bw="32" op_1_bw="16">
<![CDATA[
entry:86 %mrv = insertvalue i32 <undef>, i16 %sext_ln110

]]></Node>
<StgValue><ssdm name="mrv"/></StgValue>
</operation>

<operation id="92" st_id="4" stage="1" lat="1">
<core>NULL</core>
<MemPortIdVec></MemPortIdVec>
<condition id="-1">
<or_exp><and_exp></and_exp></or_exp>
</condition>

<Node id="97" bw="32" op_0_bw="32" op_1_bw="16">
<![CDATA[
entry:87 %mrv_1 = insertvalue i32 %mrv, i16 %sext_ln68

]]></Node>
<StgValue><ssdm name="mrv_1"/></StgValue>
</operation>

<operation id="93" st_id="4" stage="1" lat="1">
<core>NULL</core>
<MemPortIdVec></MemPortIdVec>
<condition id="-1">
<or_exp><and_exp></and_exp></or_exp>
</condition>

<Node id="98" bw="0" op_0_bw="32">
<![CDATA[
entry:88 %ret_ln68 = ret i32 %mrv_1

]]></Node>
<StgValue><ssdm name="ret_ln68"/></StgValue>
</operation>
</state>
</state_list>


<ports>
</ports>


<dataflows>
</dataflows>


</stg>
