<stg><name>linear<ap_fixed<16, 6, 5, 3, 0>, ap_fixed<16, 7, 4, 0, 0>, linear_config4></name>


<trans_list>
</trans_list>



<state_list>

<state id="1" st_id="1">

<operation id="2" st_id="1" stage="1" lat="1">
<core>NULL</core>
<MemPortIdVec></MemPortIdVec>
<condition id="-1">
<or_exp><and_exp></and_exp></or_exp>
</condition>

<Node id="6" bw="16" op_0_bw="16" op_1_bw="16">
<![CDATA[
entry:0 %p_read49 = read i16 @_ssdm_op_Read.ap_auto.i16, i16 %p_read4

]]></Node>
<StgValue><ssdm name="p_read49"/></StgValue>
</operation>

<operation id="3" st_id="1" stage="1" lat="1">
<core>NULL</core>
<MemPortIdVec></MemPortIdVec>
<condition id="-1">
<or_exp><and_exp></and_exp></or_exp>
</condition>

<Node id="7" bw="16" op_0_bw="16" op_1_bw="16">
<![CDATA[
entry:1 %p_read38 = read i16 @_ssdm_op_Read.ap_auto.i16, i16 %p_read3

]]></Node>
<StgValue><ssdm name="p_read38"/></StgValue>
</operation>

<operation id="4" st_id="1" stage="1" lat="1">
<core>NULL</core>
<MemPortIdVec></MemPortIdVec>
<condition id="-1">
<or_exp><and_exp></and_exp></or_exp>
</condition>

<Node id="8" bw="16" op_0_bw="16" op_1_bw="16">
<![CDATA[
entry:2 %p_read27 = read i16 @_ssdm_op_Read.ap_auto.i16, i16 %p_read2

]]></Node>
<StgValue><ssdm name="p_read27"/></StgValue>
</operation>

<operation id="5" st_id="1" stage="1" lat="1">
<core>NULL</core>
<MemPortIdVec></MemPortIdVec>
<condition id="-1">
<or_exp><and_exp></and_exp></or_exp>
</condition>

<Node id="9" bw="16" op_0_bw="16" op_1_bw="16">
<![CDATA[
entry:3 %p_read16 = read i16 @_ssdm_op_Read.ap_auto.i16, i16 %p_read1

]]></Node>
<StgValue><ssdm name="p_read16"/></StgValue>
</operation>

<operation id="6" st_id="1" stage="1" lat="1">
<core>NULL</core>
<MemPortIdVec></MemPortIdVec>
<condition id="-1">
<or_exp><and_exp></and_exp></or_exp>
</condition>

<Node id="10" bw="16" op_0_bw="16" op_1_bw="16">
<![CDATA[
entry:4 %p_read_10 = read i16 @_ssdm_op_Read.ap_auto.i16, i16 %p_read

]]></Node>
<StgValue><ssdm name="p_read_10"/></StgValue>
</operation>

<operation id="7" st_id="1" stage="1" lat="1">
<core>NULL</core>
<MemPortIdVec></MemPortIdVec>
<condition id="-1">
<or_exp><and_exp></and_exp></or_exp>
</condition>

<Node id="11" bw="1" op_0_bw="16">
<![CDATA[
entry:5 %trunc_ln29 = trunc i16 %p_read49

]]></Node>
<StgValue><ssdm name="trunc_ln29"/></StgValue>
</operation>

<operation id="8" st_id="1" stage="1" lat="1">
<core>NULL</core>
<MemPortIdVec></MemPortIdVec>
<condition id="-1">
<or_exp><and_exp></and_exp></or_exp>
</condition>

<Node id="12" bw="1" op_0_bw="16">
<![CDATA[
entry:6 %trunc_ln29_7 = trunc i16 %p_read38

]]></Node>
<StgValue><ssdm name="trunc_ln29_7"/></StgValue>
</operation>

<operation id="9" st_id="1" stage="1" lat="1">
<core>NULL</core>
<MemPortIdVec></MemPortIdVec>
<condition id="-1">
<or_exp><and_exp></and_exp></or_exp>
</condition>

<Node id="13" bw="1" op_0_bw="16">
<![CDATA[
entry:7 %trunc_ln29_8 = trunc i16 %p_read27

]]></Node>
<StgValue><ssdm name="trunc_ln29_8"/></StgValue>
</operation>

<operation id="10" st_id="1" stage="1" lat="1">
<core>NULL</core>
<MemPortIdVec></MemPortIdVec>
<condition id="-1">
<or_exp><and_exp></and_exp></or_exp>
</condition>

<Node id="14" bw="1" op_0_bw="16">
<![CDATA[
entry:8 %trunc_ln29_9 = trunc i16 %p_read16

]]></Node>
<StgValue><ssdm name="trunc_ln29_9"/></StgValue>
</operation>

<operation id="11" st_id="1" stage="1" lat="1">
<core>NULL</core>
<MemPortIdVec></MemPortIdVec>
<condition id="-1">
<or_exp><and_exp></and_exp></or_exp>
</condition>

<Node id="15" bw="1" op_0_bw="16">
<![CDATA[
entry:9 %trunc_ln29_10 = trunc i16 %p_read_10

]]></Node>
<StgValue><ssdm name="trunc_ln29_10"/></StgValue>
</operation>

<operation id="12" st_id="1" stage="1" lat="1">
<core>NULL</core>
<MemPortIdVec></MemPortIdVec>
<condition id="-1">
<or_exp><and_exp></and_exp></or_exp>
</condition>

<Node id="16" bw="0" op_0_bw="0" op_1_bw="32" op_2_bw="32" op_3_bw="32" op_4_bw="32" op_5_bw="0">
<![CDATA[
entry:10 %specpipeline_ln29 = specpipeline void @_ssdm_op_SpecPipeline, i32 4294967295, i32 0, i32 0, i32 0, void @empty_0

]]></Node>
<StgValue><ssdm name="specpipeline_ln29"/></StgValue>
</operation>

<operation id="13" st_id="1" stage="1" lat="1">
<core>NULL</core>
<MemPortIdVec></MemPortIdVec>
<condition id="-1">
<or_exp><and_exp></and_exp></or_exp>
</condition>

<Node id="17" bw="15" op_0_bw="15" op_1_bw="16" op_2_bw="32" op_3_bw="32">
<![CDATA[
entry:11 %p_Val2_s = partselect i15 @_ssdm_op_PartSelect.i15.i16.i32.i32, i16 %p_read_10, i32 1, i32 15

]]></Node>
<StgValue><ssdm name="p_Val2_s"/></StgValue>
</operation>

<operation id="14" st_id="1" stage="1" lat="1">
<core>NULL</core>
<MemPortIdVec></MemPortIdVec>
<condition id="-1">
<or_exp><and_exp></and_exp></or_exp>
</condition>

<Node id="18" bw="16" op_0_bw="15">
<![CDATA[
entry:12 %sext_ln818 = sext i15 %p_Val2_s

]]></Node>
<StgValue><ssdm name="sext_ln818"/></StgValue>
</operation>

<operation id="15" st_id="1" stage="1" lat="1">
<core>NULL</core>
<MemPortIdVec></MemPortIdVec>
<condition id="-1">
<or_exp><and_exp></and_exp></or_exp>
</condition>

<Node id="19" bw="1" op_0_bw="1" op_1_bw="16" op_2_bw="32">
<![CDATA[
entry:13 %tmp = bitselect i1 @_ssdm_op_BitSelect.i1.i16.i32, i16 %p_read_10, i32 1

]]></Node>
<StgValue><ssdm name="tmp"/></StgValue>
</operation>

<operation id="16" st_id="1" stage="1" lat="1">
<core>LogicGate</core>
<MemPortIdVec></MemPortIdVec>
<condition id="-1">
<or_exp><and_exp></and_exp></or_exp>
</condition>

<Node id="20" bw="1" op_0_bw="1" op_1_bw="1">
<![CDATA[
entry:14 %and_ln374 = and i1 %tmp, i1 %trunc_ln29_10

]]></Node>
<StgValue><ssdm name="and_ln374"/></StgValue>
</operation>

<operation id="17" st_id="1" stage="1" lat="1">
<core>NULL</core>
<MemPortIdVec></MemPortIdVec>
<condition id="-1">
<or_exp><and_exp></and_exp></or_exp>
</condition>

<Node id="21" bw="16" op_0_bw="1">
<![CDATA[
entry:15 %zext_ln377 = zext i1 %and_ln374

]]></Node>
<StgValue><ssdm name="zext_ln377"/></StgValue>
</operation>

<operation id="18" st_id="1" stage="1" lat="1">
<core>Adder</core>
<MemPortIdVec></MemPortIdVec>
<condition id="-1">
<or_exp><and_exp></and_exp></or_exp>
</condition>

<Node id="22" bw="16" op_0_bw="16" op_1_bw="16">
<![CDATA[
entry:16 %add_ln377 = add i16 %zext_ln377, i16 %sext_ln818

]]></Node>
<StgValue><ssdm name="add_ln377"/></StgValue>
</operation>

<operation id="19" st_id="1" stage="1" lat="1">
<core>NULL</core>
<MemPortIdVec></MemPortIdVec>
<condition id="-1">
<or_exp><and_exp></and_exp></or_exp>
</condition>

<Node id="23" bw="15" op_0_bw="15" op_1_bw="16" op_2_bw="32" op_3_bw="32">
<![CDATA[
entry:17 %p_Val2_7 = partselect i15 @_ssdm_op_PartSelect.i15.i16.i32.i32, i16 %p_read16, i32 1, i32 15

]]></Node>
<StgValue><ssdm name="p_Val2_7"/></StgValue>
</operation>

<operation id="20" st_id="1" stage="1" lat="1">
<core>NULL</core>
<MemPortIdVec></MemPortIdVec>
<condition id="-1">
<or_exp><and_exp></and_exp></or_exp>
</condition>

<Node id="24" bw="16" op_0_bw="15">
<![CDATA[
entry:18 %sext_ln818_7 = sext i15 %p_Val2_7

]]></Node>
<StgValue><ssdm name="sext_ln818_7"/></StgValue>
</operation>

<operation id="21" st_id="1" stage="1" lat="1">
<core>NULL</core>
<MemPortIdVec></MemPortIdVec>
<condition id="-1">
<or_exp><and_exp></and_exp></or_exp>
</condition>

<Node id="25" bw="1" op_0_bw="1" op_1_bw="16" op_2_bw="32">
<![CDATA[
entry:19 %tmp_12 = bitselect i1 @_ssdm_op_BitSelect.i1.i16.i32, i16 %p_read16, i32 1

]]></Node>
<StgValue><ssdm name="tmp_12"/></StgValue>
</operation>

<operation id="22" st_id="1" stage="1" lat="1">
<core>LogicGate</core>
<MemPortIdVec></MemPortIdVec>
<condition id="-1">
<or_exp><and_exp></and_exp></or_exp>
</condition>

<Node id="26" bw="1" op_0_bw="1" op_1_bw="1">
<![CDATA[
entry:20 %and_ln374_7 = and i1 %tmp_12, i1 %trunc_ln29_9

]]></Node>
<StgValue><ssdm name="and_ln374_7"/></StgValue>
</operation>

<operation id="23" st_id="1" stage="1" lat="1">
<core>NULL</core>
<MemPortIdVec></MemPortIdVec>
<condition id="-1">
<or_exp><and_exp></and_exp></or_exp>
</condition>

<Node id="27" bw="16" op_0_bw="1">
<![CDATA[
entry:21 %zext_ln377_7 = zext i1 %and_ln374_7

]]></Node>
<StgValue><ssdm name="zext_ln377_7"/></StgValue>
</operation>

<operation id="24" st_id="1" stage="1" lat="1">
<core>Adder</core>
<MemPortIdVec></MemPortIdVec>
<condition id="-1">
<or_exp><and_exp></and_exp></or_exp>
</condition>

<Node id="28" bw="16" op_0_bw="16" op_1_bw="16">
<![CDATA[
entry:22 %add_ln377_7 = add i16 %zext_ln377_7, i16 %sext_ln818_7

]]></Node>
<StgValue><ssdm name="add_ln377_7"/></StgValue>
</operation>

<operation id="25" st_id="1" stage="1" lat="1">
<core>NULL</core>
<MemPortIdVec></MemPortIdVec>
<condition id="-1">
<or_exp><and_exp></and_exp></or_exp>
</condition>

<Node id="29" bw="15" op_0_bw="15" op_1_bw="16" op_2_bw="32" op_3_bw="32">
<![CDATA[
entry:23 %p_Val2_8 = partselect i15 @_ssdm_op_PartSelect.i15.i16.i32.i32, i16 %p_read27, i32 1, i32 15

]]></Node>
<StgValue><ssdm name="p_Val2_8"/></StgValue>
</operation>

<operation id="26" st_id="1" stage="1" lat="1">
<core>NULL</core>
<MemPortIdVec></MemPortIdVec>
<condition id="-1">
<or_exp><and_exp></and_exp></or_exp>
</condition>

<Node id="30" bw="16" op_0_bw="15">
<![CDATA[
entry:24 %sext_ln818_8 = sext i15 %p_Val2_8

]]></Node>
<StgValue><ssdm name="sext_ln818_8"/></StgValue>
</operation>

<operation id="27" st_id="1" stage="1" lat="1">
<core>NULL</core>
<MemPortIdVec></MemPortIdVec>
<condition id="-1">
<or_exp><and_exp></and_exp></or_exp>
</condition>

<Node id="31" bw="1" op_0_bw="1" op_1_bw="16" op_2_bw="32">
<![CDATA[
entry:25 %tmp_13 = bitselect i1 @_ssdm_op_BitSelect.i1.i16.i32, i16 %p_read27, i32 1

]]></Node>
<StgValue><ssdm name="tmp_13"/></StgValue>
</operation>

<operation id="28" st_id="1" stage="1" lat="1">
<core>LogicGate</core>
<MemPortIdVec></MemPortIdVec>
<condition id="-1">
<or_exp><and_exp></and_exp></or_exp>
</condition>

<Node id="32" bw="1" op_0_bw="1" op_1_bw="1">
<![CDATA[
entry:26 %and_ln374_8 = and i1 %tmp_13, i1 %trunc_ln29_8

]]></Node>
<StgValue><ssdm name="and_ln374_8"/></StgValue>
</operation>

<operation id="29" st_id="1" stage="1" lat="1">
<core>NULL</core>
<MemPortIdVec></MemPortIdVec>
<condition id="-1">
<or_exp><and_exp></and_exp></or_exp>
</condition>

<Node id="33" bw="16" op_0_bw="1">
<![CDATA[
entry:27 %zext_ln377_8 = zext i1 %and_ln374_8

]]></Node>
<StgValue><ssdm name="zext_ln377_8"/></StgValue>
</operation>

<operation id="30" st_id="1" stage="1" lat="1">
<core>Adder</core>
<MemPortIdVec></MemPortIdVec>
<condition id="-1">
<or_exp><and_exp></and_exp></or_exp>
</condition>

<Node id="34" bw="16" op_0_bw="16" op_1_bw="16">
<![CDATA[
entry:28 %add_ln377_8 = add i16 %zext_ln377_8, i16 %sext_ln818_8

]]></Node>
<StgValue><ssdm name="add_ln377_8"/></StgValue>
</operation>

<operation id="31" st_id="1" stage="1" lat="1">
<core>NULL</core>
<MemPortIdVec></MemPortIdVec>
<condition id="-1">
<or_exp><and_exp></and_exp></or_exp>
</condition>

<Node id="35" bw="15" op_0_bw="15" op_1_bw="16" op_2_bw="32" op_3_bw="32">
<![CDATA[
entry:29 %p_Val2_9 = partselect i15 @_ssdm_op_PartSelect.i15.i16.i32.i32, i16 %p_read38, i32 1, i32 15

]]></Node>
<StgValue><ssdm name="p_Val2_9"/></StgValue>
</operation>

<operation id="32" st_id="1" stage="1" lat="1">
<core>NULL</core>
<MemPortIdVec></MemPortIdVec>
<condition id="-1">
<or_exp><and_exp></and_exp></or_exp>
</condition>

<Node id="36" bw="16" op_0_bw="15">
<![CDATA[
entry:30 %sext_ln818_9 = sext i15 %p_Val2_9

]]></Node>
<StgValue><ssdm name="sext_ln818_9"/></StgValue>
</operation>

<operation id="33" st_id="1" stage="1" lat="1">
<core>NULL</core>
<MemPortIdVec></MemPortIdVec>
<condition id="-1">
<or_exp><and_exp></and_exp></or_exp>
</condition>

<Node id="37" bw="1" op_0_bw="1" op_1_bw="16" op_2_bw="32">
<![CDATA[
entry:31 %tmp_14 = bitselect i1 @_ssdm_op_BitSelect.i1.i16.i32, i16 %p_read38, i32 1

]]></Node>
<StgValue><ssdm name="tmp_14"/></StgValue>
</operation>

<operation id="34" st_id="1" stage="1" lat="1">
<core>LogicGate</core>
<MemPortIdVec></MemPortIdVec>
<condition id="-1">
<or_exp><and_exp></and_exp></or_exp>
</condition>

<Node id="38" bw="1" op_0_bw="1" op_1_bw="1">
<![CDATA[
entry:32 %and_ln374_9 = and i1 %tmp_14, i1 %trunc_ln29_7

]]></Node>
<StgValue><ssdm name="and_ln374_9"/></StgValue>
</operation>

<operation id="35" st_id="1" stage="1" lat="1">
<core>NULL</core>
<MemPortIdVec></MemPortIdVec>
<condition id="-1">
<or_exp><and_exp></and_exp></or_exp>
</condition>

<Node id="39" bw="16" op_0_bw="1">
<![CDATA[
entry:33 %zext_ln377_9 = zext i1 %and_ln374_9

]]></Node>
<StgValue><ssdm name="zext_ln377_9"/></StgValue>
</operation>

<operation id="36" st_id="1" stage="1" lat="1">
<core>Adder</core>
<MemPortIdVec></MemPortIdVec>
<condition id="-1">
<or_exp><and_exp></and_exp></or_exp>
</condition>

<Node id="40" bw="16" op_0_bw="16" op_1_bw="16">
<![CDATA[
entry:34 %add_ln377_9 = add i16 %zext_ln377_9, i16 %sext_ln818_9

]]></Node>
<StgValue><ssdm name="add_ln377_9"/></StgValue>
</operation>

<operation id="37" st_id="1" stage="1" lat="1">
<core>NULL</core>
<MemPortIdVec></MemPortIdVec>
<condition id="-1">
<or_exp><and_exp></and_exp></or_exp>
</condition>

<Node id="41" bw="15" op_0_bw="15" op_1_bw="16" op_2_bw="32" op_3_bw="32">
<![CDATA[
entry:35 %p_Val2_10 = partselect i15 @_ssdm_op_PartSelect.i15.i16.i32.i32, i16 %p_read49, i32 1, i32 15

]]></Node>
<StgValue><ssdm name="p_Val2_10"/></StgValue>
</operation>

<operation id="38" st_id="1" stage="1" lat="1">
<core>NULL</core>
<MemPortIdVec></MemPortIdVec>
<condition id="-1">
<or_exp><and_exp></and_exp></or_exp>
</condition>

<Node id="42" bw="16" op_0_bw="15">
<![CDATA[
entry:36 %sext_ln818_10 = sext i15 %p_Val2_10

]]></Node>
<StgValue><ssdm name="sext_ln818_10"/></StgValue>
</operation>

<operation id="39" st_id="1" stage="1" lat="1">
<core>NULL</core>
<MemPortIdVec></MemPortIdVec>
<condition id="-1">
<or_exp><and_exp></and_exp></or_exp>
</condition>

<Node id="43" bw="1" op_0_bw="1" op_1_bw="16" op_2_bw="32">
<![CDATA[
entry:37 %tmp_15 = bitselect i1 @_ssdm_op_BitSelect.i1.i16.i32, i16 %p_read49, i32 1

]]></Node>
<StgValue><ssdm name="tmp_15"/></StgValue>
</operation>

<operation id="40" st_id="1" stage="1" lat="1">
<core>LogicGate</core>
<MemPortIdVec></MemPortIdVec>
<condition id="-1">
<or_exp><and_exp></and_exp></or_exp>
</condition>

<Node id="44" bw="1" op_0_bw="1" op_1_bw="1">
<![CDATA[
entry:38 %and_ln374_10 = and i1 %tmp_15, i1 %trunc_ln29

]]></Node>
<StgValue><ssdm name="and_ln374_10"/></StgValue>
</operation>

<operation id="41" st_id="1" stage="1" lat="1">
<core>NULL</core>
<MemPortIdVec></MemPortIdVec>
<condition id="-1">
<or_exp><and_exp></and_exp></or_exp>
</condition>

<Node id="45" bw="16" op_0_bw="1">
<![CDATA[
entry:39 %zext_ln377_10 = zext i1 %and_ln374_10

]]></Node>
<StgValue><ssdm name="zext_ln377_10"/></StgValue>
</operation>

<operation id="42" st_id="1" stage="1" lat="1">
<core>Adder</core>
<MemPortIdVec></MemPortIdVec>
<condition id="-1">
<or_exp><and_exp></and_exp></or_exp>
</condition>

<Node id="46" bw="16" op_0_bw="16" op_1_bw="16">
<![CDATA[
entry:40 %add_ln377_10 = add i16 %zext_ln377_10, i16 %sext_ln818_10

]]></Node>
<StgValue><ssdm name="add_ln377_10"/></StgValue>
</operation>

<operation id="43" st_id="1" stage="1" lat="1">
<core>NULL</core>
<MemPortIdVec></MemPortIdVec>
<condition id="-1">
<or_exp><and_exp></and_exp></or_exp>
</condition>

<Node id="47" bw="80" op_0_bw="80" op_1_bw="16">
<![CDATA[
entry:41 %mrv = insertvalue i80 <undef>, i16 %add_ln377

]]></Node>
<StgValue><ssdm name="mrv"/></StgValue>
</operation>

<operation id="44" st_id="1" stage="1" lat="1">
<core>NULL</core>
<MemPortIdVec></MemPortIdVec>
<condition id="-1">
<or_exp><and_exp></and_exp></or_exp>
</condition>

<Node id="48" bw="80" op_0_bw="80" op_1_bw="16">
<![CDATA[
entry:42 %mrv_1 = insertvalue i80 %mrv, i16 %add_ln377_7

]]></Node>
<StgValue><ssdm name="mrv_1"/></StgValue>
</operation>

<operation id="45" st_id="1" stage="1" lat="1">
<core>NULL</core>
<MemPortIdVec></MemPortIdVec>
<condition id="-1">
<or_exp><and_exp></and_exp></or_exp>
</condition>

<Node id="49" bw="80" op_0_bw="80" op_1_bw="16">
<![CDATA[
entry:43 %mrv_2 = insertvalue i80 %mrv_1, i16 %add_ln377_8

]]></Node>
<StgValue><ssdm name="mrv_2"/></StgValue>
</operation>

<operation id="46" st_id="1" stage="1" lat="1">
<core>NULL</core>
<MemPortIdVec></MemPortIdVec>
<condition id="-1">
<or_exp><and_exp></and_exp></or_exp>
</condition>

<Node id="50" bw="80" op_0_bw="80" op_1_bw="16">
<![CDATA[
entry:44 %mrv_3 = insertvalue i80 %mrv_2, i16 %add_ln377_9

]]></Node>
<StgValue><ssdm name="mrv_3"/></StgValue>
</operation>

<operation id="47" st_id="1" stage="1" lat="1">
<core>NULL</core>
<MemPortIdVec></MemPortIdVec>
<condition id="-1">
<or_exp><and_exp></and_exp></or_exp>
</condition>

<Node id="51" bw="80" op_0_bw="80" op_1_bw="16">
<![CDATA[
entry:45 %mrv_4 = insertvalue i80 %mrv_3, i16 %add_ln377_10

]]></Node>
<StgValue><ssdm name="mrv_4"/></StgValue>
</operation>

<operation id="48" st_id="1" stage="1" lat="1">
<core>NULL</core>
<MemPortIdVec></MemPortIdVec>
<condition id="-1">
<or_exp><and_exp></and_exp></or_exp>
</condition>

<Node id="52" bw="0" op_0_bw="80">
<![CDATA[
entry:46 %ret_ln34 = ret i80 %mrv_4

]]></Node>
<StgValue><ssdm name="ret_ln34"/></StgValue>
</operation>
</state>
</state_list>


<ports>
<port id="50" name="p_read" dir="0" iftype="0">
<core>NULL</core><StgValue><ssdm name="p_read"/></StgValue>
</port>
<port id="51" name="p_read1" dir="0" iftype="0">
<core>NULL</core><StgValue><ssdm name="p_read1"/></StgValue>
</port>
<port id="52" name="p_read2" dir="0" iftype="0">
<core>NULL</core><StgValue><ssdm name="p_read2"/></StgValue>
</port>
<port id="53" name="p_read3" dir="0" iftype="0">
<core>NULL</core><StgValue><ssdm name="p_read3"/></StgValue>
</port>
<port id="54" name="p_read4" dir="0" iftype="0">
<core>NULL</core><StgValue><ssdm name="p_read4"/></StgValue>
</port>
</ports>


<dataflows>
<dataflow id="56" from="_ssdm_op_Read.ap_auto.i16" to="p_read49" fromId="55" toId="2">
</dataflow>
<dataflow id="57" from="p_read4" to="p_read49" fromId="54" toId="2">
</dataflow>
<dataflow id="58" from="_ssdm_op_Read.ap_auto.i16" to="p_read38" fromId="55" toId="3">
</dataflow>
<dataflow id="59" from="p_read3" to="p_read38" fromId="53" toId="3">
</dataflow>
<dataflow id="60" from="_ssdm_op_Read.ap_auto.i16" to="p_read27" fromId="55" toId="4">
</dataflow>
<dataflow id="61" from="p_read2" to="p_read27" fromId="52" toId="4">
</dataflow>
<dataflow id="62" from="_ssdm_op_Read.ap_auto.i16" to="p_read16" fromId="55" toId="5">
</dataflow>
<dataflow id="63" from="p_read1" to="p_read16" fromId="51" toId="5">
</dataflow>
<dataflow id="64" from="_ssdm_op_Read.ap_auto.i16" to="p_read_10" fromId="55" toId="6">
</dataflow>
<dataflow id="65" from="p_read" to="p_read_10" fromId="50" toId="6">
</dataflow>
<dataflow id="66" from="p_read49" to="trunc_ln29" fromId="2" toId="7">
</dataflow>
<dataflow id="67" from="p_read38" to="trunc_ln29_7" fromId="3" toId="8">
</dataflow>
<dataflow id="68" from="p_read27" to="trunc_ln29_8" fromId="4" toId="9">
</dataflow>
<dataflow id="69" from="p_read16" to="trunc_ln29_9" fromId="5" toId="10">
</dataflow>
<dataflow id="70" from="p_read_10" to="trunc_ln29_10" fromId="6" toId="11">
</dataflow>
<dataflow id="72" from="_ssdm_op_SpecPipeline" to="specpipeline_ln29" fromId="71" toId="12">
</dataflow>
<dataflow id="74" from="StgValue_73" to="specpipeline_ln29" fromId="73" toId="12">
</dataflow>
<dataflow id="76" from="StgValue_75" to="specpipeline_ln29" fromId="75" toId="12">
</dataflow>
<dataflow id="77" from="StgValue_75" to="specpipeline_ln29" fromId="75" toId="12">
</dataflow>
<dataflow id="78" from="StgValue_75" to="specpipeline_ln29" fromId="75" toId="12">
</dataflow>
<dataflow id="80" from="empty_0" to="specpipeline_ln29" fromId="79" toId="12">
</dataflow>
<dataflow id="82" from="_ssdm_op_PartSelect.i15.i16.i32.i32" to="p_Val2_s" fromId="81" toId="13">
</dataflow>
<dataflow id="83" from="p_read_10" to="p_Val2_s" fromId="6" toId="13">
</dataflow>
<dataflow id="85" from="StgValue_84" to="p_Val2_s" fromId="84" toId="13">
</dataflow>
<dataflow id="87" from="StgValue_86" to="p_Val2_s" fromId="86" toId="13">
</dataflow>
<dataflow id="88" from="p_Val2_s" to="sext_ln818" fromId="13" toId="14">
</dataflow>
<dataflow id="90" from="_ssdm_op_BitSelect.i1.i16.i32" to="tmp" fromId="89" toId="15">
</dataflow>
<dataflow id="91" from="p_read_10" to="tmp" fromId="6" toId="15">
</dataflow>
<dataflow id="92" from="StgValue_84" to="tmp" fromId="84" toId="15">
</dataflow>
<dataflow id="93" from="tmp" to="and_ln374" fromId="15" toId="16">
</dataflow>
<dataflow id="94" from="trunc_ln29_10" to="and_ln374" fromId="11" toId="16">
</dataflow>
<dataflow id="95" from="and_ln374" to="zext_ln377" fromId="16" toId="17">
</dataflow>
<dataflow id="96" from="zext_ln377" to="add_ln377" fromId="17" toId="18">
</dataflow>
<dataflow id="97" from="sext_ln818" to="add_ln377" fromId="14" toId="18">
</dataflow>
<dataflow id="98" from="_ssdm_op_PartSelect.i15.i16.i32.i32" to="p_Val2_7" fromId="81" toId="19">
</dataflow>
<dataflow id="99" from="p_read16" to="p_Val2_7" fromId="5" toId="19">
</dataflow>
<dataflow id="100" from="StgValue_84" to="p_Val2_7" fromId="84" toId="19">
</dataflow>
<dataflow id="101" from="StgValue_86" to="p_Val2_7" fromId="86" toId="19">
</dataflow>
<dataflow id="102" from="p_Val2_7" to="sext_ln818_7" fromId="19" toId="20">
</dataflow>
<dataflow id="103" from="_ssdm_op_BitSelect.i1.i16.i32" to="tmp_12" fromId="89" toId="21">
</dataflow>
<dataflow id="104" from="p_read16" to="tmp_12" fromId="5" toId="21">
</dataflow>
<dataflow id="105" from="StgValue_84" to="tmp_12" fromId="84" toId="21">
</dataflow>
<dataflow id="106" from="tmp_12" to="and_ln374_7" fromId="21" toId="22">
</dataflow>
<dataflow id="107" from="trunc_ln29_9" to="and_ln374_7" fromId="10" toId="22">
</dataflow>
<dataflow id="108" from="and_ln374_7" to="zext_ln377_7" fromId="22" toId="23">
</dataflow>
<dataflow id="109" from="zext_ln377_7" to="add_ln377_7" fromId="23" toId="24">
</dataflow>
<dataflow id="110" from="sext_ln818_7" to="add_ln377_7" fromId="20" toId="24">
</dataflow>
<dataflow id="111" from="_ssdm_op_PartSelect.i15.i16.i32.i32" to="p_Val2_8" fromId="81" toId="25">
</dataflow>
<dataflow id="112" from="p_read27" to="p_Val2_8" fromId="4" toId="25">
</dataflow>
<dataflow id="113" from="StgValue_84" to="p_Val2_8" fromId="84" toId="25">
</dataflow>
<dataflow id="114" from="StgValue_86" to="p_Val2_8" fromId="86" toId="25">
</dataflow>
<dataflow id="115" from="p_Val2_8" to="sext_ln818_8" fromId="25" toId="26">
</dataflow>
<dataflow id="116" from="_ssdm_op_BitSelect.i1.i16.i32" to="tmp_13" fromId="89" toId="27">
</dataflow>
<dataflow id="117" from="p_read27" to="tmp_13" fromId="4" toId="27">
</dataflow>
<dataflow id="118" from="StgValue_84" to="tmp_13" fromId="84" toId="27">
</dataflow>
<dataflow id="119" from="tmp_13" to="and_ln374_8" fromId="27" toId="28">
</dataflow>
<dataflow id="120" from="trunc_ln29_8" to="and_ln374_8" fromId="9" toId="28">
</dataflow>
<dataflow id="121" from="and_ln374_8" to="zext_ln377_8" fromId="28" toId="29">
</dataflow>
<dataflow id="122" from="zext_ln377_8" to="add_ln377_8" fromId="29" toId="30">
</dataflow>
<dataflow id="123" from="sext_ln818_8" to="add_ln377_8" fromId="26" toId="30">
</dataflow>
<dataflow id="124" from="_ssdm_op_PartSelect.i15.i16.i32.i32" to="p_Val2_9" fromId="81" toId="31">
</dataflow>
<dataflow id="125" from="p_read38" to="p_Val2_9" fromId="3" toId="31">
</dataflow>
<dataflow id="126" from="StgValue_84" to="p_Val2_9" fromId="84" toId="31">
</dataflow>
<dataflow id="127" from="StgValue_86" to="p_Val2_9" fromId="86" toId="31">
</dataflow>
<dataflow id="128" from="p_Val2_9" to="sext_ln818_9" fromId="31" toId="32">
</dataflow>
<dataflow id="129" from="_ssdm_op_BitSelect.i1.i16.i32" to="tmp_14" fromId="89" toId="33">
</dataflow>
<dataflow id="130" from="p_read38" to="tmp_14" fromId="3" toId="33">
</dataflow>
<dataflow id="131" from="StgValue_84" to="tmp_14" fromId="84" toId="33">
</dataflow>
<dataflow id="132" from="tmp_14" to="and_ln374_9" fromId="33" toId="34">
</dataflow>
<dataflow id="133" from="trunc_ln29_7" to="and_ln374_9" fromId="8" toId="34">
</dataflow>
<dataflow id="134" from="and_ln374_9" to="zext_ln377_9" fromId="34" toId="35">
</dataflow>
<dataflow id="135" from="zext_ln377_9" to="add_ln377_9" fromId="35" toId="36">
</dataflow>
<dataflow id="136" from="sext_ln818_9" to="add_ln377_9" fromId="32" toId="36">
</dataflow>
<dataflow id="137" from="_ssdm_op_PartSelect.i15.i16.i32.i32" to="p_Val2_10" fromId="81" toId="37">
</dataflow>
<dataflow id="138" from="p_read49" to="p_Val2_10" fromId="2" toId="37">
</dataflow>
<dataflow id="139" from="StgValue_84" to="p_Val2_10" fromId="84" toId="37">
</dataflow>
<dataflow id="140" from="StgValue_86" to="p_Val2_10" fromId="86" toId="37">
</dataflow>
<dataflow id="141" from="p_Val2_10" to="sext_ln818_10" fromId="37" toId="38">
</dataflow>
<dataflow id="142" from="_ssdm_op_BitSelect.i1.i16.i32" to="tmp_15" fromId="89" toId="39">
</dataflow>
<dataflow id="143" from="p_read49" to="tmp_15" fromId="2" toId="39">
</dataflow>
<dataflow id="144" from="StgValue_84" to="tmp_15" fromId="84" toId="39">
</dataflow>
<dataflow id="145" from="tmp_15" to="and_ln374_10" fromId="39" toId="40">
</dataflow>
<dataflow id="146" from="trunc_ln29" to="and_ln374_10" fromId="7" toId="40">
</dataflow>
<dataflow id="147" from="and_ln374_10" to="zext_ln377_10" fromId="40" toId="41">
</dataflow>
<dataflow id="148" from="zext_ln377_10" to="add_ln377_10" fromId="41" toId="42">
</dataflow>
<dataflow id="149" from="sext_ln818_10" to="add_ln377_10" fromId="38" toId="42">
</dataflow>
<dataflow id="151" from="StgValue_150" to="mrv" fromId="150" toId="43">
</dataflow>
<dataflow id="152" from="add_ln377" to="mrv" fromId="18" toId="43">
</dataflow>
<dataflow id="153" from="mrv" to="mrv_1" fromId="43" toId="44">
</dataflow>
<dataflow id="154" from="add_ln377_7" to="mrv_1" fromId="24" toId="44">
</dataflow>
<dataflow id="155" from="mrv_1" to="mrv_2" fromId="44" toId="45">
</dataflow>
<dataflow id="156" from="add_ln377_8" to="mrv_2" fromId="30" toId="45">
</dataflow>
<dataflow id="157" from="mrv_2" to="mrv_3" fromId="45" toId="46">
</dataflow>
<dataflow id="158" from="add_ln377_9" to="mrv_3" fromId="36" toId="46">
</dataflow>
<dataflow id="159" from="mrv_3" to="mrv_4" fromId="46" toId="47">
</dataflow>
<dataflow id="160" from="add_ln377_10" to="mrv_4" fromId="42" toId="47">
</dataflow>
<dataflow id="161" from="mrv_4" to="ret_ln34" fromId="47" toId="48">
</dataflow>
</dataflows>


</stg>
