<stg><name>linear<ap_fixed<16, 6, 5, 3, 0>, ap_fixed<16, 7, 4, 0, 0>, linear_config10></name>


<trans_list>
</trans_list>



<state_list>

<state id="1" st_id="1">

<operation id="2" st_id="1" stage="1" lat="1">
<core>NULL</core>
<MemPortIdVec></MemPortIdVec>
<condition id="-1">
<or_exp><and_exp></and_exp></or_exp>
</condition>

<Node id="10" bw="16" op_0_bw="16" op_1_bw="16">
<![CDATA[
entry:0 %p_read_11 = read i16 @_ssdm_op_Read.ap_auto.i16, i16 %p_read9

]]></Node>
<StgValue><ssdm name="p_read_11"/></StgValue>
</operation>

<operation id="3" st_id="1" stage="1" lat="1">
<core>NULL</core>
<MemPortIdVec></MemPortIdVec>
<condition id="-1">
<or_exp><and_exp></and_exp></or_exp>
</condition>

<Node id="11" bw="16" op_0_bw="16" op_1_bw="16">
<![CDATA[
entry:1 %p_read_12 = read i16 @_ssdm_op_Read.ap_auto.i16, i16 %p_read8

]]></Node>
<StgValue><ssdm name="p_read_12"/></StgValue>
</operation>

<operation id="4" st_id="1" stage="1" lat="1">
<core>NULL</core>
<MemPortIdVec></MemPortIdVec>
<condition id="-1">
<or_exp><and_exp></and_exp></or_exp>
</condition>

<Node id="12" bw="16" op_0_bw="16" op_1_bw="16">
<![CDATA[
entry:2 %p_read_13 = read i16 @_ssdm_op_Read.ap_auto.i16, i16 %p_read6

]]></Node>
<StgValue><ssdm name="p_read_13"/></StgValue>
</operation>

<operation id="5" st_id="1" stage="1" lat="1">
<core>NULL</core>
<MemPortIdVec></MemPortIdVec>
<condition id="-1">
<or_exp><and_exp></and_exp></or_exp>
</condition>

<Node id="13" bw="16" op_0_bw="16" op_1_bw="16">
<![CDATA[
entry:3 %p_read512 = read i16 @_ssdm_op_Read.ap_auto.i16, i16 %p_read5

]]></Node>
<StgValue><ssdm name="p_read512"/></StgValue>
</operation>

<operation id="6" st_id="1" stage="1" lat="1">
<core>NULL</core>
<MemPortIdVec></MemPortIdVec>
<condition id="-1">
<or_exp><and_exp></and_exp></or_exp>
</condition>

<Node id="14" bw="16" op_0_bw="16" op_1_bw="16">
<![CDATA[
entry:4 %p_read411 = read i16 @_ssdm_op_Read.ap_auto.i16, i16 %p_read4

]]></Node>
<StgValue><ssdm name="p_read411"/></StgValue>
</operation>

<operation id="7" st_id="1" stage="1" lat="1">
<core>NULL</core>
<MemPortIdVec></MemPortIdVec>
<condition id="-1">
<or_exp><and_exp></and_exp></or_exp>
</condition>

<Node id="15" bw="16" op_0_bw="16" op_1_bw="16">
<![CDATA[
entry:5 %p_read310 = read i16 @_ssdm_op_Read.ap_auto.i16, i16 %p_read3

]]></Node>
<StgValue><ssdm name="p_read310"/></StgValue>
</operation>

<operation id="8" st_id="1" stage="1" lat="1">
<core>NULL</core>
<MemPortIdVec></MemPortIdVec>
<condition id="-1">
<or_exp><and_exp></and_exp></or_exp>
</condition>

<Node id="16" bw="16" op_0_bw="16" op_1_bw="16">
<![CDATA[
entry:6 %p_read29 = read i16 @_ssdm_op_Read.ap_auto.i16, i16 %p_read2

]]></Node>
<StgValue><ssdm name="p_read29"/></StgValue>
</operation>

<operation id="9" st_id="1" stage="1" lat="1">
<core>NULL</core>
<MemPortIdVec></MemPortIdVec>
<condition id="-1">
<or_exp><and_exp></and_exp></or_exp>
</condition>

<Node id="17" bw="16" op_0_bw="16" op_1_bw="16">
<![CDATA[
entry:7 %p_read18 = read i16 @_ssdm_op_Read.ap_auto.i16, i16 %p_read1

]]></Node>
<StgValue><ssdm name="p_read18"/></StgValue>
</operation>

<operation id="10" st_id="1" stage="1" lat="1">
<core>NULL</core>
<MemPortIdVec></MemPortIdVec>
<condition id="-1">
<or_exp><and_exp></and_exp></or_exp>
</condition>

<Node id="18" bw="16" op_0_bw="16" op_1_bw="16">
<![CDATA[
entry:8 %p_read_14 = read i16 @_ssdm_op_Read.ap_auto.i16, i16 %p_read

]]></Node>
<StgValue><ssdm name="p_read_14"/></StgValue>
</operation>

<operation id="11" st_id="1" stage="1" lat="1">
<core>NULL</core>
<MemPortIdVec></MemPortIdVec>
<condition id="-1">
<or_exp><and_exp></and_exp></or_exp>
</condition>

<Node id="19" bw="1" op_0_bw="16">
<![CDATA[
entry:9 %trunc_ln29 = trunc i16 %p_read_11

]]></Node>
<StgValue><ssdm name="trunc_ln29"/></StgValue>
</operation>

<operation id="12" st_id="1" stage="1" lat="1">
<core>NULL</core>
<MemPortIdVec></MemPortIdVec>
<condition id="-1">
<or_exp><and_exp></and_exp></or_exp>
</condition>

<Node id="20" bw="1" op_0_bw="16">
<![CDATA[
entry:10 %trunc_ln29_11 = trunc i16 %p_read_12

]]></Node>
<StgValue><ssdm name="trunc_ln29_11"/></StgValue>
</operation>

<operation id="13" st_id="1" stage="1" lat="1">
<core>NULL</core>
<MemPortIdVec></MemPortIdVec>
<condition id="-1">
<or_exp><and_exp></and_exp></or_exp>
</condition>

<Node id="21" bw="1" op_0_bw="16">
<![CDATA[
entry:11 %trunc_ln29_12 = trunc i16 %p_read_13

]]></Node>
<StgValue><ssdm name="trunc_ln29_12"/></StgValue>
</operation>

<operation id="14" st_id="1" stage="1" lat="1">
<core>NULL</core>
<MemPortIdVec></MemPortIdVec>
<condition id="-1">
<or_exp><and_exp></and_exp></or_exp>
</condition>

<Node id="22" bw="1" op_0_bw="16">
<![CDATA[
entry:12 %trunc_ln29_13 = trunc i16 %p_read512

]]></Node>
<StgValue><ssdm name="trunc_ln29_13"/></StgValue>
</operation>

<operation id="15" st_id="1" stage="1" lat="1">
<core>NULL</core>
<MemPortIdVec></MemPortIdVec>
<condition id="-1">
<or_exp><and_exp></and_exp></or_exp>
</condition>

<Node id="23" bw="1" op_0_bw="16">
<![CDATA[
entry:13 %trunc_ln29_14 = trunc i16 %p_read411

]]></Node>
<StgValue><ssdm name="trunc_ln29_14"/></StgValue>
</operation>

<operation id="16" st_id="1" stage="1" lat="1">
<core>NULL</core>
<MemPortIdVec></MemPortIdVec>
<condition id="-1">
<or_exp><and_exp></and_exp></or_exp>
</condition>

<Node id="24" bw="1" op_0_bw="16">
<![CDATA[
entry:14 %trunc_ln29_15 = trunc i16 %p_read310

]]></Node>
<StgValue><ssdm name="trunc_ln29_15"/></StgValue>
</operation>

<operation id="17" st_id="1" stage="1" lat="1">
<core>NULL</core>
<MemPortIdVec></MemPortIdVec>
<condition id="-1">
<or_exp><and_exp></and_exp></or_exp>
</condition>

<Node id="25" bw="1" op_0_bw="16">
<![CDATA[
entry:15 %trunc_ln29_16 = trunc i16 %p_read29

]]></Node>
<StgValue><ssdm name="trunc_ln29_16"/></StgValue>
</operation>

<operation id="18" st_id="1" stage="1" lat="1">
<core>NULL</core>
<MemPortIdVec></MemPortIdVec>
<condition id="-1">
<or_exp><and_exp></and_exp></or_exp>
</condition>

<Node id="26" bw="1" op_0_bw="16">
<![CDATA[
entry:16 %trunc_ln29_17 = trunc i16 %p_read18

]]></Node>
<StgValue><ssdm name="trunc_ln29_17"/></StgValue>
</operation>

<operation id="19" st_id="1" stage="1" lat="1">
<core>NULL</core>
<MemPortIdVec></MemPortIdVec>
<condition id="-1">
<or_exp><and_exp></and_exp></or_exp>
</condition>

<Node id="27" bw="1" op_0_bw="16">
<![CDATA[
entry:17 %trunc_ln29_18 = trunc i16 %p_read_14

]]></Node>
<StgValue><ssdm name="trunc_ln29_18"/></StgValue>
</operation>

<operation id="20" st_id="1" stage="1" lat="1">
<core>NULL</core>
<MemPortIdVec></MemPortIdVec>
<condition id="-1">
<or_exp><and_exp></and_exp></or_exp>
</condition>

<Node id="28" bw="0" op_0_bw="0" op_1_bw="32" op_2_bw="32" op_3_bw="32" op_4_bw="32" op_5_bw="0">
<![CDATA[
entry:18 %specpipeline_ln29 = specpipeline void @_ssdm_op_SpecPipeline, i32 4294967295, i32 0, i32 0, i32 0, void @empty_0

]]></Node>
<StgValue><ssdm name="specpipeline_ln29"/></StgValue>
</operation>

<operation id="21" st_id="1" stage="1" lat="1">
<core>NULL</core>
<MemPortIdVec></MemPortIdVec>
<condition id="-1">
<or_exp><and_exp></and_exp></or_exp>
</condition>

<Node id="29" bw="15" op_0_bw="15" op_1_bw="16" op_2_bw="32" op_3_bw="32">
<![CDATA[
entry:19 %p_Val2_s = partselect i15 @_ssdm_op_PartSelect.i15.i16.i32.i32, i16 %p_read_14, i32 1, i32 15

]]></Node>
<StgValue><ssdm name="p_Val2_s"/></StgValue>
</operation>

<operation id="22" st_id="1" stage="1" lat="1">
<core>NULL</core>
<MemPortIdVec></MemPortIdVec>
<condition id="-1">
<or_exp><and_exp></and_exp></or_exp>
</condition>

<Node id="30" bw="16" op_0_bw="15">
<![CDATA[
entry:20 %sext_ln818 = sext i15 %p_Val2_s

]]></Node>
<StgValue><ssdm name="sext_ln818"/></StgValue>
</operation>

<operation id="23" st_id="1" stage="1" lat="1">
<core>NULL</core>
<MemPortIdVec></MemPortIdVec>
<condition id="-1">
<or_exp><and_exp></and_exp></or_exp>
</condition>

<Node id="31" bw="1" op_0_bw="1" op_1_bw="16" op_2_bw="32">
<![CDATA[
entry:21 %tmp = bitselect i1 @_ssdm_op_BitSelect.i1.i16.i32, i16 %p_read_14, i32 1

]]></Node>
<StgValue><ssdm name="tmp"/></StgValue>
</operation>

<operation id="24" st_id="1" stage="1" lat="1">
<core>LogicGate</core>
<MemPortIdVec></MemPortIdVec>
<condition id="-1">
<or_exp><and_exp></and_exp></or_exp>
</condition>

<Node id="32" bw="1" op_0_bw="1" op_1_bw="1">
<![CDATA[
entry:22 %and_ln374 = and i1 %tmp, i1 %trunc_ln29_18

]]></Node>
<StgValue><ssdm name="and_ln374"/></StgValue>
</operation>

<operation id="25" st_id="1" stage="1" lat="1">
<core>NULL</core>
<MemPortIdVec></MemPortIdVec>
<condition id="-1">
<or_exp><and_exp></and_exp></or_exp>
</condition>

<Node id="33" bw="16" op_0_bw="1">
<![CDATA[
entry:23 %zext_ln377 = zext i1 %and_ln374

]]></Node>
<StgValue><ssdm name="zext_ln377"/></StgValue>
</operation>

<operation id="26" st_id="1" stage="1" lat="1">
<core>Adder</core>
<MemPortIdVec></MemPortIdVec>
<condition id="-1">
<or_exp><and_exp></and_exp></or_exp>
</condition>

<Node id="34" bw="16" op_0_bw="16" op_1_bw="16">
<![CDATA[
entry:24 %add_ln377 = add i16 %zext_ln377, i16 %sext_ln818

]]></Node>
<StgValue><ssdm name="add_ln377"/></StgValue>
</operation>

<operation id="27" st_id="1" stage="1" lat="1">
<core>NULL</core>
<MemPortIdVec></MemPortIdVec>
<condition id="-1">
<or_exp><and_exp></and_exp></or_exp>
</condition>

<Node id="35" bw="15" op_0_bw="15" op_1_bw="16" op_2_bw="32" op_3_bw="32">
<![CDATA[
entry:25 %p_Val2_11 = partselect i15 @_ssdm_op_PartSelect.i15.i16.i32.i32, i16 %p_read18, i32 1, i32 15

]]></Node>
<StgValue><ssdm name="p_Val2_11"/></StgValue>
</operation>

<operation id="28" st_id="1" stage="1" lat="1">
<core>NULL</core>
<MemPortIdVec></MemPortIdVec>
<condition id="-1">
<or_exp><and_exp></and_exp></or_exp>
</condition>

<Node id="36" bw="16" op_0_bw="15">
<![CDATA[
entry:26 %sext_ln818_11 = sext i15 %p_Val2_11

]]></Node>
<StgValue><ssdm name="sext_ln818_11"/></StgValue>
</operation>

<operation id="29" st_id="1" stage="1" lat="1">
<core>NULL</core>
<MemPortIdVec></MemPortIdVec>
<condition id="-1">
<or_exp><and_exp></and_exp></or_exp>
</condition>

<Node id="37" bw="1" op_0_bw="1" op_1_bw="16" op_2_bw="32">
<![CDATA[
entry:27 %tmp_16 = bitselect i1 @_ssdm_op_BitSelect.i1.i16.i32, i16 %p_read18, i32 1

]]></Node>
<StgValue><ssdm name="tmp_16"/></StgValue>
</operation>

<operation id="30" st_id="1" stage="1" lat="1">
<core>LogicGate</core>
<MemPortIdVec></MemPortIdVec>
<condition id="-1">
<or_exp><and_exp></and_exp></or_exp>
</condition>

<Node id="38" bw="1" op_0_bw="1" op_1_bw="1">
<![CDATA[
entry:28 %and_ln374_11 = and i1 %tmp_16, i1 %trunc_ln29_17

]]></Node>
<StgValue><ssdm name="and_ln374_11"/></StgValue>
</operation>

<operation id="31" st_id="1" stage="1" lat="1">
<core>NULL</core>
<MemPortIdVec></MemPortIdVec>
<condition id="-1">
<or_exp><and_exp></and_exp></or_exp>
</condition>

<Node id="39" bw="16" op_0_bw="1">
<![CDATA[
entry:29 %zext_ln377_11 = zext i1 %and_ln374_11

]]></Node>
<StgValue><ssdm name="zext_ln377_11"/></StgValue>
</operation>

<operation id="32" st_id="1" stage="1" lat="1">
<core>Adder</core>
<MemPortIdVec></MemPortIdVec>
<condition id="-1">
<or_exp><and_exp></and_exp></or_exp>
</condition>

<Node id="40" bw="16" op_0_bw="16" op_1_bw="16">
<![CDATA[
entry:30 %add_ln377_11 = add i16 %zext_ln377_11, i16 %sext_ln818_11

]]></Node>
<StgValue><ssdm name="add_ln377_11"/></StgValue>
</operation>

<operation id="33" st_id="1" stage="1" lat="1">
<core>NULL</core>
<MemPortIdVec></MemPortIdVec>
<condition id="-1">
<or_exp><and_exp></and_exp></or_exp>
</condition>

<Node id="41" bw="15" op_0_bw="15" op_1_bw="16" op_2_bw="32" op_3_bw="32">
<![CDATA[
entry:31 %p_Val2_12 = partselect i15 @_ssdm_op_PartSelect.i15.i16.i32.i32, i16 %p_read29, i32 1, i32 15

]]></Node>
<StgValue><ssdm name="p_Val2_12"/></StgValue>
</operation>

<operation id="34" st_id="1" stage="1" lat="1">
<core>NULL</core>
<MemPortIdVec></MemPortIdVec>
<condition id="-1">
<or_exp><and_exp></and_exp></or_exp>
</condition>

<Node id="42" bw="16" op_0_bw="15">
<![CDATA[
entry:32 %sext_ln818_12 = sext i15 %p_Val2_12

]]></Node>
<StgValue><ssdm name="sext_ln818_12"/></StgValue>
</operation>

<operation id="35" st_id="1" stage="1" lat="1">
<core>NULL</core>
<MemPortIdVec></MemPortIdVec>
<condition id="-1">
<or_exp><and_exp></and_exp></or_exp>
</condition>

<Node id="43" bw="1" op_0_bw="1" op_1_bw="16" op_2_bw="32">
<![CDATA[
entry:33 %tmp_17 = bitselect i1 @_ssdm_op_BitSelect.i1.i16.i32, i16 %p_read29, i32 1

]]></Node>
<StgValue><ssdm name="tmp_17"/></StgValue>
</operation>

<operation id="36" st_id="1" stage="1" lat="1">
<core>LogicGate</core>
<MemPortIdVec></MemPortIdVec>
<condition id="-1">
<or_exp><and_exp></and_exp></or_exp>
</condition>

<Node id="44" bw="1" op_0_bw="1" op_1_bw="1">
<![CDATA[
entry:34 %and_ln374_12 = and i1 %tmp_17, i1 %trunc_ln29_16

]]></Node>
<StgValue><ssdm name="and_ln374_12"/></StgValue>
</operation>

<operation id="37" st_id="1" stage="1" lat="1">
<core>NULL</core>
<MemPortIdVec></MemPortIdVec>
<condition id="-1">
<or_exp><and_exp></and_exp></or_exp>
</condition>

<Node id="45" bw="16" op_0_bw="1">
<![CDATA[
entry:35 %zext_ln377_12 = zext i1 %and_ln374_12

]]></Node>
<StgValue><ssdm name="zext_ln377_12"/></StgValue>
</operation>

<operation id="38" st_id="1" stage="1" lat="1">
<core>Adder</core>
<MemPortIdVec></MemPortIdVec>
<condition id="-1">
<or_exp><and_exp></and_exp></or_exp>
</condition>

<Node id="46" bw="16" op_0_bw="16" op_1_bw="16">
<![CDATA[
entry:36 %add_ln377_12 = add i16 %zext_ln377_12, i16 %sext_ln818_12

]]></Node>
<StgValue><ssdm name="add_ln377_12"/></StgValue>
</operation>

<operation id="39" st_id="1" stage="1" lat="1">
<core>NULL</core>
<MemPortIdVec></MemPortIdVec>
<condition id="-1">
<or_exp><and_exp></and_exp></or_exp>
</condition>

<Node id="47" bw="15" op_0_bw="15" op_1_bw="16" op_2_bw="32" op_3_bw="32">
<![CDATA[
entry:37 %p_Val2_13 = partselect i15 @_ssdm_op_PartSelect.i15.i16.i32.i32, i16 %p_read310, i32 1, i32 15

]]></Node>
<StgValue><ssdm name="p_Val2_13"/></StgValue>
</operation>

<operation id="40" st_id="1" stage="1" lat="1">
<core>NULL</core>
<MemPortIdVec></MemPortIdVec>
<condition id="-1">
<or_exp><and_exp></and_exp></or_exp>
</condition>

<Node id="48" bw="16" op_0_bw="15">
<![CDATA[
entry:38 %sext_ln818_13 = sext i15 %p_Val2_13

]]></Node>
<StgValue><ssdm name="sext_ln818_13"/></StgValue>
</operation>

<operation id="41" st_id="1" stage="1" lat="1">
<core>NULL</core>
<MemPortIdVec></MemPortIdVec>
<condition id="-1">
<or_exp><and_exp></and_exp></or_exp>
</condition>

<Node id="49" bw="1" op_0_bw="1" op_1_bw="16" op_2_bw="32">
<![CDATA[
entry:39 %tmp_18 = bitselect i1 @_ssdm_op_BitSelect.i1.i16.i32, i16 %p_read310, i32 1

]]></Node>
<StgValue><ssdm name="tmp_18"/></StgValue>
</operation>

<operation id="42" st_id="1" stage="1" lat="1">
<core>LogicGate</core>
<MemPortIdVec></MemPortIdVec>
<condition id="-1">
<or_exp><and_exp></and_exp></or_exp>
</condition>

<Node id="50" bw="1" op_0_bw="1" op_1_bw="1">
<![CDATA[
entry:40 %and_ln374_13 = and i1 %tmp_18, i1 %trunc_ln29_15

]]></Node>
<StgValue><ssdm name="and_ln374_13"/></StgValue>
</operation>

<operation id="43" st_id="1" stage="1" lat="1">
<core>NULL</core>
<MemPortIdVec></MemPortIdVec>
<condition id="-1">
<or_exp><and_exp></and_exp></or_exp>
</condition>

<Node id="51" bw="16" op_0_bw="1">
<![CDATA[
entry:41 %zext_ln377_13 = zext i1 %and_ln374_13

]]></Node>
<StgValue><ssdm name="zext_ln377_13"/></StgValue>
</operation>

<operation id="44" st_id="1" stage="1" lat="1">
<core>Adder</core>
<MemPortIdVec></MemPortIdVec>
<condition id="-1">
<or_exp><and_exp></and_exp></or_exp>
</condition>

<Node id="52" bw="16" op_0_bw="16" op_1_bw="16">
<![CDATA[
entry:42 %add_ln377_13 = add i16 %zext_ln377_13, i16 %sext_ln818_13

]]></Node>
<StgValue><ssdm name="add_ln377_13"/></StgValue>
</operation>

<operation id="45" st_id="1" stage="1" lat="1">
<core>NULL</core>
<MemPortIdVec></MemPortIdVec>
<condition id="-1">
<or_exp><and_exp></and_exp></or_exp>
</condition>

<Node id="53" bw="15" op_0_bw="15" op_1_bw="16" op_2_bw="32" op_3_bw="32">
<![CDATA[
entry:43 %p_Val2_14 = partselect i15 @_ssdm_op_PartSelect.i15.i16.i32.i32, i16 %p_read411, i32 1, i32 15

]]></Node>
<StgValue><ssdm name="p_Val2_14"/></StgValue>
</operation>

<operation id="46" st_id="1" stage="1" lat="1">
<core>NULL</core>
<MemPortIdVec></MemPortIdVec>
<condition id="-1">
<or_exp><and_exp></and_exp></or_exp>
</condition>

<Node id="54" bw="16" op_0_bw="15">
<![CDATA[
entry:44 %sext_ln818_14 = sext i15 %p_Val2_14

]]></Node>
<StgValue><ssdm name="sext_ln818_14"/></StgValue>
</operation>

<operation id="47" st_id="1" stage="1" lat="1">
<core>NULL</core>
<MemPortIdVec></MemPortIdVec>
<condition id="-1">
<or_exp><and_exp></and_exp></or_exp>
</condition>

<Node id="55" bw="1" op_0_bw="1" op_1_bw="16" op_2_bw="32">
<![CDATA[
entry:45 %tmp_19 = bitselect i1 @_ssdm_op_BitSelect.i1.i16.i32, i16 %p_read411, i32 1

]]></Node>
<StgValue><ssdm name="tmp_19"/></StgValue>
</operation>

<operation id="48" st_id="1" stage="1" lat="1">
<core>LogicGate</core>
<MemPortIdVec></MemPortIdVec>
<condition id="-1">
<or_exp><and_exp></and_exp></or_exp>
</condition>

<Node id="56" bw="1" op_0_bw="1" op_1_bw="1">
<![CDATA[
entry:46 %and_ln374_14 = and i1 %tmp_19, i1 %trunc_ln29_14

]]></Node>
<StgValue><ssdm name="and_ln374_14"/></StgValue>
</operation>

<operation id="49" st_id="1" stage="1" lat="1">
<core>NULL</core>
<MemPortIdVec></MemPortIdVec>
<condition id="-1">
<or_exp><and_exp></and_exp></or_exp>
</condition>

<Node id="57" bw="16" op_0_bw="1">
<![CDATA[
entry:47 %zext_ln377_14 = zext i1 %and_ln374_14

]]></Node>
<StgValue><ssdm name="zext_ln377_14"/></StgValue>
</operation>

<operation id="50" st_id="1" stage="1" lat="1">
<core>Adder</core>
<MemPortIdVec></MemPortIdVec>
<condition id="-1">
<or_exp><and_exp></and_exp></or_exp>
</condition>

<Node id="58" bw="16" op_0_bw="16" op_1_bw="16">
<![CDATA[
entry:48 %add_ln377_14 = add i16 %zext_ln377_14, i16 %sext_ln818_14

]]></Node>
<StgValue><ssdm name="add_ln377_14"/></StgValue>
</operation>

<operation id="51" st_id="1" stage="1" lat="1">
<core>NULL</core>
<MemPortIdVec></MemPortIdVec>
<condition id="-1">
<or_exp><and_exp></and_exp></or_exp>
</condition>

<Node id="59" bw="15" op_0_bw="15" op_1_bw="16" op_2_bw="32" op_3_bw="32">
<![CDATA[
entry:49 %p_Val2_15 = partselect i15 @_ssdm_op_PartSelect.i15.i16.i32.i32, i16 %p_read512, i32 1, i32 15

]]></Node>
<StgValue><ssdm name="p_Val2_15"/></StgValue>
</operation>

<operation id="52" st_id="1" stage="1" lat="1">
<core>NULL</core>
<MemPortIdVec></MemPortIdVec>
<condition id="-1">
<or_exp><and_exp></and_exp></or_exp>
</condition>

<Node id="60" bw="16" op_0_bw="15">
<![CDATA[
entry:50 %sext_ln818_15 = sext i15 %p_Val2_15

]]></Node>
<StgValue><ssdm name="sext_ln818_15"/></StgValue>
</operation>

<operation id="53" st_id="1" stage="1" lat="1">
<core>NULL</core>
<MemPortIdVec></MemPortIdVec>
<condition id="-1">
<or_exp><and_exp></and_exp></or_exp>
</condition>

<Node id="61" bw="1" op_0_bw="1" op_1_bw="16" op_2_bw="32">
<![CDATA[
entry:51 %tmp_20 = bitselect i1 @_ssdm_op_BitSelect.i1.i16.i32, i16 %p_read512, i32 1

]]></Node>
<StgValue><ssdm name="tmp_20"/></StgValue>
</operation>

<operation id="54" st_id="1" stage="1" lat="1">
<core>LogicGate</core>
<MemPortIdVec></MemPortIdVec>
<condition id="-1">
<or_exp><and_exp></and_exp></or_exp>
</condition>

<Node id="62" bw="1" op_0_bw="1" op_1_bw="1">
<![CDATA[
entry:52 %and_ln374_15 = and i1 %tmp_20, i1 %trunc_ln29_13

]]></Node>
<StgValue><ssdm name="and_ln374_15"/></StgValue>
</operation>

<operation id="55" st_id="1" stage="1" lat="1">
<core>NULL</core>
<MemPortIdVec></MemPortIdVec>
<condition id="-1">
<or_exp><and_exp></and_exp></or_exp>
</condition>

<Node id="63" bw="16" op_0_bw="1">
<![CDATA[
entry:53 %zext_ln377_15 = zext i1 %and_ln374_15

]]></Node>
<StgValue><ssdm name="zext_ln377_15"/></StgValue>
</operation>

<operation id="56" st_id="1" stage="1" lat="1">
<core>Adder</core>
<MemPortIdVec></MemPortIdVec>
<condition id="-1">
<or_exp><and_exp></and_exp></or_exp>
</condition>

<Node id="64" bw="16" op_0_bw="16" op_1_bw="16">
<![CDATA[
entry:54 %add_ln377_15 = add i16 %zext_ln377_15, i16 %sext_ln818_15

]]></Node>
<StgValue><ssdm name="add_ln377_15"/></StgValue>
</operation>

<operation id="57" st_id="1" stage="1" lat="1">
<core>NULL</core>
<MemPortIdVec></MemPortIdVec>
<condition id="-1">
<or_exp><and_exp></and_exp></or_exp>
</condition>

<Node id="65" bw="15" op_0_bw="15" op_1_bw="16" op_2_bw="32" op_3_bw="32">
<![CDATA[
entry:55 %p_Val2_16 = partselect i15 @_ssdm_op_PartSelect.i15.i16.i32.i32, i16 %p_read_13, i32 1, i32 15

]]></Node>
<StgValue><ssdm name="p_Val2_16"/></StgValue>
</operation>

<operation id="58" st_id="1" stage="1" lat="1">
<core>NULL</core>
<MemPortIdVec></MemPortIdVec>
<condition id="-1">
<or_exp><and_exp></and_exp></or_exp>
</condition>

<Node id="66" bw="16" op_0_bw="15">
<![CDATA[
entry:56 %sext_ln818_16 = sext i15 %p_Val2_16

]]></Node>
<StgValue><ssdm name="sext_ln818_16"/></StgValue>
</operation>

<operation id="59" st_id="1" stage="1" lat="1">
<core>NULL</core>
<MemPortIdVec></MemPortIdVec>
<condition id="-1">
<or_exp><and_exp></and_exp></or_exp>
</condition>

<Node id="67" bw="1" op_0_bw="1" op_1_bw="16" op_2_bw="32">
<![CDATA[
entry:57 %tmp_21 = bitselect i1 @_ssdm_op_BitSelect.i1.i16.i32, i16 %p_read_13, i32 1

]]></Node>
<StgValue><ssdm name="tmp_21"/></StgValue>
</operation>

<operation id="60" st_id="1" stage="1" lat="1">
<core>LogicGate</core>
<MemPortIdVec></MemPortIdVec>
<condition id="-1">
<or_exp><and_exp></and_exp></or_exp>
</condition>

<Node id="68" bw="1" op_0_bw="1" op_1_bw="1">
<![CDATA[
entry:58 %and_ln374_16 = and i1 %tmp_21, i1 %trunc_ln29_12

]]></Node>
<StgValue><ssdm name="and_ln374_16"/></StgValue>
</operation>

<operation id="61" st_id="1" stage="1" lat="1">
<core>NULL</core>
<MemPortIdVec></MemPortIdVec>
<condition id="-1">
<or_exp><and_exp></and_exp></or_exp>
</condition>

<Node id="69" bw="16" op_0_bw="1">
<![CDATA[
entry:59 %zext_ln377_16 = zext i1 %and_ln374_16

]]></Node>
<StgValue><ssdm name="zext_ln377_16"/></StgValue>
</operation>

<operation id="62" st_id="1" stage="1" lat="1">
<core>Adder</core>
<MemPortIdVec></MemPortIdVec>
<condition id="-1">
<or_exp><and_exp></and_exp></or_exp>
</condition>

<Node id="70" bw="16" op_0_bw="16" op_1_bw="16">
<![CDATA[
entry:60 %add_ln377_16 = add i16 %zext_ln377_16, i16 %sext_ln818_16

]]></Node>
<StgValue><ssdm name="add_ln377_16"/></StgValue>
</operation>

<operation id="63" st_id="1" stage="1" lat="1">
<core>NULL</core>
<MemPortIdVec></MemPortIdVec>
<condition id="-1">
<or_exp><and_exp></and_exp></or_exp>
</condition>

<Node id="71" bw="15" op_0_bw="15" op_1_bw="16" op_2_bw="32" op_3_bw="32">
<![CDATA[
entry:61 %p_Val2_17 = partselect i15 @_ssdm_op_PartSelect.i15.i16.i32.i32, i16 %p_read_12, i32 1, i32 15

]]></Node>
<StgValue><ssdm name="p_Val2_17"/></StgValue>
</operation>

<operation id="64" st_id="1" stage="1" lat="1">
<core>NULL</core>
<MemPortIdVec></MemPortIdVec>
<condition id="-1">
<or_exp><and_exp></and_exp></or_exp>
</condition>

<Node id="72" bw="16" op_0_bw="15">
<![CDATA[
entry:62 %sext_ln818_17 = sext i15 %p_Val2_17

]]></Node>
<StgValue><ssdm name="sext_ln818_17"/></StgValue>
</operation>

<operation id="65" st_id="1" stage="1" lat="1">
<core>NULL</core>
<MemPortIdVec></MemPortIdVec>
<condition id="-1">
<or_exp><and_exp></and_exp></or_exp>
</condition>

<Node id="73" bw="1" op_0_bw="1" op_1_bw="16" op_2_bw="32">
<![CDATA[
entry:63 %tmp_22 = bitselect i1 @_ssdm_op_BitSelect.i1.i16.i32, i16 %p_read_12, i32 1

]]></Node>
<StgValue><ssdm name="tmp_22"/></StgValue>
</operation>

<operation id="66" st_id="1" stage="1" lat="1">
<core>LogicGate</core>
<MemPortIdVec></MemPortIdVec>
<condition id="-1">
<or_exp><and_exp></and_exp></or_exp>
</condition>

<Node id="74" bw="1" op_0_bw="1" op_1_bw="1">
<![CDATA[
entry:64 %and_ln374_17 = and i1 %tmp_22, i1 %trunc_ln29_11

]]></Node>
<StgValue><ssdm name="and_ln374_17"/></StgValue>
</operation>

<operation id="67" st_id="1" stage="1" lat="1">
<core>NULL</core>
<MemPortIdVec></MemPortIdVec>
<condition id="-1">
<or_exp><and_exp></and_exp></or_exp>
</condition>

<Node id="75" bw="16" op_0_bw="1">
<![CDATA[
entry:65 %zext_ln377_17 = zext i1 %and_ln374_17

]]></Node>
<StgValue><ssdm name="zext_ln377_17"/></StgValue>
</operation>

<operation id="68" st_id="1" stage="1" lat="1">
<core>Adder</core>
<MemPortIdVec></MemPortIdVec>
<condition id="-1">
<or_exp><and_exp></and_exp></or_exp>
</condition>

<Node id="76" bw="16" op_0_bw="16" op_1_bw="16">
<![CDATA[
entry:66 %add_ln377_17 = add i16 %zext_ln377_17, i16 %sext_ln818_17

]]></Node>
<StgValue><ssdm name="add_ln377_17"/></StgValue>
</operation>

<operation id="69" st_id="1" stage="1" lat="1">
<core>NULL</core>
<MemPortIdVec></MemPortIdVec>
<condition id="-1">
<or_exp><and_exp></and_exp></or_exp>
</condition>

<Node id="77" bw="15" op_0_bw="15" op_1_bw="16" op_2_bw="32" op_3_bw="32">
<![CDATA[
entry:67 %p_Val2_18 = partselect i15 @_ssdm_op_PartSelect.i15.i16.i32.i32, i16 %p_read_11, i32 1, i32 15

]]></Node>
<StgValue><ssdm name="p_Val2_18"/></StgValue>
</operation>

<operation id="70" st_id="1" stage="1" lat="1">
<core>NULL</core>
<MemPortIdVec></MemPortIdVec>
<condition id="-1">
<or_exp><and_exp></and_exp></or_exp>
</condition>

<Node id="78" bw="16" op_0_bw="15">
<![CDATA[
entry:68 %sext_ln818_18 = sext i15 %p_Val2_18

]]></Node>
<StgValue><ssdm name="sext_ln818_18"/></StgValue>
</operation>

<operation id="71" st_id="1" stage="1" lat="1">
<core>NULL</core>
<MemPortIdVec></MemPortIdVec>
<condition id="-1">
<or_exp><and_exp></and_exp></or_exp>
</condition>

<Node id="79" bw="1" op_0_bw="1" op_1_bw="16" op_2_bw="32">
<![CDATA[
entry:69 %tmp_23 = bitselect i1 @_ssdm_op_BitSelect.i1.i16.i32, i16 %p_read_11, i32 1

]]></Node>
<StgValue><ssdm name="tmp_23"/></StgValue>
</operation>

<operation id="72" st_id="1" stage="1" lat="1">
<core>LogicGate</core>
<MemPortIdVec></MemPortIdVec>
<condition id="-1">
<or_exp><and_exp></and_exp></or_exp>
</condition>

<Node id="80" bw="1" op_0_bw="1" op_1_bw="1">
<![CDATA[
entry:70 %and_ln374_18 = and i1 %tmp_23, i1 %trunc_ln29

]]></Node>
<StgValue><ssdm name="and_ln374_18"/></StgValue>
</operation>

<operation id="73" st_id="1" stage="1" lat="1">
<core>NULL</core>
<MemPortIdVec></MemPortIdVec>
<condition id="-1">
<or_exp><and_exp></and_exp></or_exp>
</condition>

<Node id="81" bw="16" op_0_bw="1">
<![CDATA[
entry:71 %zext_ln377_18 = zext i1 %and_ln374_18

]]></Node>
<StgValue><ssdm name="zext_ln377_18"/></StgValue>
</operation>

<operation id="74" st_id="1" stage="1" lat="1">
<core>Adder</core>
<MemPortIdVec></MemPortIdVec>
<condition id="-1">
<or_exp><and_exp></and_exp></or_exp>
</condition>

<Node id="82" bw="16" op_0_bw="16" op_1_bw="16">
<![CDATA[
entry:72 %add_ln377_18 = add i16 %zext_ln377_18, i16 %sext_ln818_18

]]></Node>
<StgValue><ssdm name="add_ln377_18"/></StgValue>
</operation>

<operation id="75" st_id="1" stage="1" lat="1">
<core>NULL</core>
<MemPortIdVec></MemPortIdVec>
<condition id="-1">
<or_exp><and_exp></and_exp></or_exp>
</condition>

<Node id="83" bw="144" op_0_bw="144" op_1_bw="16">
<![CDATA[
entry:73 %newret = insertvalue i144 <undef>, i16 %add_ln377

]]></Node>
<StgValue><ssdm name="newret"/></StgValue>
</operation>

<operation id="76" st_id="1" stage="1" lat="1">
<core>NULL</core>
<MemPortIdVec></MemPortIdVec>
<condition id="-1">
<or_exp><and_exp></and_exp></or_exp>
</condition>

<Node id="84" bw="144" op_0_bw="144" op_1_bw="16">
<![CDATA[
entry:74 %newret2 = insertvalue i144 %newret, i16 %add_ln377_11

]]></Node>
<StgValue><ssdm name="newret2"/></StgValue>
</operation>

<operation id="77" st_id="1" stage="1" lat="1">
<core>NULL</core>
<MemPortIdVec></MemPortIdVec>
<condition id="-1">
<or_exp><and_exp></and_exp></or_exp>
</condition>

<Node id="85" bw="144" op_0_bw="144" op_1_bw="16">
<![CDATA[
entry:75 %newret4 = insertvalue i144 %newret2, i16 %add_ln377_12

]]></Node>
<StgValue><ssdm name="newret4"/></StgValue>
</operation>

<operation id="78" st_id="1" stage="1" lat="1">
<core>NULL</core>
<MemPortIdVec></MemPortIdVec>
<condition id="-1">
<or_exp><and_exp></and_exp></or_exp>
</condition>

<Node id="86" bw="144" op_0_bw="144" op_1_bw="16">
<![CDATA[
entry:76 %newret6 = insertvalue i144 %newret4, i16 %add_ln377_13

]]></Node>
<StgValue><ssdm name="newret6"/></StgValue>
</operation>

<operation id="79" st_id="1" stage="1" lat="1">
<core>NULL</core>
<MemPortIdVec></MemPortIdVec>
<condition id="-1">
<or_exp><and_exp></and_exp></or_exp>
</condition>

<Node id="87" bw="144" op_0_bw="144" op_1_bw="16">
<![CDATA[
entry:77 %newret8 = insertvalue i144 %newret6, i16 %add_ln377_14

]]></Node>
<StgValue><ssdm name="newret8"/></StgValue>
</operation>

<operation id="80" st_id="1" stage="1" lat="1">
<core>NULL</core>
<MemPortIdVec></MemPortIdVec>
<condition id="-1">
<or_exp><and_exp></and_exp></or_exp>
</condition>

<Node id="88" bw="144" op_0_bw="144" op_1_bw="16">
<![CDATA[
entry:78 %newret1 = insertvalue i144 %newret8, i16 %add_ln377_15

]]></Node>
<StgValue><ssdm name="newret1"/></StgValue>
</operation>

<operation id="81" st_id="1" stage="1" lat="1">
<core>NULL</core>
<MemPortIdVec></MemPortIdVec>
<condition id="-1">
<or_exp><and_exp></and_exp></or_exp>
</condition>

<Node id="89" bw="144" op_0_bw="144" op_1_bw="16">
<![CDATA[
entry:79 %newret3 = insertvalue i144 %newret1, i16 %add_ln377_16

]]></Node>
<StgValue><ssdm name="newret3"/></StgValue>
</operation>

<operation id="82" st_id="1" stage="1" lat="1">
<core>NULL</core>
<MemPortIdVec></MemPortIdVec>
<condition id="-1">
<or_exp><and_exp></and_exp></or_exp>
</condition>

<Node id="90" bw="144" op_0_bw="144" op_1_bw="16">
<![CDATA[
entry:80 %newret5 = insertvalue i144 %newret3, i16 %add_ln377_17

]]></Node>
<StgValue><ssdm name="newret5"/></StgValue>
</operation>

<operation id="83" st_id="1" stage="1" lat="1">
<core>NULL</core>
<MemPortIdVec></MemPortIdVec>
<condition id="-1">
<or_exp><and_exp></and_exp></or_exp>
</condition>

<Node id="91" bw="144" op_0_bw="144" op_1_bw="16">
<![CDATA[
entry:81 %newret7 = insertvalue i144 %newret5, i16 %add_ln377_18

]]></Node>
<StgValue><ssdm name="newret7"/></StgValue>
</operation>

<operation id="84" st_id="1" stage="1" lat="1">
<core>NULL</core>
<MemPortIdVec></MemPortIdVec>
<condition id="-1">
<or_exp><and_exp></and_exp></or_exp>
</condition>

<Node id="92" bw="0" op_0_bw="144">
<![CDATA[
entry:82 %ret_ln377 = ret i144 %newret7

]]></Node>
<StgValue><ssdm name="ret_ln377"/></StgValue>
</operation>
</state>
</state_list>


<ports>
</ports>


<dataflows>
</dataflows>


</stg>
