<stg><name>linear<ap_fixed<16, 6, 5, 3, 0>, ap_fixed<16, 7, 4, 0, 0>, linear_config7></name>


<trans_list>
</trans_list>



<state_list>

<state id="1" st_id="1">

<operation id="2" st_id="1" stage="1" lat="1">
<core>NULL</core>
<MemPortIdVec></MemPortIdVec>
<condition id="-1">
<or_exp><and_exp></and_exp></or_exp>
</condition>

<Node id="8" bw="16" op_0_bw="16" op_1_bw="16">
<![CDATA[
entry:0 %p_read_3 = read i16 @_ssdm_op_Read.ap_auto.i16, i16 %p_read6

]]></Node>
<StgValue><ssdm name="p_read_3"/></StgValue>
</operation>

<operation id="3" st_id="1" stage="1" lat="1">
<core>NULL</core>
<MemPortIdVec></MemPortIdVec>
<condition id="-1">
<or_exp><and_exp></and_exp></or_exp>
</condition>

<Node id="9" bw="16" op_0_bw="16" op_1_bw="16">
<![CDATA[
entry:1 %p_read_4 = read i16 @_ssdm_op_Read.ap_auto.i16, i16 %p_read5

]]></Node>
<StgValue><ssdm name="p_read_4"/></StgValue>
</operation>

<operation id="4" st_id="1" stage="1" lat="1">
<core>NULL</core>
<MemPortIdVec></MemPortIdVec>
<condition id="-1">
<or_exp><and_exp></and_exp></or_exp>
</condition>

<Node id="10" bw="16" op_0_bw="16" op_1_bw="16">
<![CDATA[
entry:2 %p_read_5 = read i16 @_ssdm_op_Read.ap_auto.i16, i16 %p_read4

]]></Node>
<StgValue><ssdm name="p_read_5"/></StgValue>
</operation>

<operation id="5" st_id="1" stage="1" lat="1">
<core>NULL</core>
<MemPortIdVec></MemPortIdVec>
<condition id="-1">
<or_exp><and_exp></and_exp></or_exp>
</condition>

<Node id="11" bw="16" op_0_bw="16" op_1_bw="16">
<![CDATA[
entry:3 %p_read_6 = read i16 @_ssdm_op_Read.ap_auto.i16, i16 %p_read3

]]></Node>
<StgValue><ssdm name="p_read_6"/></StgValue>
</operation>

<operation id="6" st_id="1" stage="1" lat="1">
<core>NULL</core>
<MemPortIdVec></MemPortIdVec>
<condition id="-1">
<or_exp><and_exp></and_exp></or_exp>
</condition>

<Node id="12" bw="16" op_0_bw="16" op_1_bw="16">
<![CDATA[
entry:4 %p_read_7 = read i16 @_ssdm_op_Read.ap_auto.i16, i16 %p_read2

]]></Node>
<StgValue><ssdm name="p_read_7"/></StgValue>
</operation>

<operation id="7" st_id="1" stage="1" lat="1">
<core>NULL</core>
<MemPortIdVec></MemPortIdVec>
<condition id="-1">
<or_exp><and_exp></and_exp></or_exp>
</condition>

<Node id="13" bw="16" op_0_bw="16" op_1_bw="16">
<![CDATA[
entry:5 %p_read_8 = read i16 @_ssdm_op_Read.ap_auto.i16, i16 %p_read1

]]></Node>
<StgValue><ssdm name="p_read_8"/></StgValue>
</operation>

<operation id="8" st_id="1" stage="1" lat="1">
<core>NULL</core>
<MemPortIdVec></MemPortIdVec>
<condition id="-1">
<or_exp><and_exp></and_exp></or_exp>
</condition>

<Node id="14" bw="16" op_0_bw="16" op_1_bw="16">
<![CDATA[
entry:6 %p_read_9 = read i16 @_ssdm_op_Read.ap_auto.i16, i16 %p_read

]]></Node>
<StgValue><ssdm name="p_read_9"/></StgValue>
</operation>

<operation id="9" st_id="1" stage="1" lat="1">
<core>NULL</core>
<MemPortIdVec></MemPortIdVec>
<condition id="-1">
<or_exp><and_exp></and_exp></or_exp>
</condition>

<Node id="15" bw="1" op_0_bw="16">
<![CDATA[
entry:7 %trunc_ln29 = trunc i16 %p_read_3

]]></Node>
<StgValue><ssdm name="trunc_ln29"/></StgValue>
</operation>

<operation id="10" st_id="1" stage="1" lat="1">
<core>NULL</core>
<MemPortIdVec></MemPortIdVec>
<condition id="-1">
<or_exp><and_exp></and_exp></or_exp>
</condition>

<Node id="16" bw="1" op_0_bw="16">
<![CDATA[
entry:8 %trunc_ln29_1 = trunc i16 %p_read_4

]]></Node>
<StgValue><ssdm name="trunc_ln29_1"/></StgValue>
</operation>

<operation id="11" st_id="1" stage="1" lat="1">
<core>NULL</core>
<MemPortIdVec></MemPortIdVec>
<condition id="-1">
<or_exp><and_exp></and_exp></or_exp>
</condition>

<Node id="17" bw="1" op_0_bw="16">
<![CDATA[
entry:9 %trunc_ln29_2 = trunc i16 %p_read_5

]]></Node>
<StgValue><ssdm name="trunc_ln29_2"/></StgValue>
</operation>

<operation id="12" st_id="1" stage="1" lat="1">
<core>NULL</core>
<MemPortIdVec></MemPortIdVec>
<condition id="-1">
<or_exp><and_exp></and_exp></or_exp>
</condition>

<Node id="18" bw="1" op_0_bw="16">
<![CDATA[
entry:10 %trunc_ln29_3 = trunc i16 %p_read_6

]]></Node>
<StgValue><ssdm name="trunc_ln29_3"/></StgValue>
</operation>

<operation id="13" st_id="1" stage="1" lat="1">
<core>NULL</core>
<MemPortIdVec></MemPortIdVec>
<condition id="-1">
<or_exp><and_exp></and_exp></or_exp>
</condition>

<Node id="19" bw="1" op_0_bw="16">
<![CDATA[
entry:11 %trunc_ln29_4 = trunc i16 %p_read_7

]]></Node>
<StgValue><ssdm name="trunc_ln29_4"/></StgValue>
</operation>

<operation id="14" st_id="1" stage="1" lat="1">
<core>NULL</core>
<MemPortIdVec></MemPortIdVec>
<condition id="-1">
<or_exp><and_exp></and_exp></or_exp>
</condition>

<Node id="20" bw="1" op_0_bw="16">
<![CDATA[
entry:12 %trunc_ln29_5 = trunc i16 %p_read_8

]]></Node>
<StgValue><ssdm name="trunc_ln29_5"/></StgValue>
</operation>

<operation id="15" st_id="1" stage="1" lat="1">
<core>NULL</core>
<MemPortIdVec></MemPortIdVec>
<condition id="-1">
<or_exp><and_exp></and_exp></or_exp>
</condition>

<Node id="21" bw="1" op_0_bw="16">
<![CDATA[
entry:13 %trunc_ln29_6 = trunc i16 %p_read_9

]]></Node>
<StgValue><ssdm name="trunc_ln29_6"/></StgValue>
</operation>

<operation id="16" st_id="1" stage="1" lat="1">
<core>NULL</core>
<MemPortIdVec></MemPortIdVec>
<condition id="-1">
<or_exp><and_exp></and_exp></or_exp>
</condition>

<Node id="22" bw="0" op_0_bw="0" op_1_bw="32" op_2_bw="32" op_3_bw="32" op_4_bw="32" op_5_bw="0">
<![CDATA[
entry:14 %specpipeline_ln29 = specpipeline void @_ssdm_op_SpecPipeline, i32 4294967295, i32 0, i32 0, i32 0, void @empty_0

]]></Node>
<StgValue><ssdm name="specpipeline_ln29"/></StgValue>
</operation>

<operation id="17" st_id="1" stage="1" lat="1">
<core>NULL</core>
<MemPortIdVec></MemPortIdVec>
<condition id="-1">
<or_exp><and_exp></and_exp></or_exp>
</condition>

<Node id="23" bw="15" op_0_bw="15" op_1_bw="16" op_2_bw="32" op_3_bw="32">
<![CDATA[
entry:15 %p_Val2_s = partselect i15 @_ssdm_op_PartSelect.i15.i16.i32.i32, i16 %p_read_9, i32 1, i32 15

]]></Node>
<StgValue><ssdm name="p_Val2_s"/></StgValue>
</operation>

<operation id="18" st_id="1" stage="1" lat="1">
<core>NULL</core>
<MemPortIdVec></MemPortIdVec>
<condition id="-1">
<or_exp><and_exp></and_exp></or_exp>
</condition>

<Node id="24" bw="16" op_0_bw="15">
<![CDATA[
entry:16 %sext_ln818 = sext i15 %p_Val2_s

]]></Node>
<StgValue><ssdm name="sext_ln818"/></StgValue>
</operation>

<operation id="19" st_id="1" stage="1" lat="1">
<core>NULL</core>
<MemPortIdVec></MemPortIdVec>
<condition id="-1">
<or_exp><and_exp></and_exp></or_exp>
</condition>

<Node id="25" bw="1" op_0_bw="1" op_1_bw="16" op_2_bw="32">
<![CDATA[
entry:17 %tmp = bitselect i1 @_ssdm_op_BitSelect.i1.i16.i32, i16 %p_read_9, i32 1

]]></Node>
<StgValue><ssdm name="tmp"/></StgValue>
</operation>

<operation id="20" st_id="1" stage="1" lat="1">
<core>LogicGate</core>
<MemPortIdVec></MemPortIdVec>
<condition id="-1">
<or_exp><and_exp></and_exp></or_exp>
</condition>

<Node id="26" bw="1" op_0_bw="1" op_1_bw="1">
<![CDATA[
entry:18 %and_ln374 = and i1 %tmp, i1 %trunc_ln29_6

]]></Node>
<StgValue><ssdm name="and_ln374"/></StgValue>
</operation>

<operation id="21" st_id="1" stage="1" lat="1">
<core>NULL</core>
<MemPortIdVec></MemPortIdVec>
<condition id="-1">
<or_exp><and_exp></and_exp></or_exp>
</condition>

<Node id="27" bw="16" op_0_bw="1">
<![CDATA[
entry:19 %zext_ln377 = zext i1 %and_ln374

]]></Node>
<StgValue><ssdm name="zext_ln377"/></StgValue>
</operation>

<operation id="22" st_id="1" stage="1" lat="1">
<core>Adder</core>
<MemPortIdVec></MemPortIdVec>
<condition id="-1">
<or_exp><and_exp></and_exp></or_exp>
</condition>

<Node id="28" bw="16" op_0_bw="16" op_1_bw="16">
<![CDATA[
entry:20 %add_ln377 = add i16 %zext_ln377, i16 %sext_ln818

]]></Node>
<StgValue><ssdm name="add_ln377"/></StgValue>
</operation>

<operation id="23" st_id="1" stage="1" lat="1">
<core>NULL</core>
<MemPortIdVec></MemPortIdVec>
<condition id="-1">
<or_exp><and_exp></and_exp></or_exp>
</condition>

<Node id="29" bw="15" op_0_bw="15" op_1_bw="16" op_2_bw="32" op_3_bw="32">
<![CDATA[
entry:21 %p_Val2_1 = partselect i15 @_ssdm_op_PartSelect.i15.i16.i32.i32, i16 %p_read_8, i32 1, i32 15

]]></Node>
<StgValue><ssdm name="p_Val2_1"/></StgValue>
</operation>

<operation id="24" st_id="1" stage="1" lat="1">
<core>NULL</core>
<MemPortIdVec></MemPortIdVec>
<condition id="-1">
<or_exp><and_exp></and_exp></or_exp>
</condition>

<Node id="30" bw="16" op_0_bw="15">
<![CDATA[
entry:22 %sext_ln818_1 = sext i15 %p_Val2_1

]]></Node>
<StgValue><ssdm name="sext_ln818_1"/></StgValue>
</operation>

<operation id="25" st_id="1" stage="1" lat="1">
<core>NULL</core>
<MemPortIdVec></MemPortIdVec>
<condition id="-1">
<or_exp><and_exp></and_exp></or_exp>
</condition>

<Node id="31" bw="1" op_0_bw="1" op_1_bw="16" op_2_bw="32">
<![CDATA[
entry:23 %tmp_6 = bitselect i1 @_ssdm_op_BitSelect.i1.i16.i32, i16 %p_read_8, i32 1

]]></Node>
<StgValue><ssdm name="tmp_6"/></StgValue>
</operation>

<operation id="26" st_id="1" stage="1" lat="1">
<core>LogicGate</core>
<MemPortIdVec></MemPortIdVec>
<condition id="-1">
<or_exp><and_exp></and_exp></or_exp>
</condition>

<Node id="32" bw="1" op_0_bw="1" op_1_bw="1">
<![CDATA[
entry:24 %and_ln374_1 = and i1 %tmp_6, i1 %trunc_ln29_5

]]></Node>
<StgValue><ssdm name="and_ln374_1"/></StgValue>
</operation>

<operation id="27" st_id="1" stage="1" lat="1">
<core>NULL</core>
<MemPortIdVec></MemPortIdVec>
<condition id="-1">
<or_exp><and_exp></and_exp></or_exp>
</condition>

<Node id="33" bw="16" op_0_bw="1">
<![CDATA[
entry:25 %zext_ln377_1 = zext i1 %and_ln374_1

]]></Node>
<StgValue><ssdm name="zext_ln377_1"/></StgValue>
</operation>

<operation id="28" st_id="1" stage="1" lat="1">
<core>Adder</core>
<MemPortIdVec></MemPortIdVec>
<condition id="-1">
<or_exp><and_exp></and_exp></or_exp>
</condition>

<Node id="34" bw="16" op_0_bw="16" op_1_bw="16">
<![CDATA[
entry:26 %add_ln377_1 = add i16 %zext_ln377_1, i16 %sext_ln818_1

]]></Node>
<StgValue><ssdm name="add_ln377_1"/></StgValue>
</operation>

<operation id="29" st_id="1" stage="1" lat="1">
<core>NULL</core>
<MemPortIdVec></MemPortIdVec>
<condition id="-1">
<or_exp><and_exp></and_exp></or_exp>
</condition>

<Node id="35" bw="15" op_0_bw="15" op_1_bw="16" op_2_bw="32" op_3_bw="32">
<![CDATA[
entry:27 %p_Val2_2 = partselect i15 @_ssdm_op_PartSelect.i15.i16.i32.i32, i16 %p_read_7, i32 1, i32 15

]]></Node>
<StgValue><ssdm name="p_Val2_2"/></StgValue>
</operation>

<operation id="30" st_id="1" stage="1" lat="1">
<core>NULL</core>
<MemPortIdVec></MemPortIdVec>
<condition id="-1">
<or_exp><and_exp></and_exp></or_exp>
</condition>

<Node id="36" bw="16" op_0_bw="15">
<![CDATA[
entry:28 %sext_ln818_2 = sext i15 %p_Val2_2

]]></Node>
<StgValue><ssdm name="sext_ln818_2"/></StgValue>
</operation>

<operation id="31" st_id="1" stage="1" lat="1">
<core>NULL</core>
<MemPortIdVec></MemPortIdVec>
<condition id="-1">
<or_exp><and_exp></and_exp></or_exp>
</condition>

<Node id="37" bw="1" op_0_bw="1" op_1_bw="16" op_2_bw="32">
<![CDATA[
entry:29 %tmp_7 = bitselect i1 @_ssdm_op_BitSelect.i1.i16.i32, i16 %p_read_7, i32 1

]]></Node>
<StgValue><ssdm name="tmp_7"/></StgValue>
</operation>

<operation id="32" st_id="1" stage="1" lat="1">
<core>LogicGate</core>
<MemPortIdVec></MemPortIdVec>
<condition id="-1">
<or_exp><and_exp></and_exp></or_exp>
</condition>

<Node id="38" bw="1" op_0_bw="1" op_1_bw="1">
<![CDATA[
entry:30 %and_ln374_2 = and i1 %tmp_7, i1 %trunc_ln29_4

]]></Node>
<StgValue><ssdm name="and_ln374_2"/></StgValue>
</operation>

<operation id="33" st_id="1" stage="1" lat="1">
<core>NULL</core>
<MemPortIdVec></MemPortIdVec>
<condition id="-1">
<or_exp><and_exp></and_exp></or_exp>
</condition>

<Node id="39" bw="16" op_0_bw="1">
<![CDATA[
entry:31 %zext_ln377_2 = zext i1 %and_ln374_2

]]></Node>
<StgValue><ssdm name="zext_ln377_2"/></StgValue>
</operation>

<operation id="34" st_id="1" stage="1" lat="1">
<core>Adder</core>
<MemPortIdVec></MemPortIdVec>
<condition id="-1">
<or_exp><and_exp></and_exp></or_exp>
</condition>

<Node id="40" bw="16" op_0_bw="16" op_1_bw="16">
<![CDATA[
entry:32 %add_ln377_2 = add i16 %zext_ln377_2, i16 %sext_ln818_2

]]></Node>
<StgValue><ssdm name="add_ln377_2"/></StgValue>
</operation>

<operation id="35" st_id="1" stage="1" lat="1">
<core>NULL</core>
<MemPortIdVec></MemPortIdVec>
<condition id="-1">
<or_exp><and_exp></and_exp></or_exp>
</condition>

<Node id="41" bw="15" op_0_bw="15" op_1_bw="16" op_2_bw="32" op_3_bw="32">
<![CDATA[
entry:33 %p_Val2_3 = partselect i15 @_ssdm_op_PartSelect.i15.i16.i32.i32, i16 %p_read_6, i32 1, i32 15

]]></Node>
<StgValue><ssdm name="p_Val2_3"/></StgValue>
</operation>

<operation id="36" st_id="1" stage="1" lat="1">
<core>NULL</core>
<MemPortIdVec></MemPortIdVec>
<condition id="-1">
<or_exp><and_exp></and_exp></or_exp>
</condition>

<Node id="42" bw="16" op_0_bw="15">
<![CDATA[
entry:34 %sext_ln818_3 = sext i15 %p_Val2_3

]]></Node>
<StgValue><ssdm name="sext_ln818_3"/></StgValue>
</operation>

<operation id="37" st_id="1" stage="1" lat="1">
<core>NULL</core>
<MemPortIdVec></MemPortIdVec>
<condition id="-1">
<or_exp><and_exp></and_exp></or_exp>
</condition>

<Node id="43" bw="1" op_0_bw="1" op_1_bw="16" op_2_bw="32">
<![CDATA[
entry:35 %tmp_8 = bitselect i1 @_ssdm_op_BitSelect.i1.i16.i32, i16 %p_read_6, i32 1

]]></Node>
<StgValue><ssdm name="tmp_8"/></StgValue>
</operation>

<operation id="38" st_id="1" stage="1" lat="1">
<core>LogicGate</core>
<MemPortIdVec></MemPortIdVec>
<condition id="-1">
<or_exp><and_exp></and_exp></or_exp>
</condition>

<Node id="44" bw="1" op_0_bw="1" op_1_bw="1">
<![CDATA[
entry:36 %and_ln374_3 = and i1 %tmp_8, i1 %trunc_ln29_3

]]></Node>
<StgValue><ssdm name="and_ln374_3"/></StgValue>
</operation>

<operation id="39" st_id="1" stage="1" lat="1">
<core>NULL</core>
<MemPortIdVec></MemPortIdVec>
<condition id="-1">
<or_exp><and_exp></and_exp></or_exp>
</condition>

<Node id="45" bw="16" op_0_bw="1">
<![CDATA[
entry:37 %zext_ln377_3 = zext i1 %and_ln374_3

]]></Node>
<StgValue><ssdm name="zext_ln377_3"/></StgValue>
</operation>

<operation id="40" st_id="1" stage="1" lat="1">
<core>Adder</core>
<MemPortIdVec></MemPortIdVec>
<condition id="-1">
<or_exp><and_exp></and_exp></or_exp>
</condition>

<Node id="46" bw="16" op_0_bw="16" op_1_bw="16">
<![CDATA[
entry:38 %add_ln377_3 = add i16 %zext_ln377_3, i16 %sext_ln818_3

]]></Node>
<StgValue><ssdm name="add_ln377_3"/></StgValue>
</operation>

<operation id="41" st_id="1" stage="1" lat="1">
<core>NULL</core>
<MemPortIdVec></MemPortIdVec>
<condition id="-1">
<or_exp><and_exp></and_exp></or_exp>
</condition>

<Node id="47" bw="15" op_0_bw="15" op_1_bw="16" op_2_bw="32" op_3_bw="32">
<![CDATA[
entry:39 %p_Val2_4 = partselect i15 @_ssdm_op_PartSelect.i15.i16.i32.i32, i16 %p_read_5, i32 1, i32 15

]]></Node>
<StgValue><ssdm name="p_Val2_4"/></StgValue>
</operation>

<operation id="42" st_id="1" stage="1" lat="1">
<core>NULL</core>
<MemPortIdVec></MemPortIdVec>
<condition id="-1">
<or_exp><and_exp></and_exp></or_exp>
</condition>

<Node id="48" bw="16" op_0_bw="15">
<![CDATA[
entry:40 %sext_ln818_4 = sext i15 %p_Val2_4

]]></Node>
<StgValue><ssdm name="sext_ln818_4"/></StgValue>
</operation>

<operation id="43" st_id="1" stage="1" lat="1">
<core>NULL</core>
<MemPortIdVec></MemPortIdVec>
<condition id="-1">
<or_exp><and_exp></and_exp></or_exp>
</condition>

<Node id="49" bw="1" op_0_bw="1" op_1_bw="16" op_2_bw="32">
<![CDATA[
entry:41 %tmp_9 = bitselect i1 @_ssdm_op_BitSelect.i1.i16.i32, i16 %p_read_5, i32 1

]]></Node>
<StgValue><ssdm name="tmp_9"/></StgValue>
</operation>

<operation id="44" st_id="1" stage="1" lat="1">
<core>LogicGate</core>
<MemPortIdVec></MemPortIdVec>
<condition id="-1">
<or_exp><and_exp></and_exp></or_exp>
</condition>

<Node id="50" bw="1" op_0_bw="1" op_1_bw="1">
<![CDATA[
entry:42 %and_ln374_4 = and i1 %tmp_9, i1 %trunc_ln29_2

]]></Node>
<StgValue><ssdm name="and_ln374_4"/></StgValue>
</operation>

<operation id="45" st_id="1" stage="1" lat="1">
<core>NULL</core>
<MemPortIdVec></MemPortIdVec>
<condition id="-1">
<or_exp><and_exp></and_exp></or_exp>
</condition>

<Node id="51" bw="16" op_0_bw="1">
<![CDATA[
entry:43 %zext_ln377_4 = zext i1 %and_ln374_4

]]></Node>
<StgValue><ssdm name="zext_ln377_4"/></StgValue>
</operation>

<operation id="46" st_id="1" stage="1" lat="1">
<core>Adder</core>
<MemPortIdVec></MemPortIdVec>
<condition id="-1">
<or_exp><and_exp></and_exp></or_exp>
</condition>

<Node id="52" bw="16" op_0_bw="16" op_1_bw="16">
<![CDATA[
entry:44 %add_ln377_4 = add i16 %zext_ln377_4, i16 %sext_ln818_4

]]></Node>
<StgValue><ssdm name="add_ln377_4"/></StgValue>
</operation>

<operation id="47" st_id="1" stage="1" lat="1">
<core>NULL</core>
<MemPortIdVec></MemPortIdVec>
<condition id="-1">
<or_exp><and_exp></and_exp></or_exp>
</condition>

<Node id="53" bw="15" op_0_bw="15" op_1_bw="16" op_2_bw="32" op_3_bw="32">
<![CDATA[
entry:45 %p_Val2_5 = partselect i15 @_ssdm_op_PartSelect.i15.i16.i32.i32, i16 %p_read_4, i32 1, i32 15

]]></Node>
<StgValue><ssdm name="p_Val2_5"/></StgValue>
</operation>

<operation id="48" st_id="1" stage="1" lat="1">
<core>NULL</core>
<MemPortIdVec></MemPortIdVec>
<condition id="-1">
<or_exp><and_exp></and_exp></or_exp>
</condition>

<Node id="54" bw="16" op_0_bw="15">
<![CDATA[
entry:46 %sext_ln818_5 = sext i15 %p_Val2_5

]]></Node>
<StgValue><ssdm name="sext_ln818_5"/></StgValue>
</operation>

<operation id="49" st_id="1" stage="1" lat="1">
<core>NULL</core>
<MemPortIdVec></MemPortIdVec>
<condition id="-1">
<or_exp><and_exp></and_exp></or_exp>
</condition>

<Node id="55" bw="1" op_0_bw="1" op_1_bw="16" op_2_bw="32">
<![CDATA[
entry:47 %tmp_10 = bitselect i1 @_ssdm_op_BitSelect.i1.i16.i32, i16 %p_read_4, i32 1

]]></Node>
<StgValue><ssdm name="tmp_10"/></StgValue>
</operation>

<operation id="50" st_id="1" stage="1" lat="1">
<core>LogicGate</core>
<MemPortIdVec></MemPortIdVec>
<condition id="-1">
<or_exp><and_exp></and_exp></or_exp>
</condition>

<Node id="56" bw="1" op_0_bw="1" op_1_bw="1">
<![CDATA[
entry:48 %and_ln374_5 = and i1 %tmp_10, i1 %trunc_ln29_1

]]></Node>
<StgValue><ssdm name="and_ln374_5"/></StgValue>
</operation>

<operation id="51" st_id="1" stage="1" lat="1">
<core>NULL</core>
<MemPortIdVec></MemPortIdVec>
<condition id="-1">
<or_exp><and_exp></and_exp></or_exp>
</condition>

<Node id="57" bw="16" op_0_bw="1">
<![CDATA[
entry:49 %zext_ln377_5 = zext i1 %and_ln374_5

]]></Node>
<StgValue><ssdm name="zext_ln377_5"/></StgValue>
</operation>

<operation id="52" st_id="1" stage="1" lat="1">
<core>Adder</core>
<MemPortIdVec></MemPortIdVec>
<condition id="-1">
<or_exp><and_exp></and_exp></or_exp>
</condition>

<Node id="58" bw="16" op_0_bw="16" op_1_bw="16">
<![CDATA[
entry:50 %add_ln377_5 = add i16 %zext_ln377_5, i16 %sext_ln818_5

]]></Node>
<StgValue><ssdm name="add_ln377_5"/></StgValue>
</operation>

<operation id="53" st_id="1" stage="1" lat="1">
<core>NULL</core>
<MemPortIdVec></MemPortIdVec>
<condition id="-1">
<or_exp><and_exp></and_exp></or_exp>
</condition>

<Node id="59" bw="15" op_0_bw="15" op_1_bw="16" op_2_bw="32" op_3_bw="32">
<![CDATA[
entry:51 %p_Val2_6 = partselect i15 @_ssdm_op_PartSelect.i15.i16.i32.i32, i16 %p_read_3, i32 1, i32 15

]]></Node>
<StgValue><ssdm name="p_Val2_6"/></StgValue>
</operation>

<operation id="54" st_id="1" stage="1" lat="1">
<core>NULL</core>
<MemPortIdVec></MemPortIdVec>
<condition id="-1">
<or_exp><and_exp></and_exp></or_exp>
</condition>

<Node id="60" bw="16" op_0_bw="15">
<![CDATA[
entry:52 %sext_ln818_6 = sext i15 %p_Val2_6

]]></Node>
<StgValue><ssdm name="sext_ln818_6"/></StgValue>
</operation>

<operation id="55" st_id="1" stage="1" lat="1">
<core>NULL</core>
<MemPortIdVec></MemPortIdVec>
<condition id="-1">
<or_exp><and_exp></and_exp></or_exp>
</condition>

<Node id="61" bw="1" op_0_bw="1" op_1_bw="16" op_2_bw="32">
<![CDATA[
entry:53 %tmp_11 = bitselect i1 @_ssdm_op_BitSelect.i1.i16.i32, i16 %p_read_3, i32 1

]]></Node>
<StgValue><ssdm name="tmp_11"/></StgValue>
</operation>

<operation id="56" st_id="1" stage="1" lat="1">
<core>LogicGate</core>
<MemPortIdVec></MemPortIdVec>
<condition id="-1">
<or_exp><and_exp></and_exp></or_exp>
</condition>

<Node id="62" bw="1" op_0_bw="1" op_1_bw="1">
<![CDATA[
entry:54 %and_ln374_6 = and i1 %tmp_11, i1 %trunc_ln29

]]></Node>
<StgValue><ssdm name="and_ln374_6"/></StgValue>
</operation>

<operation id="57" st_id="1" stage="1" lat="1">
<core>NULL</core>
<MemPortIdVec></MemPortIdVec>
<condition id="-1">
<or_exp><and_exp></and_exp></or_exp>
</condition>

<Node id="63" bw="16" op_0_bw="1">
<![CDATA[
entry:55 %zext_ln377_6 = zext i1 %and_ln374_6

]]></Node>
<StgValue><ssdm name="zext_ln377_6"/></StgValue>
</operation>

<operation id="58" st_id="1" stage="1" lat="1">
<core>Adder</core>
<MemPortIdVec></MemPortIdVec>
<condition id="-1">
<or_exp><and_exp></and_exp></or_exp>
</condition>

<Node id="64" bw="16" op_0_bw="16" op_1_bw="16">
<![CDATA[
entry:56 %add_ln377_6 = add i16 %zext_ln377_6, i16 %sext_ln818_6

]]></Node>
<StgValue><ssdm name="add_ln377_6"/></StgValue>
</operation>

<operation id="59" st_id="1" stage="1" lat="1">
<core>NULL</core>
<MemPortIdVec></MemPortIdVec>
<condition id="-1">
<or_exp><and_exp></and_exp></or_exp>
</condition>

<Node id="65" bw="112" op_0_bw="112" op_1_bw="16">
<![CDATA[
entry:57 %mrv = insertvalue i112 <undef>, i16 %add_ln377

]]></Node>
<StgValue><ssdm name="mrv"/></StgValue>
</operation>

<operation id="60" st_id="1" stage="1" lat="1">
<core>NULL</core>
<MemPortIdVec></MemPortIdVec>
<condition id="-1">
<or_exp><and_exp></and_exp></or_exp>
</condition>

<Node id="66" bw="112" op_0_bw="112" op_1_bw="16">
<![CDATA[
entry:58 %mrv_1 = insertvalue i112 %mrv, i16 %add_ln377_1

]]></Node>
<StgValue><ssdm name="mrv_1"/></StgValue>
</operation>

<operation id="61" st_id="1" stage="1" lat="1">
<core>NULL</core>
<MemPortIdVec></MemPortIdVec>
<condition id="-1">
<or_exp><and_exp></and_exp></or_exp>
</condition>

<Node id="67" bw="112" op_0_bw="112" op_1_bw="16">
<![CDATA[
entry:59 %mrv_2 = insertvalue i112 %mrv_1, i16 %add_ln377_2

]]></Node>
<StgValue><ssdm name="mrv_2"/></StgValue>
</operation>

<operation id="62" st_id="1" stage="1" lat="1">
<core>NULL</core>
<MemPortIdVec></MemPortIdVec>
<condition id="-1">
<or_exp><and_exp></and_exp></or_exp>
</condition>

<Node id="68" bw="112" op_0_bw="112" op_1_bw="16">
<![CDATA[
entry:60 %mrv_3 = insertvalue i112 %mrv_2, i16 %add_ln377_3

]]></Node>
<StgValue><ssdm name="mrv_3"/></StgValue>
</operation>

<operation id="63" st_id="1" stage="1" lat="1">
<core>NULL</core>
<MemPortIdVec></MemPortIdVec>
<condition id="-1">
<or_exp><and_exp></and_exp></or_exp>
</condition>

<Node id="69" bw="112" op_0_bw="112" op_1_bw="16">
<![CDATA[
entry:61 %mrv_4 = insertvalue i112 %mrv_3, i16 %add_ln377_4

]]></Node>
<StgValue><ssdm name="mrv_4"/></StgValue>
</operation>

<operation id="64" st_id="1" stage="1" lat="1">
<core>NULL</core>
<MemPortIdVec></MemPortIdVec>
<condition id="-1">
<or_exp><and_exp></and_exp></or_exp>
</condition>

<Node id="70" bw="112" op_0_bw="112" op_1_bw="16">
<![CDATA[
entry:62 %mrv_5 = insertvalue i112 %mrv_4, i16 %add_ln377_5

]]></Node>
<StgValue><ssdm name="mrv_5"/></StgValue>
</operation>

<operation id="65" st_id="1" stage="1" lat="1">
<core>NULL</core>
<MemPortIdVec></MemPortIdVec>
<condition id="-1">
<or_exp><and_exp></and_exp></or_exp>
</condition>

<Node id="71" bw="112" op_0_bw="112" op_1_bw="16">
<![CDATA[
entry:63 %mrv_6 = insertvalue i112 %mrv_5, i16 %add_ln377_6

]]></Node>
<StgValue><ssdm name="mrv_6"/></StgValue>
</operation>

<operation id="66" st_id="1" stage="1" lat="1">
<core>NULL</core>
<MemPortIdVec></MemPortIdVec>
<condition id="-1">
<or_exp><and_exp></and_exp></or_exp>
</condition>

<Node id="72" bw="0" op_0_bw="112">
<![CDATA[
entry:64 %ret_ln34 = ret i112 %mrv_6

]]></Node>
<StgValue><ssdm name="ret_ln34"/></StgValue>
</operation>
</state>
</state_list>


<ports>
<port id="68" name="p_read" dir="0" iftype="0">
<core>NULL</core><StgValue><ssdm name="p_read"/></StgValue>
</port>
<port id="69" name="p_read1" dir="0" iftype="0">
<core>NULL</core><StgValue><ssdm name="p_read1"/></StgValue>
</port>
<port id="70" name="p_read2" dir="0" iftype="0">
<core>NULL</core><StgValue><ssdm name="p_read2"/></StgValue>
</port>
<port id="71" name="p_read3" dir="0" iftype="0">
<core>NULL</core><StgValue><ssdm name="p_read3"/></StgValue>
</port>
<port id="72" name="p_read4" dir="0" iftype="0">
<core>NULL</core><StgValue><ssdm name="p_read4"/></StgValue>
</port>
<port id="73" name="p_read5" dir="0" iftype="0">
<core>NULL</core><StgValue><ssdm name="p_read5"/></StgValue>
</port>
<port id="74" name="p_read6" dir="0" iftype="0">
<core>NULL</core><StgValue><ssdm name="p_read6"/></StgValue>
</port>
</ports>


<dataflows>
<dataflow id="76" from="_ssdm_op_Read.ap_auto.i16" to="p_read_3" fromId="75" toId="2">
</dataflow>
<dataflow id="77" from="p_read6" to="p_read_3" fromId="74" toId="2">
</dataflow>
<dataflow id="78" from="_ssdm_op_Read.ap_auto.i16" to="p_read_4" fromId="75" toId="3">
</dataflow>
<dataflow id="79" from="p_read5" to="p_read_4" fromId="73" toId="3">
</dataflow>
<dataflow id="80" from="_ssdm_op_Read.ap_auto.i16" to="p_read_5" fromId="75" toId="4">
</dataflow>
<dataflow id="81" from="p_read4" to="p_read_5" fromId="72" toId="4">
</dataflow>
<dataflow id="82" from="_ssdm_op_Read.ap_auto.i16" to="p_read_6" fromId="75" toId="5">
</dataflow>
<dataflow id="83" from="p_read3" to="p_read_6" fromId="71" toId="5">
</dataflow>
<dataflow id="84" from="_ssdm_op_Read.ap_auto.i16" to="p_read_7" fromId="75" toId="6">
</dataflow>
<dataflow id="85" from="p_read2" to="p_read_7" fromId="70" toId="6">
</dataflow>
<dataflow id="86" from="_ssdm_op_Read.ap_auto.i16" to="p_read_8" fromId="75" toId="7">
</dataflow>
<dataflow id="87" from="p_read1" to="p_read_8" fromId="69" toId="7">
</dataflow>
<dataflow id="88" from="_ssdm_op_Read.ap_auto.i16" to="p_read_9" fromId="75" toId="8">
</dataflow>
<dataflow id="89" from="p_read" to="p_read_9" fromId="68" toId="8">
</dataflow>
<dataflow id="90" from="p_read_3" to="trunc_ln29" fromId="2" toId="9">
</dataflow>
<dataflow id="91" from="p_read_4" to="trunc_ln29_1" fromId="3" toId="10">
</dataflow>
<dataflow id="92" from="p_read_5" to="trunc_ln29_2" fromId="4" toId="11">
</dataflow>
<dataflow id="93" from="p_read_6" to="trunc_ln29_3" fromId="5" toId="12">
</dataflow>
<dataflow id="94" from="p_read_7" to="trunc_ln29_4" fromId="6" toId="13">
</dataflow>
<dataflow id="95" from="p_read_8" to="trunc_ln29_5" fromId="7" toId="14">
</dataflow>
<dataflow id="96" from="p_read_9" to="trunc_ln29_6" fromId="8" toId="15">
</dataflow>
<dataflow id="98" from="_ssdm_op_SpecPipeline" to="specpipeline_ln29" fromId="97" toId="16">
</dataflow>
<dataflow id="100" from="StgValue_99" to="specpipeline_ln29" fromId="99" toId="16">
</dataflow>
<dataflow id="102" from="StgValue_101" to="specpipeline_ln29" fromId="101" toId="16">
</dataflow>
<dataflow id="103" from="StgValue_101" to="specpipeline_ln29" fromId="101" toId="16">
</dataflow>
<dataflow id="104" from="StgValue_101" to="specpipeline_ln29" fromId="101" toId="16">
</dataflow>
<dataflow id="106" from="empty_0" to="specpipeline_ln29" fromId="105" toId="16">
</dataflow>
<dataflow id="108" from="_ssdm_op_PartSelect.i15.i16.i32.i32" to="p_Val2_s" fromId="107" toId="17">
</dataflow>
<dataflow id="109" from="p_read_9" to="p_Val2_s" fromId="8" toId="17">
</dataflow>
<dataflow id="111" from="StgValue_110" to="p_Val2_s" fromId="110" toId="17">
</dataflow>
<dataflow id="113" from="StgValue_112" to="p_Val2_s" fromId="112" toId="17">
</dataflow>
<dataflow id="114" from="p_Val2_s" to="sext_ln818" fromId="17" toId="18">
</dataflow>
<dataflow id="116" from="_ssdm_op_BitSelect.i1.i16.i32" to="tmp" fromId="115" toId="19">
</dataflow>
<dataflow id="117" from="p_read_9" to="tmp" fromId="8" toId="19">
</dataflow>
<dataflow id="118" from="StgValue_110" to="tmp" fromId="110" toId="19">
</dataflow>
<dataflow id="119" from="tmp" to="and_ln374" fromId="19" toId="20">
</dataflow>
<dataflow id="120" from="trunc_ln29_6" to="and_ln374" fromId="15" toId="20">
</dataflow>
<dataflow id="121" from="and_ln374" to="zext_ln377" fromId="20" toId="21">
</dataflow>
<dataflow id="122" from="zext_ln377" to="add_ln377" fromId="21" toId="22">
</dataflow>
<dataflow id="123" from="sext_ln818" to="add_ln377" fromId="18" toId="22">
</dataflow>
<dataflow id="124" from="_ssdm_op_PartSelect.i15.i16.i32.i32" to="p_Val2_1" fromId="107" toId="23">
</dataflow>
<dataflow id="125" from="p_read_8" to="p_Val2_1" fromId="7" toId="23">
</dataflow>
<dataflow id="126" from="StgValue_110" to="p_Val2_1" fromId="110" toId="23">
</dataflow>
<dataflow id="127" from="StgValue_112" to="p_Val2_1" fromId="112" toId="23">
</dataflow>
<dataflow id="128" from="p_Val2_1" to="sext_ln818_1" fromId="23" toId="24">
</dataflow>
<dataflow id="129" from="_ssdm_op_BitSelect.i1.i16.i32" to="tmp_6" fromId="115" toId="25">
</dataflow>
<dataflow id="130" from="p_read_8" to="tmp_6" fromId="7" toId="25">
</dataflow>
<dataflow id="131" from="StgValue_110" to="tmp_6" fromId="110" toId="25">
</dataflow>
<dataflow id="132" from="tmp_6" to="and_ln374_1" fromId="25" toId="26">
</dataflow>
<dataflow id="133" from="trunc_ln29_5" to="and_ln374_1" fromId="14" toId="26">
</dataflow>
<dataflow id="134" from="and_ln374_1" to="zext_ln377_1" fromId="26" toId="27">
</dataflow>
<dataflow id="135" from="zext_ln377_1" to="add_ln377_1" fromId="27" toId="28">
</dataflow>
<dataflow id="136" from="sext_ln818_1" to="add_ln377_1" fromId="24" toId="28">
</dataflow>
<dataflow id="137" from="_ssdm_op_PartSelect.i15.i16.i32.i32" to="p_Val2_2" fromId="107" toId="29">
</dataflow>
<dataflow id="138" from="p_read_7" to="p_Val2_2" fromId="6" toId="29">
</dataflow>
<dataflow id="139" from="StgValue_110" to="p_Val2_2" fromId="110" toId="29">
</dataflow>
<dataflow id="140" from="StgValue_112" to="p_Val2_2" fromId="112" toId="29">
</dataflow>
<dataflow id="141" from="p_Val2_2" to="sext_ln818_2" fromId="29" toId="30">
</dataflow>
<dataflow id="142" from="_ssdm_op_BitSelect.i1.i16.i32" to="tmp_7" fromId="115" toId="31">
</dataflow>
<dataflow id="143" from="p_read_7" to="tmp_7" fromId="6" toId="31">
</dataflow>
<dataflow id="144" from="StgValue_110" to="tmp_7" fromId="110" toId="31">
</dataflow>
<dataflow id="145" from="tmp_7" to="and_ln374_2" fromId="31" toId="32">
</dataflow>
<dataflow id="146" from="trunc_ln29_4" to="and_ln374_2" fromId="13" toId="32">
</dataflow>
<dataflow id="147" from="and_ln374_2" to="zext_ln377_2" fromId="32" toId="33">
</dataflow>
<dataflow id="148" from="zext_ln377_2" to="add_ln377_2" fromId="33" toId="34">
</dataflow>
<dataflow id="149" from="sext_ln818_2" to="add_ln377_2" fromId="30" toId="34">
</dataflow>
<dataflow id="150" from="_ssdm_op_PartSelect.i15.i16.i32.i32" to="p_Val2_3" fromId="107" toId="35">
</dataflow>
<dataflow id="151" from="p_read_6" to="p_Val2_3" fromId="5" toId="35">
</dataflow>
<dataflow id="152" from="StgValue_110" to="p_Val2_3" fromId="110" toId="35">
</dataflow>
<dataflow id="153" from="StgValue_112" to="p_Val2_3" fromId="112" toId="35">
</dataflow>
<dataflow id="154" from="p_Val2_3" to="sext_ln818_3" fromId="35" toId="36">
</dataflow>
<dataflow id="155" from="_ssdm_op_BitSelect.i1.i16.i32" to="tmp_8" fromId="115" toId="37">
</dataflow>
<dataflow id="156" from="p_read_6" to="tmp_8" fromId="5" toId="37">
</dataflow>
<dataflow id="157" from="StgValue_110" to="tmp_8" fromId="110" toId="37">
</dataflow>
<dataflow id="158" from="tmp_8" to="and_ln374_3" fromId="37" toId="38">
</dataflow>
<dataflow id="159" from="trunc_ln29_3" to="and_ln374_3" fromId="12" toId="38">
</dataflow>
<dataflow id="160" from="and_ln374_3" to="zext_ln377_3" fromId="38" toId="39">
</dataflow>
<dataflow id="161" from="zext_ln377_3" to="add_ln377_3" fromId="39" toId="40">
</dataflow>
<dataflow id="162" from="sext_ln818_3" to="add_ln377_3" fromId="36" toId="40">
</dataflow>
<dataflow id="163" from="_ssdm_op_PartSelect.i15.i16.i32.i32" to="p_Val2_4" fromId="107" toId="41">
</dataflow>
<dataflow id="164" from="p_read_5" to="p_Val2_4" fromId="4" toId="41">
</dataflow>
<dataflow id="165" from="StgValue_110" to="p_Val2_4" fromId="110" toId="41">
</dataflow>
<dataflow id="166" from="StgValue_112" to="p_Val2_4" fromId="112" toId="41">
</dataflow>
<dataflow id="167" from="p_Val2_4" to="sext_ln818_4" fromId="41" toId="42">
</dataflow>
<dataflow id="168" from="_ssdm_op_BitSelect.i1.i16.i32" to="tmp_9" fromId="115" toId="43">
</dataflow>
<dataflow id="169" from="p_read_5" to="tmp_9" fromId="4" toId="43">
</dataflow>
<dataflow id="170" from="StgValue_110" to="tmp_9" fromId="110" toId="43">
</dataflow>
<dataflow id="171" from="tmp_9" to="and_ln374_4" fromId="43" toId="44">
</dataflow>
<dataflow id="172" from="trunc_ln29_2" to="and_ln374_4" fromId="11" toId="44">
</dataflow>
<dataflow id="173" from="and_ln374_4" to="zext_ln377_4" fromId="44" toId="45">
</dataflow>
<dataflow id="174" from="zext_ln377_4" to="add_ln377_4" fromId="45" toId="46">
</dataflow>
<dataflow id="175" from="sext_ln818_4" to="add_ln377_4" fromId="42" toId="46">
</dataflow>
<dataflow id="176" from="_ssdm_op_PartSelect.i15.i16.i32.i32" to="p_Val2_5" fromId="107" toId="47">
</dataflow>
<dataflow id="177" from="p_read_4" to="p_Val2_5" fromId="3" toId="47">
</dataflow>
<dataflow id="178" from="StgValue_110" to="p_Val2_5" fromId="110" toId="47">
</dataflow>
<dataflow id="179" from="StgValue_112" to="p_Val2_5" fromId="112" toId="47">
</dataflow>
<dataflow id="180" from="p_Val2_5" to="sext_ln818_5" fromId="47" toId="48">
</dataflow>
<dataflow id="181" from="_ssdm_op_BitSelect.i1.i16.i32" to="tmp_10" fromId="115" toId="49">
</dataflow>
<dataflow id="182" from="p_read_4" to="tmp_10" fromId="3" toId="49">
</dataflow>
<dataflow id="183" from="StgValue_110" to="tmp_10" fromId="110" toId="49">
</dataflow>
<dataflow id="184" from="tmp_10" to="and_ln374_5" fromId="49" toId="50">
</dataflow>
<dataflow id="185" from="trunc_ln29_1" to="and_ln374_5" fromId="10" toId="50">
</dataflow>
<dataflow id="186" from="and_ln374_5" to="zext_ln377_5" fromId="50" toId="51">
</dataflow>
<dataflow id="187" from="zext_ln377_5" to="add_ln377_5" fromId="51" toId="52">
</dataflow>
<dataflow id="188" from="sext_ln818_5" to="add_ln377_5" fromId="48" toId="52">
</dataflow>
<dataflow id="189" from="_ssdm_op_PartSelect.i15.i16.i32.i32" to="p_Val2_6" fromId="107" toId="53">
</dataflow>
<dataflow id="190" from="p_read_3" to="p_Val2_6" fromId="2" toId="53">
</dataflow>
<dataflow id="191" from="StgValue_110" to="p_Val2_6" fromId="110" toId="53">
</dataflow>
<dataflow id="192" from="StgValue_112" to="p_Val2_6" fromId="112" toId="53">
</dataflow>
<dataflow id="193" from="p_Val2_6" to="sext_ln818_6" fromId="53" toId="54">
</dataflow>
<dataflow id="194" from="_ssdm_op_BitSelect.i1.i16.i32" to="tmp_11" fromId="115" toId="55">
</dataflow>
<dataflow id="195" from="p_read_3" to="tmp_11" fromId="2" toId="55">
</dataflow>
<dataflow id="196" from="StgValue_110" to="tmp_11" fromId="110" toId="55">
</dataflow>
<dataflow id="197" from="tmp_11" to="and_ln374_6" fromId="55" toId="56">
</dataflow>
<dataflow id="198" from="trunc_ln29" to="and_ln374_6" fromId="9" toId="56">
</dataflow>
<dataflow id="199" from="and_ln374_6" to="zext_ln377_6" fromId="56" toId="57">
</dataflow>
<dataflow id="200" from="zext_ln377_6" to="add_ln377_6" fromId="57" toId="58">
</dataflow>
<dataflow id="201" from="sext_ln818_6" to="add_ln377_6" fromId="54" toId="58">
</dataflow>
<dataflow id="203" from="StgValue_202" to="mrv" fromId="202" toId="59">
</dataflow>
<dataflow id="204" from="add_ln377" to="mrv" fromId="22" toId="59">
</dataflow>
<dataflow id="205" from="mrv" to="mrv_1" fromId="59" toId="60">
</dataflow>
<dataflow id="206" from="add_ln377_1" to="mrv_1" fromId="28" toId="60">
</dataflow>
<dataflow id="207" from="mrv_1" to="mrv_2" fromId="60" toId="61">
</dataflow>
<dataflow id="208" from="add_ln377_2" to="mrv_2" fromId="34" toId="61">
</dataflow>
<dataflow id="209" from="mrv_2" to="mrv_3" fromId="61" toId="62">
</dataflow>
<dataflow id="210" from="add_ln377_3" to="mrv_3" fromId="40" toId="62">
</dataflow>
<dataflow id="211" from="mrv_3" to="mrv_4" fromId="62" toId="63">
</dataflow>
<dataflow id="212" from="add_ln377_4" to="mrv_4" fromId="46" toId="63">
</dataflow>
<dataflow id="213" from="mrv_4" to="mrv_5" fromId="63" toId="64">
</dataflow>
<dataflow id="214" from="add_ln377_5" to="mrv_5" fromId="52" toId="64">
</dataflow>
<dataflow id="215" from="mrv_5" to="mrv_6" fromId="64" toId="65">
</dataflow>
<dataflow id="216" from="add_ln377_6" to="mrv_6" fromId="58" toId="65">
</dataflow>
<dataflow id="217" from="mrv_6" to="ret_ln34" fromId="65" toId="66">
</dataflow>
</dataflows>


</stg>
