<stg><name>linear<ap_fixed<16, 6, 5, 3, 0>, ap_fixed<16, 7, 4, 0, 0>, linear_config10></name>


<trans_list>
</trans_list>



<state_list>

<state id="1" st_id="1">

<operation id="2" st_id="1" stage="1" lat="1">
<core>NULL</core>
<MemPortIdVec></MemPortIdVec>
<condition id="-1">
<or_exp><and_exp></and_exp></or_exp>
</condition>

<Node id="10" bw="16" op_0_bw="16" op_1_bw="16">
<![CDATA[
entry:0 %p_read_11 = read i16 @_ssdm_op_Read.ap_auto.i16, i16 %p_read9

]]></Node>
<StgValue><ssdm name="p_read_11"/></StgValue>
</operation>

<operation id="3" st_id="1" stage="1" lat="1">
<core>NULL</core>
<MemPortIdVec></MemPortIdVec>
<condition id="-1">
<or_exp><and_exp></and_exp></or_exp>
</condition>

<Node id="11" bw="16" op_0_bw="16" op_1_bw="16">
<![CDATA[
entry:1 %p_read_12 = read i16 @_ssdm_op_Read.ap_auto.i16, i16 %p_read8

]]></Node>
<StgValue><ssdm name="p_read_12"/></StgValue>
</operation>

<operation id="4" st_id="1" stage="1" lat="1">
<core>NULL</core>
<MemPortIdVec></MemPortIdVec>
<condition id="-1">
<or_exp><and_exp></and_exp></or_exp>
</condition>

<Node id="12" bw="16" op_0_bw="16" op_1_bw="16">
<![CDATA[
entry:2 %p_read_13 = read i16 @_ssdm_op_Read.ap_auto.i16, i16 %p_read6

]]></Node>
<StgValue><ssdm name="p_read_13"/></StgValue>
</operation>

<operation id="5" st_id="1" stage="1" lat="1">
<core>NULL</core>
<MemPortIdVec></MemPortIdVec>
<condition id="-1">
<or_exp><and_exp></and_exp></or_exp>
</condition>

<Node id="13" bw="16" op_0_bw="16" op_1_bw="16">
<![CDATA[
entry:3 %p_read512 = read i16 @_ssdm_op_Read.ap_auto.i16, i16 %p_read5

]]></Node>
<StgValue><ssdm name="p_read512"/></StgValue>
</operation>

<operation id="6" st_id="1" stage="1" lat="1">
<core>NULL</core>
<MemPortIdVec></MemPortIdVec>
<condition id="-1">
<or_exp><and_exp></and_exp></or_exp>
</condition>

<Node id="14" bw="16" op_0_bw="16" op_1_bw="16">
<![CDATA[
entry:4 %p_read411 = read i16 @_ssdm_op_Read.ap_auto.i16, i16 %p_read4

]]></Node>
<StgValue><ssdm name="p_read411"/></StgValue>
</operation>

<operation id="7" st_id="1" stage="1" lat="1">
<core>NULL</core>
<MemPortIdVec></MemPortIdVec>
<condition id="-1">
<or_exp><and_exp></and_exp></or_exp>
</condition>

<Node id="15" bw="16" op_0_bw="16" op_1_bw="16">
<![CDATA[
entry:5 %p_read310 = read i16 @_ssdm_op_Read.ap_auto.i16, i16 %p_read3

]]></Node>
<StgValue><ssdm name="p_read310"/></StgValue>
</operation>

<operation id="8" st_id="1" stage="1" lat="1">
<core>NULL</core>
<MemPortIdVec></MemPortIdVec>
<condition id="-1">
<or_exp><and_exp></and_exp></or_exp>
</condition>

<Node id="16" bw="16" op_0_bw="16" op_1_bw="16">
<![CDATA[
entry:6 %p_read29 = read i16 @_ssdm_op_Read.ap_auto.i16, i16 %p_read2

]]></Node>
<StgValue><ssdm name="p_read29"/></StgValue>
</operation>

<operation id="9" st_id="1" stage="1" lat="1">
<core>NULL</core>
<MemPortIdVec></MemPortIdVec>
<condition id="-1">
<or_exp><and_exp></and_exp></or_exp>
</condition>

<Node id="17" bw="16" op_0_bw="16" op_1_bw="16">
<![CDATA[
entry:7 %p_read18 = read i16 @_ssdm_op_Read.ap_auto.i16, i16 %p_read1

]]></Node>
<StgValue><ssdm name="p_read18"/></StgValue>
</operation>

<operation id="10" st_id="1" stage="1" lat="1">
<core>NULL</core>
<MemPortIdVec></MemPortIdVec>
<condition id="-1">
<or_exp><and_exp></and_exp></or_exp>
</condition>

<Node id="18" bw="16" op_0_bw="16" op_1_bw="16">
<![CDATA[
entry:8 %p_read_14 = read i16 @_ssdm_op_Read.ap_auto.i16, i16 %p_read

]]></Node>
<StgValue><ssdm name="p_read_14"/></StgValue>
</operation>

<operation id="11" st_id="1" stage="1" lat="1">
<core>NULL</core>
<MemPortIdVec></MemPortIdVec>
<condition id="-1">
<or_exp><and_exp></and_exp></or_exp>
</condition>

<Node id="19" bw="1" op_0_bw="16">
<![CDATA[
entry:9 %trunc_ln29 = trunc i16 %p_read_11

]]></Node>
<StgValue><ssdm name="trunc_ln29"/></StgValue>
</operation>

<operation id="12" st_id="1" stage="1" lat="1">
<core>NULL</core>
<MemPortIdVec></MemPortIdVec>
<condition id="-1">
<or_exp><and_exp></and_exp></or_exp>
</condition>

<Node id="20" bw="1" op_0_bw="16">
<![CDATA[
entry:10 %trunc_ln29_11 = trunc i16 %p_read_12

]]></Node>
<StgValue><ssdm name="trunc_ln29_11"/></StgValue>
</operation>

<operation id="13" st_id="1" stage="1" lat="1">
<core>NULL</core>
<MemPortIdVec></MemPortIdVec>
<condition id="-1">
<or_exp><and_exp></and_exp></or_exp>
</condition>

<Node id="21" bw="1" op_0_bw="16">
<![CDATA[
entry:11 %trunc_ln29_12 = trunc i16 %p_read_13

]]></Node>
<StgValue><ssdm name="trunc_ln29_12"/></StgValue>
</operation>

<operation id="14" st_id="1" stage="1" lat="1">
<core>NULL</core>
<MemPortIdVec></MemPortIdVec>
<condition id="-1">
<or_exp><and_exp></and_exp></or_exp>
</condition>

<Node id="22" bw="1" op_0_bw="16">
<![CDATA[
entry:12 %trunc_ln29_13 = trunc i16 %p_read512

]]></Node>
<StgValue><ssdm name="trunc_ln29_13"/></StgValue>
</operation>

<operation id="15" st_id="1" stage="1" lat="1">
<core>NULL</core>
<MemPortIdVec></MemPortIdVec>
<condition id="-1">
<or_exp><and_exp></and_exp></or_exp>
</condition>

<Node id="23" bw="1" op_0_bw="16">
<![CDATA[
entry:13 %trunc_ln29_14 = trunc i16 %p_read411

]]></Node>
<StgValue><ssdm name="trunc_ln29_14"/></StgValue>
</operation>

<operation id="16" st_id="1" stage="1" lat="1">
<core>NULL</core>
<MemPortIdVec></MemPortIdVec>
<condition id="-1">
<or_exp><and_exp></and_exp></or_exp>
</condition>

<Node id="24" bw="1" op_0_bw="16">
<![CDATA[
entry:14 %trunc_ln29_15 = trunc i16 %p_read310

]]></Node>
<StgValue><ssdm name="trunc_ln29_15"/></StgValue>
</operation>

<operation id="17" st_id="1" stage="1" lat="1">
<core>NULL</core>
<MemPortIdVec></MemPortIdVec>
<condition id="-1">
<or_exp><and_exp></and_exp></or_exp>
</condition>

<Node id="25" bw="1" op_0_bw="16">
<![CDATA[
entry:15 %trunc_ln29_16 = trunc i16 %p_read29

]]></Node>
<StgValue><ssdm name="trunc_ln29_16"/></StgValue>
</operation>

<operation id="18" st_id="1" stage="1" lat="1">
<core>NULL</core>
<MemPortIdVec></MemPortIdVec>
<condition id="-1">
<or_exp><and_exp></and_exp></or_exp>
</condition>

<Node id="26" bw="1" op_0_bw="16">
<![CDATA[
entry:16 %trunc_ln29_17 = trunc i16 %p_read18

]]></Node>
<StgValue><ssdm name="trunc_ln29_17"/></StgValue>
</operation>

<operation id="19" st_id="1" stage="1" lat="1">
<core>NULL</core>
<MemPortIdVec></MemPortIdVec>
<condition id="-1">
<or_exp><and_exp></and_exp></or_exp>
</condition>

<Node id="27" bw="1" op_0_bw="16">
<![CDATA[
entry:17 %trunc_ln29_18 = trunc i16 %p_read_14

]]></Node>
<StgValue><ssdm name="trunc_ln29_18"/></StgValue>
</operation>

<operation id="20" st_id="1" stage="1" lat="1">
<core>NULL</core>
<MemPortIdVec></MemPortIdVec>
<condition id="-1">
<or_exp><and_exp></and_exp></or_exp>
</condition>

<Node id="28" bw="0" op_0_bw="0" op_1_bw="32" op_2_bw="32" op_3_bw="32" op_4_bw="32" op_5_bw="0">
<![CDATA[
entry:18 %specpipeline_ln29 = specpipeline void @_ssdm_op_SpecPipeline, i32 4294967295, i32 0, i32 0, i32 0, void @empty_0

]]></Node>
<StgValue><ssdm name="specpipeline_ln29"/></StgValue>
</operation>

<operation id="21" st_id="1" stage="1" lat="1">
<core>NULL</core>
<MemPortIdVec></MemPortIdVec>
<condition id="-1">
<or_exp><and_exp></and_exp></or_exp>
</condition>

<Node id="29" bw="15" op_0_bw="15" op_1_bw="16" op_2_bw="32" op_3_bw="32">
<![CDATA[
entry:19 %p_Val2_s = partselect i15 @_ssdm_op_PartSelect.i15.i16.i32.i32, i16 %p_read_14, i32 1, i32 15

]]></Node>
<StgValue><ssdm name="p_Val2_s"/></StgValue>
</operation>

<operation id="22" st_id="1" stage="1" lat="1">
<core>NULL</core>
<MemPortIdVec></MemPortIdVec>
<condition id="-1">
<or_exp><and_exp></and_exp></or_exp>
</condition>

<Node id="30" bw="16" op_0_bw="15">
<![CDATA[
entry:20 %sext_ln818 = sext i15 %p_Val2_s

]]></Node>
<StgValue><ssdm name="sext_ln818"/></StgValue>
</operation>

<operation id="23" st_id="1" stage="1" lat="1">
<core>NULL</core>
<MemPortIdVec></MemPortIdVec>
<condition id="-1">
<or_exp><and_exp></and_exp></or_exp>
</condition>

<Node id="31" bw="1" op_0_bw="1" op_1_bw="16" op_2_bw="32">
<![CDATA[
entry:21 %tmp = bitselect i1 @_ssdm_op_BitSelect.i1.i16.i32, i16 %p_read_14, i32 1

]]></Node>
<StgValue><ssdm name="tmp"/></StgValue>
</operation>

<operation id="24" st_id="1" stage="1" lat="1">
<core>LogicGate</core>
<MemPortIdVec></MemPortIdVec>
<condition id="-1">
<or_exp><and_exp></and_exp></or_exp>
</condition>

<Node id="32" bw="1" op_0_bw="1" op_1_bw="1">
<![CDATA[
entry:22 %and_ln374 = and i1 %tmp, i1 %trunc_ln29_18

]]></Node>
<StgValue><ssdm name="and_ln374"/></StgValue>
</operation>

<operation id="25" st_id="1" stage="1" lat="1">
<core>NULL</core>
<MemPortIdVec></MemPortIdVec>
<condition id="-1">
<or_exp><and_exp></and_exp></or_exp>
</condition>

<Node id="33" bw="16" op_0_bw="1">
<![CDATA[
entry:23 %zext_ln377 = zext i1 %and_ln374

]]></Node>
<StgValue><ssdm name="zext_ln377"/></StgValue>
</operation>

<operation id="26" st_id="1" stage="1" lat="1">
<core>Adder</core>
<MemPortIdVec></MemPortIdVec>
<condition id="-1">
<or_exp><and_exp></and_exp></or_exp>
</condition>

<Node id="34" bw="16" op_0_bw="16" op_1_bw="16">
<![CDATA[
entry:24 %add_ln377 = add i16 %zext_ln377, i16 %sext_ln818

]]></Node>
<StgValue><ssdm name="add_ln377"/></StgValue>
</operation>

<operation id="27" st_id="1" stage="1" lat="1">
<core>NULL</core>
<MemPortIdVec></MemPortIdVec>
<condition id="-1">
<or_exp><and_exp></and_exp></or_exp>
</condition>

<Node id="35" bw="15" op_0_bw="15" op_1_bw="16" op_2_bw="32" op_3_bw="32">
<![CDATA[
entry:25 %p_Val2_11 = partselect i15 @_ssdm_op_PartSelect.i15.i16.i32.i32, i16 %p_read18, i32 1, i32 15

]]></Node>
<StgValue><ssdm name="p_Val2_11"/></StgValue>
</operation>

<operation id="28" st_id="1" stage="1" lat="1">
<core>NULL</core>
<MemPortIdVec></MemPortIdVec>
<condition id="-1">
<or_exp><and_exp></and_exp></or_exp>
</condition>

<Node id="36" bw="16" op_0_bw="15">
<![CDATA[
entry:26 %sext_ln818_11 = sext i15 %p_Val2_11

]]></Node>
<StgValue><ssdm name="sext_ln818_11"/></StgValue>
</operation>

<operation id="29" st_id="1" stage="1" lat="1">
<core>NULL</core>
<MemPortIdVec></MemPortIdVec>
<condition id="-1">
<or_exp><and_exp></and_exp></or_exp>
</condition>

<Node id="37" bw="1" op_0_bw="1" op_1_bw="16" op_2_bw="32">
<![CDATA[
entry:27 %tmp_16 = bitselect i1 @_ssdm_op_BitSelect.i1.i16.i32, i16 %p_read18, i32 1

]]></Node>
<StgValue><ssdm name="tmp_16"/></StgValue>
</operation>

<operation id="30" st_id="1" stage="1" lat="1">
<core>LogicGate</core>
<MemPortIdVec></MemPortIdVec>
<condition id="-1">
<or_exp><and_exp></and_exp></or_exp>
</condition>

<Node id="38" bw="1" op_0_bw="1" op_1_bw="1">
<![CDATA[
entry:28 %and_ln374_11 = and i1 %tmp_16, i1 %trunc_ln29_17

]]></Node>
<StgValue><ssdm name="and_ln374_11"/></StgValue>
</operation>

<operation id="31" st_id="1" stage="1" lat="1">
<core>NULL</core>
<MemPortIdVec></MemPortIdVec>
<condition id="-1">
<or_exp><and_exp></and_exp></or_exp>
</condition>

<Node id="39" bw="16" op_0_bw="1">
<![CDATA[
entry:29 %zext_ln377_11 = zext i1 %and_ln374_11

]]></Node>
<StgValue><ssdm name="zext_ln377_11"/></StgValue>
</operation>

<operation id="32" st_id="1" stage="1" lat="1">
<core>Adder</core>
<MemPortIdVec></MemPortIdVec>
<condition id="-1">
<or_exp><and_exp></and_exp></or_exp>
</condition>

<Node id="40" bw="16" op_0_bw="16" op_1_bw="16">
<![CDATA[
entry:30 %add_ln377_11 = add i16 %zext_ln377_11, i16 %sext_ln818_11

]]></Node>
<StgValue><ssdm name="add_ln377_11"/></StgValue>
</operation>

<operation id="33" st_id="1" stage="1" lat="1">
<core>NULL</core>
<MemPortIdVec></MemPortIdVec>
<condition id="-1">
<or_exp><and_exp></and_exp></or_exp>
</condition>

<Node id="41" bw="15" op_0_bw="15" op_1_bw="16" op_2_bw="32" op_3_bw="32">
<![CDATA[
entry:31 %p_Val2_12 = partselect i15 @_ssdm_op_PartSelect.i15.i16.i32.i32, i16 %p_read29, i32 1, i32 15

]]></Node>
<StgValue><ssdm name="p_Val2_12"/></StgValue>
</operation>

<operation id="34" st_id="1" stage="1" lat="1">
<core>NULL</core>
<MemPortIdVec></MemPortIdVec>
<condition id="-1">
<or_exp><and_exp></and_exp></or_exp>
</condition>

<Node id="42" bw="16" op_0_bw="15">
<![CDATA[
entry:32 %sext_ln818_12 = sext i15 %p_Val2_12

]]></Node>
<StgValue><ssdm name="sext_ln818_12"/></StgValue>
</operation>

<operation id="35" st_id="1" stage="1" lat="1">
<core>NULL</core>
<MemPortIdVec></MemPortIdVec>
<condition id="-1">
<or_exp><and_exp></and_exp></or_exp>
</condition>

<Node id="43" bw="1" op_0_bw="1" op_1_bw="16" op_2_bw="32">
<![CDATA[
entry:33 %tmp_17 = bitselect i1 @_ssdm_op_BitSelect.i1.i16.i32, i16 %p_read29, i32 1

]]></Node>
<StgValue><ssdm name="tmp_17"/></StgValue>
</operation>

<operation id="36" st_id="1" stage="1" lat="1">
<core>LogicGate</core>
<MemPortIdVec></MemPortIdVec>
<condition id="-1">
<or_exp><and_exp></and_exp></or_exp>
</condition>

<Node id="44" bw="1" op_0_bw="1" op_1_bw="1">
<![CDATA[
entry:34 %and_ln374_12 = and i1 %tmp_17, i1 %trunc_ln29_16

]]></Node>
<StgValue><ssdm name="and_ln374_12"/></StgValue>
</operation>

<operation id="37" st_id="1" stage="1" lat="1">
<core>NULL</core>
<MemPortIdVec></MemPortIdVec>
<condition id="-1">
<or_exp><and_exp></and_exp></or_exp>
</condition>

<Node id="45" bw="16" op_0_bw="1">
<![CDATA[
entry:35 %zext_ln377_12 = zext i1 %and_ln374_12

]]></Node>
<StgValue><ssdm name="zext_ln377_12"/></StgValue>
</operation>

<operation id="38" st_id="1" stage="1" lat="1">
<core>Adder</core>
<MemPortIdVec></MemPortIdVec>
<condition id="-1">
<or_exp><and_exp></and_exp></or_exp>
</condition>

<Node id="46" bw="16" op_0_bw="16" op_1_bw="16">
<![CDATA[
entry:36 %add_ln377_12 = add i16 %zext_ln377_12, i16 %sext_ln818_12

]]></Node>
<StgValue><ssdm name="add_ln377_12"/></StgValue>
</operation>

<operation id="39" st_id="1" stage="1" lat="1">
<core>NULL</core>
<MemPortIdVec></MemPortIdVec>
<condition id="-1">
<or_exp><and_exp></and_exp></or_exp>
</condition>

<Node id="47" bw="15" op_0_bw="15" op_1_bw="16" op_2_bw="32" op_3_bw="32">
<![CDATA[
entry:37 %p_Val2_13 = partselect i15 @_ssdm_op_PartSelect.i15.i16.i32.i32, i16 %p_read310, i32 1, i32 15

]]></Node>
<StgValue><ssdm name="p_Val2_13"/></StgValue>
</operation>

<operation id="40" st_id="1" stage="1" lat="1">
<core>NULL</core>
<MemPortIdVec></MemPortIdVec>
<condition id="-1">
<or_exp><and_exp></and_exp></or_exp>
</condition>

<Node id="48" bw="16" op_0_bw="15">
<![CDATA[
entry:38 %sext_ln818_13 = sext i15 %p_Val2_13

]]></Node>
<StgValue><ssdm name="sext_ln818_13"/></StgValue>
</operation>

<operation id="41" st_id="1" stage="1" lat="1">
<core>NULL</core>
<MemPortIdVec></MemPortIdVec>
<condition id="-1">
<or_exp><and_exp></and_exp></or_exp>
</condition>

<Node id="49" bw="1" op_0_bw="1" op_1_bw="16" op_2_bw="32">
<![CDATA[
entry:39 %tmp_18 = bitselect i1 @_ssdm_op_BitSelect.i1.i16.i32, i16 %p_read310, i32 1

]]></Node>
<StgValue><ssdm name="tmp_18"/></StgValue>
</operation>

<operation id="42" st_id="1" stage="1" lat="1">
<core>LogicGate</core>
<MemPortIdVec></MemPortIdVec>
<condition id="-1">
<or_exp><and_exp></and_exp></or_exp>
</condition>

<Node id="50" bw="1" op_0_bw="1" op_1_bw="1">
<![CDATA[
entry:40 %and_ln374_13 = and i1 %tmp_18, i1 %trunc_ln29_15

]]></Node>
<StgValue><ssdm name="and_ln374_13"/></StgValue>
</operation>

<operation id="43" st_id="1" stage="1" lat="1">
<core>NULL</core>
<MemPortIdVec></MemPortIdVec>
<condition id="-1">
<or_exp><and_exp></and_exp></or_exp>
</condition>

<Node id="51" bw="16" op_0_bw="1">
<![CDATA[
entry:41 %zext_ln377_13 = zext i1 %and_ln374_13

]]></Node>
<StgValue><ssdm name="zext_ln377_13"/></StgValue>
</operation>

<operation id="44" st_id="1" stage="1" lat="1">
<core>Adder</core>
<MemPortIdVec></MemPortIdVec>
<condition id="-1">
<or_exp><and_exp></and_exp></or_exp>
</condition>

<Node id="52" bw="16" op_0_bw="16" op_1_bw="16">
<![CDATA[
entry:42 %add_ln377_13 = add i16 %zext_ln377_13, i16 %sext_ln818_13

]]></Node>
<StgValue><ssdm name="add_ln377_13"/></StgValue>
</operation>

<operation id="45" st_id="1" stage="1" lat="1">
<core>NULL</core>
<MemPortIdVec></MemPortIdVec>
<condition id="-1">
<or_exp><and_exp></and_exp></or_exp>
</condition>

<Node id="53" bw="15" op_0_bw="15" op_1_bw="16" op_2_bw="32" op_3_bw="32">
<![CDATA[
entry:43 %p_Val2_14 = partselect i15 @_ssdm_op_PartSelect.i15.i16.i32.i32, i16 %p_read411, i32 1, i32 15

]]></Node>
<StgValue><ssdm name="p_Val2_14"/></StgValue>
</operation>

<operation id="46" st_id="1" stage="1" lat="1">
<core>NULL</core>
<MemPortIdVec></MemPortIdVec>
<condition id="-1">
<or_exp><and_exp></and_exp></or_exp>
</condition>

<Node id="54" bw="16" op_0_bw="15">
<![CDATA[
entry:44 %sext_ln818_14 = sext i15 %p_Val2_14

]]></Node>
<StgValue><ssdm name="sext_ln818_14"/></StgValue>
</operation>

<operation id="47" st_id="1" stage="1" lat="1">
<core>NULL</core>
<MemPortIdVec></MemPortIdVec>
<condition id="-1">
<or_exp><and_exp></and_exp></or_exp>
</condition>

<Node id="55" bw="1" op_0_bw="1" op_1_bw="16" op_2_bw="32">
<![CDATA[
entry:45 %tmp_19 = bitselect i1 @_ssdm_op_BitSelect.i1.i16.i32, i16 %p_read411, i32 1

]]></Node>
<StgValue><ssdm name="tmp_19"/></StgValue>
</operation>

<operation id="48" st_id="1" stage="1" lat="1">
<core>LogicGate</core>
<MemPortIdVec></MemPortIdVec>
<condition id="-1">
<or_exp><and_exp></and_exp></or_exp>
</condition>

<Node id="56" bw="1" op_0_bw="1" op_1_bw="1">
<![CDATA[
entry:46 %and_ln374_14 = and i1 %tmp_19, i1 %trunc_ln29_14

]]></Node>
<StgValue><ssdm name="and_ln374_14"/></StgValue>
</operation>

<operation id="49" st_id="1" stage="1" lat="1">
<core>NULL</core>
<MemPortIdVec></MemPortIdVec>
<condition id="-1">
<or_exp><and_exp></and_exp></or_exp>
</condition>

<Node id="57" bw="16" op_0_bw="1">
<![CDATA[
entry:47 %zext_ln377_14 = zext i1 %and_ln374_14

]]></Node>
<StgValue><ssdm name="zext_ln377_14"/></StgValue>
</operation>

<operation id="50" st_id="1" stage="1" lat="1">
<core>Adder</core>
<MemPortIdVec></MemPortIdVec>
<condition id="-1">
<or_exp><and_exp></and_exp></or_exp>
</condition>

<Node id="58" bw="16" op_0_bw="16" op_1_bw="16">
<![CDATA[
entry:48 %add_ln377_14 = add i16 %zext_ln377_14, i16 %sext_ln818_14

]]></Node>
<StgValue><ssdm name="add_ln377_14"/></StgValue>
</operation>

<operation id="51" st_id="1" stage="1" lat="1">
<core>NULL</core>
<MemPortIdVec></MemPortIdVec>
<condition id="-1">
<or_exp><and_exp></and_exp></or_exp>
</condition>

<Node id="59" bw="15" op_0_bw="15" op_1_bw="16" op_2_bw="32" op_3_bw="32">
<![CDATA[
entry:49 %p_Val2_15 = partselect i15 @_ssdm_op_PartSelect.i15.i16.i32.i32, i16 %p_read512, i32 1, i32 15

]]></Node>
<StgValue><ssdm name="p_Val2_15"/></StgValue>
</operation>

<operation id="52" st_id="1" stage="1" lat="1">
<core>NULL</core>
<MemPortIdVec></MemPortIdVec>
<condition id="-1">
<or_exp><and_exp></and_exp></or_exp>
</condition>

<Node id="60" bw="16" op_0_bw="15">
<![CDATA[
entry:50 %sext_ln818_15 = sext i15 %p_Val2_15

]]></Node>
<StgValue><ssdm name="sext_ln818_15"/></StgValue>
</operation>

<operation id="53" st_id="1" stage="1" lat="1">
<core>NULL</core>
<MemPortIdVec></MemPortIdVec>
<condition id="-1">
<or_exp><and_exp></and_exp></or_exp>
</condition>

<Node id="61" bw="1" op_0_bw="1" op_1_bw="16" op_2_bw="32">
<![CDATA[
entry:51 %tmp_20 = bitselect i1 @_ssdm_op_BitSelect.i1.i16.i32, i16 %p_read512, i32 1

]]></Node>
<StgValue><ssdm name="tmp_20"/></StgValue>
</operation>

<operation id="54" st_id="1" stage="1" lat="1">
<core>LogicGate</core>
<MemPortIdVec></MemPortIdVec>
<condition id="-1">
<or_exp><and_exp></and_exp></or_exp>
</condition>

<Node id="62" bw="1" op_0_bw="1" op_1_bw="1">
<![CDATA[
entry:52 %and_ln374_15 = and i1 %tmp_20, i1 %trunc_ln29_13

]]></Node>
<StgValue><ssdm name="and_ln374_15"/></StgValue>
</operation>

<operation id="55" st_id="1" stage="1" lat="1">
<core>NULL</core>
<MemPortIdVec></MemPortIdVec>
<condition id="-1">
<or_exp><and_exp></and_exp></or_exp>
</condition>

<Node id="63" bw="16" op_0_bw="1">
<![CDATA[
entry:53 %zext_ln377_15 = zext i1 %and_ln374_15

]]></Node>
<StgValue><ssdm name="zext_ln377_15"/></StgValue>
</operation>

<operation id="56" st_id="1" stage="1" lat="1">
<core>Adder</core>
<MemPortIdVec></MemPortIdVec>
<condition id="-1">
<or_exp><and_exp></and_exp></or_exp>
</condition>

<Node id="64" bw="16" op_0_bw="16" op_1_bw="16">
<![CDATA[
entry:54 %add_ln377_15 = add i16 %zext_ln377_15, i16 %sext_ln818_15

]]></Node>
<StgValue><ssdm name="add_ln377_15"/></StgValue>
</operation>

<operation id="57" st_id="1" stage="1" lat="1">
<core>NULL</core>
<MemPortIdVec></MemPortIdVec>
<condition id="-1">
<or_exp><and_exp></and_exp></or_exp>
</condition>

<Node id="65" bw="15" op_0_bw="15" op_1_bw="16" op_2_bw="32" op_3_bw="32">
<![CDATA[
entry:55 %p_Val2_16 = partselect i15 @_ssdm_op_PartSelect.i15.i16.i32.i32, i16 %p_read_13, i32 1, i32 15

]]></Node>
<StgValue><ssdm name="p_Val2_16"/></StgValue>
</operation>

<operation id="58" st_id="1" stage="1" lat="1">
<core>NULL</core>
<MemPortIdVec></MemPortIdVec>
<condition id="-1">
<or_exp><and_exp></and_exp></or_exp>
</condition>

<Node id="66" bw="16" op_0_bw="15">
<![CDATA[
entry:56 %sext_ln818_16 = sext i15 %p_Val2_16

]]></Node>
<StgValue><ssdm name="sext_ln818_16"/></StgValue>
</operation>

<operation id="59" st_id="1" stage="1" lat="1">
<core>NULL</core>
<MemPortIdVec></MemPortIdVec>
<condition id="-1">
<or_exp><and_exp></and_exp></or_exp>
</condition>

<Node id="67" bw="1" op_0_bw="1" op_1_bw="16" op_2_bw="32">
<![CDATA[
entry:57 %tmp_21 = bitselect i1 @_ssdm_op_BitSelect.i1.i16.i32, i16 %p_read_13, i32 1

]]></Node>
<StgValue><ssdm name="tmp_21"/></StgValue>
</operation>

<operation id="60" st_id="1" stage="1" lat="1">
<core>LogicGate</core>
<MemPortIdVec></MemPortIdVec>
<condition id="-1">
<or_exp><and_exp></and_exp></or_exp>
</condition>

<Node id="68" bw="1" op_0_bw="1" op_1_bw="1">
<![CDATA[
entry:58 %and_ln374_16 = and i1 %tmp_21, i1 %trunc_ln29_12

]]></Node>
<StgValue><ssdm name="and_ln374_16"/></StgValue>
</operation>

<operation id="61" st_id="1" stage="1" lat="1">
<core>NULL</core>
<MemPortIdVec></MemPortIdVec>
<condition id="-1">
<or_exp><and_exp></and_exp></or_exp>
</condition>

<Node id="69" bw="16" op_0_bw="1">
<![CDATA[
entry:59 %zext_ln377_16 = zext i1 %and_ln374_16

]]></Node>
<StgValue><ssdm name="zext_ln377_16"/></StgValue>
</operation>

<operation id="62" st_id="1" stage="1" lat="1">
<core>Adder</core>
<MemPortIdVec></MemPortIdVec>
<condition id="-1">
<or_exp><and_exp></and_exp></or_exp>
</condition>

<Node id="70" bw="16" op_0_bw="16" op_1_bw="16">
<![CDATA[
entry:60 %add_ln377_16 = add i16 %zext_ln377_16, i16 %sext_ln818_16

]]></Node>
<StgValue><ssdm name="add_ln377_16"/></StgValue>
</operation>

<operation id="63" st_id="1" stage="1" lat="1">
<core>NULL</core>
<MemPortIdVec></MemPortIdVec>
<condition id="-1">
<or_exp><and_exp></and_exp></or_exp>
</condition>

<Node id="71" bw="15" op_0_bw="15" op_1_bw="16" op_2_bw="32" op_3_bw="32">
<![CDATA[
entry:61 %p_Val2_17 = partselect i15 @_ssdm_op_PartSelect.i15.i16.i32.i32, i16 %p_read_12, i32 1, i32 15

]]></Node>
<StgValue><ssdm name="p_Val2_17"/></StgValue>
</operation>

<operation id="64" st_id="1" stage="1" lat="1">
<core>NULL</core>
<MemPortIdVec></MemPortIdVec>
<condition id="-1">
<or_exp><and_exp></and_exp></or_exp>
</condition>

<Node id="72" bw="16" op_0_bw="15">
<![CDATA[
entry:62 %sext_ln818_17 = sext i15 %p_Val2_17

]]></Node>
<StgValue><ssdm name="sext_ln818_17"/></StgValue>
</operation>

<operation id="65" st_id="1" stage="1" lat="1">
<core>NULL</core>
<MemPortIdVec></MemPortIdVec>
<condition id="-1">
<or_exp><and_exp></and_exp></or_exp>
</condition>

<Node id="73" bw="1" op_0_bw="1" op_1_bw="16" op_2_bw="32">
<![CDATA[
entry:63 %tmp_22 = bitselect i1 @_ssdm_op_BitSelect.i1.i16.i32, i16 %p_read_12, i32 1

]]></Node>
<StgValue><ssdm name="tmp_22"/></StgValue>
</operation>

<operation id="66" st_id="1" stage="1" lat="1">
<core>LogicGate</core>
<MemPortIdVec></MemPortIdVec>
<condition id="-1">
<or_exp><and_exp></and_exp></or_exp>
</condition>

<Node id="74" bw="1" op_0_bw="1" op_1_bw="1">
<![CDATA[
entry:64 %and_ln374_17 = and i1 %tmp_22, i1 %trunc_ln29_11

]]></Node>
<StgValue><ssdm name="and_ln374_17"/></StgValue>
</operation>

<operation id="67" st_id="1" stage="1" lat="1">
<core>NULL</core>
<MemPortIdVec></MemPortIdVec>
<condition id="-1">
<or_exp><and_exp></and_exp></or_exp>
</condition>

<Node id="75" bw="16" op_0_bw="1">
<![CDATA[
entry:65 %zext_ln377_17 = zext i1 %and_ln374_17

]]></Node>
<StgValue><ssdm name="zext_ln377_17"/></StgValue>
</operation>

<operation id="68" st_id="1" stage="1" lat="1">
<core>Adder</core>
<MemPortIdVec></MemPortIdVec>
<condition id="-1">
<or_exp><and_exp></and_exp></or_exp>
</condition>

<Node id="76" bw="16" op_0_bw="16" op_1_bw="16">
<![CDATA[
entry:66 %add_ln377_17 = add i16 %zext_ln377_17, i16 %sext_ln818_17

]]></Node>
<StgValue><ssdm name="add_ln377_17"/></StgValue>
</operation>

<operation id="69" st_id="1" stage="1" lat="1">
<core>NULL</core>
<MemPortIdVec></MemPortIdVec>
<condition id="-1">
<or_exp><and_exp></and_exp></or_exp>
</condition>

<Node id="77" bw="15" op_0_bw="15" op_1_bw="16" op_2_bw="32" op_3_bw="32">
<![CDATA[
entry:67 %p_Val2_18 = partselect i15 @_ssdm_op_PartSelect.i15.i16.i32.i32, i16 %p_read_11, i32 1, i32 15

]]></Node>
<StgValue><ssdm name="p_Val2_18"/></StgValue>
</operation>

<operation id="70" st_id="1" stage="1" lat="1">
<core>NULL</core>
<MemPortIdVec></MemPortIdVec>
<condition id="-1">
<or_exp><and_exp></and_exp></or_exp>
</condition>

<Node id="78" bw="16" op_0_bw="15">
<![CDATA[
entry:68 %sext_ln818_18 = sext i15 %p_Val2_18

]]></Node>
<StgValue><ssdm name="sext_ln818_18"/></StgValue>
</operation>

<operation id="71" st_id="1" stage="1" lat="1">
<core>NULL</core>
<MemPortIdVec></MemPortIdVec>
<condition id="-1">
<or_exp><and_exp></and_exp></or_exp>
</condition>

<Node id="79" bw="1" op_0_bw="1" op_1_bw="16" op_2_bw="32">
<![CDATA[
entry:69 %tmp_23 = bitselect i1 @_ssdm_op_BitSelect.i1.i16.i32, i16 %p_read_11, i32 1

]]></Node>
<StgValue><ssdm name="tmp_23"/></StgValue>
</operation>

<operation id="72" st_id="1" stage="1" lat="1">
<core>LogicGate</core>
<MemPortIdVec></MemPortIdVec>
<condition id="-1">
<or_exp><and_exp></and_exp></or_exp>
</condition>

<Node id="80" bw="1" op_0_bw="1" op_1_bw="1">
<![CDATA[
entry:70 %and_ln374_18 = and i1 %tmp_23, i1 %trunc_ln29

]]></Node>
<StgValue><ssdm name="and_ln374_18"/></StgValue>
</operation>

<operation id="73" st_id="1" stage="1" lat="1">
<core>NULL</core>
<MemPortIdVec></MemPortIdVec>
<condition id="-1">
<or_exp><and_exp></and_exp></or_exp>
</condition>

<Node id="81" bw="16" op_0_bw="1">
<![CDATA[
entry:71 %zext_ln377_18 = zext i1 %and_ln374_18

]]></Node>
<StgValue><ssdm name="zext_ln377_18"/></StgValue>
</operation>

<operation id="74" st_id="1" stage="1" lat="1">
<core>Adder</core>
<MemPortIdVec></MemPortIdVec>
<condition id="-1">
<or_exp><and_exp></and_exp></or_exp>
</condition>

<Node id="82" bw="16" op_0_bw="16" op_1_bw="16">
<![CDATA[
entry:72 %add_ln377_18 = add i16 %zext_ln377_18, i16 %sext_ln818_18

]]></Node>
<StgValue><ssdm name="add_ln377_18"/></StgValue>
</operation>

<operation id="75" st_id="1" stage="1" lat="1">
<core>NULL</core>
<MemPortIdVec></MemPortIdVec>
<condition id="-1">
<or_exp><and_exp></and_exp></or_exp>
</condition>

<Node id="83" bw="144" op_0_bw="144" op_1_bw="16">
<![CDATA[
entry:73 %newret = insertvalue i144 <undef>, i16 %add_ln377

]]></Node>
<StgValue><ssdm name="newret"/></StgValue>
</operation>

<operation id="76" st_id="1" stage="1" lat="1">
<core>NULL</core>
<MemPortIdVec></MemPortIdVec>
<condition id="-1">
<or_exp><and_exp></and_exp></or_exp>
</condition>

<Node id="84" bw="144" op_0_bw="144" op_1_bw="16">
<![CDATA[
entry:74 %newret2 = insertvalue i144 %newret, i16 %add_ln377_11

]]></Node>
<StgValue><ssdm name="newret2"/></StgValue>
</operation>

<operation id="77" st_id="1" stage="1" lat="1">
<core>NULL</core>
<MemPortIdVec></MemPortIdVec>
<condition id="-1">
<or_exp><and_exp></and_exp></or_exp>
</condition>

<Node id="85" bw="144" op_0_bw="144" op_1_bw="16">
<![CDATA[
entry:75 %newret4 = insertvalue i144 %newret2, i16 %add_ln377_12

]]></Node>
<StgValue><ssdm name="newret4"/></StgValue>
</operation>

<operation id="78" st_id="1" stage="1" lat="1">
<core>NULL</core>
<MemPortIdVec></MemPortIdVec>
<condition id="-1">
<or_exp><and_exp></and_exp></or_exp>
</condition>

<Node id="86" bw="144" op_0_bw="144" op_1_bw="16">
<![CDATA[
entry:76 %newret6 = insertvalue i144 %newret4, i16 %add_ln377_13

]]></Node>
<StgValue><ssdm name="newret6"/></StgValue>
</operation>

<operation id="79" st_id="1" stage="1" lat="1">
<core>NULL</core>
<MemPortIdVec></MemPortIdVec>
<condition id="-1">
<or_exp><and_exp></and_exp></or_exp>
</condition>

<Node id="87" bw="144" op_0_bw="144" op_1_bw="16">
<![CDATA[
entry:77 %newret8 = insertvalue i144 %newret6, i16 %add_ln377_14

]]></Node>
<StgValue><ssdm name="newret8"/></StgValue>
</operation>

<operation id="80" st_id="1" stage="1" lat="1">
<core>NULL</core>
<MemPortIdVec></MemPortIdVec>
<condition id="-1">
<or_exp><and_exp></and_exp></or_exp>
</condition>

<Node id="88" bw="144" op_0_bw="144" op_1_bw="16">
<![CDATA[
entry:78 %newret1 = insertvalue i144 %newret8, i16 %add_ln377_15

]]></Node>
<StgValue><ssdm name="newret1"/></StgValue>
</operation>

<operation id="81" st_id="1" stage="1" lat="1">
<core>NULL</core>
<MemPortIdVec></MemPortIdVec>
<condition id="-1">
<or_exp><and_exp></and_exp></or_exp>
</condition>

<Node id="89" bw="144" op_0_bw="144" op_1_bw="16">
<![CDATA[
entry:79 %newret3 = insertvalue i144 %newret1, i16 %add_ln377_16

]]></Node>
<StgValue><ssdm name="newret3"/></StgValue>
</operation>

<operation id="82" st_id="1" stage="1" lat="1">
<core>NULL</core>
<MemPortIdVec></MemPortIdVec>
<condition id="-1">
<or_exp><and_exp></and_exp></or_exp>
</condition>

<Node id="90" bw="144" op_0_bw="144" op_1_bw="16">
<![CDATA[
entry:80 %newret5 = insertvalue i144 %newret3, i16 %add_ln377_17

]]></Node>
<StgValue><ssdm name="newret5"/></StgValue>
</operation>

<operation id="83" st_id="1" stage="1" lat="1">
<core>NULL</core>
<MemPortIdVec></MemPortIdVec>
<condition id="-1">
<or_exp><and_exp></and_exp></or_exp>
</condition>

<Node id="91" bw="144" op_0_bw="144" op_1_bw="16">
<![CDATA[
entry:81 %newret7 = insertvalue i144 %newret5, i16 %add_ln377_18

]]></Node>
<StgValue><ssdm name="newret7"/></StgValue>
</operation>

<operation id="84" st_id="1" stage="1" lat="1">
<core>NULL</core>
<MemPortIdVec></MemPortIdVec>
<condition id="-1">
<or_exp><and_exp></and_exp></or_exp>
</condition>

<Node id="92" bw="0" op_0_bw="144">
<![CDATA[
entry:82 %ret_ln377 = ret i144 %newret7

]]></Node>
<StgValue><ssdm name="ret_ln377"/></StgValue>
</operation>
</state>
</state_list>


<ports>
<port id="86" name="p_read" dir="0" iftype="0">
<core>NULL</core><StgValue><ssdm name="p_read"/></StgValue>
</port>
<port id="87" name="p_read1" dir="0" iftype="0">
<core>NULL</core><StgValue><ssdm name="p_read1"/></StgValue>
</port>
<port id="88" name="p_read2" dir="0" iftype="0">
<core>NULL</core><StgValue><ssdm name="p_read2"/></StgValue>
</port>
<port id="89" name="p_read3" dir="0" iftype="0">
<core>NULL</core><StgValue><ssdm name="p_read3"/></StgValue>
</port>
<port id="90" name="p_read4" dir="0" iftype="0">
<core>NULL</core><StgValue><ssdm name="p_read4"/></StgValue>
</port>
<port id="91" name="p_read5" dir="0" iftype="0">
<core>NULL</core><StgValue><ssdm name="p_read5"/></StgValue>
</port>
<port id="92" name="p_read6" dir="0" iftype="0">
<core>NULL</core><StgValue><ssdm name="p_read6"/></StgValue>
</port>
<port id="93" name="p_read8" dir="0" iftype="0">
<core>NULL</core><StgValue><ssdm name="p_read8"/></StgValue>
</port>
<port id="94" name="p_read9" dir="0" iftype="0">
<core>NULL</core><StgValue><ssdm name="p_read9"/></StgValue>
</port>
</ports>


<dataflows>
<dataflow id="96" from="_ssdm_op_Read.ap_auto.i16" to="p_read_11" fromId="95" toId="2">
</dataflow>
<dataflow id="97" from="p_read9" to="p_read_11" fromId="94" toId="2">
</dataflow>
<dataflow id="98" from="_ssdm_op_Read.ap_auto.i16" to="p_read_12" fromId="95" toId="3">
</dataflow>
<dataflow id="99" from="p_read8" to="p_read_12" fromId="93" toId="3">
</dataflow>
<dataflow id="100" from="_ssdm_op_Read.ap_auto.i16" to="p_read_13" fromId="95" toId="4">
</dataflow>
<dataflow id="101" from="p_read6" to="p_read_13" fromId="92" toId="4">
</dataflow>
<dataflow id="102" from="_ssdm_op_Read.ap_auto.i16" to="p_read512" fromId="95" toId="5">
</dataflow>
<dataflow id="103" from="p_read5" to="p_read512" fromId="91" toId="5">
</dataflow>
<dataflow id="104" from="_ssdm_op_Read.ap_auto.i16" to="p_read411" fromId="95" toId="6">
</dataflow>
<dataflow id="105" from="p_read4" to="p_read411" fromId="90" toId="6">
</dataflow>
<dataflow id="106" from="_ssdm_op_Read.ap_auto.i16" to="p_read310" fromId="95" toId="7">
</dataflow>
<dataflow id="107" from="p_read3" to="p_read310" fromId="89" toId="7">
</dataflow>
<dataflow id="108" from="_ssdm_op_Read.ap_auto.i16" to="p_read29" fromId="95" toId="8">
</dataflow>
<dataflow id="109" from="p_read2" to="p_read29" fromId="88" toId="8">
</dataflow>
<dataflow id="110" from="_ssdm_op_Read.ap_auto.i16" to="p_read18" fromId="95" toId="9">
</dataflow>
<dataflow id="111" from="p_read1" to="p_read18" fromId="87" toId="9">
</dataflow>
<dataflow id="112" from="_ssdm_op_Read.ap_auto.i16" to="p_read_14" fromId="95" toId="10">
</dataflow>
<dataflow id="113" from="p_read" to="p_read_14" fromId="86" toId="10">
</dataflow>
<dataflow id="114" from="p_read_11" to="trunc_ln29" fromId="2" toId="11">
</dataflow>
<dataflow id="115" from="p_read_12" to="trunc_ln29_11" fromId="3" toId="12">
</dataflow>
<dataflow id="116" from="p_read_13" to="trunc_ln29_12" fromId="4" toId="13">
</dataflow>
<dataflow id="117" from="p_read512" to="trunc_ln29_13" fromId="5" toId="14">
</dataflow>
<dataflow id="118" from="p_read411" to="trunc_ln29_14" fromId="6" toId="15">
</dataflow>
<dataflow id="119" from="p_read310" to="trunc_ln29_15" fromId="7" toId="16">
</dataflow>
<dataflow id="120" from="p_read29" to="trunc_ln29_16" fromId="8" toId="17">
</dataflow>
<dataflow id="121" from="p_read18" to="trunc_ln29_17" fromId="9" toId="18">
</dataflow>
<dataflow id="122" from="p_read_14" to="trunc_ln29_18" fromId="10" toId="19">
</dataflow>
<dataflow id="124" from="_ssdm_op_SpecPipeline" to="specpipeline_ln29" fromId="123" toId="20">
</dataflow>
<dataflow id="126" from="StgValue_125" to="specpipeline_ln29" fromId="125" toId="20">
</dataflow>
<dataflow id="128" from="StgValue_127" to="specpipeline_ln29" fromId="127" toId="20">
</dataflow>
<dataflow id="129" from="StgValue_127" to="specpipeline_ln29" fromId="127" toId="20">
</dataflow>
<dataflow id="130" from="StgValue_127" to="specpipeline_ln29" fromId="127" toId="20">
</dataflow>
<dataflow id="132" from="empty_0" to="specpipeline_ln29" fromId="131" toId="20">
</dataflow>
<dataflow id="134" from="_ssdm_op_PartSelect.i15.i16.i32.i32" to="p_Val2_s" fromId="133" toId="21">
</dataflow>
<dataflow id="135" from="p_read_14" to="p_Val2_s" fromId="10" toId="21">
</dataflow>
<dataflow id="137" from="StgValue_136" to="p_Val2_s" fromId="136" toId="21">
</dataflow>
<dataflow id="139" from="StgValue_138" to="p_Val2_s" fromId="138" toId="21">
</dataflow>
<dataflow id="140" from="p_Val2_s" to="sext_ln818" fromId="21" toId="22">
</dataflow>
<dataflow id="142" from="_ssdm_op_BitSelect.i1.i16.i32" to="tmp" fromId="141" toId="23">
</dataflow>
<dataflow id="143" from="p_read_14" to="tmp" fromId="10" toId="23">
</dataflow>
<dataflow id="144" from="StgValue_136" to="tmp" fromId="136" toId="23">
</dataflow>
<dataflow id="145" from="tmp" to="and_ln374" fromId="23" toId="24">
</dataflow>
<dataflow id="146" from="trunc_ln29_18" to="and_ln374" fromId="19" toId="24">
</dataflow>
<dataflow id="147" from="and_ln374" to="zext_ln377" fromId="24" toId="25">
</dataflow>
<dataflow id="148" from="zext_ln377" to="add_ln377" fromId="25" toId="26">
</dataflow>
<dataflow id="149" from="sext_ln818" to="add_ln377" fromId="22" toId="26">
</dataflow>
<dataflow id="150" from="_ssdm_op_PartSelect.i15.i16.i32.i32" to="p_Val2_11" fromId="133" toId="27">
</dataflow>
<dataflow id="151" from="p_read18" to="p_Val2_11" fromId="9" toId="27">
</dataflow>
<dataflow id="152" from="StgValue_136" to="p_Val2_11" fromId="136" toId="27">
</dataflow>
<dataflow id="153" from="StgValue_138" to="p_Val2_11" fromId="138" toId="27">
</dataflow>
<dataflow id="154" from="p_Val2_11" to="sext_ln818_11" fromId="27" toId="28">
</dataflow>
<dataflow id="155" from="_ssdm_op_BitSelect.i1.i16.i32" to="tmp_16" fromId="141" toId="29">
</dataflow>
<dataflow id="156" from="p_read18" to="tmp_16" fromId="9" toId="29">
</dataflow>
<dataflow id="157" from="StgValue_136" to="tmp_16" fromId="136" toId="29">
</dataflow>
<dataflow id="158" from="tmp_16" to="and_ln374_11" fromId="29" toId="30">
</dataflow>
<dataflow id="159" from="trunc_ln29_17" to="and_ln374_11" fromId="18" toId="30">
</dataflow>
<dataflow id="160" from="and_ln374_11" to="zext_ln377_11" fromId="30" toId="31">
</dataflow>
<dataflow id="161" from="zext_ln377_11" to="add_ln377_11" fromId="31" toId="32">
</dataflow>
<dataflow id="162" from="sext_ln818_11" to="add_ln377_11" fromId="28" toId="32">
</dataflow>
<dataflow id="163" from="_ssdm_op_PartSelect.i15.i16.i32.i32" to="p_Val2_12" fromId="133" toId="33">
</dataflow>
<dataflow id="164" from="p_read29" to="p_Val2_12" fromId="8" toId="33">
</dataflow>
<dataflow id="165" from="StgValue_136" to="p_Val2_12" fromId="136" toId="33">
</dataflow>
<dataflow id="166" from="StgValue_138" to="p_Val2_12" fromId="138" toId="33">
</dataflow>
<dataflow id="167" from="p_Val2_12" to="sext_ln818_12" fromId="33" toId="34">
</dataflow>
<dataflow id="168" from="_ssdm_op_BitSelect.i1.i16.i32" to="tmp_17" fromId="141" toId="35">
</dataflow>
<dataflow id="169" from="p_read29" to="tmp_17" fromId="8" toId="35">
</dataflow>
<dataflow id="170" from="StgValue_136" to="tmp_17" fromId="136" toId="35">
</dataflow>
<dataflow id="171" from="tmp_17" to="and_ln374_12" fromId="35" toId="36">
</dataflow>
<dataflow id="172" from="trunc_ln29_16" to="and_ln374_12" fromId="17" toId="36">
</dataflow>
<dataflow id="173" from="and_ln374_12" to="zext_ln377_12" fromId="36" toId="37">
</dataflow>
<dataflow id="174" from="zext_ln377_12" to="add_ln377_12" fromId="37" toId="38">
</dataflow>
<dataflow id="175" from="sext_ln818_12" to="add_ln377_12" fromId="34" toId="38">
</dataflow>
<dataflow id="176" from="_ssdm_op_PartSelect.i15.i16.i32.i32" to="p_Val2_13" fromId="133" toId="39">
</dataflow>
<dataflow id="177" from="p_read310" to="p_Val2_13" fromId="7" toId="39">
</dataflow>
<dataflow id="178" from="StgValue_136" to="p_Val2_13" fromId="136" toId="39">
</dataflow>
<dataflow id="179" from="StgValue_138" to="p_Val2_13" fromId="138" toId="39">
</dataflow>
<dataflow id="180" from="p_Val2_13" to="sext_ln818_13" fromId="39" toId="40">
</dataflow>
<dataflow id="181" from="_ssdm_op_BitSelect.i1.i16.i32" to="tmp_18" fromId="141" toId="41">
</dataflow>
<dataflow id="182" from="p_read310" to="tmp_18" fromId="7" toId="41">
</dataflow>
<dataflow id="183" from="StgValue_136" to="tmp_18" fromId="136" toId="41">
</dataflow>
<dataflow id="184" from="tmp_18" to="and_ln374_13" fromId="41" toId="42">
</dataflow>
<dataflow id="185" from="trunc_ln29_15" to="and_ln374_13" fromId="16" toId="42">
</dataflow>
<dataflow id="186" from="and_ln374_13" to="zext_ln377_13" fromId="42" toId="43">
</dataflow>
<dataflow id="187" from="zext_ln377_13" to="add_ln377_13" fromId="43" toId="44">
</dataflow>
<dataflow id="188" from="sext_ln818_13" to="add_ln377_13" fromId="40" toId="44">
</dataflow>
<dataflow id="189" from="_ssdm_op_PartSelect.i15.i16.i32.i32" to="p_Val2_14" fromId="133" toId="45">
</dataflow>
<dataflow id="190" from="p_read411" to="p_Val2_14" fromId="6" toId="45">
</dataflow>
<dataflow id="191" from="StgValue_136" to="p_Val2_14" fromId="136" toId="45">
</dataflow>
<dataflow id="192" from="StgValue_138" to="p_Val2_14" fromId="138" toId="45">
</dataflow>
<dataflow id="193" from="p_Val2_14" to="sext_ln818_14" fromId="45" toId="46">
</dataflow>
<dataflow id="194" from="_ssdm_op_BitSelect.i1.i16.i32" to="tmp_19" fromId="141" toId="47">
</dataflow>
<dataflow id="195" from="p_read411" to="tmp_19" fromId="6" toId="47">
</dataflow>
<dataflow id="196" from="StgValue_136" to="tmp_19" fromId="136" toId="47">
</dataflow>
<dataflow id="197" from="tmp_19" to="and_ln374_14" fromId="47" toId="48">
</dataflow>
<dataflow id="198" from="trunc_ln29_14" to="and_ln374_14" fromId="15" toId="48">
</dataflow>
<dataflow id="199" from="and_ln374_14" to="zext_ln377_14" fromId="48" toId="49">
</dataflow>
<dataflow id="200" from="zext_ln377_14" to="add_ln377_14" fromId="49" toId="50">
</dataflow>
<dataflow id="201" from="sext_ln818_14" to="add_ln377_14" fromId="46" toId="50">
</dataflow>
<dataflow id="202" from="_ssdm_op_PartSelect.i15.i16.i32.i32" to="p_Val2_15" fromId="133" toId="51">
</dataflow>
<dataflow id="203" from="p_read512" to="p_Val2_15" fromId="5" toId="51">
</dataflow>
<dataflow id="204" from="StgValue_136" to="p_Val2_15" fromId="136" toId="51">
</dataflow>
<dataflow id="205" from="StgValue_138" to="p_Val2_15" fromId="138" toId="51">
</dataflow>
<dataflow id="206" from="p_Val2_15" to="sext_ln818_15" fromId="51" toId="52">
</dataflow>
<dataflow id="207" from="_ssdm_op_BitSelect.i1.i16.i32" to="tmp_20" fromId="141" toId="53">
</dataflow>
<dataflow id="208" from="p_read512" to="tmp_20" fromId="5" toId="53">
</dataflow>
<dataflow id="209" from="StgValue_136" to="tmp_20" fromId="136" toId="53">
</dataflow>
<dataflow id="210" from="tmp_20" to="and_ln374_15" fromId="53" toId="54">
</dataflow>
<dataflow id="211" from="trunc_ln29_13" to="and_ln374_15" fromId="14" toId="54">
</dataflow>
<dataflow id="212" from="and_ln374_15" to="zext_ln377_15" fromId="54" toId="55">
</dataflow>
<dataflow id="213" from="zext_ln377_15" to="add_ln377_15" fromId="55" toId="56">
</dataflow>
<dataflow id="214" from="sext_ln818_15" to="add_ln377_15" fromId="52" toId="56">
</dataflow>
<dataflow id="215" from="_ssdm_op_PartSelect.i15.i16.i32.i32" to="p_Val2_16" fromId="133" toId="57">
</dataflow>
<dataflow id="216" from="p_read_13" to="p_Val2_16" fromId="4" toId="57">
</dataflow>
<dataflow id="217" from="StgValue_136" to="p_Val2_16" fromId="136" toId="57">
</dataflow>
<dataflow id="218" from="StgValue_138" to="p_Val2_16" fromId="138" toId="57">
</dataflow>
<dataflow id="219" from="p_Val2_16" to="sext_ln818_16" fromId="57" toId="58">
</dataflow>
<dataflow id="220" from="_ssdm_op_BitSelect.i1.i16.i32" to="tmp_21" fromId="141" toId="59">
</dataflow>
<dataflow id="221" from="p_read_13" to="tmp_21" fromId="4" toId="59">
</dataflow>
<dataflow id="222" from="StgValue_136" to="tmp_21" fromId="136" toId="59">
</dataflow>
<dataflow id="223" from="tmp_21" to="and_ln374_16" fromId="59" toId="60">
</dataflow>
<dataflow id="224" from="trunc_ln29_12" to="and_ln374_16" fromId="13" toId="60">
</dataflow>
<dataflow id="225" from="and_ln374_16" to="zext_ln377_16" fromId="60" toId="61">
</dataflow>
<dataflow id="226" from="zext_ln377_16" to="add_ln377_16" fromId="61" toId="62">
</dataflow>
<dataflow id="227" from="sext_ln818_16" to="add_ln377_16" fromId="58" toId="62">
</dataflow>
<dataflow id="228" from="_ssdm_op_PartSelect.i15.i16.i32.i32" to="p_Val2_17" fromId="133" toId="63">
</dataflow>
<dataflow id="229" from="p_read_12" to="p_Val2_17" fromId="3" toId="63">
</dataflow>
<dataflow id="230" from="StgValue_136" to="p_Val2_17" fromId="136" toId="63">
</dataflow>
<dataflow id="231" from="StgValue_138" to="p_Val2_17" fromId="138" toId="63">
</dataflow>
<dataflow id="232" from="p_Val2_17" to="sext_ln818_17" fromId="63" toId="64">
</dataflow>
<dataflow id="233" from="_ssdm_op_BitSelect.i1.i16.i32" to="tmp_22" fromId="141" toId="65">
</dataflow>
<dataflow id="234" from="p_read_12" to="tmp_22" fromId="3" toId="65">
</dataflow>
<dataflow id="235" from="StgValue_136" to="tmp_22" fromId="136" toId="65">
</dataflow>
<dataflow id="236" from="tmp_22" to="and_ln374_17" fromId="65" toId="66">
</dataflow>
<dataflow id="237" from="trunc_ln29_11" to="and_ln374_17" fromId="12" toId="66">
</dataflow>
<dataflow id="238" from="and_ln374_17" to="zext_ln377_17" fromId="66" toId="67">
</dataflow>
<dataflow id="239" from="zext_ln377_17" to="add_ln377_17" fromId="67" toId="68">
</dataflow>
<dataflow id="240" from="sext_ln818_17" to="add_ln377_17" fromId="64" toId="68">
</dataflow>
<dataflow id="241" from="_ssdm_op_PartSelect.i15.i16.i32.i32" to="p_Val2_18" fromId="133" toId="69">
</dataflow>
<dataflow id="242" from="p_read_11" to="p_Val2_18" fromId="2" toId="69">
</dataflow>
<dataflow id="243" from="StgValue_136" to="p_Val2_18" fromId="136" toId="69">
</dataflow>
<dataflow id="244" from="StgValue_138" to="p_Val2_18" fromId="138" toId="69">
</dataflow>
<dataflow id="245" from="p_Val2_18" to="sext_ln818_18" fromId="69" toId="70">
</dataflow>
<dataflow id="246" from="_ssdm_op_BitSelect.i1.i16.i32" to="tmp_23" fromId="141" toId="71">
</dataflow>
<dataflow id="247" from="p_read_11" to="tmp_23" fromId="2" toId="71">
</dataflow>
<dataflow id="248" from="StgValue_136" to="tmp_23" fromId="136" toId="71">
</dataflow>
<dataflow id="249" from="tmp_23" to="and_ln374_18" fromId="71" toId="72">
</dataflow>
<dataflow id="250" from="trunc_ln29" to="and_ln374_18" fromId="11" toId="72">
</dataflow>
<dataflow id="251" from="and_ln374_18" to="zext_ln377_18" fromId="72" toId="73">
</dataflow>
<dataflow id="252" from="zext_ln377_18" to="add_ln377_18" fromId="73" toId="74">
</dataflow>
<dataflow id="253" from="sext_ln818_18" to="add_ln377_18" fromId="70" toId="74">
</dataflow>
<dataflow id="255" from="StgValue_254" to="newret" fromId="254" toId="75">
</dataflow>
<dataflow id="256" from="add_ln377" to="newret" fromId="26" toId="75">
</dataflow>
<dataflow id="257" from="newret" to="newret2" fromId="75" toId="76">
</dataflow>
<dataflow id="258" from="add_ln377_11" to="newret2" fromId="32" toId="76">
</dataflow>
<dataflow id="259" from="newret2" to="newret4" fromId="76" toId="77">
</dataflow>
<dataflow id="260" from="add_ln377_12" to="newret4" fromId="38" toId="77">
</dataflow>
<dataflow id="261" from="newret4" to="newret6" fromId="77" toId="78">
</dataflow>
<dataflow id="262" from="add_ln377_13" to="newret6" fromId="44" toId="78">
</dataflow>
<dataflow id="263" from="newret6" to="newret8" fromId="78" toId="79">
</dataflow>
<dataflow id="264" from="add_ln377_14" to="newret8" fromId="50" toId="79">
</dataflow>
<dataflow id="265" from="newret8" to="newret1" fromId="79" toId="80">
</dataflow>
<dataflow id="266" from="add_ln377_15" to="newret1" fromId="56" toId="80">
</dataflow>
<dataflow id="267" from="newret1" to="newret3" fromId="80" toId="81">
</dataflow>
<dataflow id="268" from="add_ln377_16" to="newret3" fromId="62" toId="81">
</dataflow>
<dataflow id="269" from="newret3" to="newret5" fromId="81" toId="82">
</dataflow>
<dataflow id="270" from="add_ln377_17" to="newret5" fromId="68" toId="82">
</dataflow>
<dataflow id="271" from="newret5" to="newret7" fromId="82" toId="83">
</dataflow>
<dataflow id="272" from="add_ln377_18" to="newret7" fromId="74" toId="83">
</dataflow>
<dataflow id="273" from="newret7" to="ret_ln377" fromId="83" toId="84">
</dataflow>
</dataflows>


</stg>
