<profile>

<section name = "Vitis HLS Report for 'linear_ap_fixed_16_6_5_3_0_ap_fixed_16_7_4_0_0_linear_config4_s'" level="0">
<item name = "Date">Thu Apr 10 01:00:36 2025
</item>
<item name = "Version">2022.2 (Build 3670227 on Oct 13 2022)</item>
<item name = "Project">myproject_prj</item>
<item name = "Solution">solution1 (Vivado IP Flow Target)</item>
<item name = "Product family">zynq</item>
<item name = "Target device">xc7z020-clg484-1</item>
</section>

<section name = "Performance Estimates" level="0">
<item name = "Timing">
<section name = "" level="1">
<item name = "Summary"><table name="" hasTotal="0">
<keys size="4">Clock, Target, Estimated, Uncertainty</keys>
<column name="ap_clk">5.00 ns, 1.944 ns, 0.62 ns</column>
</table>
</item>
</section>
</item>
<item name = "Latency">
<section name = "" level="1">
<item name = "Summary"><table name="" hasTotal="0">
<keys size="8">, min, max, min, max, min, max, Type</keys>
<column name="">0, 0, 0 ns, 0 ns, 1, 1, yes</column>
</table>
</item>
<item name = "Detail">
<section name = "" level="1">
<item name = "Instance"><table name="" hasTotal="0">
<keys size="9">Instance, Module, min, max, min, max, min, max, Type</keys>
</table>
</item>
<item name = "Loop"><table name="" hasTotal="0">
<keys size="8">Loop Name, min, max, Latency, achieved, target, Count, Pipelined</keys>
</table>
</item>
</section>
</item>
</section>
</item>
</section>

<section name = "Utilization Estimates" level="0">
<item name = "Summary"><table name="" hasTotal="1">
<keys size="6">Name, BRAM_18K, DSP, FF, LUT, URAM</keys>
<column name="DSP">-, -, -, -, -</column>
<column name="Expression">-, -, 0, 125, -</column>
<column name="FIFO">-, -, -, -, -</column>
<column name="Instance">-, -, -, -, -</column>
<column name="Memory">-, -, -, -, -</column>
<column name="Multiplexer">-, -, -, -, -</column>
<column name="Register">-, -, -, -, -</column>
<specialColumn name="Available">280, 220, 106400, 53200, 0</specialColumn>
<specialColumn name="Utilization (%)">0, 0, 0, ~0, 0</specialColumn>
</table>
</item>
<item name = "Detail">
<section name = "" level="1">
<item name = "Instance"><table name="" hasTotal="1">
<keys size="7">Instance, Module, BRAM_18K, DSP, FF, LUT, URAM</keys>
</table>
</item>
<item name = "DSP"><table name="" hasTotal="0">
<keys size="3">Instance, Module, Expression</keys>
</table>
</item>
<item name = "Memory"><table name="" hasTotal="1">
<keys size="10">Memory, Module, BRAM_18K, FF, LUT, URAM, Words, Bits, Banks, W*Bits*Banks</keys>
</table>
</item>
<item name = "FIFO"><table name="" hasTotal="1">
<keys size="8">Name, BRAM_18K, FF, LUT, URAM, Depth, Bits, Size:D*B</keys>
</table>
</item>
<item name = "Expression"><table name="" hasTotal="1">
<keys size="7">Variable Name, Operation, DSP, FF, LUT, Bitwidth P0, Bitwidth P1</keys>
<column name="add_ln377_10_fu_264_p2">+, 0, 0, 23, 16, 16</column>
<column name="add_ln377_7_fu_150_p2">+, 0, 0, 23, 16, 16</column>
<column name="add_ln377_8_fu_188_p2">+, 0, 0, 23, 16, 16</column>
<column name="add_ln377_9_fu_226_p2">+, 0, 0, 23, 16, 16</column>
<column name="add_ln377_fu_112_p2">+, 0, 0, 23, 16, 16</column>
<column name="and_ln374_10_fu_254_p2">and, 0, 0, 2, 1, 1</column>
<column name="and_ln374_7_fu_140_p2">and, 0, 0, 2, 1, 1</column>
<column name="and_ln374_8_fu_178_p2">and, 0, 0, 2, 1, 1</column>
<column name="and_ln374_9_fu_216_p2">and, 0, 0, 2, 1, 1</column>
<column name="and_ln374_fu_102_p2">and, 0, 0, 2, 1, 1</column>
</table>
</item>
<item name = "Multiplexer"><table name="" hasTotal="1">
<keys size="5">Name, LUT, Input Size, Bits, Total Bits</keys>
</table>
</item>
<item name = "Register"><table name="" hasTotal="1">
<keys size="5">Name, FF, LUT, Bits, Const Bits</keys>
</table>
</item>
</section>
</item>
</section>

<section name = "Interface" level="0">
<item name = "Summary"><table name="" hasTotal="0">
<keys size="6">RTL Ports, Dir, Bits, Protocol, Source Object, C Type</keys>
<column name="ap_ready">out, 1, ap_ctrl_hs, linear&lt;ap_fixed&lt;16, 6, 5, 3, 0&gt;, ap_fixed&lt;16, 7, 4, 0, 0&gt;, linear_config4&gt;, return value</column>
<column name="ap_return_0">out, 16, ap_ctrl_hs, linear&lt;ap_fixed&lt;16, 6, 5, 3, 0&gt;, ap_fixed&lt;16, 7, 4, 0, 0&gt;, linear_config4&gt;, return value</column>
<column name="ap_return_1">out, 16, ap_ctrl_hs, linear&lt;ap_fixed&lt;16, 6, 5, 3, 0&gt;, ap_fixed&lt;16, 7, 4, 0, 0&gt;, linear_config4&gt;, return value</column>
<column name="ap_return_2">out, 16, ap_ctrl_hs, linear&lt;ap_fixed&lt;16, 6, 5, 3, 0&gt;, ap_fixed&lt;16, 7, 4, 0, 0&gt;, linear_config4&gt;, return value</column>
<column name="ap_return_3">out, 16, ap_ctrl_hs, linear&lt;ap_fixed&lt;16, 6, 5, 3, 0&gt;, ap_fixed&lt;16, 7, 4, 0, 0&gt;, linear_config4&gt;, return value</column>
<column name="ap_return_4">out, 16, ap_ctrl_hs, linear&lt;ap_fixed&lt;16, 6, 5, 3, 0&gt;, ap_fixed&lt;16, 7, 4, 0, 0&gt;, linear_config4&gt;, return value</column>
<column name="p_read">in, 16, ap_none, p_read, scalar</column>
<column name="p_read1">in, 16, ap_none, p_read1, scalar</column>
<column name="p_read2">in, 16, ap_none, p_read2, scalar</column>
<column name="p_read3">in, 16, ap_none, p_read3, scalar</column>
<column name="p_read4">in, 16, ap_none, p_read4, scalar</column>
</table>
</item>
</section>
</profile>
