<profile>

<section name = "Vitis HLS Report for 'myproject'" level="0">
<item name = "Date">Thu Apr 10 01:00:20 2025
</item>
<item name = "Version">2022.2 (Build 3670227 on Oct 13 2022)</item>
<item name = "Project">myproject_prj</item>
<item name = "Solution">solution1 (Vivado IP Flow Target)</item>
<item name = "Product family">zynq</item>
<item name = "Target device">xc7z020-clg484-1</item>
</section>

<section name = "Performance Estimates" level="0">
<item name = "Timing">
<section name = "" level="1">
<item name = "Summary"><table name="" hasTotal="0">
<keys size="4">Clock, Target, Estimated, Uncertainty</keys>
<column name="ap_clk">5.00 ns, 4.213 ns, 0.62 ns</column>
</table>
</item>
</section>
</item>
<item name = "Latency">
<section name = "" level="1">
<item name = "Summary"><table name="" hasTotal="0">
<keys size="8">, min, max, min, max, min, max, Type</keys>
<column name="">30, 30, 0.150 us, 0.150 us, 1, 1, yes</column>
</table>
</item>
<item name = "Detail">
<section name = "" level="1">
<item name = "Instance"><table name="" hasTotal="0">
<keys size="9">Instance, Module, min, max, min, max, min, max, Type</keys>
<column name="grp_dense_latency_ap_fixed_16_6_5_3_0_ap_fixed_16_6_5_3_0_config2_s_fu_66">dense_latency_ap_fixed_16_6_5_3_0_ap_fixed_16_6_5_3_0_config2_s, 7, 7, 35.000 ns, 35.000 ns, 1, 1, yes</column>
<column name="call_ret2_linear_ap_fixed_16_6_5_3_0_ap_fixed_16_7_4_0_0_linear_config4_s_fu_72">linear_ap_fixed_16_6_5_3_0_ap_fixed_16_7_4_0_0_linear_config4_s, 0, 0, 0 ns, 0 ns, 1, 1, yes</column>
<column name="grp_dense_latency_ap_fixed_16_7_4_0_0_ap_fixed_16_6_5_3_0_config5_s_fu_81">dense_latency_ap_fixed_16_7_4_0_0_ap_fixed_16_6_5_3_0_config5_s, 3, 3, 15.000 ns, 15.000 ns, 1, 1, yes</column>
<column name="call_ret4_linear_ap_fixed_16_6_5_3_0_ap_fixed_16_7_4_0_0_linear_config7_s_fu_90">linear_ap_fixed_16_6_5_3_0_ap_fixed_16_7_4_0_0_linear_config7_s, 0, 0, 0 ns, 0 ns, 1, 1, yes</column>
<column name="grp_dense_latency_ap_fixed_16_7_4_0_0_ap_fixed_16_6_5_3_0_config8_s_fu_101">dense_latency_ap_fixed_16_7_4_0_0_ap_fixed_16_6_5_3_0_config8_s, 3, 3, 15.000 ns, 15.000 ns, 1, 1, yes</column>
<column name="call_ret6_linear_ap_fixed_16_6_5_3_0_ap_fixed_16_7_4_0_0_linear_config10_s_fu_112">linear_ap_fixed_16_6_5_3_0_ap_fixed_16_7_4_0_0_linear_config10_s, 0, 0, 0 ns, 0 ns, 1, 1, yes</column>
<column name="grp_dense_latency_ap_fixed_16_7_4_0_0_ap_fixed_16_6_5_3_0_config11_s_fu_125">dense_latency_ap_fixed_16_7_4_0_0_ap_fixed_16_6_5_3_0_config11_s, 3, 3, 15.000 ns, 15.000 ns, 1, 1, yes</column>
<column name="grp_sigmoid_ap_fixed_16_6_5_3_0_ap_fixed_16_6_5_3_0_sigmoid_config13_s_fu_138">sigmoid_ap_fixed_16_6_5_3_0_ap_fixed_16_6_5_3_0_sigmoid_config13_s, 3, 3, 15.000 ns, 15.000 ns, 1, 1, yes</column>
</table>
</item>
<item name = "Loop"><table name="" hasTotal="0">
<keys size="8">Loop Name, min, max, Latency, achieved, target, Count, Pipelined</keys>
</table>
</item>
</section>
</item>
</section>
</item>
</section>
</profile>
