<profile>

<RTLDesignHierarchy>
<TopModule>
<ModuleName>myproject</ModuleName>
<InstancesList>
<Instance>
<InstName>grp_dense_latency_ap_fixed_16_6_5_3_0_ap_fixed_16_6_5_3_0_config2_s_fu_66</InstName>
<ModuleName>dense_latency_ap_fixed_16_6_5_3_0_ap_fixed_16_6_5_3_0_config2_s</ModuleName>
<IsCompInst>true</IsCompInst>
<ID>66</ID>
</Instance>
<Instance>
<InstName>call_ret2_linear_ap_fixed_16_6_5_3_0_ap_fixed_16_7_4_0_0_linear_config4_s_fu_72</InstName>
<ModuleName>linear_ap_fixed_16_6_5_3_0_ap_fixed_16_7_4_0_0_linear_config4_s</ModuleName>
<IsCompInst>true</IsCompInst>
<ID>72</ID>
</Instance>
<Instance>
<InstName>grp_dense_latency_ap_fixed_16_7_4_0_0_ap_fixed_16_6_5_3_0_config5_s_fu_81</InstName>
<ModuleName>dense_latency_ap_fixed_16_7_4_0_0_ap_fixed_16_6_5_3_0_config5_s</ModuleName>
<IsCompInst>true</IsCompInst>
<ID>81</ID>
</Instance>
<Instance>
<InstName>call_ret4_linear_ap_fixed_16_6_5_3_0_ap_fixed_16_7_4_0_0_linear_config7_s_fu_90</InstName>
<ModuleName>linear_ap_fixed_16_6_5_3_0_ap_fixed_16_7_4_0_0_linear_config7_s</ModuleName>
<IsCompInst>true</IsCompInst>
<ID>90</ID>
</Instance>
<Instance>
<InstName>grp_dense_latency_ap_fixed_16_7_4_0_0_ap_fixed_16_6_5_3_0_config8_s_fu_101</InstName>
<ModuleName>dense_latency_ap_fixed_16_7_4_0_0_ap_fixed_16_6_5_3_0_config8_s</ModuleName>
<IsCompInst>true</IsCompInst>
<ID>101</ID>
</Instance>
<Instance>
<InstName>call_ret6_linear_ap_fixed_16_6_5_3_0_ap_fixed_16_7_4_0_0_linear_config10_s_fu_112</InstName>
<ModuleName>linear_ap_fixed_16_6_5_3_0_ap_fixed_16_7_4_0_0_linear_config10_s</ModuleName>
<IsCompInst>true</IsCompInst>
<ID>112</ID>
</Instance>
<Instance>
<InstName>grp_dense_latency_ap_fixed_16_7_4_0_0_ap_fixed_16_6_5_3_0_config11_s_fu_125</InstName>
<ModuleName>dense_latency_ap_fixed_16_7_4_0_0_ap_fixed_16_6_5_3_0_config11_s</ModuleName>
<IsCompInst>true</IsCompInst>
<ID>125</ID>
</Instance>
<Instance>
<InstName>grp_sigmoid_ap_fixed_16_6_5_3_0_ap_fixed_16_6_5_3_0_sigmoid_config13_s_fu_138</InstName>
<ModuleName>sigmoid_ap_fixed_16_6_5_3_0_ap_fixed_16_6_5_3_0_sigmoid_config13_s</ModuleName>
<IsCompInst>true</IsCompInst>
<ID>138</ID>
</Instance>
</InstancesList>
</TopModule>
</RTLDesignHierarchy>

<ModuleInformation>
<Module>
<Name>dense_latency_ap_fixed_16_6_5_3_0_ap_fixed_16_6_5_3_0_config2_s</Name>
<PerformanceEstimates>
<SummaryOfTimingAnalysis>
<TargetClockPeriod>5.00</TargetClockPeriod>
<ClockUncertainty>0.62</ClockUncertainty>
<TargetInitiationInterval>1</TargetInitiationInterval>
<EstimatedClockPeriod>3.947</EstimatedClockPeriod>
</SummaryOfTimingAnalysis>
<SummaryOfOverallLatency>
<Best-caseLatency>7</Best-caseLatency>
<Average-caseLatency>7</Average-caseLatency>
<Worst-caseLatency>7</Worst-caseLatency>
<Best-caseRealTimeLatency>35.000 ns</Best-caseRealTimeLatency>
<Average-caseRealTimeLatency>35.000 ns</Average-caseRealTimeLatency>
<Worst-caseRealTimeLatency>35.000 ns</Worst-caseRealTimeLatency>
<PipelineInitiationInterval>1</PipelineInitiationInterval>
<PipelineDepth>8</PipelineDepth>
<PipelineType>yes</PipelineType>
</SummaryOfOverallLatency>
</PerformanceEstimates>
<AreaEstimates>
<Resources>
<FF>29482</FF>
<AVAIL_FF>106400</AVAIL_FF>
<UTIL_FF>27</UTIL_FF>
<LUT>33590</LUT>
<AVAIL_LUT>53200</AVAIL_LUT>
<UTIL_LUT>63</UTIL_LUT>
<BRAM_18K>0</BRAM_18K>
<AVAIL_BRAM>280</AVAIL_BRAM>
<UTIL_BRAM>0</UTIL_BRAM>
<DSP>0</DSP>
<AVAIL_DSP>220</AVAIL_DSP>
<UTIL_DSP>0</UTIL_DSP>
<URAM>0</URAM>
<AVAIL_URAM>0</AVAIL_URAM>
<UTIL_URAM>0</UTIL_URAM>
</Resources>
</AreaEstimates>
<InterfaceSummary>
<RtlPorts>
<name>ap_clk</name>
<Object>dense_latency&lt;ap_fixed&lt;16, 6, 5, 3, 0&gt;, ap_fixed&lt;16, 6, 5, 3, 0&gt;, config2&gt;</Object>
<Type>return value</Type>
<Scope></Scope>
<IOProtocol>ap_ctrl_hs</IOProtocol>
<IOConfig></IOConfig>
<Dir>in</Dir>
<Bits>1</Bits>
<Attribute>control</Attribute>
</RtlPorts>
<RtlPorts>
<name>ap_rst</name>
<Object>dense_latency&lt;ap_fixed&lt;16, 6, 5, 3, 0&gt;, ap_fixed&lt;16, 6, 5, 3, 0&gt;, config2&gt;</Object>
<Type>return value</Type>
<Scope></Scope>
<IOProtocol>ap_ctrl_hs</IOProtocol>
<IOConfig></IOConfig>
<Dir>in</Dir>
<Bits>1</Bits>
<Attribute>control</Attribute>
</RtlPorts>
<RtlPorts>
<name>ap_return_0</name>
<Object>dense_latency&lt;ap_fixed&lt;16, 6, 5, 3, 0&gt;, ap_fixed&lt;16, 6, 5, 3, 0&gt;, config2&gt;</Object>
<Type>return value</Type>
<Scope></Scope>
<IOProtocol>ap_ctrl_hs</IOProtocol>
<IOConfig></IOConfig>
<Dir>out</Dir>
<Bits>16</Bits>
<Attribute>data</Attribute>
</RtlPorts>
<RtlPorts>
<name>ap_return_1</name>
<Object>dense_latency&lt;ap_fixed&lt;16, 6, 5, 3, 0&gt;, ap_fixed&lt;16, 6, 5, 3, 0&gt;, config2&gt;</Object>
<Type>return value</Type>
<Scope></Scope>
<IOProtocol>ap_ctrl_hs</IOProtocol>
<IOConfig></IOConfig>
<Dir>out</Dir>
<Bits>16</Bits>
<Attribute>data</Attribute>
</RtlPorts>
<RtlPorts>
<name>ap_return_2</name>
<Object>dense_latency&lt;ap_fixed&lt;16, 6, 5, 3, 0&gt;, ap_fixed&lt;16, 6, 5, 3, 0&gt;, config2&gt;</Object>
<Type>return value</Type>
<Scope></Scope>
<IOProtocol>ap_ctrl_hs</IOProtocol>
<IOConfig></IOConfig>
<Dir>out</Dir>
<Bits>16</Bits>
<Attribute>data</Attribute>
</RtlPorts>
<RtlPorts>
<name>ap_return_3</name>
<Object>dense_latency&lt;ap_fixed&lt;16, 6, 5, 3, 0&gt;, ap_fixed&lt;16, 6, 5, 3, 0&gt;, config2&gt;</Object>
<Type>return value</Type>
<Scope></Scope>
<IOProtocol>ap_ctrl_hs</IOProtocol>
<IOConfig></IOConfig>
<Dir>out</Dir>
<Bits>16</Bits>
<Attribute>data</Attribute>
</RtlPorts>
<RtlPorts>
<name>ap_return_4</name>
<Object>dense_latency&lt;ap_fixed&lt;16, 6, 5, 3, 0&gt;, ap_fixed&lt;16, 6, 5, 3, 0&gt;, config2&gt;</Object>
<Type>return value</Type>
<Scope></Scope>
<IOProtocol>ap_ctrl_hs</IOProtocol>
<IOConfig></IOConfig>
<Dir>out</Dir>
<Bits>16</Bits>
<Attribute>data</Attribute>
</RtlPorts>
<RtlPorts>
<name>ap_ce</name>
<Object>dense_latency&lt;ap_fixed&lt;16, 6, 5, 3, 0&gt;, ap_fixed&lt;16, 6, 5, 3, 0&gt;, config2&gt;</Object>
<Type>return value</Type>
<Scope></Scope>
<IOProtocol>ap_ctrl_hs</IOProtocol>
<IOConfig></IOConfig>
<Dir>in</Dir>
<Bits>1</Bits>
<Attribute>control</Attribute>
</RtlPorts>
<RtlPorts>
<name>p_read</name>
<Object>p_read</Object>
<Type>scalar</Type>
<Scope></Scope>
<IOProtocol>ap_none</IOProtocol>
<IOConfig></IOConfig>
<Dir>in</Dir>
<Bits>12544</Bits>
<Attribute>data</Attribute>
</RtlPorts>
</InterfaceSummary>
</Module>
<Module>
<Name>linear_ap_fixed_16_6_5_3_0_ap_fixed_16_7_4_0_0_linear_config4_s</Name>
<PerformanceEstimates>
<SummaryOfTimingAnalysis>
<TargetClockPeriod>5.00</TargetClockPeriod>
<ClockUncertainty>0.62</ClockUncertainty>
<TargetInitiationInterval>4294967295</TargetInitiationInterval>
<EstimatedClockPeriod>1.944</EstimatedClockPeriod>
</SummaryOfTimingAnalysis>
<SummaryOfOverallLatency>
<Best-caseLatency>0</Best-caseLatency>
<Average-caseLatency>0</Average-caseLatency>
<Worst-caseLatency>0</Worst-caseLatency>
<Best-caseRealTimeLatency>0 ns</Best-caseRealTimeLatency>
<Average-caseRealTimeLatency>0 ns</Average-caseRealTimeLatency>
<Worst-caseRealTimeLatency>0 ns</Worst-caseRealTimeLatency>
<PipelineInitiationInterval>1</PipelineInitiationInterval>
<PipelineDepth>1</PipelineDepth>
<PipelineType>yes</PipelineType>
</SummaryOfOverallLatency>
</PerformanceEstimates>
<AreaEstimates>
<Resources>
<FF>0</FF>
<AVAIL_FF>106400</AVAIL_FF>
<UTIL_FF>0</UTIL_FF>
<LUT>125</LUT>
<AVAIL_LUT>53200</AVAIL_LUT>
<UTIL_LUT>~0</UTIL_LUT>
<BRAM_18K>0</BRAM_18K>
<AVAIL_BRAM>280</AVAIL_BRAM>
<UTIL_BRAM>0</UTIL_BRAM>
<DSP>0</DSP>
<AVAIL_DSP>220</AVAIL_DSP>
<UTIL_DSP>0</UTIL_DSP>
<URAM>0</URAM>
<AVAIL_URAM>0</AVAIL_URAM>
<UTIL_URAM>0</UTIL_URAM>
</Resources>
</AreaEstimates>
<InterfaceSummary>
<RtlPorts>
<name>ap_ready</name>
<Object>linear&lt;ap_fixed&lt;16, 6, 5, 3, 0&gt;, ap_fixed&lt;16, 7, 4, 0, 0&gt;, linear_config4&gt;</Object>
<Type>return value</Type>
<Scope></Scope>
<IOProtocol>ap_ctrl_hs</IOProtocol>
<IOConfig></IOConfig>
<Dir>out</Dir>
<Bits>1</Bits>
<Attribute>control</Attribute>
</RtlPorts>
<RtlPorts>
<name>ap_return_0</name>
<Object>linear&lt;ap_fixed&lt;16, 6, 5, 3, 0&gt;, ap_fixed&lt;16, 7, 4, 0, 0&gt;, linear_config4&gt;</Object>
<Type>return value</Type>
<Scope></Scope>
<IOProtocol>ap_ctrl_hs</IOProtocol>
<IOConfig></IOConfig>
<Dir>out</Dir>
<Bits>16</Bits>
<Attribute>data</Attribute>
</RtlPorts>
<RtlPorts>
<name>ap_return_1</name>
<Object>linear&lt;ap_fixed&lt;16, 6, 5, 3, 0&gt;, ap_fixed&lt;16, 7, 4, 0, 0&gt;, linear_config4&gt;</Object>
<Type>return value</Type>
<Scope></Scope>
<IOProtocol>ap_ctrl_hs</IOProtocol>
<IOConfig></IOConfig>
<Dir>out</Dir>
<Bits>16</Bits>
<Attribute>data</Attribute>
</RtlPorts>
<RtlPorts>
<name>ap_return_2</name>
<Object>linear&lt;ap_fixed&lt;16, 6, 5, 3, 0&gt;, ap_fixed&lt;16, 7, 4, 0, 0&gt;, linear_config4&gt;</Object>
<Type>return value</Type>
<Scope></Scope>
<IOProtocol>ap_ctrl_hs</IOProtocol>
<IOConfig></IOConfig>
<Dir>out</Dir>
<Bits>16</Bits>
<Attribute>data</Attribute>
</RtlPorts>
<RtlPorts>
<name>ap_return_3</name>
<Object>linear&lt;ap_fixed&lt;16, 6, 5, 3, 0&gt;, ap_fixed&lt;16, 7, 4, 0, 0&gt;, linear_config4&gt;</Object>
<Type>return value</Type>
<Scope></Scope>
<IOProtocol>ap_ctrl_hs</IOProtocol>
<IOConfig></IOConfig>
<Dir>out</Dir>
<Bits>16</Bits>
<Attribute>data</Attribute>
</RtlPorts>
<RtlPorts>
<name>ap_return_4</name>
<Object>linear&lt;ap_fixed&lt;16, 6, 5, 3, 0&gt;, ap_fixed&lt;16, 7, 4, 0, 0&gt;, linear_config4&gt;</Object>
<Type>return value</Type>
<Scope></Scope>
<IOProtocol>ap_ctrl_hs</IOProtocol>
<IOConfig></IOConfig>
<Dir>out</Dir>
<Bits>16</Bits>
<Attribute>data</Attribute>
</RtlPorts>
<RtlPorts>
<name>p_read</name>
<Object>p_read</Object>
<Type>scalar</Type>
<Scope></Scope>
<IOProtocol>ap_none</IOProtocol>
<IOConfig></IOConfig>
<Dir>in</Dir>
<Bits>16</Bits>
<Attribute>data</Attribute>
</RtlPorts>
<RtlPorts>
<name>p_read1</name>
<Object>p_read1</Object>
<Type>scalar</Type>
<Scope></Scope>
<IOProtocol>ap_none</IOProtocol>
<IOConfig></IOConfig>
<Dir>in</Dir>
<Bits>16</Bits>
<Attribute>data</Attribute>
</RtlPorts>
<RtlPorts>
<name>p_read2</name>
<Object>p_read2</Object>
<Type>scalar</Type>
<Scope></Scope>
<IOProtocol>ap_none</IOProtocol>
<IOConfig></IOConfig>
<Dir>in</Dir>
<Bits>16</Bits>
<Attribute>data</Attribute>
</RtlPorts>
<RtlPorts>
<name>p_read3</name>
<Object>p_read3</Object>
<Type>scalar</Type>
<Scope></Scope>
<IOProtocol>ap_none</IOProtocol>
<IOConfig></IOConfig>
<Dir>in</Dir>
<Bits>16</Bits>
<Attribute>data</Attribute>
</RtlPorts>
<RtlPorts>
<name>p_read4</name>
<Object>p_read4</Object>
<Type>scalar</Type>
<Scope></Scope>
<IOProtocol>ap_none</IOProtocol>
<IOConfig></IOConfig>
<Dir>in</Dir>
<Bits>16</Bits>
<Attribute>data</Attribute>
</RtlPorts>
</InterfaceSummary>
</Module>
<Module>
<Name>dense_latency_ap_fixed_16_7_4_0_0_ap_fixed_16_6_5_3_0_config5_s</Name>
<PerformanceEstimates>
<SummaryOfTimingAnalysis>
<TargetClockPeriod>5.00</TargetClockPeriod>
<ClockUncertainty>0.62</ClockUncertainty>
<TargetInitiationInterval>1</TargetInitiationInterval>
<EstimatedClockPeriod>4.022</EstimatedClockPeriod>
</SummaryOfTimingAnalysis>
<SummaryOfOverallLatency>
<Best-caseLatency>3</Best-caseLatency>
<Average-caseLatency>3</Average-caseLatency>
<Worst-caseLatency>3</Worst-caseLatency>
<Best-caseRealTimeLatency>15.000 ns</Best-caseRealTimeLatency>
<Average-caseRealTimeLatency>15.000 ns</Average-caseRealTimeLatency>
<Worst-caseRealTimeLatency>15.000 ns</Worst-caseRealTimeLatency>
<PipelineInitiationInterval>1</PipelineInitiationInterval>
<PipelineDepth>4</PipelineDepth>
<PipelineType>yes</PipelineType>
</SummaryOfOverallLatency>
</PerformanceEstimates>
<AreaEstimates>
<Resources>
<DSP>4</DSP>
<AVAIL_DSP>220</AVAIL_DSP>
<UTIL_DSP>1</UTIL_DSP>
<FF>985</FF>
<AVAIL_FF>106400</AVAIL_FF>
<UTIL_FF>~0</UTIL_FF>
<LUT>839</LUT>
<AVAIL_LUT>53200</AVAIL_LUT>
<UTIL_LUT>1</UTIL_LUT>
<BRAM_18K>0</BRAM_18K>
<AVAIL_BRAM>280</AVAIL_BRAM>
<UTIL_BRAM>0</UTIL_BRAM>
<URAM>0</URAM>
<AVAIL_URAM>0</AVAIL_URAM>
<UTIL_URAM>0</UTIL_URAM>
</Resources>
</AreaEstimates>
<InterfaceSummary>
<RtlPorts>
<name>ap_clk</name>
<Object>dense_latency&lt;ap_fixed&lt;16, 7, 4, 0, 0&gt;, ap_fixed&lt;16, 6, 5, 3, 0&gt;, config5&gt;</Object>
<Type>return value</Type>
<Scope></Scope>
<IOProtocol>ap_ctrl_hs</IOProtocol>
<IOConfig></IOConfig>
<Dir>in</Dir>
<Bits>1</Bits>
<Attribute>control</Attribute>
</RtlPorts>
<RtlPorts>
<name>ap_rst</name>
<Object>dense_latency&lt;ap_fixed&lt;16, 7, 4, 0, 0&gt;, ap_fixed&lt;16, 6, 5, 3, 0&gt;, config5&gt;</Object>
<Type>return value</Type>
<Scope></Scope>
<IOProtocol>ap_ctrl_hs</IOProtocol>
<IOConfig></IOConfig>
<Dir>in</Dir>
<Bits>1</Bits>
<Attribute>control</Attribute>
</RtlPorts>
<RtlPorts>
<name>ap_return_0</name>
<Object>dense_latency&lt;ap_fixed&lt;16, 7, 4, 0, 0&gt;, ap_fixed&lt;16, 6, 5, 3, 0&gt;, config5&gt;</Object>
<Type>return value</Type>
<Scope></Scope>
<IOProtocol>ap_ctrl_hs</IOProtocol>
<IOConfig></IOConfig>
<Dir>out</Dir>
<Bits>16</Bits>
<Attribute>data</Attribute>
</RtlPorts>
<RtlPorts>
<name>ap_return_1</name>
<Object>dense_latency&lt;ap_fixed&lt;16, 7, 4, 0, 0&gt;, ap_fixed&lt;16, 6, 5, 3, 0&gt;, config5&gt;</Object>
<Type>return value</Type>
<Scope></Scope>
<IOProtocol>ap_ctrl_hs</IOProtocol>
<IOConfig></IOConfig>
<Dir>out</Dir>
<Bits>16</Bits>
<Attribute>data</Attribute>
</RtlPorts>
<RtlPorts>
<name>ap_return_2</name>
<Object>dense_latency&lt;ap_fixed&lt;16, 7, 4, 0, 0&gt;, ap_fixed&lt;16, 6, 5, 3, 0&gt;, config5&gt;</Object>
<Type>return value</Type>
<Scope></Scope>
<IOProtocol>ap_ctrl_hs</IOProtocol>
<IOConfig></IOConfig>
<Dir>out</Dir>
<Bits>16</Bits>
<Attribute>data</Attribute>
</RtlPorts>
<RtlPorts>
<name>ap_return_3</name>
<Object>dense_latency&lt;ap_fixed&lt;16, 7, 4, 0, 0&gt;, ap_fixed&lt;16, 6, 5, 3, 0&gt;, config5&gt;</Object>
<Type>return value</Type>
<Scope></Scope>
<IOProtocol>ap_ctrl_hs</IOProtocol>
<IOConfig></IOConfig>
<Dir>out</Dir>
<Bits>16</Bits>
<Attribute>data</Attribute>
</RtlPorts>
<RtlPorts>
<name>ap_return_4</name>
<Object>dense_latency&lt;ap_fixed&lt;16, 7, 4, 0, 0&gt;, ap_fixed&lt;16, 6, 5, 3, 0&gt;, config5&gt;</Object>
<Type>return value</Type>
<Scope></Scope>
<IOProtocol>ap_ctrl_hs</IOProtocol>
<IOConfig></IOConfig>
<Dir>out</Dir>
<Bits>16</Bits>
<Attribute>data</Attribute>
</RtlPorts>
<RtlPorts>
<name>ap_return_5</name>
<Object>dense_latency&lt;ap_fixed&lt;16, 7, 4, 0, 0&gt;, ap_fixed&lt;16, 6, 5, 3, 0&gt;, config5&gt;</Object>
<Type>return value</Type>
<Scope></Scope>
<IOProtocol>ap_ctrl_hs</IOProtocol>
<IOConfig></IOConfig>
<Dir>out</Dir>
<Bits>16</Bits>
<Attribute>data</Attribute>
</RtlPorts>
<RtlPorts>
<name>ap_return_6</name>
<Object>dense_latency&lt;ap_fixed&lt;16, 7, 4, 0, 0&gt;, ap_fixed&lt;16, 6, 5, 3, 0&gt;, config5&gt;</Object>
<Type>return value</Type>
<Scope></Scope>
<IOProtocol>ap_ctrl_hs</IOProtocol>
<IOConfig></IOConfig>
<Dir>out</Dir>
<Bits>16</Bits>
<Attribute>data</Attribute>
</RtlPorts>
<RtlPorts>
<name>ap_ce</name>
<Object>dense_latency&lt;ap_fixed&lt;16, 7, 4, 0, 0&gt;, ap_fixed&lt;16, 6, 5, 3, 0&gt;, config5&gt;</Object>
<Type>return value</Type>
<Scope></Scope>
<IOProtocol>ap_ctrl_hs</IOProtocol>
<IOConfig></IOConfig>
<Dir>in</Dir>
<Bits>1</Bits>
<Attribute>control</Attribute>
</RtlPorts>
<RtlPorts>
<name>p_read</name>
<Object>p_read</Object>
<Type>scalar</Type>
<Scope></Scope>
<IOProtocol>ap_none</IOProtocol>
<IOConfig></IOConfig>
<Dir>in</Dir>
<Bits>16</Bits>
<Attribute>data</Attribute>
</RtlPorts>
<RtlPorts>
<name>p_read1</name>
<Object>p_read1</Object>
<Type>scalar</Type>
<Scope></Scope>
<IOProtocol>ap_none</IOProtocol>
<IOConfig></IOConfig>
<Dir>in</Dir>
<Bits>16</Bits>
<Attribute>data</Attribute>
</RtlPorts>
<RtlPorts>
<name>p_read2</name>
<Object>p_read2</Object>
<Type>scalar</Type>
<Scope></Scope>
<IOProtocol>ap_none</IOProtocol>
<IOConfig></IOConfig>
<Dir>in</Dir>
<Bits>16</Bits>
<Attribute>data</Attribute>
</RtlPorts>
<RtlPorts>
<name>p_read3</name>
<Object>p_read3</Object>
<Type>scalar</Type>
<Scope></Scope>
<IOProtocol>ap_none</IOProtocol>
<IOConfig></IOConfig>
<Dir>in</Dir>
<Bits>16</Bits>
<Attribute>data</Attribute>
</RtlPorts>
<RtlPorts>
<name>p_read4</name>
<Object>p_read4</Object>
<Type>scalar</Type>
<Scope></Scope>
<IOProtocol>ap_none</IOProtocol>
<IOConfig></IOConfig>
<Dir>in</Dir>
<Bits>16</Bits>
<Attribute>data</Attribute>
</RtlPorts>
</InterfaceSummary>
</Module>
<Module>
<Name>linear_ap_fixed_16_6_5_3_0_ap_fixed_16_7_4_0_0_linear_config7_s</Name>
<PerformanceEstimates>
<SummaryOfTimingAnalysis>
<TargetClockPeriod>5.00</TargetClockPeriod>
<ClockUncertainty>0.62</ClockUncertainty>
<TargetInitiationInterval>4294967295</TargetInitiationInterval>
<EstimatedClockPeriod>1.944</EstimatedClockPeriod>
</SummaryOfTimingAnalysis>
<SummaryOfOverallLatency>
<Best-caseLatency>0</Best-caseLatency>
<Average-caseLatency>0</Average-caseLatency>
<Worst-caseLatency>0</Worst-caseLatency>
<Best-caseRealTimeLatency>0 ns</Best-caseRealTimeLatency>
<Average-caseRealTimeLatency>0 ns</Average-caseRealTimeLatency>
<Worst-caseRealTimeLatency>0 ns</Worst-caseRealTimeLatency>
<PipelineInitiationInterval>1</PipelineInitiationInterval>
<PipelineDepth>1</PipelineDepth>
<PipelineType>yes</PipelineType>
</SummaryOfOverallLatency>
</PerformanceEstimates>
<AreaEstimates>
<Resources>
<FF>0</FF>
<AVAIL_FF>106400</AVAIL_FF>
<UTIL_FF>0</UTIL_FF>
<LUT>175</LUT>
<AVAIL_LUT>53200</AVAIL_LUT>
<UTIL_LUT>~0</UTIL_LUT>
<BRAM_18K>0</BRAM_18K>
<AVAIL_BRAM>280</AVAIL_BRAM>
<UTIL_BRAM>0</UTIL_BRAM>
<DSP>0</DSP>
<AVAIL_DSP>220</AVAIL_DSP>
<UTIL_DSP>0</UTIL_DSP>
<URAM>0</URAM>
<AVAIL_URAM>0</AVAIL_URAM>
<UTIL_URAM>0</UTIL_URAM>
</Resources>
</AreaEstimates>
<InterfaceSummary>
<RtlPorts>
<name>ap_ready</name>
<Object>linear&lt;ap_fixed&lt;16, 6, 5, 3, 0&gt;, ap_fixed&lt;16, 7, 4, 0, 0&gt;, linear_config7&gt;</Object>
<Type>return value</Type>
<Scope></Scope>
<IOProtocol>ap_ctrl_hs</IOProtocol>
<IOConfig></IOConfig>
<Dir>out</Dir>
<Bits>1</Bits>
<Attribute>control</Attribute>
</RtlPorts>
<RtlPorts>
<name>ap_return_0</name>
<Object>linear&lt;ap_fixed&lt;16, 6, 5, 3, 0&gt;, ap_fixed&lt;16, 7, 4, 0, 0&gt;, linear_config7&gt;</Object>
<Type>return value</Type>
<Scope></Scope>
<IOProtocol>ap_ctrl_hs</IOProtocol>
<IOConfig></IOConfig>
<Dir>out</Dir>
<Bits>16</Bits>
<Attribute>data</Attribute>
</RtlPorts>
<RtlPorts>
<name>ap_return_1</name>
<Object>linear&lt;ap_fixed&lt;16, 6, 5, 3, 0&gt;, ap_fixed&lt;16, 7, 4, 0, 0&gt;, linear_config7&gt;</Object>
<Type>return value</Type>
<Scope></Scope>
<IOProtocol>ap_ctrl_hs</IOProtocol>
<IOConfig></IOConfig>
<Dir>out</Dir>
<Bits>16</Bits>
<Attribute>data</Attribute>
</RtlPorts>
<RtlPorts>
<name>ap_return_2</name>
<Object>linear&lt;ap_fixed&lt;16, 6, 5, 3, 0&gt;, ap_fixed&lt;16, 7, 4, 0, 0&gt;, linear_config7&gt;</Object>
<Type>return value</Type>
<Scope></Scope>
<IOProtocol>ap_ctrl_hs</IOProtocol>
<IOConfig></IOConfig>
<Dir>out</Dir>
<Bits>16</Bits>
<Attribute>data</Attribute>
</RtlPorts>
<RtlPorts>
<name>ap_return_3</name>
<Object>linear&lt;ap_fixed&lt;16, 6, 5, 3, 0&gt;, ap_fixed&lt;16, 7, 4, 0, 0&gt;, linear_config7&gt;</Object>
<Type>return value</Type>
<Scope></Scope>
<IOProtocol>ap_ctrl_hs</IOProtocol>
<IOConfig></IOConfig>
<Dir>out</Dir>
<Bits>16</Bits>
<Attribute>data</Attribute>
</RtlPorts>
<RtlPorts>
<name>ap_return_4</name>
<Object>linear&lt;ap_fixed&lt;16, 6, 5, 3, 0&gt;, ap_fixed&lt;16, 7, 4, 0, 0&gt;, linear_config7&gt;</Object>
<Type>return value</Type>
<Scope></Scope>
<IOProtocol>ap_ctrl_hs</IOProtocol>
<IOConfig></IOConfig>
<Dir>out</Dir>
<Bits>16</Bits>
<Attribute>data</Attribute>
</RtlPorts>
<RtlPorts>
<name>ap_return_5</name>
<Object>linear&lt;ap_fixed&lt;16, 6, 5, 3, 0&gt;, ap_fixed&lt;16, 7, 4, 0, 0&gt;, linear_config7&gt;</Object>
<Type>return value</Type>
<Scope></Scope>
<IOProtocol>ap_ctrl_hs</IOProtocol>
<IOConfig></IOConfig>
<Dir>out</Dir>
<Bits>16</Bits>
<Attribute>data</Attribute>
</RtlPorts>
<RtlPorts>
<name>ap_return_6</name>
<Object>linear&lt;ap_fixed&lt;16, 6, 5, 3, 0&gt;, ap_fixed&lt;16, 7, 4, 0, 0&gt;, linear_config7&gt;</Object>
<Type>return value</Type>
<Scope></Scope>
<IOProtocol>ap_ctrl_hs</IOProtocol>
<IOConfig></IOConfig>
<Dir>out</Dir>
<Bits>16</Bits>
<Attribute>data</Attribute>
</RtlPorts>
<RtlPorts>
<name>p_read</name>
<Object>p_read</Object>
<Type>scalar</Type>
<Scope></Scope>
<IOProtocol>ap_none</IOProtocol>
<IOConfig></IOConfig>
<Dir>in</Dir>
<Bits>16</Bits>
<Attribute>data</Attribute>
</RtlPorts>
<RtlPorts>
<name>p_read1</name>
<Object>p_read1</Object>
<Type>scalar</Type>
<Scope></Scope>
<IOProtocol>ap_none</IOProtocol>
<IOConfig></IOConfig>
<Dir>in</Dir>
<Bits>16</Bits>
<Attribute>data</Attribute>
</RtlPorts>
<RtlPorts>
<name>p_read2</name>
<Object>p_read2</Object>
<Type>scalar</Type>
<Scope></Scope>
<IOProtocol>ap_none</IOProtocol>
<IOConfig></IOConfig>
<Dir>in</Dir>
<Bits>16</Bits>
<Attribute>data</Attribute>
</RtlPorts>
<RtlPorts>
<name>p_read3</name>
<Object>p_read3</Object>
<Type>scalar</Type>
<Scope></Scope>
<IOProtocol>ap_none</IOProtocol>
<IOConfig></IOConfig>
<Dir>in</Dir>
<Bits>16</Bits>
<Attribute>data</Attribute>
</RtlPorts>
<RtlPorts>
<name>p_read4</name>
<Object>p_read4</Object>
<Type>scalar</Type>
<Scope></Scope>
<IOProtocol>ap_none</IOProtocol>
<IOConfig></IOConfig>
<Dir>in</Dir>
<Bits>16</Bits>
<Attribute>data</Attribute>
</RtlPorts>
<RtlPorts>
<name>p_read5</name>
<Object>p_read5</Object>
<Type>scalar</Type>
<Scope></Scope>
<IOProtocol>ap_none</IOProtocol>
<IOConfig></IOConfig>
<Dir>in</Dir>
<Bits>16</Bits>
<Attribute>data</Attribute>
</RtlPorts>
<RtlPorts>
<name>p_read6</name>
<Object>p_read6</Object>
<Type>scalar</Type>
<Scope></Scope>
<IOProtocol>ap_none</IOProtocol>
<IOConfig></IOConfig>
<Dir>in</Dir>
<Bits>16</Bits>
<Attribute>data</Attribute>
</RtlPorts>
</InterfaceSummary>
</Module>
<Module>
<Name>dense_latency_ap_fixed_16_7_4_0_0_ap_fixed_16_6_5_3_0_config8_s</Name>
<PerformanceEstimates>
<SummaryOfTimingAnalysis>
<TargetClockPeriod>5.00</TargetClockPeriod>
<ClockUncertainty>0.62</ClockUncertainty>
<TargetInitiationInterval>1</TargetInitiationInterval>
<EstimatedClockPeriod>4.213</EstimatedClockPeriod>
</SummaryOfTimingAnalysis>
<SummaryOfOverallLatency>
<Best-caseLatency>3</Best-caseLatency>
<Average-caseLatency>3</Average-caseLatency>
<Worst-caseLatency>3</Worst-caseLatency>
<Best-caseRealTimeLatency>15.000 ns</Best-caseRealTimeLatency>
<Average-caseRealTimeLatency>15.000 ns</Average-caseRealTimeLatency>
<Worst-caseRealTimeLatency>15.000 ns</Worst-caseRealTimeLatency>
<PipelineInitiationInterval>1</PipelineInitiationInterval>
<PipelineDepth>4</PipelineDepth>
<PipelineType>yes</PipelineType>
</SummaryOfOverallLatency>
</PerformanceEstimates>
<AreaEstimates>
<Resources>
<FF>872</FF>
<AVAIL_FF>106400</AVAIL_FF>
<UTIL_FF>~0</UTIL_FF>
<LUT>1497</LUT>
<AVAIL_LUT>53200</AVAIL_LUT>
<UTIL_LUT>2</UTIL_LUT>
<BRAM_18K>0</BRAM_18K>
<AVAIL_BRAM>280</AVAIL_BRAM>
<UTIL_BRAM>0</UTIL_BRAM>
<DSP>0</DSP>
<AVAIL_DSP>220</AVAIL_DSP>
<UTIL_DSP>0</UTIL_DSP>
<URAM>0</URAM>
<AVAIL_URAM>0</AVAIL_URAM>
<UTIL_URAM>0</UTIL_URAM>
</Resources>
</AreaEstimates>
<InterfaceSummary>
<RtlPorts>
<name>ap_clk</name>
<Object>dense_latency&lt;ap_fixed&lt;16, 7, 4, 0, 0&gt;, ap_fixed&lt;16, 6, 5, 3, 0&gt;, config8&gt;</Object>
<Type>return value</Type>
<Scope></Scope>
<IOProtocol>ap_ctrl_hs</IOProtocol>
<IOConfig></IOConfig>
<Dir>in</Dir>
<Bits>1</Bits>
<Attribute>control</Attribute>
</RtlPorts>
<RtlPorts>
<name>ap_rst</name>
<Object>dense_latency&lt;ap_fixed&lt;16, 7, 4, 0, 0&gt;, ap_fixed&lt;16, 6, 5, 3, 0&gt;, config8&gt;</Object>
<Type>return value</Type>
<Scope></Scope>
<IOProtocol>ap_ctrl_hs</IOProtocol>
<IOConfig></IOConfig>
<Dir>in</Dir>
<Bits>1</Bits>
<Attribute>control</Attribute>
</RtlPorts>
<RtlPorts>
<name>ap_return_0</name>
<Object>dense_latency&lt;ap_fixed&lt;16, 7, 4, 0, 0&gt;, ap_fixed&lt;16, 6, 5, 3, 0&gt;, config8&gt;</Object>
<Type>return value</Type>
<Scope></Scope>
<IOProtocol>ap_ctrl_hs</IOProtocol>
<IOConfig></IOConfig>
<Dir>out</Dir>
<Bits>16</Bits>
<Attribute>data</Attribute>
</RtlPorts>
<RtlPorts>
<name>ap_return_1</name>
<Object>dense_latency&lt;ap_fixed&lt;16, 7, 4, 0, 0&gt;, ap_fixed&lt;16, 6, 5, 3, 0&gt;, config8&gt;</Object>
<Type>return value</Type>
<Scope></Scope>
<IOProtocol>ap_ctrl_hs</IOProtocol>
<IOConfig></IOConfig>
<Dir>out</Dir>
<Bits>16</Bits>
<Attribute>data</Attribute>
</RtlPorts>
<RtlPorts>
<name>ap_return_2</name>
<Object>dense_latency&lt;ap_fixed&lt;16, 7, 4, 0, 0&gt;, ap_fixed&lt;16, 6, 5, 3, 0&gt;, config8&gt;</Object>
<Type>return value</Type>
<Scope></Scope>
<IOProtocol>ap_ctrl_hs</IOProtocol>
<IOConfig></IOConfig>
<Dir>out</Dir>
<Bits>16</Bits>
<Attribute>data</Attribute>
</RtlPorts>
<RtlPorts>
<name>ap_return_3</name>
<Object>dense_latency&lt;ap_fixed&lt;16, 7, 4, 0, 0&gt;, ap_fixed&lt;16, 6, 5, 3, 0&gt;, config8&gt;</Object>
<Type>return value</Type>
<Scope></Scope>
<IOProtocol>ap_ctrl_hs</IOProtocol>
<IOConfig></IOConfig>
<Dir>out</Dir>
<Bits>16</Bits>
<Attribute>data</Attribute>
</RtlPorts>
<RtlPorts>
<name>ap_return_4</name>
<Object>dense_latency&lt;ap_fixed&lt;16, 7, 4, 0, 0&gt;, ap_fixed&lt;16, 6, 5, 3, 0&gt;, config8&gt;</Object>
<Type>return value</Type>
<Scope></Scope>
<IOProtocol>ap_ctrl_hs</IOProtocol>
<IOConfig></IOConfig>
<Dir>out</Dir>
<Bits>16</Bits>
<Attribute>data</Attribute>
</RtlPorts>
<RtlPorts>
<name>ap_return_5</name>
<Object>dense_latency&lt;ap_fixed&lt;16, 7, 4, 0, 0&gt;, ap_fixed&lt;16, 6, 5, 3, 0&gt;, config8&gt;</Object>
<Type>return value</Type>
<Scope></Scope>
<IOProtocol>ap_ctrl_hs</IOProtocol>
<IOConfig></IOConfig>
<Dir>out</Dir>
<Bits>16</Bits>
<Attribute>data</Attribute>
</RtlPorts>
<RtlPorts>
<name>ap_return_6</name>
<Object>dense_latency&lt;ap_fixed&lt;16, 7, 4, 0, 0&gt;, ap_fixed&lt;16, 6, 5, 3, 0&gt;, config8&gt;</Object>
<Type>return value</Type>
<Scope></Scope>
<IOProtocol>ap_ctrl_hs</IOProtocol>
<IOConfig></IOConfig>
<Dir>out</Dir>
<Bits>16</Bits>
<Attribute>data</Attribute>
</RtlPorts>
<RtlPorts>
<name>ap_return_7</name>
<Object>dense_latency&lt;ap_fixed&lt;16, 7, 4, 0, 0&gt;, ap_fixed&lt;16, 6, 5, 3, 0&gt;, config8&gt;</Object>
<Type>return value</Type>
<Scope></Scope>
<IOProtocol>ap_ctrl_hs</IOProtocol>
<IOConfig></IOConfig>
<Dir>out</Dir>
<Bits>16</Bits>
<Attribute>data</Attribute>
</RtlPorts>
<RtlPorts>
<name>ap_return_8</name>
<Object>dense_latency&lt;ap_fixed&lt;16, 7, 4, 0, 0&gt;, ap_fixed&lt;16, 6, 5, 3, 0&gt;, config8&gt;</Object>
<Type>return value</Type>
<Scope></Scope>
<IOProtocol>ap_ctrl_hs</IOProtocol>
<IOConfig></IOConfig>
<Dir>out</Dir>
<Bits>16</Bits>
<Attribute>data</Attribute>
</RtlPorts>
<RtlPorts>
<name>ap_ce</name>
<Object>dense_latency&lt;ap_fixed&lt;16, 7, 4, 0, 0&gt;, ap_fixed&lt;16, 6, 5, 3, 0&gt;, config8&gt;</Object>
<Type>return value</Type>
<Scope></Scope>
<IOProtocol>ap_ctrl_hs</IOProtocol>
<IOConfig></IOConfig>
<Dir>in</Dir>
<Bits>1</Bits>
<Attribute>control</Attribute>
</RtlPorts>
<RtlPorts>
<name>p_read</name>
<Object>p_read</Object>
<Type>scalar</Type>
<Scope></Scope>
<IOProtocol>ap_none</IOProtocol>
<IOConfig></IOConfig>
<Dir>in</Dir>
<Bits>16</Bits>
<Attribute>data</Attribute>
</RtlPorts>
<RtlPorts>
<name>p_read1</name>
<Object>p_read1</Object>
<Type>scalar</Type>
<Scope></Scope>
<IOProtocol>ap_none</IOProtocol>
<IOConfig></IOConfig>
<Dir>in</Dir>
<Bits>16</Bits>
<Attribute>data</Attribute>
</RtlPorts>
<RtlPorts>
<name>p_read2</name>
<Object>p_read2</Object>
<Type>scalar</Type>
<Scope></Scope>
<IOProtocol>ap_none</IOProtocol>
<IOConfig></IOConfig>
<Dir>in</Dir>
<Bits>16</Bits>
<Attribute>data</Attribute>
</RtlPorts>
<RtlPorts>
<name>p_read3</name>
<Object>p_read3</Object>
<Type>scalar</Type>
<Scope></Scope>
<IOProtocol>ap_none</IOProtocol>
<IOConfig></IOConfig>
<Dir>in</Dir>
<Bits>16</Bits>
<Attribute>data</Attribute>
</RtlPorts>
<RtlPorts>
<name>p_read4</name>
<Object>p_read4</Object>
<Type>scalar</Type>
<Scope></Scope>
<IOProtocol>ap_none</IOProtocol>
<IOConfig></IOConfig>
<Dir>in</Dir>
<Bits>16</Bits>
<Attribute>data</Attribute>
</RtlPorts>
<RtlPorts>
<name>p_read5</name>
<Object>p_read5</Object>
<Type>scalar</Type>
<Scope></Scope>
<IOProtocol>ap_none</IOProtocol>
<IOConfig></IOConfig>
<Dir>in</Dir>
<Bits>16</Bits>
<Attribute>data</Attribute>
</RtlPorts>
<RtlPorts>
<name>p_read6</name>
<Object>p_read6</Object>
<Type>scalar</Type>
<Scope></Scope>
<IOProtocol>ap_none</IOProtocol>
<IOConfig></IOConfig>
<Dir>in</Dir>
<Bits>16</Bits>
<Attribute>data</Attribute>
</RtlPorts>
</InterfaceSummary>
</Module>
<Module>
<Name>linear_ap_fixed_16_6_5_3_0_ap_fixed_16_7_4_0_0_linear_config10_s</Name>
<PerformanceEstimates>
<SummaryOfTimingAnalysis>
<TargetClockPeriod>5.00</TargetClockPeriod>
<ClockUncertainty>0.62</ClockUncertainty>
<TargetInitiationInterval>4294967295</TargetInitiationInterval>
<EstimatedClockPeriod>1.944</EstimatedClockPeriod>
</SummaryOfTimingAnalysis>
<SummaryOfOverallLatency>
<Best-caseLatency>0</Best-caseLatency>
<Average-caseLatency>0</Average-caseLatency>
<Worst-caseLatency>0</Worst-caseLatency>
<Best-caseRealTimeLatency>0 ns</Best-caseRealTimeLatency>
<Average-caseRealTimeLatency>0 ns</Average-caseRealTimeLatency>
<Worst-caseRealTimeLatency>0 ns</Worst-caseRealTimeLatency>
<PipelineInitiationInterval>1</PipelineInitiationInterval>
<PipelineDepth>1</PipelineDepth>
<PipelineType>yes</PipelineType>
</SummaryOfOverallLatency>
</PerformanceEstimates>
<AreaEstimates>
<Resources>
<FF>0</FF>
<AVAIL_FF>106400</AVAIL_FF>
<UTIL_FF>0</UTIL_FF>
<LUT>225</LUT>
<AVAIL_LUT>53200</AVAIL_LUT>
<UTIL_LUT>~0</UTIL_LUT>
<BRAM_18K>0</BRAM_18K>
<AVAIL_BRAM>280</AVAIL_BRAM>
<UTIL_BRAM>0</UTIL_BRAM>
<DSP>0</DSP>
<AVAIL_DSP>220</AVAIL_DSP>
<UTIL_DSP>0</UTIL_DSP>
<URAM>0</URAM>
<AVAIL_URAM>0</AVAIL_URAM>
<UTIL_URAM>0</UTIL_URAM>
</Resources>
</AreaEstimates>
<InterfaceSummary>
<RtlPorts>
<name>ap_ready</name>
<Object>linear&lt;ap_fixed&lt;16, 6, 5, 3, 0&gt;, ap_fixed&lt;16, 7, 4, 0, 0&gt;, linear_config10&gt;</Object>
<Type>return value</Type>
<Scope></Scope>
<IOProtocol>ap_ctrl_hs</IOProtocol>
<IOConfig></IOConfig>
<Dir>out</Dir>
<Bits>1</Bits>
<Attribute>control</Attribute>
</RtlPorts>
<RtlPorts>
<name>ap_return_0</name>
<Object>linear&lt;ap_fixed&lt;16, 6, 5, 3, 0&gt;, ap_fixed&lt;16, 7, 4, 0, 0&gt;, linear_config10&gt;</Object>
<Type>return value</Type>
<Scope></Scope>
<IOProtocol>ap_ctrl_hs</IOProtocol>
<IOConfig></IOConfig>
<Dir>out</Dir>
<Bits>16</Bits>
<Attribute>data</Attribute>
</RtlPorts>
<RtlPorts>
<name>ap_return_1</name>
<Object>linear&lt;ap_fixed&lt;16, 6, 5, 3, 0&gt;, ap_fixed&lt;16, 7, 4, 0, 0&gt;, linear_config10&gt;</Object>
<Type>return value</Type>
<Scope></Scope>
<IOProtocol>ap_ctrl_hs</IOProtocol>
<IOConfig></IOConfig>
<Dir>out</Dir>
<Bits>16</Bits>
<Attribute>data</Attribute>
</RtlPorts>
<RtlPorts>
<name>ap_return_2</name>
<Object>linear&lt;ap_fixed&lt;16, 6, 5, 3, 0&gt;, ap_fixed&lt;16, 7, 4, 0, 0&gt;, linear_config10&gt;</Object>
<Type>return value</Type>
<Scope></Scope>
<IOProtocol>ap_ctrl_hs</IOProtocol>
<IOConfig></IOConfig>
<Dir>out</Dir>
<Bits>16</Bits>
<Attribute>data</Attribute>
</RtlPorts>
<RtlPorts>
<name>ap_return_3</name>
<Object>linear&lt;ap_fixed&lt;16, 6, 5, 3, 0&gt;, ap_fixed&lt;16, 7, 4, 0, 0&gt;, linear_config10&gt;</Object>
<Type>return value</Type>
<Scope></Scope>
<IOProtocol>ap_ctrl_hs</IOProtocol>
<IOConfig></IOConfig>
<Dir>out</Dir>
<Bits>16</Bits>
<Attribute>data</Attribute>
</RtlPorts>
<RtlPorts>
<name>ap_return_4</name>
<Object>linear&lt;ap_fixed&lt;16, 6, 5, 3, 0&gt;, ap_fixed&lt;16, 7, 4, 0, 0&gt;, linear_config10&gt;</Object>
<Type>return value</Type>
<Scope></Scope>
<IOProtocol>ap_ctrl_hs</IOProtocol>
<IOConfig></IOConfig>
<Dir>out</Dir>
<Bits>16</Bits>
<Attribute>data</Attribute>
</RtlPorts>
<RtlPorts>
<name>ap_return_5</name>
<Object>linear&lt;ap_fixed&lt;16, 6, 5, 3, 0&gt;, ap_fixed&lt;16, 7, 4, 0, 0&gt;, linear_config10&gt;</Object>
<Type>return value</Type>
<Scope></Scope>
<IOProtocol>ap_ctrl_hs</IOProtocol>
<IOConfig></IOConfig>
<Dir>out</Dir>
<Bits>16</Bits>
<Attribute>data</Attribute>
</RtlPorts>
<RtlPorts>
<name>ap_return_6</name>
<Object>linear&lt;ap_fixed&lt;16, 6, 5, 3, 0&gt;, ap_fixed&lt;16, 7, 4, 0, 0&gt;, linear_config10&gt;</Object>
<Type>return value</Type>
<Scope></Scope>
<IOProtocol>ap_ctrl_hs</IOProtocol>
<IOConfig></IOConfig>
<Dir>out</Dir>
<Bits>16</Bits>
<Attribute>data</Attribute>
</RtlPorts>
<RtlPorts>
<name>ap_return_7</name>
<Object>linear&lt;ap_fixed&lt;16, 6, 5, 3, 0&gt;, ap_fixed&lt;16, 7, 4, 0, 0&gt;, linear_config10&gt;</Object>
<Type>return value</Type>
<Scope></Scope>
<IOProtocol>ap_ctrl_hs</IOProtocol>
<IOConfig></IOConfig>
<Dir>out</Dir>
<Bits>16</Bits>
<Attribute>data</Attribute>
</RtlPorts>
<RtlPorts>
<name>ap_return_8</name>
<Object>linear&lt;ap_fixed&lt;16, 6, 5, 3, 0&gt;, ap_fixed&lt;16, 7, 4, 0, 0&gt;, linear_config10&gt;</Object>
<Type>return value</Type>
<Scope></Scope>
<IOProtocol>ap_ctrl_hs</IOProtocol>
<IOConfig></IOConfig>
<Dir>out</Dir>
<Bits>16</Bits>
<Attribute>data</Attribute>
</RtlPorts>
<RtlPorts>
<name>p_read</name>
<Object>p_read</Object>
<Type>scalar</Type>
<Scope></Scope>
<IOProtocol>ap_none</IOProtocol>
<IOConfig></IOConfig>
<Dir>in</Dir>
<Bits>16</Bits>
<Attribute>data</Attribute>
</RtlPorts>
<RtlPorts>
<name>p_read1</name>
<Object>p_read1</Object>
<Type>scalar</Type>
<Scope></Scope>
<IOProtocol>ap_none</IOProtocol>
<IOConfig></IOConfig>
<Dir>in</Dir>
<Bits>16</Bits>
<Attribute>data</Attribute>
</RtlPorts>
<RtlPorts>
<name>p_read2</name>
<Object>p_read2</Object>
<Type>scalar</Type>
<Scope></Scope>
<IOProtocol>ap_none</IOProtocol>
<IOConfig></IOConfig>
<Dir>in</Dir>
<Bits>16</Bits>
<Attribute>data</Attribute>
</RtlPorts>
<RtlPorts>
<name>p_read3</name>
<Object>p_read3</Object>
<Type>scalar</Type>
<Scope></Scope>
<IOProtocol>ap_none</IOProtocol>
<IOConfig></IOConfig>
<Dir>in</Dir>
<Bits>16</Bits>
<Attribute>data</Attribute>
</RtlPorts>
<RtlPorts>
<name>p_read4</name>
<Object>p_read4</Object>
<Type>scalar</Type>
<Scope></Scope>
<IOProtocol>ap_none</IOProtocol>
<IOConfig></IOConfig>
<Dir>in</Dir>
<Bits>16</Bits>
<Attribute>data</Attribute>
</RtlPorts>
<RtlPorts>
<name>p_read5</name>
<Object>p_read5</Object>
<Type>scalar</Type>
<Scope></Scope>
<IOProtocol>ap_none</IOProtocol>
<IOConfig></IOConfig>
<Dir>in</Dir>
<Bits>16</Bits>
<Attribute>data</Attribute>
</RtlPorts>
<RtlPorts>
<name>p_read6</name>
<Object>p_read6</Object>
<Type>scalar</Type>
<Scope></Scope>
<IOProtocol>ap_none</IOProtocol>
<IOConfig></IOConfig>
<Dir>in</Dir>
<Bits>16</Bits>
<Attribute>data</Attribute>
</RtlPorts>
<RtlPorts>
<name>p_read8</name>
<Object>p_read8</Object>
<Type>scalar</Type>
<Scope></Scope>
<IOProtocol>ap_none</IOProtocol>
<IOConfig></IOConfig>
<Dir>in</Dir>
<Bits>16</Bits>
<Attribute>data</Attribute>
</RtlPorts>
<RtlPorts>
<name>p_read9</name>
<Object>p_read9</Object>
<Type>scalar</Type>
<Scope></Scope>
<IOProtocol>ap_none</IOProtocol>
<IOConfig></IOConfig>
<Dir>in</Dir>
<Bits>16</Bits>
<Attribute>data</Attribute>
</RtlPorts>
</InterfaceSummary>
</Module>
<Module>
<Name>dense_latency_ap_fixed_16_7_4_0_0_ap_fixed_16_6_5_3_0_config11_s</Name>
<PerformanceEstimates>
<SummaryOfTimingAnalysis>
<TargetClockPeriod>5.00</TargetClockPeriod>
<ClockUncertainty>0.62</ClockUncertainty>
<TargetInitiationInterval>1</TargetInitiationInterval>
<EstimatedClockPeriod>4.022</EstimatedClockPeriod>
</SummaryOfTimingAnalysis>
<SummaryOfOverallLatency>
<Best-caseLatency>3</Best-caseLatency>
<Average-caseLatency>3</Average-caseLatency>
<Worst-caseLatency>3</Worst-caseLatency>
<Best-caseRealTimeLatency>15.000 ns</Best-caseRealTimeLatency>
<Average-caseRealTimeLatency>15.000 ns</Average-caseRealTimeLatency>
<Worst-caseRealTimeLatency>15.000 ns</Worst-caseRealTimeLatency>
<PipelineInitiationInterval>1</PipelineInitiationInterval>
<PipelineDepth>4</PipelineDepth>
<PipelineType>yes</PipelineType>
</SummaryOfOverallLatency>
</PerformanceEstimates>
<AreaEstimates>
<Resources>
<FF>444</FF>
<AVAIL_FF>106400</AVAIL_FF>
<UTIL_FF>~0</UTIL_FF>
<LUT>520</LUT>
<AVAIL_LUT>53200</AVAIL_LUT>
<UTIL_LUT>~0</UTIL_LUT>
<BRAM_18K>0</BRAM_18K>
<AVAIL_BRAM>280</AVAIL_BRAM>
<UTIL_BRAM>0</UTIL_BRAM>
<DSP>0</DSP>
<AVAIL_DSP>220</AVAIL_DSP>
<UTIL_DSP>0</UTIL_DSP>
<URAM>0</URAM>
<AVAIL_URAM>0</AVAIL_URAM>
<UTIL_URAM>0</UTIL_URAM>
</Resources>
</AreaEstimates>
<InterfaceSummary>
<RtlPorts>
<name>ap_clk</name>
<Object>dense_latency&lt;ap_fixed&lt;16, 7, 4, 0, 0&gt;, ap_fixed&lt;16, 6, 5, 3, 0&gt;, config11&gt;</Object>
<Type>return value</Type>
<Scope></Scope>
<IOProtocol>ap_ctrl_hs</IOProtocol>
<IOConfig></IOConfig>
<Dir>in</Dir>
<Bits>1</Bits>
<Attribute>control</Attribute>
</RtlPorts>
<RtlPorts>
<name>ap_rst</name>
<Object>dense_latency&lt;ap_fixed&lt;16, 7, 4, 0, 0&gt;, ap_fixed&lt;16, 6, 5, 3, 0&gt;, config11&gt;</Object>
<Type>return value</Type>
<Scope></Scope>
<IOProtocol>ap_ctrl_hs</IOProtocol>
<IOConfig></IOConfig>
<Dir>in</Dir>
<Bits>1</Bits>
<Attribute>control</Attribute>
</RtlPorts>
<RtlPorts>
<name>ap_return_0</name>
<Object>dense_latency&lt;ap_fixed&lt;16, 7, 4, 0, 0&gt;, ap_fixed&lt;16, 6, 5, 3, 0&gt;, config11&gt;</Object>
<Type>return value</Type>
<Scope></Scope>
<IOProtocol>ap_ctrl_hs</IOProtocol>
<IOConfig></IOConfig>
<Dir>out</Dir>
<Bits>16</Bits>
<Attribute>data</Attribute>
</RtlPorts>
<RtlPorts>
<name>ap_return_1</name>
<Object>dense_latency&lt;ap_fixed&lt;16, 7, 4, 0, 0&gt;, ap_fixed&lt;16, 6, 5, 3, 0&gt;, config11&gt;</Object>
<Type>return value</Type>
<Scope></Scope>
<IOProtocol>ap_ctrl_hs</IOProtocol>
<IOConfig></IOConfig>
<Dir>out</Dir>
<Bits>16</Bits>
<Attribute>data</Attribute>
</RtlPorts>
<RtlPorts>
<name>ap_ce</name>
<Object>dense_latency&lt;ap_fixed&lt;16, 7, 4, 0, 0&gt;, ap_fixed&lt;16, 6, 5, 3, 0&gt;, config11&gt;</Object>
<Type>return value</Type>
<Scope></Scope>
<IOProtocol>ap_ctrl_hs</IOProtocol>
<IOConfig></IOConfig>
<Dir>in</Dir>
<Bits>1</Bits>
<Attribute>control</Attribute>
</RtlPorts>
<RtlPorts>
<name>p_read</name>
<Object>p_read</Object>
<Type>scalar</Type>
<Scope></Scope>
<IOProtocol>ap_none</IOProtocol>
<IOConfig></IOConfig>
<Dir>in</Dir>
<Bits>16</Bits>
<Attribute>data</Attribute>
</RtlPorts>
<RtlPorts>
<name>p_read1</name>
<Object>p_read1</Object>
<Type>scalar</Type>
<Scope></Scope>
<IOProtocol>ap_none</IOProtocol>
<IOConfig></IOConfig>
<Dir>in</Dir>
<Bits>15</Bits>
<Attribute>data</Attribute>
</RtlPorts>
<RtlPorts>
<name>p_read2</name>
<Object>p_read2</Object>
<Type>scalar</Type>
<Scope></Scope>
<IOProtocol>ap_none</IOProtocol>
<IOConfig></IOConfig>
<Dir>in</Dir>
<Bits>16</Bits>
<Attribute>data</Attribute>
</RtlPorts>
<RtlPorts>
<name>p_read3</name>
<Object>p_read3</Object>
<Type>scalar</Type>
<Scope></Scope>
<IOProtocol>ap_none</IOProtocol>
<IOConfig></IOConfig>
<Dir>in</Dir>
<Bits>16</Bits>
<Attribute>data</Attribute>
</RtlPorts>
<RtlPorts>
<name>p_read4</name>
<Object>p_read4</Object>
<Type>scalar</Type>
<Scope></Scope>
<IOProtocol>ap_none</IOProtocol>
<IOConfig></IOConfig>
<Dir>in</Dir>
<Bits>16</Bits>
<Attribute>data</Attribute>
</RtlPorts>
<RtlPorts>
<name>p_read5</name>
<Object>p_read5</Object>
<Type>scalar</Type>
<Scope></Scope>
<IOProtocol>ap_none</IOProtocol>
<IOConfig></IOConfig>
<Dir>in</Dir>
<Bits>16</Bits>
<Attribute>data</Attribute>
</RtlPorts>
<RtlPorts>
<name>p_read6</name>
<Object>p_read6</Object>
<Type>scalar</Type>
<Scope></Scope>
<IOProtocol>ap_none</IOProtocol>
<IOConfig></IOConfig>
<Dir>in</Dir>
<Bits>16</Bits>
<Attribute>data</Attribute>
</RtlPorts>
<RtlPorts>
<name>p_read7</name>
<Object>p_read7</Object>
<Type>scalar</Type>
<Scope></Scope>
<IOProtocol>ap_none</IOProtocol>
<IOConfig></IOConfig>
<Dir>in</Dir>
<Bits>16</Bits>
<Attribute>data</Attribute>
</RtlPorts>
<RtlPorts>
<name>p_read8</name>
<Object>p_read8</Object>
<Type>scalar</Type>
<Scope></Scope>
<IOProtocol>ap_none</IOProtocol>
<IOConfig></IOConfig>
<Dir>in</Dir>
<Bits>16</Bits>
<Attribute>data</Attribute>
</RtlPorts>
</InterfaceSummary>
</Module>
<Module>
<Name>sigmoid_ap_fixed_16_6_5_3_0_ap_fixed_16_6_5_3_0_sigmoid_config13_s</Name>
<PerformanceEstimates>
<SummaryOfTimingAnalysis>
<TargetClockPeriod>5.00</TargetClockPeriod>
<ClockUncertainty>0.62</ClockUncertainty>
<TargetInitiationInterval>4294967295</TargetInitiationInterval>
<EstimatedClockPeriod>4.022</EstimatedClockPeriod>
</SummaryOfTimingAnalysis>
<SummaryOfOverallLatency>
<Best-caseLatency>3</Best-caseLatency>
<Average-caseLatency>3</Average-caseLatency>
<Worst-caseLatency>3</Worst-caseLatency>
<Best-caseRealTimeLatency>15.000 ns</Best-caseRealTimeLatency>
<Average-caseRealTimeLatency>15.000 ns</Average-caseRealTimeLatency>
<Worst-caseRealTimeLatency>15.000 ns</Worst-caseRealTimeLatency>
<PipelineInitiationInterval>1</PipelineInitiationInterval>
<PipelineDepth>4</PipelineDepth>
<PipelineType>yes</PipelineType>
</SummaryOfOverallLatency>
</PerformanceEstimates>
<AreaEstimates>
<Resources>
<BRAM_18K>1</BRAM_18K>
<AVAIL_BRAM>280</AVAIL_BRAM>
<UTIL_BRAM>~0</UTIL_BRAM>
<FF>74</FF>
<AVAIL_FF>106400</AVAIL_FF>
<UTIL_FF>~0</UTIL_FF>
<LUT>248</LUT>
<AVAIL_LUT>53200</AVAIL_LUT>
<UTIL_LUT>~0</UTIL_LUT>
<DSP>0</DSP>
<AVAIL_DSP>220</AVAIL_DSP>
<UTIL_DSP>0</UTIL_DSP>
<URAM>0</URAM>
<AVAIL_URAM>0</AVAIL_URAM>
<UTIL_URAM>0</UTIL_URAM>
</Resources>
</AreaEstimates>
<InterfaceSummary>
<RtlPorts>
<name>ap_clk</name>
<Object>sigmoid&lt;ap_fixed&lt;16, 6, 5, 3, 0&gt;, ap_fixed&lt;16, 6, 5, 3, 0&gt;, sigmoid_config13&gt;</Object>
<Type>return value</Type>
<Scope></Scope>
<IOProtocol>ap_ctrl_hs</IOProtocol>
<IOConfig></IOConfig>
<Dir>in</Dir>
<Bits>1</Bits>
<Attribute>control</Attribute>
</RtlPorts>
<RtlPorts>
<name>ap_rst</name>
<Object>sigmoid&lt;ap_fixed&lt;16, 6, 5, 3, 0&gt;, ap_fixed&lt;16, 6, 5, 3, 0&gt;, sigmoid_config13&gt;</Object>
<Type>return value</Type>
<Scope></Scope>
<IOProtocol>ap_ctrl_hs</IOProtocol>
<IOConfig></IOConfig>
<Dir>in</Dir>
<Bits>1</Bits>
<Attribute>control</Attribute>
</RtlPorts>
<RtlPorts>
<name>ap_start</name>
<Object>sigmoid&lt;ap_fixed&lt;16, 6, 5, 3, 0&gt;, ap_fixed&lt;16, 6, 5, 3, 0&gt;, sigmoid_config13&gt;</Object>
<Type>return value</Type>
<Scope></Scope>
<IOProtocol>ap_ctrl_hs</IOProtocol>
<IOConfig></IOConfig>
<Dir>in</Dir>
<Bits>1</Bits>
<Attribute>control</Attribute>
</RtlPorts>
<RtlPorts>
<name>ap_done</name>
<Object>sigmoid&lt;ap_fixed&lt;16, 6, 5, 3, 0&gt;, ap_fixed&lt;16, 6, 5, 3, 0&gt;, sigmoid_config13&gt;</Object>
<Type>return value</Type>
<Scope></Scope>
<IOProtocol>ap_ctrl_hs</IOProtocol>
<IOConfig></IOConfig>
<Dir>out</Dir>
<Bits>1</Bits>
<Attribute>control</Attribute>
</RtlPorts>
<RtlPorts>
<name>ap_idle</name>
<Object>sigmoid&lt;ap_fixed&lt;16, 6, 5, 3, 0&gt;, ap_fixed&lt;16, 6, 5, 3, 0&gt;, sigmoid_config13&gt;</Object>
<Type>return value</Type>
<Scope></Scope>
<IOProtocol>ap_ctrl_hs</IOProtocol>
<IOConfig></IOConfig>
<Dir>out</Dir>
<Bits>1</Bits>
<Attribute>control</Attribute>
</RtlPorts>
<RtlPorts>
<name>ap_ready</name>
<Object>sigmoid&lt;ap_fixed&lt;16, 6, 5, 3, 0&gt;, ap_fixed&lt;16, 6, 5, 3, 0&gt;, sigmoid_config13&gt;</Object>
<Type>return value</Type>
<Scope></Scope>
<IOProtocol>ap_ctrl_hs</IOProtocol>
<IOConfig></IOConfig>
<Dir>out</Dir>
<Bits>1</Bits>
<Attribute>control</Attribute>
</RtlPorts>
<RtlPorts>
<name>ap_ce</name>
<Object>sigmoid&lt;ap_fixed&lt;16, 6, 5, 3, 0&gt;, ap_fixed&lt;16, 6, 5, 3, 0&gt;, sigmoid_config13&gt;</Object>
<Type>return value</Type>
<Scope></Scope>
<IOProtocol>ap_ctrl_hs</IOProtocol>
<IOConfig></IOConfig>
<Dir>in</Dir>
<Bits>1</Bits>
<Attribute>control</Attribute>
</RtlPorts>
<RtlPorts>
<name>ap_return_0</name>
<Object>sigmoid&lt;ap_fixed&lt;16, 6, 5, 3, 0&gt;, ap_fixed&lt;16, 6, 5, 3, 0&gt;, sigmoid_config13&gt;</Object>
<Type>return value</Type>
<Scope></Scope>
<IOProtocol>ap_ctrl_hs</IOProtocol>
<IOConfig></IOConfig>
<Dir>out</Dir>
<Bits>16</Bits>
<Attribute>data</Attribute>
</RtlPorts>
<RtlPorts>
<name>ap_return_1</name>
<Object>sigmoid&lt;ap_fixed&lt;16, 6, 5, 3, 0&gt;, ap_fixed&lt;16, 6, 5, 3, 0&gt;, sigmoid_config13&gt;</Object>
<Type>return value</Type>
<Scope></Scope>
<IOProtocol>ap_ctrl_hs</IOProtocol>
<IOConfig></IOConfig>
<Dir>out</Dir>
<Bits>16</Bits>
<Attribute>data</Attribute>
</RtlPorts>
<RtlPorts>
<name>p_read</name>
<Object>p_read</Object>
<Type>scalar</Type>
<Scope></Scope>
<IOProtocol>ap_none</IOProtocol>
<IOConfig></IOConfig>
<Dir>in</Dir>
<Bits>16</Bits>
<Attribute>data</Attribute>
</RtlPorts>
<RtlPorts>
<name>p_read1</name>
<Object>p_read1</Object>
<Type>scalar</Type>
<Scope></Scope>
<IOProtocol>ap_none</IOProtocol>
<IOConfig></IOConfig>
<Dir>in</Dir>
<Bits>16</Bits>
<Attribute>data</Attribute>
</RtlPorts>
</InterfaceSummary>
</Module>
<Module>
<Name>myproject</Name>
<PerformanceEstimates>
<SummaryOfTimingAnalysis>
<TargetClockPeriod>5.00</TargetClockPeriod>
<ClockUncertainty>0.62</ClockUncertainty>
<TargetInitiationInterval>4294967295</TargetInitiationInterval>
<EstimatedClockPeriod>4.213</EstimatedClockPeriod>
</SummaryOfTimingAnalysis>
<SummaryOfOverallLatency>
<Best-caseLatency>30</Best-caseLatency>
<Average-caseLatency>30</Average-caseLatency>
<Worst-caseLatency>30</Worst-caseLatency>
<Best-caseRealTimeLatency>0.150 us</Best-caseRealTimeLatency>
<Average-caseRealTimeLatency>0.150 us</Average-caseRealTimeLatency>
<Worst-caseRealTimeLatency>0.150 us</Worst-caseRealTimeLatency>
<PipelineInitiationInterval>1</PipelineInitiationInterval>
<PipelineDepth>31</PipelineDepth>
<PipelineType>yes</PipelineType>
</SummaryOfOverallLatency>
</PerformanceEstimates>
<AreaEstimates>
<Resources>
<BRAM_18K>1</BRAM_18K>
<AVAIL_BRAM>280</AVAIL_BRAM>
<UTIL_BRAM>~0</UTIL_BRAM>
<DSP>4</DSP>
<AVAIL_DSP>220</AVAIL_DSP>
<UTIL_DSP>1</UTIL_DSP>
<FF>45137</FF>
<AVAIL_FF>106400</AVAIL_FF>
<UTIL_FF>42</UTIL_FF>
<LUT>37259</LUT>
<AVAIL_LUT>53200</AVAIL_LUT>
<UTIL_LUT>70</UTIL_LUT>
<URAM>0</URAM>
<AVAIL_URAM>0</AVAIL_URAM>
<UTIL_URAM>0</UTIL_URAM>
</Resources>
</AreaEstimates>
<InterfaceSummary>
<RtlPorts>
<name>ap_clk</name>
<Object>myproject</Object>
<Type>return value</Type>
<Scope></Scope>
<IOProtocol>ap_ctrl_hs</IOProtocol>
<IOConfig></IOConfig>
<Dir>in</Dir>
<Bits>1</Bits>
<Attribute>control</Attribute>
</RtlPorts>
<RtlPorts>
<name>ap_rst</name>
<Object>myproject</Object>
<Type>return value</Type>
<Scope></Scope>
<IOProtocol>ap_ctrl_hs</IOProtocol>
<IOConfig></IOConfig>
<Dir>in</Dir>
<Bits>1</Bits>
<Attribute>control</Attribute>
</RtlPorts>
<RtlPorts>
<name>ap_start</name>
<Object>myproject</Object>
<Type>return value</Type>
<Scope></Scope>
<IOProtocol>ap_ctrl_hs</IOProtocol>
<IOConfig></IOConfig>
<Dir>in</Dir>
<Bits>1</Bits>
<Attribute>control</Attribute>
</RtlPorts>
<RtlPorts>
<name>ap_done</name>
<Object>myproject</Object>
<Type>return value</Type>
<Scope></Scope>
<IOProtocol>ap_ctrl_hs</IOProtocol>
<IOConfig></IOConfig>
<Dir>out</Dir>
<Bits>1</Bits>
<Attribute>control</Attribute>
</RtlPorts>
<RtlPorts>
<name>ap_idle</name>
<Object>myproject</Object>
<Type>return value</Type>
<Scope></Scope>
<IOProtocol>ap_ctrl_hs</IOProtocol>
<IOConfig></IOConfig>
<Dir>out</Dir>
<Bits>1</Bits>
<Attribute>control</Attribute>
</RtlPorts>
<RtlPorts>
<name>ap_ready</name>
<Object>myproject</Object>
<Type>return value</Type>
<Scope></Scope>
<IOProtocol>ap_ctrl_hs</IOProtocol>
<IOConfig></IOConfig>
<Dir>out</Dir>
<Bits>1</Bits>
<Attribute>control</Attribute>
</RtlPorts>
<RtlPorts>
<name>fc1_input_input_ap_vld</name>
<Object>fc1_input_input</Object>
<Type>pointer</Type>
<Scope></Scope>
<IOProtocol>ap_vld</IOProtocol>
<IOConfig></IOConfig>
<Dir>in</Dir>
<Bits>1</Bits>
<Attribute>control</Attribute>
<CType>int</CType>
</RtlPorts>
<RtlPorts>
<name>fc1_input_input</name>
<Object>fc1_input_input</Object>
<Type>pointer</Type>
<Scope></Scope>
<IOProtocol>ap_vld</IOProtocol>
<IOConfig></IOConfig>
<Dir>in</Dir>
<Bits>12544</Bits>
<Attribute>data</Attribute>
<CType>int</CType>
</RtlPorts>
<RtlPorts>
<name>layer13_out_0</name>
<Object>layer13_out_0</Object>
<Type>pointer</Type>
<Scope></Scope>
<IOProtocol>ap_vld</IOProtocol>
<IOConfig></IOConfig>
<Dir>out</Dir>
<Bits>16</Bits>
<Attribute>data</Attribute>
<CType>int</CType>
</RtlPorts>
<RtlPorts>
<name>layer13_out_0_ap_vld</name>
<Object>layer13_out_0</Object>
<Type>pointer</Type>
<Scope></Scope>
<IOProtocol>ap_vld</IOProtocol>
<IOConfig></IOConfig>
<Dir>out</Dir>
<Bits>1</Bits>
<Attribute>control</Attribute>
<CType>int</CType>
</RtlPorts>
<RtlPorts>
<name>layer13_out_1</name>
<Object>layer13_out_1</Object>
<Type>pointer</Type>
<Scope></Scope>
<IOProtocol>ap_vld</IOProtocol>
<IOConfig></IOConfig>
<Dir>out</Dir>
<Bits>16</Bits>
<Attribute>data</Attribute>
<CType>int</CType>
</RtlPorts>
<RtlPorts>
<name>layer13_out_1_ap_vld</name>
<Object>layer13_out_1</Object>
<Type>pointer</Type>
<Scope></Scope>
<IOProtocol>ap_vld</IOProtocol>
<IOConfig></IOConfig>
<Dir>out</Dir>
<Bits>1</Bits>
<Attribute>control</Attribute>
<CType>int</CType>
</RtlPorts>
</InterfaceSummary>
</Module>
</ModuleInformation>

<FIFOInformation>
</FIFOInformation>

</profile>
