<stg><name>myproject</name>


<trans_list>

<trans id="153" from="1" to="2">
<condition id="-1">
<or_exp><and_exp></and_exp></or_exp>
</condition>
</trans>

<trans id="154" from="2" to="3">
<condition id="-1">
<or_exp><and_exp></and_exp></or_exp>
</condition>
</trans>

<trans id="155" from="3" to="4">
<condition id="-1">
<or_exp><and_exp></and_exp></or_exp>
</condition>
</trans>

<trans id="156" from="4" to="5">
<condition id="-1">
<or_exp><and_exp></and_exp></or_exp>
</condition>
</trans>

<trans id="157" from="5" to="6">
<condition id="-1">
<or_exp><and_exp></and_exp></or_exp>
</condition>
</trans>

<trans id="158" from="6" to="7">
<condition id="-1">
<or_exp><and_exp></and_exp></or_exp>
</condition>
</trans>

<trans id="159" from="7" to="8">
<condition id="-1">
<or_exp><and_exp></and_exp></or_exp>
</condition>
</trans>

<trans id="160" from="8" to="9">
<condition id="-1">
<or_exp><and_exp></and_exp></or_exp>
</condition>
</trans>

<trans id="161" from="9" to="10">
<condition id="-1">
<or_exp><and_exp></and_exp></or_exp>
</condition>
</trans>

<trans id="162" from="10" to="11">
<condition id="-1">
<or_exp><and_exp></and_exp></or_exp>
</condition>
</trans>

<trans id="163" from="11" to="12">
<condition id="-1">
<or_exp><and_exp></and_exp></or_exp>
</condition>
</trans>

<trans id="164" from="12" to="13">
<condition id="-1">
<or_exp><and_exp></and_exp></or_exp>
</condition>
</trans>

<trans id="165" from="13" to="14">
<condition id="-1">
<or_exp><and_exp></and_exp></or_exp>
</condition>
</trans>

<trans id="166" from="14" to="15">
<condition id="-1">
<or_exp><and_exp></and_exp></or_exp>
</condition>
</trans>

<trans id="167" from="15" to="16">
<condition id="-1">
<or_exp><and_exp></and_exp></or_exp>
</condition>
</trans>

<trans id="168" from="16" to="17">
<condition id="-1">
<or_exp><and_exp></and_exp></or_exp>
</condition>
</trans>

<trans id="169" from="17" to="18">
<condition id="-1">
<or_exp><and_exp></and_exp></or_exp>
</condition>
</trans>

<trans id="170" from="18" to="19">
<condition id="-1">
<or_exp><and_exp></and_exp></or_exp>
</condition>
</trans>

<trans id="171" from="19" to="20">
<condition id="-1">
<or_exp><and_exp></and_exp></or_exp>
</condition>
</trans>

<trans id="172" from="20" to="21">
<condition id="-1">
<or_exp><and_exp></and_exp></or_exp>
</condition>
</trans>

<trans id="173" from="21" to="22">
<condition id="-1">
<or_exp><and_exp></and_exp></or_exp>
</condition>
</trans>

<trans id="174" from="22" to="23">
<condition id="-1">
<or_exp><and_exp></and_exp></or_exp>
</condition>
</trans>

<trans id="175" from="23" to="24">
<condition id="-1">
<or_exp><and_exp></and_exp></or_exp>
</condition>
</trans>

<trans id="176" from="24" to="25">
<condition id="-1">
<or_exp><and_exp></and_exp></or_exp>
</condition>
</trans>

<trans id="177" from="25" to="26">
<condition id="-1">
<or_exp><and_exp></and_exp></or_exp>
</condition>
</trans>

<trans id="178" from="26" to="27">
<condition id="-1">
<or_exp><and_exp></and_exp></or_exp>
</condition>
</trans>

<trans id="179" from="27" to="28">
<condition id="-1">
<or_exp><and_exp></and_exp></or_exp>
</condition>
</trans>

<trans id="180" from="28" to="29">
<condition id="-1">
<or_exp><and_exp></and_exp></or_exp>
</condition>
</trans>

<trans id="181" from="29" to="30">
<condition id="-1">
<or_exp><and_exp></and_exp></or_exp>
</condition>
</trans>

<trans id="182" from="30" to="31">
<condition id="-1">
<or_exp><and_exp></and_exp></or_exp>
</condition>
</trans>
</trans_list>



<state_list>

<state id="1" st_id="1">

<operation id="32" st_id="1" stage="1" lat="1">
<core>NULL</core>
<MemPortIdVec></MemPortIdVec>
<condition id="-1">
<or_exp><and_exp></and_exp></or_exp>
</condition>

<Node id="13" bw="12544" op_0_bw="12544" op_1_bw="12544">
<![CDATA[
entry:8 %fc1_input_input_read = read i12544 @_ssdm_op_Read.ap_vld.i12544P0A, i12544 %fc1_input_input

]]></Node>
<StgValue><ssdm name="fc1_input_input_read"/></StgValue>
</operation>

<operation id="33" st_id="1" stage="9" lat="9">
<core></core>
<MemPortIdVec></MemPortIdVec>
<condition id="-1">
<or_exp><and_exp></and_exp></or_exp>
</condition>

<Node id="14" bw="80" op_0_bw="80" op_1_bw="12544">
<![CDATA[
entry:9 %call_ret1 = call i80 @dense_latency<ap_fixed<16, 6, 5, 3, 0>, ap_fixed<16, 6, 5, 3, 0>, config2>, i12544 %fc1_input_input_read

]]></Node>
<StgValue><ssdm name="call_ret1"/></StgValue>
</operation>
</state>

<state id="2" st_id="2">

<operation id="34" st_id="2" stage="8" lat="9">
<core></core>
<MemPortIdVec></MemPortIdVec>
<condition id="-1">
<or_exp><and_exp></and_exp></or_exp>
</condition>

<Node id="14" bw="80" op_0_bw="80" op_1_bw="12544">
<![CDATA[
entry:9 %call_ret1 = call i80 @dense_latency<ap_fixed<16, 6, 5, 3, 0>, ap_fixed<16, 6, 5, 3, 0>, config2>, i12544 %fc1_input_input_read

]]></Node>
<StgValue><ssdm name="call_ret1"/></StgValue>
</operation>
</state>

<state id="3" st_id="3">

<operation id="35" st_id="3" stage="7" lat="9">
<core></core>
<MemPortIdVec></MemPortIdVec>
<condition id="-1">
<or_exp><and_exp></and_exp></or_exp>
</condition>

<Node id="14" bw="80" op_0_bw="80" op_1_bw="12544">
<![CDATA[
entry:9 %call_ret1 = call i80 @dense_latency<ap_fixed<16, 6, 5, 3, 0>, ap_fixed<16, 6, 5, 3, 0>, config2>, i12544 %fc1_input_input_read

]]></Node>
<StgValue><ssdm name="call_ret1"/></StgValue>
</operation>
</state>

<state id="4" st_id="4">

<operation id="36" st_id="4" stage="6" lat="9">
<core></core>
<MemPortIdVec></MemPortIdVec>
<condition id="-1">
<or_exp><and_exp></and_exp></or_exp>
</condition>

<Node id="14" bw="80" op_0_bw="80" op_1_bw="12544">
<![CDATA[
entry:9 %call_ret1 = call i80 @dense_latency<ap_fixed<16, 6, 5, 3, 0>, ap_fixed<16, 6, 5, 3, 0>, config2>, i12544 %fc1_input_input_read

]]></Node>
<StgValue><ssdm name="call_ret1"/></StgValue>
</operation>
</state>

<state id="5" st_id="5">

<operation id="37" st_id="5" stage="5" lat="9">
<core></core>
<MemPortIdVec></MemPortIdVec>
<condition id="-1">
<or_exp><and_exp></and_exp></or_exp>
</condition>

<Node id="14" bw="80" op_0_bw="80" op_1_bw="12544">
<![CDATA[
entry:9 %call_ret1 = call i80 @dense_latency<ap_fixed<16, 6, 5, 3, 0>, ap_fixed<16, 6, 5, 3, 0>, config2>, i12544 %fc1_input_input_read

]]></Node>
<StgValue><ssdm name="call_ret1"/></StgValue>
</operation>
</state>

<state id="6" st_id="6">

<operation id="38" st_id="6" stage="4" lat="9">
<core></core>
<MemPortIdVec></MemPortIdVec>
<condition id="-1">
<or_exp><and_exp></and_exp></or_exp>
</condition>

<Node id="14" bw="80" op_0_bw="80" op_1_bw="12544">
<![CDATA[
entry:9 %call_ret1 = call i80 @dense_latency<ap_fixed<16, 6, 5, 3, 0>, ap_fixed<16, 6, 5, 3, 0>, config2>, i12544 %fc1_input_input_read

]]></Node>
<StgValue><ssdm name="call_ret1"/></StgValue>
</operation>
</state>

<state id="7" st_id="7">

<operation id="39" st_id="7" stage="3" lat="9">
<core></core>
<MemPortIdVec></MemPortIdVec>
<condition id="-1">
<or_exp><and_exp></and_exp></or_exp>
</condition>

<Node id="14" bw="80" op_0_bw="80" op_1_bw="12544">
<![CDATA[
entry:9 %call_ret1 = call i80 @dense_latency<ap_fixed<16, 6, 5, 3, 0>, ap_fixed<16, 6, 5, 3, 0>, config2>, i12544 %fc1_input_input_read

]]></Node>
<StgValue><ssdm name="call_ret1"/></StgValue>
</operation>
</state>

<state id="8" st_id="8">

<operation id="40" st_id="8" stage="2" lat="9">
<core></core>
<MemPortIdVec></MemPortIdVec>
<condition id="-1">
<or_exp><and_exp></and_exp></or_exp>
</condition>

<Node id="14" bw="80" op_0_bw="80" op_1_bw="12544">
<![CDATA[
entry:9 %call_ret1 = call i80 @dense_latency<ap_fixed<16, 6, 5, 3, 0>, ap_fixed<16, 6, 5, 3, 0>, config2>, i12544 %fc1_input_input_read

]]></Node>
<StgValue><ssdm name="call_ret1"/></StgValue>
</operation>
</state>

<state id="9" st_id="9">

<operation id="41" st_id="9" stage="1" lat="9">
<core></core>
<MemPortIdVec></MemPortIdVec>
<condition id="-1">
<or_exp><and_exp></and_exp></or_exp>
</condition>

<Node id="14" bw="80" op_0_bw="80" op_1_bw="12544">
<![CDATA[
entry:9 %call_ret1 = call i80 @dense_latency<ap_fixed<16, 6, 5, 3, 0>, ap_fixed<16, 6, 5, 3, 0>, config2>, i12544 %fc1_input_input_read

]]></Node>
<StgValue><ssdm name="call_ret1"/></StgValue>
</operation>

<operation id="42" st_id="9" stage="1" lat="1">
<core>NULL</core>
<MemPortIdVec></MemPortIdVec>
<condition id="-1">
<or_exp><and_exp></and_exp></or_exp>
</condition>

<Node id="15" bw="16" op_0_bw="80">
<![CDATA[
entry:10 %layer2_out_V = extractvalue i80 %call_ret1

]]></Node>
<StgValue><ssdm name="layer2_out_V"/></StgValue>
</operation>

<operation id="43" st_id="9" stage="1" lat="1">
<core>NULL</core>
<MemPortIdVec></MemPortIdVec>
<condition id="-1">
<or_exp><and_exp></and_exp></or_exp>
</condition>

<Node id="16" bw="16" op_0_bw="80">
<![CDATA[
entry:11 %layer2_out_V_1 = extractvalue i80 %call_ret1

]]></Node>
<StgValue><ssdm name="layer2_out_V_1"/></StgValue>
</operation>

<operation id="44" st_id="9" stage="1" lat="1">
<core>NULL</core>
<MemPortIdVec></MemPortIdVec>
<condition id="-1">
<or_exp><and_exp></and_exp></or_exp>
</condition>

<Node id="17" bw="16" op_0_bw="80">
<![CDATA[
entry:12 %layer2_out_V_2 = extractvalue i80 %call_ret1

]]></Node>
<StgValue><ssdm name="layer2_out_V_2"/></StgValue>
</operation>

<operation id="45" st_id="9" stage="1" lat="1">
<core>NULL</core>
<MemPortIdVec></MemPortIdVec>
<condition id="-1">
<or_exp><and_exp></and_exp></or_exp>
</condition>

<Node id="18" bw="16" op_0_bw="80">
<![CDATA[
entry:13 %layer2_out_V_3 = extractvalue i80 %call_ret1

]]></Node>
<StgValue><ssdm name="layer2_out_V_3"/></StgValue>
</operation>

<operation id="46" st_id="9" stage="1" lat="1">
<core>NULL</core>
<MemPortIdVec></MemPortIdVec>
<condition id="-1">
<or_exp><and_exp></and_exp></or_exp>
</condition>

<Node id="19" bw="16" op_0_bw="80">
<![CDATA[
entry:14 %layer2_out_V_4 = extractvalue i80 %call_ret1

]]></Node>
<StgValue><ssdm name="layer2_out_V_4"/></StgValue>
</operation>
</state>

<state id="10" st_id="10">

<operation id="47" st_id="10" stage="1" lat="1">
<core></core>
<MemPortIdVec></MemPortIdVec>
<condition id="-1">
<or_exp><and_exp></and_exp></or_exp>
</condition>

<Node id="20" bw="80" op_0_bw="80" op_1_bw="16" op_2_bw="16" op_3_bw="16" op_4_bw="16" op_5_bw="16">
<![CDATA[
entry:15 %call_ret2 = call i80 @linear<ap_fixed<16, 6, 5, 3, 0>, ap_fixed<16, 7, 4, 0, 0>, linear_config4>, i16 %layer2_out_V, i16 %layer2_out_V_1, i16 %layer2_out_V_2, i16 %layer2_out_V_3, i16 %layer2_out_V_4

]]></Node>
<StgValue><ssdm name="call_ret2"/></StgValue>
</operation>

<operation id="48" st_id="10" stage="1" lat="1">
<core>NULL</core>
<MemPortIdVec></MemPortIdVec>
<condition id="-1">
<or_exp><and_exp></and_exp></or_exp>
</condition>

<Node id="21" bw="16" op_0_bw="80">
<![CDATA[
entry:16 %layer4_out_V = extractvalue i80 %call_ret2

]]></Node>
<StgValue><ssdm name="layer4_out_V"/></StgValue>
</operation>

<operation id="49" st_id="10" stage="1" lat="1">
<core>NULL</core>
<MemPortIdVec></MemPortIdVec>
<condition id="-1">
<or_exp><and_exp></and_exp></or_exp>
</condition>

<Node id="22" bw="16" op_0_bw="80">
<![CDATA[
entry:17 %layer4_out_V_1 = extractvalue i80 %call_ret2

]]></Node>
<StgValue><ssdm name="layer4_out_V_1"/></StgValue>
</operation>

<operation id="50" st_id="10" stage="1" lat="1">
<core>NULL</core>
<MemPortIdVec></MemPortIdVec>
<condition id="-1">
<or_exp><and_exp></and_exp></or_exp>
</condition>

<Node id="23" bw="16" op_0_bw="80">
<![CDATA[
entry:18 %layer4_out_V_2 = extractvalue i80 %call_ret2

]]></Node>
<StgValue><ssdm name="layer4_out_V_2"/></StgValue>
</operation>

<operation id="51" st_id="10" stage="1" lat="1">
<core>NULL</core>
<MemPortIdVec></MemPortIdVec>
<condition id="-1">
<or_exp><and_exp></and_exp></or_exp>
</condition>

<Node id="24" bw="16" op_0_bw="80">
<![CDATA[
entry:19 %layer4_out_V_3 = extractvalue i80 %call_ret2

]]></Node>
<StgValue><ssdm name="layer4_out_V_3"/></StgValue>
</operation>

<operation id="52" st_id="10" stage="1" lat="1">
<core>NULL</core>
<MemPortIdVec></MemPortIdVec>
<condition id="-1">
<or_exp><and_exp></and_exp></or_exp>
</condition>

<Node id="25" bw="16" op_0_bw="80">
<![CDATA[
entry:20 %layer4_out_V_4 = extractvalue i80 %call_ret2

]]></Node>
<StgValue><ssdm name="layer4_out_V_4"/></StgValue>
</operation>
</state>

<state id="11" st_id="11">

<operation id="53" st_id="11" stage="5" lat="5">
<core></core>
<MemPortIdVec></MemPortIdVec>
<condition id="-1">
<or_exp><and_exp></and_exp></or_exp>
</condition>

<Node id="26" bw="112" op_0_bw="112" op_1_bw="16" op_2_bw="16" op_3_bw="16" op_4_bw="16" op_5_bw="16">
<![CDATA[
entry:21 %call_ret3 = call i112 @dense_latency<ap_fixed<16, 7, 4, 0, 0>, ap_fixed<16, 6, 5, 3, 0>, config5>, i16 %layer4_out_V, i16 %layer4_out_V_1, i16 %layer4_out_V_2, i16 %layer4_out_V_3, i16 %layer4_out_V_4

]]></Node>
<StgValue><ssdm name="call_ret3"/></StgValue>
</operation>
</state>

<state id="12" st_id="12">

<operation id="54" st_id="12" stage="4" lat="5">
<core></core>
<MemPortIdVec></MemPortIdVec>
<condition id="-1">
<or_exp><and_exp></and_exp></or_exp>
</condition>

<Node id="26" bw="112" op_0_bw="112" op_1_bw="16" op_2_bw="16" op_3_bw="16" op_4_bw="16" op_5_bw="16">
<![CDATA[
entry:21 %call_ret3 = call i112 @dense_latency<ap_fixed<16, 7, 4, 0, 0>, ap_fixed<16, 6, 5, 3, 0>, config5>, i16 %layer4_out_V, i16 %layer4_out_V_1, i16 %layer4_out_V_2, i16 %layer4_out_V_3, i16 %layer4_out_V_4

]]></Node>
<StgValue><ssdm name="call_ret3"/></StgValue>
</operation>
</state>

<state id="13" st_id="13">

<operation id="55" st_id="13" stage="3" lat="5">
<core></core>
<MemPortIdVec></MemPortIdVec>
<condition id="-1">
<or_exp><and_exp></and_exp></or_exp>
</condition>

<Node id="26" bw="112" op_0_bw="112" op_1_bw="16" op_2_bw="16" op_3_bw="16" op_4_bw="16" op_5_bw="16">
<![CDATA[
entry:21 %call_ret3 = call i112 @dense_latency<ap_fixed<16, 7, 4, 0, 0>, ap_fixed<16, 6, 5, 3, 0>, config5>, i16 %layer4_out_V, i16 %layer4_out_V_1, i16 %layer4_out_V_2, i16 %layer4_out_V_3, i16 %layer4_out_V_4

]]></Node>
<StgValue><ssdm name="call_ret3"/></StgValue>
</operation>
</state>

<state id="14" st_id="14">

<operation id="56" st_id="14" stage="2" lat="5">
<core></core>
<MemPortIdVec></MemPortIdVec>
<condition id="-1">
<or_exp><and_exp></and_exp></or_exp>
</condition>

<Node id="26" bw="112" op_0_bw="112" op_1_bw="16" op_2_bw="16" op_3_bw="16" op_4_bw="16" op_5_bw="16">
<![CDATA[
entry:21 %call_ret3 = call i112 @dense_latency<ap_fixed<16, 7, 4, 0, 0>, ap_fixed<16, 6, 5, 3, 0>, config5>, i16 %layer4_out_V, i16 %layer4_out_V_1, i16 %layer4_out_V_2, i16 %layer4_out_V_3, i16 %layer4_out_V_4

]]></Node>
<StgValue><ssdm name="call_ret3"/></StgValue>
</operation>
</state>

<state id="15" st_id="15">

<operation id="57" st_id="15" stage="1" lat="5">
<core></core>
<MemPortIdVec></MemPortIdVec>
<condition id="-1">
<or_exp><and_exp></and_exp></or_exp>
</condition>

<Node id="26" bw="112" op_0_bw="112" op_1_bw="16" op_2_bw="16" op_3_bw="16" op_4_bw="16" op_5_bw="16">
<![CDATA[
entry:21 %call_ret3 = call i112 @dense_latency<ap_fixed<16, 7, 4, 0, 0>, ap_fixed<16, 6, 5, 3, 0>, config5>, i16 %layer4_out_V, i16 %layer4_out_V_1, i16 %layer4_out_V_2, i16 %layer4_out_V_3, i16 %layer4_out_V_4

]]></Node>
<StgValue><ssdm name="call_ret3"/></StgValue>
</operation>

<operation id="58" st_id="15" stage="1" lat="1">
<core>NULL</core>
<MemPortIdVec></MemPortIdVec>
<condition id="-1">
<or_exp><and_exp></and_exp></or_exp>
</condition>

<Node id="27" bw="16" op_0_bw="112">
<![CDATA[
entry:22 %layer5_out_V = extractvalue i112 %call_ret3

]]></Node>
<StgValue><ssdm name="layer5_out_V"/></StgValue>
</operation>

<operation id="59" st_id="15" stage="1" lat="1">
<core>NULL</core>
<MemPortIdVec></MemPortIdVec>
<condition id="-1">
<or_exp><and_exp></and_exp></or_exp>
</condition>

<Node id="28" bw="16" op_0_bw="112">
<![CDATA[
entry:23 %layer5_out_V_1 = extractvalue i112 %call_ret3

]]></Node>
<StgValue><ssdm name="layer5_out_V_1"/></StgValue>
</operation>

<operation id="60" st_id="15" stage="1" lat="1">
<core>NULL</core>
<MemPortIdVec></MemPortIdVec>
<condition id="-1">
<or_exp><and_exp></and_exp></or_exp>
</condition>

<Node id="29" bw="16" op_0_bw="112">
<![CDATA[
entry:24 %layer5_out_V_2 = extractvalue i112 %call_ret3

]]></Node>
<StgValue><ssdm name="layer5_out_V_2"/></StgValue>
</operation>

<operation id="61" st_id="15" stage="1" lat="1">
<core>NULL</core>
<MemPortIdVec></MemPortIdVec>
<condition id="-1">
<or_exp><and_exp></and_exp></or_exp>
</condition>

<Node id="30" bw="16" op_0_bw="112">
<![CDATA[
entry:25 %layer5_out_V_3 = extractvalue i112 %call_ret3

]]></Node>
<StgValue><ssdm name="layer5_out_V_3"/></StgValue>
</operation>

<operation id="62" st_id="15" stage="1" lat="1">
<core>NULL</core>
<MemPortIdVec></MemPortIdVec>
<condition id="-1">
<or_exp><and_exp></and_exp></or_exp>
</condition>

<Node id="31" bw="16" op_0_bw="112">
<![CDATA[
entry:26 %layer5_out_V_4 = extractvalue i112 %call_ret3

]]></Node>
<StgValue><ssdm name="layer5_out_V_4"/></StgValue>
</operation>

<operation id="63" st_id="15" stage="1" lat="1">
<core>NULL</core>
<MemPortIdVec></MemPortIdVec>
<condition id="-1">
<or_exp><and_exp></and_exp></or_exp>
</condition>

<Node id="32" bw="16" op_0_bw="112">
<![CDATA[
entry:27 %layer5_out_V_5 = extractvalue i112 %call_ret3

]]></Node>
<StgValue><ssdm name="layer5_out_V_5"/></StgValue>
</operation>

<operation id="64" st_id="15" stage="1" lat="1">
<core>NULL</core>
<MemPortIdVec></MemPortIdVec>
<condition id="-1">
<or_exp><and_exp></and_exp></or_exp>
</condition>

<Node id="33" bw="16" op_0_bw="112">
<![CDATA[
entry:28 %layer5_out_V_6 = extractvalue i112 %call_ret3

]]></Node>
<StgValue><ssdm name="layer5_out_V_6"/></StgValue>
</operation>
</state>

<state id="16" st_id="16">

<operation id="65" st_id="16" stage="1" lat="1">
<core></core>
<MemPortIdVec></MemPortIdVec>
<condition id="-1">
<or_exp><and_exp></and_exp></or_exp>
</condition>

<Node id="34" bw="112" op_0_bw="112" op_1_bw="16" op_2_bw="16" op_3_bw="16" op_4_bw="16" op_5_bw="16" op_6_bw="16" op_7_bw="16">
<![CDATA[
entry:29 %call_ret4 = call i112 @linear<ap_fixed<16, 6, 5, 3, 0>, ap_fixed<16, 7, 4, 0, 0>, linear_config7>, i16 %layer5_out_V, i16 %layer5_out_V_1, i16 %layer5_out_V_2, i16 %layer5_out_V_3, i16 %layer5_out_V_4, i16 %layer5_out_V_5, i16 %layer5_out_V_6

]]></Node>
<StgValue><ssdm name="call_ret4"/></StgValue>
</operation>

<operation id="66" st_id="16" stage="1" lat="1">
<core>NULL</core>
<MemPortIdVec></MemPortIdVec>
<condition id="-1">
<or_exp><and_exp></and_exp></or_exp>
</condition>

<Node id="35" bw="16" op_0_bw="112">
<![CDATA[
entry:30 %layer7_out_V = extractvalue i112 %call_ret4

]]></Node>
<StgValue><ssdm name="layer7_out_V"/></StgValue>
</operation>

<operation id="67" st_id="16" stage="1" lat="1">
<core>NULL</core>
<MemPortIdVec></MemPortIdVec>
<condition id="-1">
<or_exp><and_exp></and_exp></or_exp>
</condition>

<Node id="36" bw="16" op_0_bw="112">
<![CDATA[
entry:31 %layer7_out_V_1 = extractvalue i112 %call_ret4

]]></Node>
<StgValue><ssdm name="layer7_out_V_1"/></StgValue>
</operation>

<operation id="68" st_id="16" stage="1" lat="1">
<core>NULL</core>
<MemPortIdVec></MemPortIdVec>
<condition id="-1">
<or_exp><and_exp></and_exp></or_exp>
</condition>

<Node id="37" bw="16" op_0_bw="112">
<![CDATA[
entry:32 %layer7_out_V_2 = extractvalue i112 %call_ret4

]]></Node>
<StgValue><ssdm name="layer7_out_V_2"/></StgValue>
</operation>

<operation id="69" st_id="16" stage="1" lat="1">
<core>NULL</core>
<MemPortIdVec></MemPortIdVec>
<condition id="-1">
<or_exp><and_exp></and_exp></or_exp>
</condition>

<Node id="38" bw="16" op_0_bw="112">
<![CDATA[
entry:33 %layer7_out_V_3 = extractvalue i112 %call_ret4

]]></Node>
<StgValue><ssdm name="layer7_out_V_3"/></StgValue>
</operation>

<operation id="70" st_id="16" stage="1" lat="1">
<core>NULL</core>
<MemPortIdVec></MemPortIdVec>
<condition id="-1">
<or_exp><and_exp></and_exp></or_exp>
</condition>

<Node id="39" bw="16" op_0_bw="112">
<![CDATA[
entry:34 %layer7_out_V_4 = extractvalue i112 %call_ret4

]]></Node>
<StgValue><ssdm name="layer7_out_V_4"/></StgValue>
</operation>

<operation id="71" st_id="16" stage="1" lat="1">
<core>NULL</core>
<MemPortIdVec></MemPortIdVec>
<condition id="-1">
<or_exp><and_exp></and_exp></or_exp>
</condition>

<Node id="40" bw="16" op_0_bw="112">
<![CDATA[
entry:35 %layer7_out_V_5 = extractvalue i112 %call_ret4

]]></Node>
<StgValue><ssdm name="layer7_out_V_5"/></StgValue>
</operation>

<operation id="72" st_id="16" stage="1" lat="1">
<core>NULL</core>
<MemPortIdVec></MemPortIdVec>
<condition id="-1">
<or_exp><and_exp></and_exp></or_exp>
</condition>

<Node id="41" bw="16" op_0_bw="112">
<![CDATA[
entry:36 %layer7_out_V_6 = extractvalue i112 %call_ret4

]]></Node>
<StgValue><ssdm name="layer7_out_V_6"/></StgValue>
</operation>
</state>

<state id="17" st_id="17">

<operation id="73" st_id="17" stage="5" lat="5">
<core></core>
<MemPortIdVec></MemPortIdVec>
<condition id="-1">
<or_exp><and_exp></and_exp></or_exp>
</condition>

<Node id="42" bw="144" op_0_bw="144" op_1_bw="16" op_2_bw="16" op_3_bw="16" op_4_bw="16" op_5_bw="16" op_6_bw="16" op_7_bw="16">
<![CDATA[
entry:37 %call_ret5 = call i144 @dense_latency<ap_fixed<16, 7, 4, 0, 0>, ap_fixed<16, 6, 5, 3, 0>, config8>, i16 %layer7_out_V, i16 %layer7_out_V_1, i16 %layer7_out_V_2, i16 %layer7_out_V_3, i16 %layer7_out_V_4, i16 %layer7_out_V_5, i16 %layer7_out_V_6

]]></Node>
<StgValue><ssdm name="call_ret5"/></StgValue>
</operation>
</state>

<state id="18" st_id="18">

<operation id="74" st_id="18" stage="4" lat="5">
<core></core>
<MemPortIdVec></MemPortIdVec>
<condition id="-1">
<or_exp><and_exp></and_exp></or_exp>
</condition>

<Node id="42" bw="144" op_0_bw="144" op_1_bw="16" op_2_bw="16" op_3_bw="16" op_4_bw="16" op_5_bw="16" op_6_bw="16" op_7_bw="16">
<![CDATA[
entry:37 %call_ret5 = call i144 @dense_latency<ap_fixed<16, 7, 4, 0, 0>, ap_fixed<16, 6, 5, 3, 0>, config8>, i16 %layer7_out_V, i16 %layer7_out_V_1, i16 %layer7_out_V_2, i16 %layer7_out_V_3, i16 %layer7_out_V_4, i16 %layer7_out_V_5, i16 %layer7_out_V_6

]]></Node>
<StgValue><ssdm name="call_ret5"/></StgValue>
</operation>
</state>

<state id="19" st_id="19">

<operation id="75" st_id="19" stage="3" lat="5">
<core></core>
<MemPortIdVec></MemPortIdVec>
<condition id="-1">
<or_exp><and_exp></and_exp></or_exp>
</condition>

<Node id="42" bw="144" op_0_bw="144" op_1_bw="16" op_2_bw="16" op_3_bw="16" op_4_bw="16" op_5_bw="16" op_6_bw="16" op_7_bw="16">
<![CDATA[
entry:37 %call_ret5 = call i144 @dense_latency<ap_fixed<16, 7, 4, 0, 0>, ap_fixed<16, 6, 5, 3, 0>, config8>, i16 %layer7_out_V, i16 %layer7_out_V_1, i16 %layer7_out_V_2, i16 %layer7_out_V_3, i16 %layer7_out_V_4, i16 %layer7_out_V_5, i16 %layer7_out_V_6

]]></Node>
<StgValue><ssdm name="call_ret5"/></StgValue>
</operation>
</state>

<state id="20" st_id="20">

<operation id="76" st_id="20" stage="2" lat="5">
<core></core>
<MemPortIdVec></MemPortIdVec>
<condition id="-1">
<or_exp><and_exp></and_exp></or_exp>
</condition>

<Node id="42" bw="144" op_0_bw="144" op_1_bw="16" op_2_bw="16" op_3_bw="16" op_4_bw="16" op_5_bw="16" op_6_bw="16" op_7_bw="16">
<![CDATA[
entry:37 %call_ret5 = call i144 @dense_latency<ap_fixed<16, 7, 4, 0, 0>, ap_fixed<16, 6, 5, 3, 0>, config8>, i16 %layer7_out_V, i16 %layer7_out_V_1, i16 %layer7_out_V_2, i16 %layer7_out_V_3, i16 %layer7_out_V_4, i16 %layer7_out_V_5, i16 %layer7_out_V_6

]]></Node>
<StgValue><ssdm name="call_ret5"/></StgValue>
</operation>
</state>

<state id="21" st_id="21">

<operation id="77" st_id="21" stage="1" lat="5">
<core></core>
<MemPortIdVec></MemPortIdVec>
<condition id="-1">
<or_exp><and_exp></and_exp></or_exp>
</condition>

<Node id="42" bw="144" op_0_bw="144" op_1_bw="16" op_2_bw="16" op_3_bw="16" op_4_bw="16" op_5_bw="16" op_6_bw="16" op_7_bw="16">
<![CDATA[
entry:37 %call_ret5 = call i144 @dense_latency<ap_fixed<16, 7, 4, 0, 0>, ap_fixed<16, 6, 5, 3, 0>, config8>, i16 %layer7_out_V, i16 %layer7_out_V_1, i16 %layer7_out_V_2, i16 %layer7_out_V_3, i16 %layer7_out_V_4, i16 %layer7_out_V_5, i16 %layer7_out_V_6

]]></Node>
<StgValue><ssdm name="call_ret5"/></StgValue>
</operation>

<operation id="78" st_id="21" stage="1" lat="1">
<core>NULL</core>
<MemPortIdVec></MemPortIdVec>
<condition id="-1">
<or_exp><and_exp></and_exp></or_exp>
</condition>

<Node id="43" bw="16" op_0_bw="144">
<![CDATA[
entry:38 %layer8_out_V = extractvalue i144 %call_ret5

]]></Node>
<StgValue><ssdm name="layer8_out_V"/></StgValue>
</operation>

<operation id="79" st_id="21" stage="1" lat="1">
<core>NULL</core>
<MemPortIdVec></MemPortIdVec>
<condition id="-1">
<or_exp><and_exp></and_exp></or_exp>
</condition>

<Node id="44" bw="16" op_0_bw="144">
<![CDATA[
entry:39 %layer8_out_V_1 = extractvalue i144 %call_ret5

]]></Node>
<StgValue><ssdm name="layer8_out_V_1"/></StgValue>
</operation>

<operation id="80" st_id="21" stage="1" lat="1">
<core>NULL</core>
<MemPortIdVec></MemPortIdVec>
<condition id="-1">
<or_exp><and_exp></and_exp></or_exp>
</condition>

<Node id="45" bw="16" op_0_bw="144">
<![CDATA[
entry:40 %layer8_out_V_2 = extractvalue i144 %call_ret5

]]></Node>
<StgValue><ssdm name="layer8_out_V_2"/></StgValue>
</operation>

<operation id="81" st_id="21" stage="1" lat="1">
<core>NULL</core>
<MemPortIdVec></MemPortIdVec>
<condition id="-1">
<or_exp><and_exp></and_exp></or_exp>
</condition>

<Node id="46" bw="16" op_0_bw="144">
<![CDATA[
entry:41 %layer8_out_V_3 = extractvalue i144 %call_ret5

]]></Node>
<StgValue><ssdm name="layer8_out_V_3"/></StgValue>
</operation>

<operation id="82" st_id="21" stage="1" lat="1">
<core>NULL</core>
<MemPortIdVec></MemPortIdVec>
<condition id="-1">
<or_exp><and_exp></and_exp></or_exp>
</condition>

<Node id="47" bw="16" op_0_bw="144">
<![CDATA[
entry:42 %layer8_out_V_4 = extractvalue i144 %call_ret5

]]></Node>
<StgValue><ssdm name="layer8_out_V_4"/></StgValue>
</operation>

<operation id="83" st_id="21" stage="1" lat="1">
<core>NULL</core>
<MemPortIdVec></MemPortIdVec>
<condition id="-1">
<or_exp><and_exp></and_exp></or_exp>
</condition>

<Node id="48" bw="16" op_0_bw="144">
<![CDATA[
entry:43 %layer8_out_V_5 = extractvalue i144 %call_ret5

]]></Node>
<StgValue><ssdm name="layer8_out_V_5"/></StgValue>
</operation>

<operation id="84" st_id="21" stage="1" lat="1">
<core>NULL</core>
<MemPortIdVec></MemPortIdVec>
<condition id="-1">
<or_exp><and_exp></and_exp></or_exp>
</condition>

<Node id="49" bw="16" op_0_bw="144">
<![CDATA[
entry:44 %layer8_out_V_6 = extractvalue i144 %call_ret5

]]></Node>
<StgValue><ssdm name="layer8_out_V_6"/></StgValue>
</operation>

<operation id="85" st_id="21" stage="1" lat="1">
<core>NULL</core>
<MemPortIdVec></MemPortIdVec>
<condition id="-1">
<or_exp><and_exp></and_exp></or_exp>
</condition>

<Node id="50" bw="16" op_0_bw="144">
<![CDATA[
entry:45 %layer8_out_V_7 = extractvalue i144 %call_ret5

]]></Node>
<StgValue><ssdm name="layer8_out_V_7"/></StgValue>
</operation>

<operation id="86" st_id="21" stage="1" lat="1">
<core>NULL</core>
<MemPortIdVec></MemPortIdVec>
<condition id="-1">
<or_exp><and_exp></and_exp></or_exp>
</condition>

<Node id="51" bw="16" op_0_bw="144">
<![CDATA[
entry:46 %layer8_out_V_8 = extractvalue i144 %call_ret5

]]></Node>
<StgValue><ssdm name="layer8_out_V_8"/></StgValue>
</operation>
</state>

<state id="22" st_id="22">

<operation id="87" st_id="22" stage="1" lat="1">
<core></core>
<MemPortIdVec></MemPortIdVec>
<condition id="-1">
<or_exp><and_exp></and_exp></or_exp>
</condition>

<Node id="52" bw="144" op_0_bw="144" op_1_bw="16" op_2_bw="16" op_3_bw="16" op_4_bw="16" op_5_bw="16" op_6_bw="16" op_7_bw="16" op_8_bw="16" op_9_bw="16">
<![CDATA[
entry:47 %call_ret6 = call i144 @linear<ap_fixed<16, 6, 5, 3, 0>, ap_fixed<16, 7, 4, 0, 0>, linear_config10>, i16 %layer8_out_V, i16 %layer8_out_V_1, i16 %layer8_out_V_2, i16 %layer8_out_V_3, i16 %layer8_out_V_4, i16 %layer8_out_V_5, i16 %layer8_out_V_6, i16 %layer8_out_V_7, i16 %layer8_out_V_8

]]></Node>
<StgValue><ssdm name="call_ret6"/></StgValue>
</operation>

<operation id="88" st_id="22" stage="1" lat="1">
<core>NULL</core>
<MemPortIdVec></MemPortIdVec>
<condition id="-1">
<or_exp><and_exp></and_exp></or_exp>
</condition>

<Node id="53" bw="16" op_0_bw="144">
<![CDATA[
entry:48 %layer10_out_V = extractvalue i144 %call_ret6

]]></Node>
<StgValue><ssdm name="layer10_out_V"/></StgValue>
</operation>

<operation id="89" st_id="22" stage="1" lat="1">
<core>NULL</core>
<MemPortIdVec></MemPortIdVec>
<condition id="-1">
<or_exp><and_exp></and_exp></or_exp>
</condition>

<Node id="54" bw="16" op_0_bw="144">
<![CDATA[
entry:49 %layer10_out_V_1 = extractvalue i144 %call_ret6

]]></Node>
<StgValue><ssdm name="layer10_out_V_1"/></StgValue>
</operation>

<operation id="90" st_id="22" stage="1" lat="1">
<core>NULL</core>
<MemPortIdVec></MemPortIdVec>
<condition id="-1">
<or_exp><and_exp></and_exp></or_exp>
</condition>

<Node id="55" bw="15" op_0_bw="16">
<![CDATA[
entry:50 %empty = trunc i16 %layer10_out_V_1

]]></Node>
<StgValue><ssdm name="empty"/></StgValue>
</operation>

<operation id="91" st_id="22" stage="1" lat="1">
<core>NULL</core>
<MemPortIdVec></MemPortIdVec>
<condition id="-1">
<or_exp><and_exp></and_exp></or_exp>
</condition>

<Node id="56" bw="16" op_0_bw="144">
<![CDATA[
entry:51 %layer10_out_V_2 = extractvalue i144 %call_ret6

]]></Node>
<StgValue><ssdm name="layer10_out_V_2"/></StgValue>
</operation>

<operation id="92" st_id="22" stage="1" lat="1">
<core>NULL</core>
<MemPortIdVec></MemPortIdVec>
<condition id="-1">
<or_exp><and_exp></and_exp></or_exp>
</condition>

<Node id="57" bw="16" op_0_bw="144">
<![CDATA[
entry:52 %layer10_out_V_3 = extractvalue i144 %call_ret6

]]></Node>
<StgValue><ssdm name="layer10_out_V_3"/></StgValue>
</operation>

<operation id="93" st_id="22" stage="1" lat="1">
<core>NULL</core>
<MemPortIdVec></MemPortIdVec>
<condition id="-1">
<or_exp><and_exp></and_exp></or_exp>
</condition>

<Node id="58" bw="16" op_0_bw="144">
<![CDATA[
entry:53 %layer10_out_V_4 = extractvalue i144 %call_ret6

]]></Node>
<StgValue><ssdm name="layer10_out_V_4"/></StgValue>
</operation>

<operation id="94" st_id="22" stage="1" lat="1">
<core>NULL</core>
<MemPortIdVec></MemPortIdVec>
<condition id="-1">
<or_exp><and_exp></and_exp></or_exp>
</condition>

<Node id="59" bw="16" op_0_bw="144">
<![CDATA[
entry:54 %layer10_out_V_5 = extractvalue i144 %call_ret6

]]></Node>
<StgValue><ssdm name="layer10_out_V_5"/></StgValue>
</operation>

<operation id="95" st_id="22" stage="1" lat="1">
<core>NULL</core>
<MemPortIdVec></MemPortIdVec>
<condition id="-1">
<or_exp><and_exp></and_exp></or_exp>
</condition>

<Node id="60" bw="16" op_0_bw="144">
<![CDATA[
entry:55 %layer10_out_V_6 = extractvalue i144 %call_ret6

]]></Node>
<StgValue><ssdm name="layer10_out_V_6"/></StgValue>
</operation>

<operation id="96" st_id="22" stage="1" lat="1">
<core>NULL</core>
<MemPortIdVec></MemPortIdVec>
<condition id="-1">
<or_exp><and_exp></and_exp></or_exp>
</condition>

<Node id="61" bw="16" op_0_bw="144">
<![CDATA[
entry:56 %layer10_out_V_7 = extractvalue i144 %call_ret6

]]></Node>
<StgValue><ssdm name="layer10_out_V_7"/></StgValue>
</operation>

<operation id="97" st_id="22" stage="1" lat="1">
<core>NULL</core>
<MemPortIdVec></MemPortIdVec>
<condition id="-1">
<or_exp><and_exp></and_exp></or_exp>
</condition>

<Node id="62" bw="16" op_0_bw="144">
<![CDATA[
entry:57 %layer10_out_V_8 = extractvalue i144 %call_ret6

]]></Node>
<StgValue><ssdm name="layer10_out_V_8"/></StgValue>
</operation>
</state>

<state id="23" st_id="23">

<operation id="98" st_id="23" stage="5" lat="5">
<core></core>
<MemPortIdVec></MemPortIdVec>
<condition id="-1">
<or_exp><and_exp></and_exp></or_exp>
</condition>

<Node id="63" bw="32" op_0_bw="32" op_1_bw="16" op_2_bw="15" op_3_bw="16" op_4_bw="16" op_5_bw="16" op_6_bw="16" op_7_bw="16" op_8_bw="16" op_9_bw="16">
<![CDATA[
entry:58 %call_ret7 = call i32 @dense_latency<ap_fixed<16, 7, 4, 0, 0>, ap_fixed<16, 6, 5, 3, 0>, config11>, i16 %layer10_out_V, i15 %empty, i16 %layer10_out_V_2, i16 %layer10_out_V_3, i16 %layer10_out_V_4, i16 %layer10_out_V_5, i16 %layer10_out_V_6, i16 %layer10_out_V_7, i16 %layer10_out_V_8

]]></Node>
<StgValue><ssdm name="call_ret7"/></StgValue>
</operation>
</state>

<state id="24" st_id="24">

<operation id="99" st_id="24" stage="4" lat="5">
<core></core>
<MemPortIdVec></MemPortIdVec>
<condition id="-1">
<or_exp><and_exp></and_exp></or_exp>
</condition>

<Node id="63" bw="32" op_0_bw="32" op_1_bw="16" op_2_bw="15" op_3_bw="16" op_4_bw="16" op_5_bw="16" op_6_bw="16" op_7_bw="16" op_8_bw="16" op_9_bw="16">
<![CDATA[
entry:58 %call_ret7 = call i32 @dense_latency<ap_fixed<16, 7, 4, 0, 0>, ap_fixed<16, 6, 5, 3, 0>, config11>, i16 %layer10_out_V, i15 %empty, i16 %layer10_out_V_2, i16 %layer10_out_V_3, i16 %layer10_out_V_4, i16 %layer10_out_V_5, i16 %layer10_out_V_6, i16 %layer10_out_V_7, i16 %layer10_out_V_8

]]></Node>
<StgValue><ssdm name="call_ret7"/></StgValue>
</operation>
</state>

<state id="25" st_id="25">

<operation id="100" st_id="25" stage="3" lat="5">
<core></core>
<MemPortIdVec></MemPortIdVec>
<condition id="-1">
<or_exp><and_exp></and_exp></or_exp>
</condition>

<Node id="63" bw="32" op_0_bw="32" op_1_bw="16" op_2_bw="15" op_3_bw="16" op_4_bw="16" op_5_bw="16" op_6_bw="16" op_7_bw="16" op_8_bw="16" op_9_bw="16">
<![CDATA[
entry:58 %call_ret7 = call i32 @dense_latency<ap_fixed<16, 7, 4, 0, 0>, ap_fixed<16, 6, 5, 3, 0>, config11>, i16 %layer10_out_V, i15 %empty, i16 %layer10_out_V_2, i16 %layer10_out_V_3, i16 %layer10_out_V_4, i16 %layer10_out_V_5, i16 %layer10_out_V_6, i16 %layer10_out_V_7, i16 %layer10_out_V_8

]]></Node>
<StgValue><ssdm name="call_ret7"/></StgValue>
</operation>
</state>

<state id="26" st_id="26">

<operation id="101" st_id="26" stage="2" lat="5">
<core></core>
<MemPortIdVec></MemPortIdVec>
<condition id="-1">
<or_exp><and_exp></and_exp></or_exp>
</condition>

<Node id="63" bw="32" op_0_bw="32" op_1_bw="16" op_2_bw="15" op_3_bw="16" op_4_bw="16" op_5_bw="16" op_6_bw="16" op_7_bw="16" op_8_bw="16" op_9_bw="16">
<![CDATA[
entry:58 %call_ret7 = call i32 @dense_latency<ap_fixed<16, 7, 4, 0, 0>, ap_fixed<16, 6, 5, 3, 0>, config11>, i16 %layer10_out_V, i15 %empty, i16 %layer10_out_V_2, i16 %layer10_out_V_3, i16 %layer10_out_V_4, i16 %layer10_out_V_5, i16 %layer10_out_V_6, i16 %layer10_out_V_7, i16 %layer10_out_V_8

]]></Node>
<StgValue><ssdm name="call_ret7"/></StgValue>
</operation>
</state>

<state id="27" st_id="27">

<operation id="102" st_id="27" stage="1" lat="5">
<core></core>
<MemPortIdVec></MemPortIdVec>
<condition id="-1">
<or_exp><and_exp></and_exp></or_exp>
</condition>

<Node id="63" bw="32" op_0_bw="32" op_1_bw="16" op_2_bw="15" op_3_bw="16" op_4_bw="16" op_5_bw="16" op_6_bw="16" op_7_bw="16" op_8_bw="16" op_9_bw="16">
<![CDATA[
entry:58 %call_ret7 = call i32 @dense_latency<ap_fixed<16, 7, 4, 0, 0>, ap_fixed<16, 6, 5, 3, 0>, config11>, i16 %layer10_out_V, i15 %empty, i16 %layer10_out_V_2, i16 %layer10_out_V_3, i16 %layer10_out_V_4, i16 %layer10_out_V_5, i16 %layer10_out_V_6, i16 %layer10_out_V_7, i16 %layer10_out_V_8

]]></Node>
<StgValue><ssdm name="call_ret7"/></StgValue>
</operation>

<operation id="103" st_id="27" stage="1" lat="1">
<core>NULL</core>
<MemPortIdVec></MemPortIdVec>
<condition id="-1">
<or_exp><and_exp></and_exp></or_exp>
</condition>

<Node id="64" bw="16" op_0_bw="32">
<![CDATA[
entry:59 %layer11_out_V = extractvalue i32 %call_ret7

]]></Node>
<StgValue><ssdm name="layer11_out_V"/></StgValue>
</operation>

<operation id="104" st_id="27" stage="1" lat="1">
<core>NULL</core>
<MemPortIdVec></MemPortIdVec>
<condition id="-1">
<or_exp><and_exp></and_exp></or_exp>
</condition>

<Node id="65" bw="16" op_0_bw="32">
<![CDATA[
entry:60 %layer11_out_V_1 = extractvalue i32 %call_ret7

]]></Node>
<StgValue><ssdm name="layer11_out_V_1"/></StgValue>
</operation>
</state>

<state id="28" st_id="28">

<operation id="105" st_id="28" stage="4" lat="4">
<core></core>
<MemPortIdVec></MemPortIdVec>
<condition id="-1">
<or_exp><and_exp></and_exp></or_exp>
</condition>

<Node id="66" bw="32" op_0_bw="32" op_1_bw="16" op_2_bw="16" op_3_bw="10">
<![CDATA[
entry:61 %call_ret = call i32 @sigmoid<ap_fixed<16, 6, 5, 3, 0>, ap_fixed<16, 6, 5, 3, 0>, sigmoid_config13>, i16 %layer11_out_V, i16 %layer11_out_V_1, i10 %sigmoid_table

]]></Node>
<StgValue><ssdm name="call_ret"/></StgValue>
</operation>
</state>

<state id="29" st_id="29">

<operation id="106" st_id="29" stage="3" lat="4">
<core></core>
<MemPortIdVec></MemPortIdVec>
<condition id="-1">
<or_exp><and_exp></and_exp></or_exp>
</condition>

<Node id="66" bw="32" op_0_bw="32" op_1_bw="16" op_2_bw="16" op_3_bw="10">
<![CDATA[
entry:61 %call_ret = call i32 @sigmoid<ap_fixed<16, 6, 5, 3, 0>, ap_fixed<16, 6, 5, 3, 0>, sigmoid_config13>, i16 %layer11_out_V, i16 %layer11_out_V_1, i10 %sigmoid_table

]]></Node>
<StgValue><ssdm name="call_ret"/></StgValue>
</operation>
</state>

<state id="30" st_id="30">

<operation id="107" st_id="30" stage="2" lat="4">
<core></core>
<MemPortIdVec></MemPortIdVec>
<condition id="-1">
<or_exp><and_exp></and_exp></or_exp>
</condition>

<Node id="66" bw="32" op_0_bw="32" op_1_bw="16" op_2_bw="16" op_3_bw="10">
<![CDATA[
entry:61 %call_ret = call i32 @sigmoid<ap_fixed<16, 6, 5, 3, 0>, ap_fixed<16, 6, 5, 3, 0>, sigmoid_config13>, i16 %layer11_out_V, i16 %layer11_out_V_1, i10 %sigmoid_table

]]></Node>
<StgValue><ssdm name="call_ret"/></StgValue>
</operation>
</state>

<state id="31" st_id="31">

<operation id="108" st_id="31" stage="1" lat="1">
<core>NULL</core>
<MemPortIdVec></MemPortIdVec>
<condition id="-1">
<or_exp><and_exp></and_exp></or_exp>
</condition>

<Node id="5" bw="0" op_0_bw="0" op_1_bw="32" op_2_bw="32" op_3_bw="32" op_4_bw="32" op_5_bw="0">
<![CDATA[
entry:0 %specpipeline_ln0 = specpipeline void @_ssdm_op_SpecPipeline, i32 4294967295, i32 0, i32 0, i32 0, void @empty_0

]]></Node>
<StgValue><ssdm name="specpipeline_ln0"/></StgValue>
</operation>

<operation id="109" st_id="31" stage="1" lat="1">
<core>NULL</core>
<MemPortIdVec></MemPortIdVec>
<condition id="-1">
<or_exp><and_exp></and_exp></or_exp>
</condition>

<Node id="6" bw="0" op_0_bw="0" op_1_bw="0">
<![CDATA[
entry:1 %spectopmodule_ln0 = spectopmodule void @_ssdm_op_SpecTopModule, void @empty_2

]]></Node>
<StgValue><ssdm name="spectopmodule_ln0"/></StgValue>
</operation>

<operation id="110" st_id="31" stage="1" lat="1">
<core>NULL</core>
<MemPortIdVec></MemPortIdVec>
<condition id="-1">
<or_exp><and_exp></and_exp></or_exp>
</condition>

<Node id="7" bw="0" op_0_bw="0" op_1_bw="12544">
<![CDATA[
entry:2 %specbitsmap_ln0 = specbitsmap void @_ssdm_op_SpecBitsMap, i12544 %fc1_input_input

]]></Node>
<StgValue><ssdm name="specbitsmap_ln0"/></StgValue>
</operation>

<operation id="111" st_id="31" stage="1" lat="1">
<core>NULL</core>
<MemPortIdVec></MemPortIdVec>
<condition id="-1">
<or_exp><and_exp></and_exp></or_exp>
</condition>

<Node id="8" bw="0" op_0_bw="0" op_1_bw="12544" op_2_bw="0" op_3_bw="32" op_4_bw="32" op_5_bw="0" op_6_bw="32" op_7_bw="32" op_8_bw="0" op_9_bw="0" op_10_bw="0" op_11_bw="32" op_12_bw="32" op_13_bw="32" op_14_bw="32" op_15_bw="0" op_16_bw="0" op_17_bw="32" op_18_bw="32">
<![CDATA[
entry:3 %specinterface_ln0 = specinterface void @_ssdm_op_SpecInterface, i12544 %fc1_input_input, void @empty, i32 0, i32 0, void @empty_0, i32 0, i32 0, void @empty_0, void @empty_0, void @empty_0, i32 0, i32 0, i32 0, i32 0, void @empty_0, void @empty_0, i32 4294967295, i32 0

]]></Node>
<StgValue><ssdm name="specinterface_ln0"/></StgValue>
</operation>

<operation id="112" st_id="31" stage="1" lat="1">
<core>NULL</core>
<MemPortIdVec></MemPortIdVec>
<condition id="-1">
<or_exp><and_exp></and_exp></or_exp>
</condition>

<Node id="9" bw="0" op_0_bw="0" op_1_bw="16">
<![CDATA[
entry:4 %specbitsmap_ln0 = specbitsmap void @_ssdm_op_SpecBitsMap, i16 %layer13_out_0

]]></Node>
<StgValue><ssdm name="specbitsmap_ln0"/></StgValue>
</operation>

<operation id="113" st_id="31" stage="1" lat="1">
<core>NULL</core>
<MemPortIdVec></MemPortIdVec>
<condition id="-1">
<or_exp><and_exp></and_exp></or_exp>
</condition>

<Node id="10" bw="0" op_0_bw="0" op_1_bw="16" op_2_bw="0" op_3_bw="32" op_4_bw="32" op_5_bw="0" op_6_bw="32" op_7_bw="32" op_8_bw="0" op_9_bw="0" op_10_bw="0" op_11_bw="32" op_12_bw="32" op_13_bw="32" op_14_bw="32" op_15_bw="0" op_16_bw="0" op_17_bw="32" op_18_bw="32">
<![CDATA[
entry:5 %specinterface_ln0 = specinterface void @_ssdm_op_SpecInterface, i16 %layer13_out_0, void @empty, i32 0, i32 0, void @empty_0, i32 0, i32 0, void @empty_0, void @empty_0, void @empty_0, i32 0, i32 0, i32 0, i32 0, void @empty_0, void @empty_0, i32 4294967295, i32 0

]]></Node>
<StgValue><ssdm name="specinterface_ln0"/></StgValue>
</operation>

<operation id="114" st_id="31" stage="1" lat="1">
<core>NULL</core>
<MemPortIdVec></MemPortIdVec>
<condition id="-1">
<or_exp><and_exp></and_exp></or_exp>
</condition>

<Node id="11" bw="0" op_0_bw="0" op_1_bw="16">
<![CDATA[
entry:6 %specbitsmap_ln0 = specbitsmap void @_ssdm_op_SpecBitsMap, i16 %layer13_out_1

]]></Node>
<StgValue><ssdm name="specbitsmap_ln0"/></StgValue>
</operation>

<operation id="115" st_id="31" stage="1" lat="1">
<core>NULL</core>
<MemPortIdVec></MemPortIdVec>
<condition id="-1">
<or_exp><and_exp></and_exp></or_exp>
</condition>

<Node id="12" bw="0" op_0_bw="0" op_1_bw="16" op_2_bw="0" op_3_bw="32" op_4_bw="32" op_5_bw="0" op_6_bw="32" op_7_bw="32" op_8_bw="0" op_9_bw="0" op_10_bw="0" op_11_bw="32" op_12_bw="32" op_13_bw="32" op_14_bw="32" op_15_bw="0" op_16_bw="0" op_17_bw="32" op_18_bw="32">
<![CDATA[
entry:7 %specinterface_ln0 = specinterface void @_ssdm_op_SpecInterface, i16 %layer13_out_1, void @empty, i32 0, i32 0, void @empty_0, i32 0, i32 0, void @empty_0, void @empty_0, void @empty_0, i32 0, i32 0, i32 0, i32 0, void @empty_0, void @empty_0, i32 4294967295, i32 0

]]></Node>
<StgValue><ssdm name="specinterface_ln0"/></StgValue>
</operation>

<operation id="116" st_id="31" stage="1" lat="4">
<core></core>
<MemPortIdVec></MemPortIdVec>
<condition id="-1">
<or_exp><and_exp></and_exp></or_exp>
</condition>

<Node id="66" bw="32" op_0_bw="32" op_1_bw="16" op_2_bw="16" op_3_bw="10">
<![CDATA[
entry:61 %call_ret = call i32 @sigmoid<ap_fixed<16, 6, 5, 3, 0>, ap_fixed<16, 6, 5, 3, 0>, sigmoid_config13>, i16 %layer11_out_V, i16 %layer11_out_V_1, i10 %sigmoid_table

]]></Node>
<StgValue><ssdm name="call_ret"/></StgValue>
</operation>

<operation id="117" st_id="31" stage="1" lat="1">
<core>NULL</core>
<MemPortIdVec></MemPortIdVec>
<condition id="-1">
<or_exp><and_exp></and_exp></or_exp>
</condition>

<Node id="67" bw="16" op_0_bw="32">
<![CDATA[
entry:62 %layer13_out_0_ret = extractvalue i32 %call_ret

]]></Node>
<StgValue><ssdm name="layer13_out_0_ret"/></StgValue>
</operation>

<operation id="118" st_id="31" stage="1" lat="1">
<core>NULL</core>
<MemPortIdVec></MemPortIdVec>
<condition id="-1">
<or_exp><and_exp></and_exp></or_exp>
</condition>

<Node id="68" bw="0" op_0_bw="0" op_1_bw="16" op_2_bw="16">
<![CDATA[
entry:63 %write_ln67 = write void @_ssdm_op_Write.ap_vld.i16P0A, i16 %layer13_out_0, i16 %layer13_out_0_ret

]]></Node>
<StgValue><ssdm name="write_ln67"/></StgValue>
</operation>

<operation id="119" st_id="31" stage="1" lat="1">
<core>NULL</core>
<MemPortIdVec></MemPortIdVec>
<condition id="-1">
<or_exp><and_exp></and_exp></or_exp>
</condition>

<Node id="69" bw="16" op_0_bw="32">
<![CDATA[
entry:64 %layer13_out_1_ret = extractvalue i32 %call_ret

]]></Node>
<StgValue><ssdm name="layer13_out_1_ret"/></StgValue>
</operation>

<operation id="120" st_id="31" stage="1" lat="1">
<core>NULL</core>
<MemPortIdVec></MemPortIdVec>
<condition id="-1">
<or_exp><and_exp></and_exp></or_exp>
</condition>

<Node id="70" bw="0" op_0_bw="0" op_1_bw="16" op_2_bw="16">
<![CDATA[
entry:65 %write_ln67 = write void @_ssdm_op_Write.ap_vld.i16P0A, i16 %layer13_out_1, i16 %layer13_out_1_ret

]]></Node>
<StgValue><ssdm name="write_ln67"/></StgValue>
</operation>

<operation id="121" st_id="31" stage="1" lat="1">
<core>NULL</core>
<MemPortIdVec></MemPortIdVec>
<condition id="-1">
<or_exp><and_exp></and_exp></or_exp>
</condition>

<Node id="71" bw="0">
<![CDATA[
entry:66 %ret_ln69 = ret

]]></Node>
<StgValue><ssdm name="ret_ln69"/></StgValue>
</operation>
</state>
</state_list>


<ports>
</ports>


<dataflows>
</dataflows>


</stg>
