<profile>

<section name = "Vitis HLS Report for 'myproject'" level="0">
<item name = "Date">Thu Apr 10 01:00:37 2025
</item>
<item name = "Version">2022.2 (Build 3670227 on Oct 13 2022)</item>
<item name = "Project">myproject_prj</item>
<item name = "Solution">solution1 (Vivado IP Flow Target)</item>
<item name = "Product family">zynq</item>
<item name = "Target device">xc7z020-clg484-1</item>
</section>

<section name = "Performance Estimates" level="0">
<item name = "Timing">
<section name = "" level="1">
<item name = "Summary"><table name="" hasTotal="0">
<keys size="4">Clock, Target, Estimated, Uncertainty</keys>
<column name="ap_clk">5.00 ns, 4.213 ns, 0.62 ns</column>
</table>
</item>
</section>
</item>
<item name = "Latency">
<section name = "" level="1">
<item name = "Summary"><table name="" hasTotal="0">
<keys size="8">, min, max, min, max, min, max, Type</keys>
<column name="">30, 30, 0.150 us, 0.150 us, 1, 1, yes</column>
</table>
</item>
<item name = "Detail">
<section name = "" level="1">
<item name = "Instance"><table name="" hasTotal="0">
<keys size="9">Instance, Module, min, max, min, max, min, max, Type</keys>
<column name="grp_dense_latency_ap_fixed_16_6_5_3_0_ap_fixed_16_6_5_3_0_config2_s_fu_66">dense_latency_ap_fixed_16_6_5_3_0_ap_fixed_16_6_5_3_0_config2_s, 7, 7, 35.000 ns, 35.000 ns, 1, 1, yes</column>
<column name="call_ret2_linear_ap_fixed_16_6_5_3_0_ap_fixed_16_7_4_0_0_linear_config4_s_fu_72">linear_ap_fixed_16_6_5_3_0_ap_fixed_16_7_4_0_0_linear_config4_s, 0, 0, 0 ns, 0 ns, 1, 1, yes</column>
<column name="grp_dense_latency_ap_fixed_16_7_4_0_0_ap_fixed_16_6_5_3_0_config5_s_fu_81">dense_latency_ap_fixed_16_7_4_0_0_ap_fixed_16_6_5_3_0_config5_s, 3, 3, 15.000 ns, 15.000 ns, 1, 1, yes</column>
<column name="call_ret4_linear_ap_fixed_16_6_5_3_0_ap_fixed_16_7_4_0_0_linear_config7_s_fu_90">linear_ap_fixed_16_6_5_3_0_ap_fixed_16_7_4_0_0_linear_config7_s, 0, 0, 0 ns, 0 ns, 1, 1, yes</column>
<column name="grp_dense_latency_ap_fixed_16_7_4_0_0_ap_fixed_16_6_5_3_0_config8_s_fu_101">dense_latency_ap_fixed_16_7_4_0_0_ap_fixed_16_6_5_3_0_config8_s, 3, 3, 15.000 ns, 15.000 ns, 1, 1, yes</column>
<column name="call_ret6_linear_ap_fixed_16_6_5_3_0_ap_fixed_16_7_4_0_0_linear_config10_s_fu_112">linear_ap_fixed_16_6_5_3_0_ap_fixed_16_7_4_0_0_linear_config10_s, 0, 0, 0 ns, 0 ns, 1, 1, yes</column>
<column name="grp_dense_latency_ap_fixed_16_7_4_0_0_ap_fixed_16_6_5_3_0_config11_s_fu_125">dense_latency_ap_fixed_16_7_4_0_0_ap_fixed_16_6_5_3_0_config11_s, 3, 3, 15.000 ns, 15.000 ns, 1, 1, yes</column>
<column name="grp_sigmoid_ap_fixed_16_6_5_3_0_ap_fixed_16_6_5_3_0_sigmoid_config13_s_fu_138">sigmoid_ap_fixed_16_6_5_3_0_ap_fixed_16_6_5_3_0_sigmoid_config13_s, 3, 3, 15.000 ns, 15.000 ns, 1, 1, yes</column>
</table>
</item>
<item name = "Loop"><table name="" hasTotal="0">
<keys size="8">Loop Name, min, max, Latency, achieved, target, Count, Pipelined</keys>
</table>
</item>
</section>
</item>
</section>
</item>
</section>

<section name = "Utilization Estimates" level="0">
<item name = "Summary"><table name="" hasTotal="1">
<keys size="6">Name, BRAM_18K, DSP, FF, LUT, URAM</keys>
<column name="DSP">-, -, -, -, -</column>
<column name="Expression">-, -, 0, 4, -</column>
<column name="FIFO">-, -, -, -, -</column>
<column name="Instance">1, 4, 31857, 37219, -</column>
<column name="Memory">-, -, -, -, -</column>
<column name="Multiplexer">-, -, -, 36, -</column>
<column name="Register">-, -, 13280, -, -</column>
<specialColumn name="Available">280, 220, 106400, 53200, 0</specialColumn>
<specialColumn name="Utilization (%)">~0, 1, 42, 70, 0</specialColumn>
</table>
</item>
<item name = "Detail">
<section name = "" level="1">
<item name = "Instance"><table name="" hasTotal="1">
<keys size="7">Instance, Module, BRAM_18K, DSP, FF, LUT, URAM</keys>
<column name="grp_dense_latency_ap_fixed_16_6_5_3_0_ap_fixed_16_6_5_3_0_config2_s_fu_66">dense_latency_ap_fixed_16_6_5_3_0_ap_fixed_16_6_5_3_0_config2_s, 0, 0, 29482, 33590, 0</column>
<column name="grp_dense_latency_ap_fixed_16_7_4_0_0_ap_fixed_16_6_5_3_0_config11_s_fu_125">dense_latency_ap_fixed_16_7_4_0_0_ap_fixed_16_6_5_3_0_config11_s, 0, 0, 444, 520, 0</column>
<column name="grp_dense_latency_ap_fixed_16_7_4_0_0_ap_fixed_16_6_5_3_0_config5_s_fu_81">dense_latency_ap_fixed_16_7_4_0_0_ap_fixed_16_6_5_3_0_config5_s, 0, 4, 985, 839, 0</column>
<column name="grp_dense_latency_ap_fixed_16_7_4_0_0_ap_fixed_16_6_5_3_0_config8_s_fu_101">dense_latency_ap_fixed_16_7_4_0_0_ap_fixed_16_6_5_3_0_config8_s, 0, 0, 872, 1497, 0</column>
<column name="call_ret6_linear_ap_fixed_16_6_5_3_0_ap_fixed_16_7_4_0_0_linear_config10_s_fu_112">linear_ap_fixed_16_6_5_3_0_ap_fixed_16_7_4_0_0_linear_config10_s, 0, 0, 0, 225, 0</column>
<column name="call_ret2_linear_ap_fixed_16_6_5_3_0_ap_fixed_16_7_4_0_0_linear_config4_s_fu_72">linear_ap_fixed_16_6_5_3_0_ap_fixed_16_7_4_0_0_linear_config4_s, 0, 0, 0, 125, 0</column>
<column name="call_ret4_linear_ap_fixed_16_6_5_3_0_ap_fixed_16_7_4_0_0_linear_config7_s_fu_90">linear_ap_fixed_16_6_5_3_0_ap_fixed_16_7_4_0_0_linear_config7_s, 0, 0, 0, 175, 0</column>
<column name="grp_sigmoid_ap_fixed_16_6_5_3_0_ap_fixed_16_6_5_3_0_sigmoid_config13_s_fu_138">sigmoid_ap_fixed_16_6_5_3_0_ap_fixed_16_6_5_3_0_sigmoid_config13_s, 1, 0, 74, 248, 0</column>
</table>
</item>
<item name = "DSP"><table name="" hasTotal="0">
<keys size="3">Instance, Module, Expression</keys>
</table>
</item>
<item name = "Memory"><table name="" hasTotal="1">
<keys size="10">Memory, Module, BRAM_18K, FF, LUT, URAM, Words, Bits, Banks, W*Bits*Banks</keys>
</table>
</item>
<item name = "FIFO"><table name="" hasTotal="1">
<keys size="8">Name, BRAM_18K, FF, LUT, URAM, Depth, Bits, Size:D*B</keys>
</table>
</item>
<item name = "Expression"><table name="" hasTotal="1">
<keys size="7">Variable Name, Operation, DSP, FF, LUT, Bitwidth P0, Bitwidth P1</keys>
<column name="ap_block_pp0_stage0_01001">and, 0, 0, 2, 1, 1</column>
<column name="ap_enable_pp0">xor, 0, 0, 2, 1, 2</column>
</table>
</item>
<item name = "Multiplexer"><table name="" hasTotal="1">
<keys size="5">Name, LUT, Input Size, Bits, Total Bits</keys>
<column name="fc1_input_input_ap_vld_in_sig">9, 2, 1, 2</column>
<column name="fc1_input_input_ap_vld_preg">9, 2, 1, 2</column>
<column name="fc1_input_input_blk_n">9, 2, 1, 2</column>
<column name="fc1_input_input_in_sig">9, 2, 12544, 25088</column>
</table>
</item>
<item name = "Register"><table name="" hasTotal="1">
<keys size="5">Name, FF, LUT, Bits, Const Bits</keys>
<column name="ap_CS_fsm">1, 0, 1, 0</column>
<column name="ap_enable_reg_pp0_iter1">1, 0, 1, 0</column>
<column name="ap_enable_reg_pp0_iter10">1, 0, 1, 0</column>
<column name="ap_enable_reg_pp0_iter11">1, 0, 1, 0</column>
<column name="ap_enable_reg_pp0_iter12">1, 0, 1, 0</column>
<column name="ap_enable_reg_pp0_iter13">1, 0, 1, 0</column>
<column name="ap_enable_reg_pp0_iter14">1, 0, 1, 0</column>
<column name="ap_enable_reg_pp0_iter15">1, 0, 1, 0</column>
<column name="ap_enable_reg_pp0_iter16">1, 0, 1, 0</column>
<column name="ap_enable_reg_pp0_iter17">1, 0, 1, 0</column>
<column name="ap_enable_reg_pp0_iter18">1, 0, 1, 0</column>
<column name="ap_enable_reg_pp0_iter19">1, 0, 1, 0</column>
<column name="ap_enable_reg_pp0_iter2">1, 0, 1, 0</column>
<column name="ap_enable_reg_pp0_iter20">1, 0, 1, 0</column>
<column name="ap_enable_reg_pp0_iter21">1, 0, 1, 0</column>
<column name="ap_enable_reg_pp0_iter22">1, 0, 1, 0</column>
<column name="ap_enable_reg_pp0_iter23">1, 0, 1, 0</column>
<column name="ap_enable_reg_pp0_iter24">1, 0, 1, 0</column>
<column name="ap_enable_reg_pp0_iter25">1, 0, 1, 0</column>
<column name="ap_enable_reg_pp0_iter26">1, 0, 1, 0</column>
<column name="ap_enable_reg_pp0_iter27">1, 0, 1, 0</column>
<column name="ap_enable_reg_pp0_iter28">1, 0, 1, 0</column>
<column name="ap_enable_reg_pp0_iter29">1, 0, 1, 0</column>
<column name="ap_enable_reg_pp0_iter3">1, 0, 1, 0</column>
<column name="ap_enable_reg_pp0_iter30">1, 0, 1, 0</column>
<column name="ap_enable_reg_pp0_iter4">1, 0, 1, 0</column>
<column name="ap_enable_reg_pp0_iter5">1, 0, 1, 0</column>
<column name="ap_enable_reg_pp0_iter6">1, 0, 1, 0</column>
<column name="ap_enable_reg_pp0_iter7">1, 0, 1, 0</column>
<column name="ap_enable_reg_pp0_iter8">1, 0, 1, 0</column>
<column name="ap_enable_reg_pp0_iter9">1, 0, 1, 0</column>
<column name="empty_reg_511">15, 0, 15, 0</column>
<column name="fc1_input_input_ap_vld_preg">1, 0, 1, 0</column>
<column name="fc1_input_input_preg">12544, 0, 12544, 0</column>
<column name="grp_sigmoid_ap_fixed_16_6_5_3_0_ap_fixed_16_6_5_3_0_sigmoid_config13_s_fu_138_ap_start_reg">1, 0, 1, 0</column>
<column name="layer10_out_V_2_reg_516">16, 0, 16, 0</column>
<column name="layer10_out_V_3_reg_521">16, 0, 16, 0</column>
<column name="layer10_out_V_4_reg_526">16, 0, 16, 0</column>
<column name="layer10_out_V_5_reg_531">16, 0, 16, 0</column>
<column name="layer10_out_V_6_reg_536">16, 0, 16, 0</column>
<column name="layer10_out_V_7_reg_541">16, 0, 16, 0</column>
<column name="layer10_out_V_8_reg_546">16, 0, 16, 0</column>
<column name="layer10_out_V_reg_506">16, 0, 16, 0</column>
<column name="layer11_out_V_1_reg_556">16, 0, 16, 0</column>
<column name="layer11_out_V_reg_551">16, 0, 16, 0</column>
<column name="layer2_out_V_1_reg_346">16, 0, 16, 0</column>
<column name="layer2_out_V_2_reg_351">16, 0, 16, 0</column>
<column name="layer2_out_V_3_reg_356">16, 0, 16, 0</column>
<column name="layer2_out_V_4_reg_361">16, 0, 16, 0</column>
<column name="layer2_out_V_reg_341">16, 0, 16, 0</column>
<column name="layer4_out_V_1_reg_371">16, 0, 16, 0</column>
<column name="layer4_out_V_2_reg_376">16, 0, 16, 0</column>
<column name="layer4_out_V_3_reg_381">16, 0, 16, 0</column>
<column name="layer4_out_V_4_reg_386">16, 0, 16, 0</column>
<column name="layer4_out_V_reg_366">16, 0, 16, 0</column>
<column name="layer5_out_V_1_reg_396">16, 0, 16, 0</column>
<column name="layer5_out_V_2_reg_401">16, 0, 16, 0</column>
<column name="layer5_out_V_3_reg_406">16, 0, 16, 0</column>
<column name="layer5_out_V_4_reg_411">16, 0, 16, 0</column>
<column name="layer5_out_V_5_reg_416">16, 0, 16, 0</column>
<column name="layer5_out_V_6_reg_421">16, 0, 16, 0</column>
<column name="layer5_out_V_reg_391">16, 0, 16, 0</column>
<column name="layer7_out_V_1_reg_431">16, 0, 16, 0</column>
<column name="layer7_out_V_2_reg_436">16, 0, 16, 0</column>
<column name="layer7_out_V_3_reg_441">16, 0, 16, 0</column>
<column name="layer7_out_V_4_reg_446">16, 0, 16, 0</column>
<column name="layer7_out_V_5_reg_451">16, 0, 16, 0</column>
<column name="layer7_out_V_6_reg_456">16, 0, 16, 0</column>
<column name="layer7_out_V_reg_426">16, 0, 16, 0</column>
<column name="layer8_out_V_1_reg_466">16, 0, 16, 0</column>
<column name="layer8_out_V_2_reg_471">16, 0, 16, 0</column>
<column name="layer8_out_V_3_reg_476">16, 0, 16, 0</column>
<column name="layer8_out_V_4_reg_481">16, 0, 16, 0</column>
<column name="layer8_out_V_5_reg_486">16, 0, 16, 0</column>
<column name="layer8_out_V_6_reg_491">16, 0, 16, 0</column>
<column name="layer8_out_V_7_reg_496">16, 0, 16, 0</column>
<column name="layer8_out_V_8_reg_501">16, 0, 16, 0</column>
<column name="layer8_out_V_reg_461">16, 0, 16, 0</column>
</table>
</item>
</section>
</item>
</section>

<section name = "Interface" level="0">
<item name = "Summary"><table name="" hasTotal="0">
<keys size="6">RTL Ports, Dir, Bits, Protocol, Source Object, C Type</keys>
<column name="ap_clk">in, 1, ap_ctrl_hs, myproject, return value</column>
<column name="ap_rst">in, 1, ap_ctrl_hs, myproject, return value</column>
<column name="ap_start">in, 1, ap_ctrl_hs, myproject, return value</column>
<column name="ap_done">out, 1, ap_ctrl_hs, myproject, return value</column>
<column name="ap_idle">out, 1, ap_ctrl_hs, myproject, return value</column>
<column name="ap_ready">out, 1, ap_ctrl_hs, myproject, return value</column>
<column name="fc1_input_input_ap_vld">in, 1, ap_vld, fc1_input_input, pointer</column>
<column name="fc1_input_input">in, 12544, ap_vld, fc1_input_input, pointer</column>
<column name="layer13_out_0">out, 16, ap_vld, layer13_out_0, pointer</column>
<column name="layer13_out_0_ap_vld">out, 1, ap_vld, layer13_out_0, pointer</column>
<column name="layer13_out_1">out, 16, ap_vld, layer13_out_1, pointer</column>
<column name="layer13_out_1_ap_vld">out, 1, ap_vld, layer13_out_1, pointer</column>
</table>
</item>
</section>
</profile>
