<stg><name>myproject</name>


<trans_list>

<trans id="153" from="1" to="2">
<condition id="-1">
<or_exp><and_exp></and_exp></or_exp>
</condition>
</trans>

<trans id="154" from="2" to="3">
<condition id="-1">
<or_exp><and_exp></and_exp></or_exp>
</condition>
</trans>

<trans id="155" from="3" to="4">
<condition id="-1">
<or_exp><and_exp></and_exp></or_exp>
</condition>
</trans>

<trans id="156" from="4" to="5">
<condition id="-1">
<or_exp><and_exp></and_exp></or_exp>
</condition>
</trans>

<trans id="157" from="5" to="6">
<condition id="-1">
<or_exp><and_exp></and_exp></or_exp>
</condition>
</trans>

<trans id="158" from="6" to="7">
<condition id="-1">
<or_exp><and_exp></and_exp></or_exp>
</condition>
</trans>

<trans id="159" from="7" to="8">
<condition id="-1">
<or_exp><and_exp></and_exp></or_exp>
</condition>
</trans>

<trans id="160" from="8" to="9">
<condition id="-1">
<or_exp><and_exp></and_exp></or_exp>
</condition>
</trans>

<trans id="161" from="9" to="10">
<condition id="-1">
<or_exp><and_exp></and_exp></or_exp>
</condition>
</trans>

<trans id="162" from="10" to="11">
<condition id="-1">
<or_exp><and_exp></and_exp></or_exp>
</condition>
</trans>

<trans id="163" from="11" to="12">
<condition id="-1">
<or_exp><and_exp></and_exp></or_exp>
</condition>
</trans>

<trans id="164" from="12" to="13">
<condition id="-1">
<or_exp><and_exp></and_exp></or_exp>
</condition>
</trans>

<trans id="165" from="13" to="14">
<condition id="-1">
<or_exp><and_exp></and_exp></or_exp>
</condition>
</trans>

<trans id="166" from="14" to="15">
<condition id="-1">
<or_exp><and_exp></and_exp></or_exp>
</condition>
</trans>

<trans id="167" from="15" to="16">
<condition id="-1">
<or_exp><and_exp></and_exp></or_exp>
</condition>
</trans>

<trans id="168" from="16" to="17">
<condition id="-1">
<or_exp><and_exp></and_exp></or_exp>
</condition>
</trans>

<trans id="169" from="17" to="18">
<condition id="-1">
<or_exp><and_exp></and_exp></or_exp>
</condition>
</trans>

<trans id="170" from="18" to="19">
<condition id="-1">
<or_exp><and_exp></and_exp></or_exp>
</condition>
</trans>

<trans id="171" from="19" to="20">
<condition id="-1">
<or_exp><and_exp></and_exp></or_exp>
</condition>
</trans>

<trans id="172" from="20" to="21">
<condition id="-1">
<or_exp><and_exp></and_exp></or_exp>
</condition>
</trans>

<trans id="173" from="21" to="22">
<condition id="-1">
<or_exp><and_exp></and_exp></or_exp>
</condition>
</trans>

<trans id="174" from="22" to="23">
<condition id="-1">
<or_exp><and_exp></and_exp></or_exp>
</condition>
</trans>

<trans id="175" from="23" to="24">
<condition id="-1">
<or_exp><and_exp></and_exp></or_exp>
</condition>
</trans>

<trans id="176" from="24" to="25">
<condition id="-1">
<or_exp><and_exp></and_exp></or_exp>
</condition>
</trans>

<trans id="177" from="25" to="26">
<condition id="-1">
<or_exp><and_exp></and_exp></or_exp>
</condition>
</trans>

<trans id="178" from="26" to="27">
<condition id="-1">
<or_exp><and_exp></and_exp></or_exp>
</condition>
</trans>

<trans id="179" from="27" to="28">
<condition id="-1">
<or_exp><and_exp></and_exp></or_exp>
</condition>
</trans>

<trans id="180" from="28" to="29">
<condition id="-1">
<or_exp><and_exp></and_exp></or_exp>
</condition>
</trans>

<trans id="181" from="29" to="30">
<condition id="-1">
<or_exp><and_exp></and_exp></or_exp>
</condition>
</trans>

<trans id="182" from="30" to="31">
<condition id="-1">
<or_exp><and_exp></and_exp></or_exp>
</condition>
</trans>
</trans_list>



<state_list>

<state id="1" st_id="1">

<operation id="32" st_id="1" stage="1" lat="1">
<core>NULL</core>
<MemPortIdVec></MemPortIdVec>
<condition id="-1">
<or_exp><and_exp></and_exp></or_exp>
</condition>

<Node id="13" bw="12544" op_0_bw="12544" op_1_bw="12544">
<![CDATA[
entry:8 %fc1_input_input_read = read i12544 @_ssdm_op_Read.ap_vld.i12544P0A, i12544 %fc1_input_input

]]></Node>
<StgValue><ssdm name="fc1_input_input_read"/></StgValue>
</operation>

<operation id="33" st_id="1" stage="9" lat="9">
<core></core>
<MemPortIdVec></MemPortIdVec>
<condition id="-1">
<or_exp><and_exp></and_exp></or_exp>
</condition>

<Node id="14" bw="80" op_0_bw="80" op_1_bw="12544">
<![CDATA[
entry:9 %call_ret1 = call i80 @dense_latency<ap_fixed<16, 6, 5, 3, 0>, ap_fixed<16, 6, 5, 3, 0>, config2>, i12544 %fc1_input_input_read

]]></Node>
<StgValue><ssdm name="call_ret1"/></StgValue>
</operation>
</state>

<state id="2" st_id="2">

<operation id="34" st_id="2" stage="8" lat="9">
<core></core>
<MemPortIdVec></MemPortIdVec>
<condition id="-1">
<or_exp><and_exp></and_exp></or_exp>
</condition>

<Node id="14" bw="80" op_0_bw="80" op_1_bw="12544">
<![CDATA[
entry:9 %call_ret1 = call i80 @dense_latency<ap_fixed<16, 6, 5, 3, 0>, ap_fixed<16, 6, 5, 3, 0>, config2>, i12544 %fc1_input_input_read

]]></Node>
<StgValue><ssdm name="call_ret1"/></StgValue>
</operation>
</state>

<state id="3" st_id="3">

<operation id="35" st_id="3" stage="7" lat="9">
<core></core>
<MemPortIdVec></MemPortIdVec>
<condition id="-1">
<or_exp><and_exp></and_exp></or_exp>
</condition>

<Node id="14" bw="80" op_0_bw="80" op_1_bw="12544">
<![CDATA[
entry:9 %call_ret1 = call i80 @dense_latency<ap_fixed<16, 6, 5, 3, 0>, ap_fixed<16, 6, 5, 3, 0>, config2>, i12544 %fc1_input_input_read

]]></Node>
<StgValue><ssdm name="call_ret1"/></StgValue>
</operation>
</state>

<state id="4" st_id="4">

<operation id="36" st_id="4" stage="6" lat="9">
<core></core>
<MemPortIdVec></MemPortIdVec>
<condition id="-1">
<or_exp><and_exp></and_exp></or_exp>
</condition>

<Node id="14" bw="80" op_0_bw="80" op_1_bw="12544">
<![CDATA[
entry:9 %call_ret1 = call i80 @dense_latency<ap_fixed<16, 6, 5, 3, 0>, ap_fixed<16, 6, 5, 3, 0>, config2>, i12544 %fc1_input_input_read

]]></Node>
<StgValue><ssdm name="call_ret1"/></StgValue>
</operation>
</state>

<state id="5" st_id="5">

<operation id="37" st_id="5" stage="5" lat="9">
<core></core>
<MemPortIdVec></MemPortIdVec>
<condition id="-1">
<or_exp><and_exp></and_exp></or_exp>
</condition>

<Node id="14" bw="80" op_0_bw="80" op_1_bw="12544">
<![CDATA[
entry:9 %call_ret1 = call i80 @dense_latency<ap_fixed<16, 6, 5, 3, 0>, ap_fixed<16, 6, 5, 3, 0>, config2>, i12544 %fc1_input_input_read

]]></Node>
<StgValue><ssdm name="call_ret1"/></StgValue>
</operation>
</state>

<state id="6" st_id="6">

<operation id="38" st_id="6" stage="4" lat="9">
<core></core>
<MemPortIdVec></MemPortIdVec>
<condition id="-1">
<or_exp><and_exp></and_exp></or_exp>
</condition>

<Node id="14" bw="80" op_0_bw="80" op_1_bw="12544">
<![CDATA[
entry:9 %call_ret1 = call i80 @dense_latency<ap_fixed<16, 6, 5, 3, 0>, ap_fixed<16, 6, 5, 3, 0>, config2>, i12544 %fc1_input_input_read

]]></Node>
<StgValue><ssdm name="call_ret1"/></StgValue>
</operation>
</state>

<state id="7" st_id="7">

<operation id="39" st_id="7" stage="3" lat="9">
<core></core>
<MemPortIdVec></MemPortIdVec>
<condition id="-1">
<or_exp><and_exp></and_exp></or_exp>
</condition>

<Node id="14" bw="80" op_0_bw="80" op_1_bw="12544">
<![CDATA[
entry:9 %call_ret1 = call i80 @dense_latency<ap_fixed<16, 6, 5, 3, 0>, ap_fixed<16, 6, 5, 3, 0>, config2>, i12544 %fc1_input_input_read

]]></Node>
<StgValue><ssdm name="call_ret1"/></StgValue>
</operation>
</state>

<state id="8" st_id="8">

<operation id="40" st_id="8" stage="2" lat="9">
<core></core>
<MemPortIdVec></MemPortIdVec>
<condition id="-1">
<or_exp><and_exp></and_exp></or_exp>
</condition>

<Node id="14" bw="80" op_0_bw="80" op_1_bw="12544">
<![CDATA[
entry:9 %call_ret1 = call i80 @dense_latency<ap_fixed<16, 6, 5, 3, 0>, ap_fixed<16, 6, 5, 3, 0>, config2>, i12544 %fc1_input_input_read

]]></Node>
<StgValue><ssdm name="call_ret1"/></StgValue>
</operation>
</state>

<state id="9" st_id="9">

<operation id="41" st_id="9" stage="1" lat="9">
<core></core>
<MemPortIdVec></MemPortIdVec>
<condition id="-1">
<or_exp><and_exp></and_exp></or_exp>
</condition>

<Node id="14" bw="80" op_0_bw="80" op_1_bw="12544">
<![CDATA[
entry:9 %call_ret1 = call i80 @dense_latency<ap_fixed<16, 6, 5, 3, 0>, ap_fixed<16, 6, 5, 3, 0>, config2>, i12544 %fc1_input_input_read

]]></Node>
<StgValue><ssdm name="call_ret1"/></StgValue>
</operation>

<operation id="42" st_id="9" stage="1" lat="1">
<core>NULL</core>
<MemPortIdVec></MemPortIdVec>
<condition id="-1">
<or_exp><and_exp></and_exp></or_exp>
</condition>

<Node id="15" bw="16" op_0_bw="80">
<![CDATA[
entry:10 %layer2_out_V = extractvalue i80 %call_ret1

]]></Node>
<StgValue><ssdm name="layer2_out_V"/></StgValue>
</operation>

<operation id="43" st_id="9" stage="1" lat="1">
<core>NULL</core>
<MemPortIdVec></MemPortIdVec>
<condition id="-1">
<or_exp><and_exp></and_exp></or_exp>
</condition>

<Node id="16" bw="16" op_0_bw="80">
<![CDATA[
entry:11 %layer2_out_V_1 = extractvalue i80 %call_ret1

]]></Node>
<StgValue><ssdm name="layer2_out_V_1"/></StgValue>
</operation>

<operation id="44" st_id="9" stage="1" lat="1">
<core>NULL</core>
<MemPortIdVec></MemPortIdVec>
<condition id="-1">
<or_exp><and_exp></and_exp></or_exp>
</condition>

<Node id="17" bw="16" op_0_bw="80">
<![CDATA[
entry:12 %layer2_out_V_2 = extractvalue i80 %call_ret1

]]></Node>
<StgValue><ssdm name="layer2_out_V_2"/></StgValue>
</operation>

<operation id="45" st_id="9" stage="1" lat="1">
<core>NULL</core>
<MemPortIdVec></MemPortIdVec>
<condition id="-1">
<or_exp><and_exp></and_exp></or_exp>
</condition>

<Node id="18" bw="16" op_0_bw="80">
<![CDATA[
entry:13 %layer2_out_V_3 = extractvalue i80 %call_ret1

]]></Node>
<StgValue><ssdm name="layer2_out_V_3"/></StgValue>
</operation>

<operation id="46" st_id="9" stage="1" lat="1">
<core>NULL</core>
<MemPortIdVec></MemPortIdVec>
<condition id="-1">
<or_exp><and_exp></and_exp></or_exp>
</condition>

<Node id="19" bw="16" op_0_bw="80">
<![CDATA[
entry:14 %layer2_out_V_4 = extractvalue i80 %call_ret1

]]></Node>
<StgValue><ssdm name="layer2_out_V_4"/></StgValue>
</operation>
</state>

<state id="10" st_id="10">

<operation id="47" st_id="10" stage="1" lat="1">
<core></core>
<MemPortIdVec></MemPortIdVec>
<condition id="-1">
<or_exp><and_exp></and_exp></or_exp>
</condition>

<Node id="20" bw="80" op_0_bw="80" op_1_bw="16" op_2_bw="16" op_3_bw="16" op_4_bw="16" op_5_bw="16">
<![CDATA[
entry:15 %call_ret2 = call i80 @linear<ap_fixed<16, 6, 5, 3, 0>, ap_fixed<16, 7, 4, 0, 0>, linear_config4>, i16 %layer2_out_V, i16 %layer2_out_V_1, i16 %layer2_out_V_2, i16 %layer2_out_V_3, i16 %layer2_out_V_4

]]></Node>
<StgValue><ssdm name="call_ret2"/></StgValue>
</operation>

<operation id="48" st_id="10" stage="1" lat="1">
<core>NULL</core>
<MemPortIdVec></MemPortIdVec>
<condition id="-1">
<or_exp><and_exp></and_exp></or_exp>
</condition>

<Node id="21" bw="16" op_0_bw="80">
<![CDATA[
entry:16 %layer4_out_V = extractvalue i80 %call_ret2

]]></Node>
<StgValue><ssdm name="layer4_out_V"/></StgValue>
</operation>

<operation id="49" st_id="10" stage="1" lat="1">
<core>NULL</core>
<MemPortIdVec></MemPortIdVec>
<condition id="-1">
<or_exp><and_exp></and_exp></or_exp>
</condition>

<Node id="22" bw="16" op_0_bw="80">
<![CDATA[
entry:17 %layer4_out_V_1 = extractvalue i80 %call_ret2

]]></Node>
<StgValue><ssdm name="layer4_out_V_1"/></StgValue>
</operation>

<operation id="50" st_id="10" stage="1" lat="1">
<core>NULL</core>
<MemPortIdVec></MemPortIdVec>
<condition id="-1">
<or_exp><and_exp></and_exp></or_exp>
</condition>

<Node id="23" bw="16" op_0_bw="80">
<![CDATA[
entry:18 %layer4_out_V_2 = extractvalue i80 %call_ret2

]]></Node>
<StgValue><ssdm name="layer4_out_V_2"/></StgValue>
</operation>

<operation id="51" st_id="10" stage="1" lat="1">
<core>NULL</core>
<MemPortIdVec></MemPortIdVec>
<condition id="-1">
<or_exp><and_exp></and_exp></or_exp>
</condition>

<Node id="24" bw="16" op_0_bw="80">
<![CDATA[
entry:19 %layer4_out_V_3 = extractvalue i80 %call_ret2

]]></Node>
<StgValue><ssdm name="layer4_out_V_3"/></StgValue>
</operation>

<operation id="52" st_id="10" stage="1" lat="1">
<core>NULL</core>
<MemPortIdVec></MemPortIdVec>
<condition id="-1">
<or_exp><and_exp></and_exp></or_exp>
</condition>

<Node id="25" bw="16" op_0_bw="80">
<![CDATA[
entry:20 %layer4_out_V_4 = extractvalue i80 %call_ret2

]]></Node>
<StgValue><ssdm name="layer4_out_V_4"/></StgValue>
</operation>
</state>

<state id="11" st_id="11">

<operation id="53" st_id="11" stage="5" lat="5">
<core></core>
<MemPortIdVec></MemPortIdVec>
<condition id="-1">
<or_exp><and_exp></and_exp></or_exp>
</condition>

<Node id="26" bw="112" op_0_bw="112" op_1_bw="16" op_2_bw="16" op_3_bw="16" op_4_bw="16" op_5_bw="16">
<![CDATA[
entry:21 %call_ret3 = call i112 @dense_latency<ap_fixed<16, 7, 4, 0, 0>, ap_fixed<16, 6, 5, 3, 0>, config5>, i16 %layer4_out_V, i16 %layer4_out_V_1, i16 %layer4_out_V_2, i16 %layer4_out_V_3, i16 %layer4_out_V_4

]]></Node>
<StgValue><ssdm name="call_ret3"/></StgValue>
</operation>
</state>

<state id="12" st_id="12">

<operation id="54" st_id="12" stage="4" lat="5">
<core></core>
<MemPortIdVec></MemPortIdVec>
<condition id="-1">
<or_exp><and_exp></and_exp></or_exp>
</condition>

<Node id="26" bw="112" op_0_bw="112" op_1_bw="16" op_2_bw="16" op_3_bw="16" op_4_bw="16" op_5_bw="16">
<![CDATA[
entry:21 %call_ret3 = call i112 @dense_latency<ap_fixed<16, 7, 4, 0, 0>, ap_fixed<16, 6, 5, 3, 0>, config5>, i16 %layer4_out_V, i16 %layer4_out_V_1, i16 %layer4_out_V_2, i16 %layer4_out_V_3, i16 %layer4_out_V_4

]]></Node>
<StgValue><ssdm name="call_ret3"/></StgValue>
</operation>
</state>

<state id="13" st_id="13">

<operation id="55" st_id="13" stage="3" lat="5">
<core></core>
<MemPortIdVec></MemPortIdVec>
<condition id="-1">
<or_exp><and_exp></and_exp></or_exp>
</condition>

<Node id="26" bw="112" op_0_bw="112" op_1_bw="16" op_2_bw="16" op_3_bw="16" op_4_bw="16" op_5_bw="16">
<![CDATA[
entry:21 %call_ret3 = call i112 @dense_latency<ap_fixed<16, 7, 4, 0, 0>, ap_fixed<16, 6, 5, 3, 0>, config5>, i16 %layer4_out_V, i16 %layer4_out_V_1, i16 %layer4_out_V_2, i16 %layer4_out_V_3, i16 %layer4_out_V_4

]]></Node>
<StgValue><ssdm name="call_ret3"/></StgValue>
</operation>
</state>

<state id="14" st_id="14">

<operation id="56" st_id="14" stage="2" lat="5">
<core></core>
<MemPortIdVec></MemPortIdVec>
<condition id="-1">
<or_exp><and_exp></and_exp></or_exp>
</condition>

<Node id="26" bw="112" op_0_bw="112" op_1_bw="16" op_2_bw="16" op_3_bw="16" op_4_bw="16" op_5_bw="16">
<![CDATA[
entry:21 %call_ret3 = call i112 @dense_latency<ap_fixed<16, 7, 4, 0, 0>, ap_fixed<16, 6, 5, 3, 0>, config5>, i16 %layer4_out_V, i16 %layer4_out_V_1, i16 %layer4_out_V_2, i16 %layer4_out_V_3, i16 %layer4_out_V_4

]]></Node>
<StgValue><ssdm name="call_ret3"/></StgValue>
</operation>
</state>

<state id="15" st_id="15">

<operation id="57" st_id="15" stage="1" lat="5">
<core></core>
<MemPortIdVec></MemPortIdVec>
<condition id="-1">
<or_exp><and_exp></and_exp></or_exp>
</condition>

<Node id="26" bw="112" op_0_bw="112" op_1_bw="16" op_2_bw="16" op_3_bw="16" op_4_bw="16" op_5_bw="16">
<![CDATA[
entry:21 %call_ret3 = call i112 @dense_latency<ap_fixed<16, 7, 4, 0, 0>, ap_fixed<16, 6, 5, 3, 0>, config5>, i16 %layer4_out_V, i16 %layer4_out_V_1, i16 %layer4_out_V_2, i16 %layer4_out_V_3, i16 %layer4_out_V_4

]]></Node>
<StgValue><ssdm name="call_ret3"/></StgValue>
</operation>

<operation id="58" st_id="15" stage="1" lat="1">
<core>NULL</core>
<MemPortIdVec></MemPortIdVec>
<condition id="-1">
<or_exp><and_exp></and_exp></or_exp>
</condition>

<Node id="27" bw="16" op_0_bw="112">
<![CDATA[
entry:22 %layer5_out_V = extractvalue i112 %call_ret3

]]></Node>
<StgValue><ssdm name="layer5_out_V"/></StgValue>
</operation>

<operation id="59" st_id="15" stage="1" lat="1">
<core>NULL</core>
<MemPortIdVec></MemPortIdVec>
<condition id="-1">
<or_exp><and_exp></and_exp></or_exp>
</condition>

<Node id="28" bw="16" op_0_bw="112">
<![CDATA[
entry:23 %layer5_out_V_1 = extractvalue i112 %call_ret3

]]></Node>
<StgValue><ssdm name="layer5_out_V_1"/></StgValue>
</operation>

<operation id="60" st_id="15" stage="1" lat="1">
<core>NULL</core>
<MemPortIdVec></MemPortIdVec>
<condition id="-1">
<or_exp><and_exp></and_exp></or_exp>
</condition>

<Node id="29" bw="16" op_0_bw="112">
<![CDATA[
entry:24 %layer5_out_V_2 = extractvalue i112 %call_ret3

]]></Node>
<StgValue><ssdm name="layer5_out_V_2"/></StgValue>
</operation>

<operation id="61" st_id="15" stage="1" lat="1">
<core>NULL</core>
<MemPortIdVec></MemPortIdVec>
<condition id="-1">
<or_exp><and_exp></and_exp></or_exp>
</condition>

<Node id="30" bw="16" op_0_bw="112">
<![CDATA[
entry:25 %layer5_out_V_3 = extractvalue i112 %call_ret3

]]></Node>
<StgValue><ssdm name="layer5_out_V_3"/></StgValue>
</operation>

<operation id="62" st_id="15" stage="1" lat="1">
<core>NULL</core>
<MemPortIdVec></MemPortIdVec>
<condition id="-1">
<or_exp><and_exp></and_exp></or_exp>
</condition>

<Node id="31" bw="16" op_0_bw="112">
<![CDATA[
entry:26 %layer5_out_V_4 = extractvalue i112 %call_ret3

]]></Node>
<StgValue><ssdm name="layer5_out_V_4"/></StgValue>
</operation>

<operation id="63" st_id="15" stage="1" lat="1">
<core>NULL</core>
<MemPortIdVec></MemPortIdVec>
<condition id="-1">
<or_exp><and_exp></and_exp></or_exp>
</condition>

<Node id="32" bw="16" op_0_bw="112">
<![CDATA[
entry:27 %layer5_out_V_5 = extractvalue i112 %call_ret3

]]></Node>
<StgValue><ssdm name="layer5_out_V_5"/></StgValue>
</operation>

<operation id="64" st_id="15" stage="1" lat="1">
<core>NULL</core>
<MemPortIdVec></MemPortIdVec>
<condition id="-1">
<or_exp><and_exp></and_exp></or_exp>
</condition>

<Node id="33" bw="16" op_0_bw="112">
<![CDATA[
entry:28 %layer5_out_V_6 = extractvalue i112 %call_ret3

]]></Node>
<StgValue><ssdm name="layer5_out_V_6"/></StgValue>
</operation>
</state>

<state id="16" st_id="16">

<operation id="65" st_id="16" stage="1" lat="1">
<core></core>
<MemPortIdVec></MemPortIdVec>
<condition id="-1">
<or_exp><and_exp></and_exp></or_exp>
</condition>

<Node id="34" bw="112" op_0_bw="112" op_1_bw="16" op_2_bw="16" op_3_bw="16" op_4_bw="16" op_5_bw="16" op_6_bw="16" op_7_bw="16">
<![CDATA[
entry:29 %call_ret4 = call i112 @linear<ap_fixed<16, 6, 5, 3, 0>, ap_fixed<16, 7, 4, 0, 0>, linear_config7>, i16 %layer5_out_V, i16 %layer5_out_V_1, i16 %layer5_out_V_2, i16 %layer5_out_V_3, i16 %layer5_out_V_4, i16 %layer5_out_V_5, i16 %layer5_out_V_6

]]></Node>
<StgValue><ssdm name="call_ret4"/></StgValue>
</operation>

<operation id="66" st_id="16" stage="1" lat="1">
<core>NULL</core>
<MemPortIdVec></MemPortIdVec>
<condition id="-1">
<or_exp><and_exp></and_exp></or_exp>
</condition>

<Node id="35" bw="16" op_0_bw="112">
<![CDATA[
entry:30 %layer7_out_V = extractvalue i112 %call_ret4

]]></Node>
<StgValue><ssdm name="layer7_out_V"/></StgValue>
</operation>

<operation id="67" st_id="16" stage="1" lat="1">
<core>NULL</core>
<MemPortIdVec></MemPortIdVec>
<condition id="-1">
<or_exp><and_exp></and_exp></or_exp>
</condition>

<Node id="36" bw="16" op_0_bw="112">
<![CDATA[
entry:31 %layer7_out_V_1 = extractvalue i112 %call_ret4

]]></Node>
<StgValue><ssdm name="layer7_out_V_1"/></StgValue>
</operation>

<operation id="68" st_id="16" stage="1" lat="1">
<core>NULL</core>
<MemPortIdVec></MemPortIdVec>
<condition id="-1">
<or_exp><and_exp></and_exp></or_exp>
</condition>

<Node id="37" bw="16" op_0_bw="112">
<![CDATA[
entry:32 %layer7_out_V_2 = extractvalue i112 %call_ret4

]]></Node>
<StgValue><ssdm name="layer7_out_V_2"/></StgValue>
</operation>

<operation id="69" st_id="16" stage="1" lat="1">
<core>NULL</core>
<MemPortIdVec></MemPortIdVec>
<condition id="-1">
<or_exp><and_exp></and_exp></or_exp>
</condition>

<Node id="38" bw="16" op_0_bw="112">
<![CDATA[
entry:33 %layer7_out_V_3 = extractvalue i112 %call_ret4

]]></Node>
<StgValue><ssdm name="layer7_out_V_3"/></StgValue>
</operation>

<operation id="70" st_id="16" stage="1" lat="1">
<core>NULL</core>
<MemPortIdVec></MemPortIdVec>
<condition id="-1">
<or_exp><and_exp></and_exp></or_exp>
</condition>

<Node id="39" bw="16" op_0_bw="112">
<![CDATA[
entry:34 %layer7_out_V_4 = extractvalue i112 %call_ret4

]]></Node>
<StgValue><ssdm name="layer7_out_V_4"/></StgValue>
</operation>

<operation id="71" st_id="16" stage="1" lat="1">
<core>NULL</core>
<MemPortIdVec></MemPortIdVec>
<condition id="-1">
<or_exp><and_exp></and_exp></or_exp>
</condition>

<Node id="40" bw="16" op_0_bw="112">
<![CDATA[
entry:35 %layer7_out_V_5 = extractvalue i112 %call_ret4

]]></Node>
<StgValue><ssdm name="layer7_out_V_5"/></StgValue>
</operation>

<operation id="72" st_id="16" stage="1" lat="1">
<core>NULL</core>
<MemPortIdVec></MemPortIdVec>
<condition id="-1">
<or_exp><and_exp></and_exp></or_exp>
</condition>

<Node id="41" bw="16" op_0_bw="112">
<![CDATA[
entry:36 %layer7_out_V_6 = extractvalue i112 %call_ret4

]]></Node>
<StgValue><ssdm name="layer7_out_V_6"/></StgValue>
</operation>
</state>

<state id="17" st_id="17">

<operation id="73" st_id="17" stage="5" lat="5">
<core></core>
<MemPortIdVec></MemPortIdVec>
<condition id="-1">
<or_exp><and_exp></and_exp></or_exp>
</condition>

<Node id="42" bw="144" op_0_bw="144" op_1_bw="16" op_2_bw="16" op_3_bw="16" op_4_bw="16" op_5_bw="16" op_6_bw="16" op_7_bw="16">
<![CDATA[
entry:37 %call_ret5 = call i144 @dense_latency<ap_fixed<16, 7, 4, 0, 0>, ap_fixed<16, 6, 5, 3, 0>, config8>, i16 %layer7_out_V, i16 %layer7_out_V_1, i16 %layer7_out_V_2, i16 %layer7_out_V_3, i16 %layer7_out_V_4, i16 %layer7_out_V_5, i16 %layer7_out_V_6

]]></Node>
<StgValue><ssdm name="call_ret5"/></StgValue>
</operation>
</state>

<state id="18" st_id="18">

<operation id="74" st_id="18" stage="4" lat="5">
<core></core>
<MemPortIdVec></MemPortIdVec>
<condition id="-1">
<or_exp><and_exp></and_exp></or_exp>
</condition>

<Node id="42" bw="144" op_0_bw="144" op_1_bw="16" op_2_bw="16" op_3_bw="16" op_4_bw="16" op_5_bw="16" op_6_bw="16" op_7_bw="16">
<![CDATA[
entry:37 %call_ret5 = call i144 @dense_latency<ap_fixed<16, 7, 4, 0, 0>, ap_fixed<16, 6, 5, 3, 0>, config8>, i16 %layer7_out_V, i16 %layer7_out_V_1, i16 %layer7_out_V_2, i16 %layer7_out_V_3, i16 %layer7_out_V_4, i16 %layer7_out_V_5, i16 %layer7_out_V_6

]]></Node>
<StgValue><ssdm name="call_ret5"/></StgValue>
</operation>
</state>

<state id="19" st_id="19">

<operation id="75" st_id="19" stage="3" lat="5">
<core></core>
<MemPortIdVec></MemPortIdVec>
<condition id="-1">
<or_exp><and_exp></and_exp></or_exp>
</condition>

<Node id="42" bw="144" op_0_bw="144" op_1_bw="16" op_2_bw="16" op_3_bw="16" op_4_bw="16" op_5_bw="16" op_6_bw="16" op_7_bw="16">
<![CDATA[
entry:37 %call_ret5 = call i144 @dense_latency<ap_fixed<16, 7, 4, 0, 0>, ap_fixed<16, 6, 5, 3, 0>, config8>, i16 %layer7_out_V, i16 %layer7_out_V_1, i16 %layer7_out_V_2, i16 %layer7_out_V_3, i16 %layer7_out_V_4, i16 %layer7_out_V_5, i16 %layer7_out_V_6

]]></Node>
<StgValue><ssdm name="call_ret5"/></StgValue>
</operation>
</state>

<state id="20" st_id="20">

<operation id="76" st_id="20" stage="2" lat="5">
<core></core>
<MemPortIdVec></MemPortIdVec>
<condition id="-1">
<or_exp><and_exp></and_exp></or_exp>
</condition>

<Node id="42" bw="144" op_0_bw="144" op_1_bw="16" op_2_bw="16" op_3_bw="16" op_4_bw="16" op_5_bw="16" op_6_bw="16" op_7_bw="16">
<![CDATA[
entry:37 %call_ret5 = call i144 @dense_latency<ap_fixed<16, 7, 4, 0, 0>, ap_fixed<16, 6, 5, 3, 0>, config8>, i16 %layer7_out_V, i16 %layer7_out_V_1, i16 %layer7_out_V_2, i16 %layer7_out_V_3, i16 %layer7_out_V_4, i16 %layer7_out_V_5, i16 %layer7_out_V_6

]]></Node>
<StgValue><ssdm name="call_ret5"/></StgValue>
</operation>
</state>

<state id="21" st_id="21">

<operation id="77" st_id="21" stage="1" lat="5">
<core></core>
<MemPortIdVec></MemPortIdVec>
<condition id="-1">
<or_exp><and_exp></and_exp></or_exp>
</condition>

<Node id="42" bw="144" op_0_bw="144" op_1_bw="16" op_2_bw="16" op_3_bw="16" op_4_bw="16" op_5_bw="16" op_6_bw="16" op_7_bw="16">
<![CDATA[
entry:37 %call_ret5 = call i144 @dense_latency<ap_fixed<16, 7, 4, 0, 0>, ap_fixed<16, 6, 5, 3, 0>, config8>, i16 %layer7_out_V, i16 %layer7_out_V_1, i16 %layer7_out_V_2, i16 %layer7_out_V_3, i16 %layer7_out_V_4, i16 %layer7_out_V_5, i16 %layer7_out_V_6

]]></Node>
<StgValue><ssdm name="call_ret5"/></StgValue>
</operation>

<operation id="78" st_id="21" stage="1" lat="1">
<core>NULL</core>
<MemPortIdVec></MemPortIdVec>
<condition id="-1">
<or_exp><and_exp></and_exp></or_exp>
</condition>

<Node id="43" bw="16" op_0_bw="144">
<![CDATA[
entry:38 %layer8_out_V = extractvalue i144 %call_ret5

]]></Node>
<StgValue><ssdm name="layer8_out_V"/></StgValue>
</operation>

<operation id="79" st_id="21" stage="1" lat="1">
<core>NULL</core>
<MemPortIdVec></MemPortIdVec>
<condition id="-1">
<or_exp><and_exp></and_exp></or_exp>
</condition>

<Node id="44" bw="16" op_0_bw="144">
<![CDATA[
entry:39 %layer8_out_V_1 = extractvalue i144 %call_ret5

]]></Node>
<StgValue><ssdm name="layer8_out_V_1"/></StgValue>
</operation>

<operation id="80" st_id="21" stage="1" lat="1">
<core>NULL</core>
<MemPortIdVec></MemPortIdVec>
<condition id="-1">
<or_exp><and_exp></and_exp></or_exp>
</condition>

<Node id="45" bw="16" op_0_bw="144">
<![CDATA[
entry:40 %layer8_out_V_2 = extractvalue i144 %call_ret5

]]></Node>
<StgValue><ssdm name="layer8_out_V_2"/></StgValue>
</operation>

<operation id="81" st_id="21" stage="1" lat="1">
<core>NULL</core>
<MemPortIdVec></MemPortIdVec>
<condition id="-1">
<or_exp><and_exp></and_exp></or_exp>
</condition>

<Node id="46" bw="16" op_0_bw="144">
<![CDATA[
entry:41 %layer8_out_V_3 = extractvalue i144 %call_ret5

]]></Node>
<StgValue><ssdm name="layer8_out_V_3"/></StgValue>
</operation>

<operation id="82" st_id="21" stage="1" lat="1">
<core>NULL</core>
<MemPortIdVec></MemPortIdVec>
<condition id="-1">
<or_exp><and_exp></and_exp></or_exp>
</condition>

<Node id="47" bw="16" op_0_bw="144">
<![CDATA[
entry:42 %layer8_out_V_4 = extractvalue i144 %call_ret5

]]></Node>
<StgValue><ssdm name="layer8_out_V_4"/></StgValue>
</operation>

<operation id="83" st_id="21" stage="1" lat="1">
<core>NULL</core>
<MemPortIdVec></MemPortIdVec>
<condition id="-1">
<or_exp><and_exp></and_exp></or_exp>
</condition>

<Node id="48" bw="16" op_0_bw="144">
<![CDATA[
entry:43 %layer8_out_V_5 = extractvalue i144 %call_ret5

]]></Node>
<StgValue><ssdm name="layer8_out_V_5"/></StgValue>
</operation>

<operation id="84" st_id="21" stage="1" lat="1">
<core>NULL</core>
<MemPortIdVec></MemPortIdVec>
<condition id="-1">
<or_exp><and_exp></and_exp></or_exp>
</condition>

<Node id="49" bw="16" op_0_bw="144">
<![CDATA[
entry:44 %layer8_out_V_6 = extractvalue i144 %call_ret5

]]></Node>
<StgValue><ssdm name="layer8_out_V_6"/></StgValue>
</operation>

<operation id="85" st_id="21" stage="1" lat="1">
<core>NULL</core>
<MemPortIdVec></MemPortIdVec>
<condition id="-1">
<or_exp><and_exp></and_exp></or_exp>
</condition>

<Node id="50" bw="16" op_0_bw="144">
<![CDATA[
entry:45 %layer8_out_V_7 = extractvalue i144 %call_ret5

]]></Node>
<StgValue><ssdm name="layer8_out_V_7"/></StgValue>
</operation>

<operation id="86" st_id="21" stage="1" lat="1">
<core>NULL</core>
<MemPortIdVec></MemPortIdVec>
<condition id="-1">
<or_exp><and_exp></and_exp></or_exp>
</condition>

<Node id="51" bw="16" op_0_bw="144">
<![CDATA[
entry:46 %layer8_out_V_8 = extractvalue i144 %call_ret5

]]></Node>
<StgValue><ssdm name="layer8_out_V_8"/></StgValue>
</operation>
</state>

<state id="22" st_id="22">

<operation id="87" st_id="22" stage="1" lat="1">
<core></core>
<MemPortIdVec></MemPortIdVec>
<condition id="-1">
<or_exp><and_exp></and_exp></or_exp>
</condition>

<Node id="52" bw="144" op_0_bw="144" op_1_bw="16" op_2_bw="16" op_3_bw="16" op_4_bw="16" op_5_bw="16" op_6_bw="16" op_7_bw="16" op_8_bw="16" op_9_bw="16">
<![CDATA[
entry:47 %call_ret6 = call i144 @linear<ap_fixed<16, 6, 5, 3, 0>, ap_fixed<16, 7, 4, 0, 0>, linear_config10>, i16 %layer8_out_V, i16 %layer8_out_V_1, i16 %layer8_out_V_2, i16 %layer8_out_V_3, i16 %layer8_out_V_4, i16 %layer8_out_V_5, i16 %layer8_out_V_6, i16 %layer8_out_V_7, i16 %layer8_out_V_8

]]></Node>
<StgValue><ssdm name="call_ret6"/></StgValue>
</operation>

<operation id="88" st_id="22" stage="1" lat="1">
<core>NULL</core>
<MemPortIdVec></MemPortIdVec>
<condition id="-1">
<or_exp><and_exp></and_exp></or_exp>
</condition>

<Node id="53" bw="16" op_0_bw="144">
<![CDATA[
entry:48 %layer10_out_V = extractvalue i144 %call_ret6

]]></Node>
<StgValue><ssdm name="layer10_out_V"/></StgValue>
</operation>

<operation id="89" st_id="22" stage="1" lat="1">
<core>NULL</core>
<MemPortIdVec></MemPortIdVec>
<condition id="-1">
<or_exp><and_exp></and_exp></or_exp>
</condition>

<Node id="54" bw="16" op_0_bw="144">
<![CDATA[
entry:49 %layer10_out_V_1 = extractvalue i144 %call_ret6

]]></Node>
<StgValue><ssdm name="layer10_out_V_1"/></StgValue>
</operation>

<operation id="90" st_id="22" stage="1" lat="1">
<core>NULL</core>
<MemPortIdVec></MemPortIdVec>
<condition id="-1">
<or_exp><and_exp></and_exp></or_exp>
</condition>

<Node id="55" bw="15" op_0_bw="16">
<![CDATA[
entry:50 %empty = trunc i16 %layer10_out_V_1

]]></Node>
<StgValue><ssdm name="empty"/></StgValue>
</operation>

<operation id="91" st_id="22" stage="1" lat="1">
<core>NULL</core>
<MemPortIdVec></MemPortIdVec>
<condition id="-1">
<or_exp><and_exp></and_exp></or_exp>
</condition>

<Node id="56" bw="16" op_0_bw="144">
<![CDATA[
entry:51 %layer10_out_V_2 = extractvalue i144 %call_ret6

]]></Node>
<StgValue><ssdm name="layer10_out_V_2"/></StgValue>
</operation>

<operation id="92" st_id="22" stage="1" lat="1">
<core>NULL</core>
<MemPortIdVec></MemPortIdVec>
<condition id="-1">
<or_exp><and_exp></and_exp></or_exp>
</condition>

<Node id="57" bw="16" op_0_bw="144">
<![CDATA[
entry:52 %layer10_out_V_3 = extractvalue i144 %call_ret6

]]></Node>
<StgValue><ssdm name="layer10_out_V_3"/></StgValue>
</operation>

<operation id="93" st_id="22" stage="1" lat="1">
<core>NULL</core>
<MemPortIdVec></MemPortIdVec>
<condition id="-1">
<or_exp><and_exp></and_exp></or_exp>
</condition>

<Node id="58" bw="16" op_0_bw="144">
<![CDATA[
entry:53 %layer10_out_V_4 = extractvalue i144 %call_ret6

]]></Node>
<StgValue><ssdm name="layer10_out_V_4"/></StgValue>
</operation>

<operation id="94" st_id="22" stage="1" lat="1">
<core>NULL</core>
<MemPortIdVec></MemPortIdVec>
<condition id="-1">
<or_exp><and_exp></and_exp></or_exp>
</condition>

<Node id="59" bw="16" op_0_bw="144">
<![CDATA[
entry:54 %layer10_out_V_5 = extractvalue i144 %call_ret6

]]></Node>
<StgValue><ssdm name="layer10_out_V_5"/></StgValue>
</operation>

<operation id="95" st_id="22" stage="1" lat="1">
<core>NULL</core>
<MemPortIdVec></MemPortIdVec>
<condition id="-1">
<or_exp><and_exp></and_exp></or_exp>
</condition>

<Node id="60" bw="16" op_0_bw="144">
<![CDATA[
entry:55 %layer10_out_V_6 = extractvalue i144 %call_ret6

]]></Node>
<StgValue><ssdm name="layer10_out_V_6"/></StgValue>
</operation>

<operation id="96" st_id="22" stage="1" lat="1">
<core>NULL</core>
<MemPortIdVec></MemPortIdVec>
<condition id="-1">
<or_exp><and_exp></and_exp></or_exp>
</condition>

<Node id="61" bw="16" op_0_bw="144">
<![CDATA[
entry:56 %layer10_out_V_7 = extractvalue i144 %call_ret6

]]></Node>
<StgValue><ssdm name="layer10_out_V_7"/></StgValue>
</operation>

<operation id="97" st_id="22" stage="1" lat="1">
<core>NULL</core>
<MemPortIdVec></MemPortIdVec>
<condition id="-1">
<or_exp><and_exp></and_exp></or_exp>
</condition>

<Node id="62" bw="16" op_0_bw="144">
<![CDATA[
entry:57 %layer10_out_V_8 = extractvalue i144 %call_ret6

]]></Node>
<StgValue><ssdm name="layer10_out_V_8"/></StgValue>
</operation>
</state>

<state id="23" st_id="23">

<operation id="98" st_id="23" stage="5" lat="5">
<core></core>
<MemPortIdVec></MemPortIdVec>
<condition id="-1">
<or_exp><and_exp></and_exp></or_exp>
</condition>

<Node id="63" bw="32" op_0_bw="32" op_1_bw="16" op_2_bw="15" op_3_bw="16" op_4_bw="16" op_5_bw="16" op_6_bw="16" op_7_bw="16" op_8_bw="16" op_9_bw="16">
<![CDATA[
entry:58 %call_ret7 = call i32 @dense_latency<ap_fixed<16, 7, 4, 0, 0>, ap_fixed<16, 6, 5, 3, 0>, config11>, i16 %layer10_out_V, i15 %empty, i16 %layer10_out_V_2, i16 %layer10_out_V_3, i16 %layer10_out_V_4, i16 %layer10_out_V_5, i16 %layer10_out_V_6, i16 %layer10_out_V_7, i16 %layer10_out_V_8

]]></Node>
<StgValue><ssdm name="call_ret7"/></StgValue>
</operation>
</state>

<state id="24" st_id="24">

<operation id="99" st_id="24" stage="4" lat="5">
<core></core>
<MemPortIdVec></MemPortIdVec>
<condition id="-1">
<or_exp><and_exp></and_exp></or_exp>
</condition>

<Node id="63" bw="32" op_0_bw="32" op_1_bw="16" op_2_bw="15" op_3_bw="16" op_4_bw="16" op_5_bw="16" op_6_bw="16" op_7_bw="16" op_8_bw="16" op_9_bw="16">
<![CDATA[
entry:58 %call_ret7 = call i32 @dense_latency<ap_fixed<16, 7, 4, 0, 0>, ap_fixed<16, 6, 5, 3, 0>, config11>, i16 %layer10_out_V, i15 %empty, i16 %layer10_out_V_2, i16 %layer10_out_V_3, i16 %layer10_out_V_4, i16 %layer10_out_V_5, i16 %layer10_out_V_6, i16 %layer10_out_V_7, i16 %layer10_out_V_8

]]></Node>
<StgValue><ssdm name="call_ret7"/></StgValue>
</operation>
</state>

<state id="25" st_id="25">

<operation id="100" st_id="25" stage="3" lat="5">
<core></core>
<MemPortIdVec></MemPortIdVec>
<condition id="-1">
<or_exp><and_exp></and_exp></or_exp>
</condition>

<Node id="63" bw="32" op_0_bw="32" op_1_bw="16" op_2_bw="15" op_3_bw="16" op_4_bw="16" op_5_bw="16" op_6_bw="16" op_7_bw="16" op_8_bw="16" op_9_bw="16">
<![CDATA[
entry:58 %call_ret7 = call i32 @dense_latency<ap_fixed<16, 7, 4, 0, 0>, ap_fixed<16, 6, 5, 3, 0>, config11>, i16 %layer10_out_V, i15 %empty, i16 %layer10_out_V_2, i16 %layer10_out_V_3, i16 %layer10_out_V_4, i16 %layer10_out_V_5, i16 %layer10_out_V_6, i16 %layer10_out_V_7, i16 %layer10_out_V_8

]]></Node>
<StgValue><ssdm name="call_ret7"/></StgValue>
</operation>
</state>

<state id="26" st_id="26">

<operation id="101" st_id="26" stage="2" lat="5">
<core></core>
<MemPortIdVec></MemPortIdVec>
<condition id="-1">
<or_exp><and_exp></and_exp></or_exp>
</condition>

<Node id="63" bw="32" op_0_bw="32" op_1_bw="16" op_2_bw="15" op_3_bw="16" op_4_bw="16" op_5_bw="16" op_6_bw="16" op_7_bw="16" op_8_bw="16" op_9_bw="16">
<![CDATA[
entry:58 %call_ret7 = call i32 @dense_latency<ap_fixed<16, 7, 4, 0, 0>, ap_fixed<16, 6, 5, 3, 0>, config11>, i16 %layer10_out_V, i15 %empty, i16 %layer10_out_V_2, i16 %layer10_out_V_3, i16 %layer10_out_V_4, i16 %layer10_out_V_5, i16 %layer10_out_V_6, i16 %layer10_out_V_7, i16 %layer10_out_V_8

]]></Node>
<StgValue><ssdm name="call_ret7"/></StgValue>
</operation>
</state>

<state id="27" st_id="27">

<operation id="102" st_id="27" stage="1" lat="5">
<core></core>
<MemPortIdVec></MemPortIdVec>
<condition id="-1">
<or_exp><and_exp></and_exp></or_exp>
</condition>

<Node id="63" bw="32" op_0_bw="32" op_1_bw="16" op_2_bw="15" op_3_bw="16" op_4_bw="16" op_5_bw="16" op_6_bw="16" op_7_bw="16" op_8_bw="16" op_9_bw="16">
<![CDATA[
entry:58 %call_ret7 = call i32 @dense_latency<ap_fixed<16, 7, 4, 0, 0>, ap_fixed<16, 6, 5, 3, 0>, config11>, i16 %layer10_out_V, i15 %empty, i16 %layer10_out_V_2, i16 %layer10_out_V_3, i16 %layer10_out_V_4, i16 %layer10_out_V_5, i16 %layer10_out_V_6, i16 %layer10_out_V_7, i16 %layer10_out_V_8

]]></Node>
<StgValue><ssdm name="call_ret7"/></StgValue>
</operation>

<operation id="103" st_id="27" stage="1" lat="1">
<core>NULL</core>
<MemPortIdVec></MemPortIdVec>
<condition id="-1">
<or_exp><and_exp></and_exp></or_exp>
</condition>

<Node id="64" bw="16" op_0_bw="32">
<![CDATA[
entry:59 %layer11_out_V = extractvalue i32 %call_ret7

]]></Node>
<StgValue><ssdm name="layer11_out_V"/></StgValue>
</operation>

<operation id="104" st_id="27" stage="1" lat="1">
<core>NULL</core>
<MemPortIdVec></MemPortIdVec>
<condition id="-1">
<or_exp><and_exp></and_exp></or_exp>
</condition>

<Node id="65" bw="16" op_0_bw="32">
<![CDATA[
entry:60 %layer11_out_V_1 = extractvalue i32 %call_ret7

]]></Node>
<StgValue><ssdm name="layer11_out_V_1"/></StgValue>
</operation>
</state>

<state id="28" st_id="28">

<operation id="105" st_id="28" stage="4" lat="4">
<core></core>
<MemPortIdVec></MemPortIdVec>
<condition id="-1">
<or_exp><and_exp></and_exp></or_exp>
</condition>

<Node id="66" bw="32" op_0_bw="32" op_1_bw="16" op_2_bw="16" op_3_bw="10">
<![CDATA[
entry:61 %call_ret = call i32 @sigmoid<ap_fixed<16, 6, 5, 3, 0>, ap_fixed<16, 6, 5, 3, 0>, sigmoid_config13>, i16 %layer11_out_V, i16 %layer11_out_V_1, i10 %sigmoid_table

]]></Node>
<StgValue><ssdm name="call_ret"/></StgValue>
</operation>
</state>

<state id="29" st_id="29">

<operation id="106" st_id="29" stage="3" lat="4">
<core></core>
<MemPortIdVec></MemPortIdVec>
<condition id="-1">
<or_exp><and_exp></and_exp></or_exp>
</condition>

<Node id="66" bw="32" op_0_bw="32" op_1_bw="16" op_2_bw="16" op_3_bw="10">
<![CDATA[
entry:61 %call_ret = call i32 @sigmoid<ap_fixed<16, 6, 5, 3, 0>, ap_fixed<16, 6, 5, 3, 0>, sigmoid_config13>, i16 %layer11_out_V, i16 %layer11_out_V_1, i10 %sigmoid_table

]]></Node>
<StgValue><ssdm name="call_ret"/></StgValue>
</operation>
</state>

<state id="30" st_id="30">

<operation id="107" st_id="30" stage="2" lat="4">
<core></core>
<MemPortIdVec></MemPortIdVec>
<condition id="-1">
<or_exp><and_exp></and_exp></or_exp>
</condition>

<Node id="66" bw="32" op_0_bw="32" op_1_bw="16" op_2_bw="16" op_3_bw="10">
<![CDATA[
entry:61 %call_ret = call i32 @sigmoid<ap_fixed<16, 6, 5, 3, 0>, ap_fixed<16, 6, 5, 3, 0>, sigmoid_config13>, i16 %layer11_out_V, i16 %layer11_out_V_1, i10 %sigmoid_table

]]></Node>
<StgValue><ssdm name="call_ret"/></StgValue>
</operation>
</state>

<state id="31" st_id="31">

<operation id="108" st_id="31" stage="1" lat="1">
<core>NULL</core>
<MemPortIdVec></MemPortIdVec>
<condition id="-1">
<or_exp><and_exp></and_exp></or_exp>
</condition>

<Node id="5" bw="0" op_0_bw="0" op_1_bw="32" op_2_bw="32" op_3_bw="32" op_4_bw="32" op_5_bw="0">
<![CDATA[
entry:0 %specpipeline_ln0 = specpipeline void @_ssdm_op_SpecPipeline, i32 4294967295, i32 0, i32 0, i32 0, void @empty_0

]]></Node>
<StgValue><ssdm name="specpipeline_ln0"/></StgValue>
</operation>

<operation id="109" st_id="31" stage="1" lat="1">
<core>NULL</core>
<MemPortIdVec></MemPortIdVec>
<condition id="-1">
<or_exp><and_exp></and_exp></or_exp>
</condition>

<Node id="6" bw="0" op_0_bw="0" op_1_bw="0">
<![CDATA[
entry:1 %spectopmodule_ln0 = spectopmodule void @_ssdm_op_SpecTopModule, void @empty_2

]]></Node>
<StgValue><ssdm name="spectopmodule_ln0"/></StgValue>
</operation>

<operation id="110" st_id="31" stage="1" lat="1">
<core>NULL</core>
<MemPortIdVec></MemPortIdVec>
<condition id="-1">
<or_exp><and_exp></and_exp></or_exp>
</condition>

<Node id="7" bw="0" op_0_bw="0" op_1_bw="12544">
<![CDATA[
entry:2 %specbitsmap_ln0 = specbitsmap void @_ssdm_op_SpecBitsMap, i12544 %fc1_input_input

]]></Node>
<StgValue><ssdm name="specbitsmap_ln0"/></StgValue>
</operation>

<operation id="111" st_id="31" stage="1" lat="1">
<core>NULL</core>
<MemPortIdVec></MemPortIdVec>
<condition id="-1">
<or_exp><and_exp></and_exp></or_exp>
</condition>

<Node id="8" bw="0" op_0_bw="0" op_1_bw="12544" op_2_bw="0" op_3_bw="32" op_4_bw="32" op_5_bw="0" op_6_bw="32" op_7_bw="32" op_8_bw="0" op_9_bw="0" op_10_bw="0" op_11_bw="32" op_12_bw="32" op_13_bw="32" op_14_bw="32" op_15_bw="0" op_16_bw="0" op_17_bw="32" op_18_bw="32">
<![CDATA[
entry:3 %specinterface_ln0 = specinterface void @_ssdm_op_SpecInterface, i12544 %fc1_input_input, void @empty, i32 0, i32 0, void @empty_0, i32 0, i32 0, void @empty_0, void @empty_0, void @empty_0, i32 0, i32 0, i32 0, i32 0, void @empty_0, void @empty_0, i32 4294967295, i32 0

]]></Node>
<StgValue><ssdm name="specinterface_ln0"/></StgValue>
</operation>

<operation id="112" st_id="31" stage="1" lat="1">
<core>NULL</core>
<MemPortIdVec></MemPortIdVec>
<condition id="-1">
<or_exp><and_exp></and_exp></or_exp>
</condition>

<Node id="9" bw="0" op_0_bw="0" op_1_bw="16">
<![CDATA[
entry:4 %specbitsmap_ln0 = specbitsmap void @_ssdm_op_SpecBitsMap, i16 %layer13_out_0

]]></Node>
<StgValue><ssdm name="specbitsmap_ln0"/></StgValue>
</operation>

<operation id="113" st_id="31" stage="1" lat="1">
<core>NULL</core>
<MemPortIdVec></MemPortIdVec>
<condition id="-1">
<or_exp><and_exp></and_exp></or_exp>
</condition>

<Node id="10" bw="0" op_0_bw="0" op_1_bw="16" op_2_bw="0" op_3_bw="32" op_4_bw="32" op_5_bw="0" op_6_bw="32" op_7_bw="32" op_8_bw="0" op_9_bw="0" op_10_bw="0" op_11_bw="32" op_12_bw="32" op_13_bw="32" op_14_bw="32" op_15_bw="0" op_16_bw="0" op_17_bw="32" op_18_bw="32">
<![CDATA[
entry:5 %specinterface_ln0 = specinterface void @_ssdm_op_SpecInterface, i16 %layer13_out_0, void @empty, i32 0, i32 0, void @empty_0, i32 0, i32 0, void @empty_0, void @empty_0, void @empty_0, i32 0, i32 0, i32 0, i32 0, void @empty_0, void @empty_0, i32 4294967295, i32 0

]]></Node>
<StgValue><ssdm name="specinterface_ln0"/></StgValue>
</operation>

<operation id="114" st_id="31" stage="1" lat="1">
<core>NULL</core>
<MemPortIdVec></MemPortIdVec>
<condition id="-1">
<or_exp><and_exp></and_exp></or_exp>
</condition>

<Node id="11" bw="0" op_0_bw="0" op_1_bw="16">
<![CDATA[
entry:6 %specbitsmap_ln0 = specbitsmap void @_ssdm_op_SpecBitsMap, i16 %layer13_out_1

]]></Node>
<StgValue><ssdm name="specbitsmap_ln0"/></StgValue>
</operation>

<operation id="115" st_id="31" stage="1" lat="1">
<core>NULL</core>
<MemPortIdVec></MemPortIdVec>
<condition id="-1">
<or_exp><and_exp></and_exp></or_exp>
</condition>

<Node id="12" bw="0" op_0_bw="0" op_1_bw="16" op_2_bw="0" op_3_bw="32" op_4_bw="32" op_5_bw="0" op_6_bw="32" op_7_bw="32" op_8_bw="0" op_9_bw="0" op_10_bw="0" op_11_bw="32" op_12_bw="32" op_13_bw="32" op_14_bw="32" op_15_bw="0" op_16_bw="0" op_17_bw="32" op_18_bw="32">
<![CDATA[
entry:7 %specinterface_ln0 = specinterface void @_ssdm_op_SpecInterface, i16 %layer13_out_1, void @empty, i32 0, i32 0, void @empty_0, i32 0, i32 0, void @empty_0, void @empty_0, void @empty_0, i32 0, i32 0, i32 0, i32 0, void @empty_0, void @empty_0, i32 4294967295, i32 0

]]></Node>
<StgValue><ssdm name="specinterface_ln0"/></StgValue>
</operation>

<operation id="116" st_id="31" stage="1" lat="4">
<core></core>
<MemPortIdVec></MemPortIdVec>
<condition id="-1">
<or_exp><and_exp></and_exp></or_exp>
</condition>

<Node id="66" bw="32" op_0_bw="32" op_1_bw="16" op_2_bw="16" op_3_bw="10">
<![CDATA[
entry:61 %call_ret = call i32 @sigmoid<ap_fixed<16, 6, 5, 3, 0>, ap_fixed<16, 6, 5, 3, 0>, sigmoid_config13>, i16 %layer11_out_V, i16 %layer11_out_V_1, i10 %sigmoid_table

]]></Node>
<StgValue><ssdm name="call_ret"/></StgValue>
</operation>

<operation id="117" st_id="31" stage="1" lat="1">
<core>NULL</core>
<MemPortIdVec></MemPortIdVec>
<condition id="-1">
<or_exp><and_exp></and_exp></or_exp>
</condition>

<Node id="67" bw="16" op_0_bw="32">
<![CDATA[
entry:62 %layer13_out_0_ret = extractvalue i32 %call_ret

]]></Node>
<StgValue><ssdm name="layer13_out_0_ret"/></StgValue>
</operation>

<operation id="118" st_id="31" stage="1" lat="1">
<core>NULL</core>
<MemPortIdVec></MemPortIdVec>
<condition id="-1">
<or_exp><and_exp></and_exp></or_exp>
</condition>

<Node id="68" bw="0" op_0_bw="0" op_1_bw="16" op_2_bw="16">
<![CDATA[
entry:63 %write_ln67 = write void @_ssdm_op_Write.ap_vld.i16P0A, i16 %layer13_out_0, i16 %layer13_out_0_ret

]]></Node>
<StgValue><ssdm name="write_ln67"/></StgValue>
</operation>

<operation id="119" st_id="31" stage="1" lat="1">
<core>NULL</core>
<MemPortIdVec></MemPortIdVec>
<condition id="-1">
<or_exp><and_exp></and_exp></or_exp>
</condition>

<Node id="69" bw="16" op_0_bw="32">
<![CDATA[
entry:64 %layer13_out_1_ret = extractvalue i32 %call_ret

]]></Node>
<StgValue><ssdm name="layer13_out_1_ret"/></StgValue>
</operation>

<operation id="120" st_id="31" stage="1" lat="1">
<core>NULL</core>
<MemPortIdVec></MemPortIdVec>
<condition id="-1">
<or_exp><and_exp></and_exp></or_exp>
</condition>

<Node id="70" bw="0" op_0_bw="0" op_1_bw="16" op_2_bw="16">
<![CDATA[
entry:65 %write_ln67 = write void @_ssdm_op_Write.ap_vld.i16P0A, i16 %layer13_out_1, i16 %layer13_out_1_ret

]]></Node>
<StgValue><ssdm name="write_ln67"/></StgValue>
</operation>

<operation id="121" st_id="31" stage="1" lat="1">
<core>NULL</core>
<MemPortIdVec></MemPortIdVec>
<condition id="-1">
<or_exp><and_exp></and_exp></or_exp>
</condition>

<Node id="71" bw="0">
<![CDATA[
entry:66 %ret_ln69 = ret

]]></Node>
<StgValue><ssdm name="ret_ln69"/></StgValue>
</operation>
</state>
</state_list>


<ports>
<port id="183" name="fc1_input_input" dir="0" iftype="0">
<core>NULL</core><StgValue><ssdm name="fc1_input_input"/></StgValue>
</port>
<port id="184" name="layer13_out_0" dir="1" iftype="0">
<core>NULL</core><StgValue><ssdm name="layer13_out_0"/></StgValue>
</port>
<port id="185" name="layer13_out_1" dir="1" iftype="0">
<core>NULL</core><StgValue><ssdm name="layer13_out_1"/></StgValue>
</port>
<port id="186" name="sigmoid_table" dir="0" iftype="1">
<core>ROM</core><StgValue><ssdm name="sigmoid_table"/><MemPortTyVec>1 1 </MemPortTyVec>
</StgValue>
</port>
</ports>


<dataflows>
<dataflow id="188" from="_ssdm_op_Read.ap_vld.i12544P0A" to="fc1_input_input_read" fromId="187" toId="32">
</dataflow>
<dataflow id="189" from="fc1_input_input" to="fc1_input_input_read" fromId="183" toId="32">
</dataflow>
<dataflow id="191" from="dense_latency<ap_fixed<16, 6, 5, 3, 0>, ap_fixed<16, 6, 5, 3, 0>, config2>" to="call_ret1" fromId="190" toId="33">
</dataflow>
<dataflow id="192" from="fc1_input_input_read" to="call_ret1" fromId="32" toId="33">
</dataflow>
<dataflow id="193" from="dense_latency<ap_fixed<16, 6, 5, 3, 0>, ap_fixed<16, 6, 5, 3, 0>, config2>" to="call_ret1" fromId="190" toId="34">
</dataflow>
<dataflow id="194" from="fc1_input_input_read" to="call_ret1" fromId="32" toId="34">
</dataflow>
<dataflow id="195" from="dense_latency<ap_fixed<16, 6, 5, 3, 0>, ap_fixed<16, 6, 5, 3, 0>, config2>" to="call_ret1" fromId="190" toId="35">
</dataflow>
<dataflow id="196" from="fc1_input_input_read" to="call_ret1" fromId="32" toId="35">
</dataflow>
<dataflow id="197" from="dense_latency<ap_fixed<16, 6, 5, 3, 0>, ap_fixed<16, 6, 5, 3, 0>, config2>" to="call_ret1" fromId="190" toId="36">
</dataflow>
<dataflow id="198" from="fc1_input_input_read" to="call_ret1" fromId="32" toId="36">
</dataflow>
<dataflow id="199" from="dense_latency<ap_fixed<16, 6, 5, 3, 0>, ap_fixed<16, 6, 5, 3, 0>, config2>" to="call_ret1" fromId="190" toId="37">
</dataflow>
<dataflow id="200" from="fc1_input_input_read" to="call_ret1" fromId="32" toId="37">
</dataflow>
<dataflow id="201" from="dense_latency<ap_fixed<16, 6, 5, 3, 0>, ap_fixed<16, 6, 5, 3, 0>, config2>" to="call_ret1" fromId="190" toId="38">
</dataflow>
<dataflow id="202" from="fc1_input_input_read" to="call_ret1" fromId="32" toId="38">
</dataflow>
<dataflow id="203" from="dense_latency<ap_fixed<16, 6, 5, 3, 0>, ap_fixed<16, 6, 5, 3, 0>, config2>" to="call_ret1" fromId="190" toId="39">
</dataflow>
<dataflow id="204" from="fc1_input_input_read" to="call_ret1" fromId="32" toId="39">
</dataflow>
<dataflow id="205" from="dense_latency<ap_fixed<16, 6, 5, 3, 0>, ap_fixed<16, 6, 5, 3, 0>, config2>" to="call_ret1" fromId="190" toId="40">
</dataflow>
<dataflow id="206" from="fc1_input_input_read" to="call_ret1" fromId="32" toId="40">
</dataflow>
<dataflow id="207" from="dense_latency<ap_fixed<16, 6, 5, 3, 0>, ap_fixed<16, 6, 5, 3, 0>, config2>" to="call_ret1" fromId="190" toId="41">
</dataflow>
<dataflow id="208" from="fc1_input_input_read" to="call_ret1" fromId="32" toId="41">
</dataflow>
<dataflow id="209" from="call_ret1" to="layer2_out_V" fromId="41" toId="42">
</dataflow>
<dataflow id="210" from="call_ret1" to="layer2_out_V_1" fromId="41" toId="43">
</dataflow>
<dataflow id="211" from="call_ret1" to="layer2_out_V_2" fromId="41" toId="44">
</dataflow>
<dataflow id="212" from="call_ret1" to="layer2_out_V_3" fromId="41" toId="45">
</dataflow>
<dataflow id="213" from="call_ret1" to="layer2_out_V_4" fromId="41" toId="46">
</dataflow>
<dataflow id="215" from="linear<ap_fixed<16, 6, 5, 3, 0>, ap_fixed<16, 7, 4, 0, 0>, linear_config4>" to="call_ret2" fromId="214" toId="47">
</dataflow>
<dataflow id="216" from="layer2_out_V" to="call_ret2" fromId="42" toId="47">
</dataflow>
<dataflow id="217" from="layer2_out_V_1" to="call_ret2" fromId="43" toId="47">
</dataflow>
<dataflow id="218" from="layer2_out_V_2" to="call_ret2" fromId="44" toId="47">
</dataflow>
<dataflow id="219" from="layer2_out_V_3" to="call_ret2" fromId="45" toId="47">
</dataflow>
<dataflow id="220" from="layer2_out_V_4" to="call_ret2" fromId="46" toId="47">
</dataflow>
<dataflow id="221" from="call_ret2" to="layer4_out_V" fromId="47" toId="48">
</dataflow>
<dataflow id="222" from="call_ret2" to="layer4_out_V_1" fromId="47" toId="49">
</dataflow>
<dataflow id="223" from="call_ret2" to="layer4_out_V_2" fromId="47" toId="50">
</dataflow>
<dataflow id="224" from="call_ret2" to="layer4_out_V_3" fromId="47" toId="51">
</dataflow>
<dataflow id="225" from="call_ret2" to="layer4_out_V_4" fromId="47" toId="52">
</dataflow>
<dataflow id="227" from="dense_latency<ap_fixed<16, 7, 4, 0, 0>, ap_fixed<16, 6, 5, 3, 0>, config5>" to="call_ret3" fromId="226" toId="53">
</dataflow>
<dataflow id="228" from="layer4_out_V" to="call_ret3" fromId="48" toId="53">
</dataflow>
<dataflow id="229" from="layer4_out_V_1" to="call_ret3" fromId="49" toId="53">
</dataflow>
<dataflow id="230" from="layer4_out_V_2" to="call_ret3" fromId="50" toId="53">
</dataflow>
<dataflow id="231" from="layer4_out_V_3" to="call_ret3" fromId="51" toId="53">
</dataflow>
<dataflow id="232" from="layer4_out_V_4" to="call_ret3" fromId="52" toId="53">
</dataflow>
<dataflow id="233" from="dense_latency<ap_fixed<16, 7, 4, 0, 0>, ap_fixed<16, 6, 5, 3, 0>, config5>" to="call_ret3" fromId="226" toId="54">
</dataflow>
<dataflow id="234" from="layer4_out_V" to="call_ret3" fromId="48" toId="54">
</dataflow>
<dataflow id="235" from="layer4_out_V_1" to="call_ret3" fromId="49" toId="54">
</dataflow>
<dataflow id="236" from="layer4_out_V_2" to="call_ret3" fromId="50" toId="54">
</dataflow>
<dataflow id="237" from="layer4_out_V_3" to="call_ret3" fromId="51" toId="54">
</dataflow>
<dataflow id="238" from="layer4_out_V_4" to="call_ret3" fromId="52" toId="54">
</dataflow>
<dataflow id="239" from="dense_latency<ap_fixed<16, 7, 4, 0, 0>, ap_fixed<16, 6, 5, 3, 0>, config5>" to="call_ret3" fromId="226" toId="55">
</dataflow>
<dataflow id="240" from="layer4_out_V" to="call_ret3" fromId="48" toId="55">
</dataflow>
<dataflow id="241" from="layer4_out_V_1" to="call_ret3" fromId="49" toId="55">
</dataflow>
<dataflow id="242" from="layer4_out_V_2" to="call_ret3" fromId="50" toId="55">
</dataflow>
<dataflow id="243" from="layer4_out_V_3" to="call_ret3" fromId="51" toId="55">
</dataflow>
<dataflow id="244" from="layer4_out_V_4" to="call_ret3" fromId="52" toId="55">
</dataflow>
<dataflow id="245" from="dense_latency<ap_fixed<16, 7, 4, 0, 0>, ap_fixed<16, 6, 5, 3, 0>, config5>" to="call_ret3" fromId="226" toId="56">
</dataflow>
<dataflow id="246" from="layer4_out_V" to="call_ret3" fromId="48" toId="56">
</dataflow>
<dataflow id="247" from="layer4_out_V_1" to="call_ret3" fromId="49" toId="56">
</dataflow>
<dataflow id="248" from="layer4_out_V_2" to="call_ret3" fromId="50" toId="56">
</dataflow>
<dataflow id="249" from="layer4_out_V_3" to="call_ret3" fromId="51" toId="56">
</dataflow>
<dataflow id="250" from="layer4_out_V_4" to="call_ret3" fromId="52" toId="56">
</dataflow>
<dataflow id="251" from="dense_latency<ap_fixed<16, 7, 4, 0, 0>, ap_fixed<16, 6, 5, 3, 0>, config5>" to="call_ret3" fromId="226" toId="57">
</dataflow>
<dataflow id="252" from="layer4_out_V" to="call_ret3" fromId="48" toId="57">
</dataflow>
<dataflow id="253" from="layer4_out_V_1" to="call_ret3" fromId="49" toId="57">
</dataflow>
<dataflow id="254" from="layer4_out_V_2" to="call_ret3" fromId="50" toId="57">
</dataflow>
<dataflow id="255" from="layer4_out_V_3" to="call_ret3" fromId="51" toId="57">
</dataflow>
<dataflow id="256" from="layer4_out_V_4" to="call_ret3" fromId="52" toId="57">
</dataflow>
<dataflow id="257" from="call_ret3" to="layer5_out_V" fromId="57" toId="58">
</dataflow>
<dataflow id="258" from="call_ret3" to="layer5_out_V_1" fromId="57" toId="59">
</dataflow>
<dataflow id="259" from="call_ret3" to="layer5_out_V_2" fromId="57" toId="60">
</dataflow>
<dataflow id="260" from="call_ret3" to="layer5_out_V_3" fromId="57" toId="61">
</dataflow>
<dataflow id="261" from="call_ret3" to="layer5_out_V_4" fromId="57" toId="62">
</dataflow>
<dataflow id="262" from="call_ret3" to="layer5_out_V_5" fromId="57" toId="63">
</dataflow>
<dataflow id="263" from="call_ret3" to="layer5_out_V_6" fromId="57" toId="64">
</dataflow>
<dataflow id="265" from="linear<ap_fixed<16, 6, 5, 3, 0>, ap_fixed<16, 7, 4, 0, 0>, linear_config7>" to="call_ret4" fromId="264" toId="65">
</dataflow>
<dataflow id="266" from="layer5_out_V" to="call_ret4" fromId="58" toId="65">
</dataflow>
<dataflow id="267" from="layer5_out_V_1" to="call_ret4" fromId="59" toId="65">
</dataflow>
<dataflow id="268" from="layer5_out_V_2" to="call_ret4" fromId="60" toId="65">
</dataflow>
<dataflow id="269" from="layer5_out_V_3" to="call_ret4" fromId="61" toId="65">
</dataflow>
<dataflow id="270" from="layer5_out_V_4" to="call_ret4" fromId="62" toId="65">
</dataflow>
<dataflow id="271" from="layer5_out_V_5" to="call_ret4" fromId="63" toId="65">
</dataflow>
<dataflow id="272" from="layer5_out_V_6" to="call_ret4" fromId="64" toId="65">
</dataflow>
<dataflow id="273" from="call_ret4" to="layer7_out_V" fromId="65" toId="66">
</dataflow>
<dataflow id="274" from="call_ret4" to="layer7_out_V_1" fromId="65" toId="67">
</dataflow>
<dataflow id="275" from="call_ret4" to="layer7_out_V_2" fromId="65" toId="68">
</dataflow>
<dataflow id="276" from="call_ret4" to="layer7_out_V_3" fromId="65" toId="69">
</dataflow>
<dataflow id="277" from="call_ret4" to="layer7_out_V_4" fromId="65" toId="70">
</dataflow>
<dataflow id="278" from="call_ret4" to="layer7_out_V_5" fromId="65" toId="71">
</dataflow>
<dataflow id="279" from="call_ret4" to="layer7_out_V_6" fromId="65" toId="72">
</dataflow>
<dataflow id="281" from="dense_latency<ap_fixed<16, 7, 4, 0, 0>, ap_fixed<16, 6, 5, 3, 0>, config8>" to="call_ret5" fromId="280" toId="73">
</dataflow>
<dataflow id="282" from="layer7_out_V" to="call_ret5" fromId="66" toId="73">
</dataflow>
<dataflow id="283" from="layer7_out_V_1" to="call_ret5" fromId="67" toId="73">
</dataflow>
<dataflow id="284" from="layer7_out_V_2" to="call_ret5" fromId="68" toId="73">
</dataflow>
<dataflow id="285" from="layer7_out_V_3" to="call_ret5" fromId="69" toId="73">
</dataflow>
<dataflow id="286" from="layer7_out_V_4" to="call_ret5" fromId="70" toId="73">
</dataflow>
<dataflow id="287" from="layer7_out_V_5" to="call_ret5" fromId="71" toId="73">
</dataflow>
<dataflow id="288" from="layer7_out_V_6" to="call_ret5" fromId="72" toId="73">
</dataflow>
<dataflow id="289" from="dense_latency<ap_fixed<16, 7, 4, 0, 0>, ap_fixed<16, 6, 5, 3, 0>, config8>" to="call_ret5" fromId="280" toId="74">
</dataflow>
<dataflow id="290" from="layer7_out_V" to="call_ret5" fromId="66" toId="74">
</dataflow>
<dataflow id="291" from="layer7_out_V_1" to="call_ret5" fromId="67" toId="74">
</dataflow>
<dataflow id="292" from="layer7_out_V_2" to="call_ret5" fromId="68" toId="74">
</dataflow>
<dataflow id="293" from="layer7_out_V_3" to="call_ret5" fromId="69" toId="74">
</dataflow>
<dataflow id="294" from="layer7_out_V_4" to="call_ret5" fromId="70" toId="74">
</dataflow>
<dataflow id="295" from="layer7_out_V_5" to="call_ret5" fromId="71" toId="74">
</dataflow>
<dataflow id="296" from="layer7_out_V_6" to="call_ret5" fromId="72" toId="74">
</dataflow>
<dataflow id="297" from="dense_latency<ap_fixed<16, 7, 4, 0, 0>, ap_fixed<16, 6, 5, 3, 0>, config8>" to="call_ret5" fromId="280" toId="75">
</dataflow>
<dataflow id="298" from="layer7_out_V" to="call_ret5" fromId="66" toId="75">
</dataflow>
<dataflow id="299" from="layer7_out_V_1" to="call_ret5" fromId="67" toId="75">
</dataflow>
<dataflow id="300" from="layer7_out_V_2" to="call_ret5" fromId="68" toId="75">
</dataflow>
<dataflow id="301" from="layer7_out_V_3" to="call_ret5" fromId="69" toId="75">
</dataflow>
<dataflow id="302" from="layer7_out_V_4" to="call_ret5" fromId="70" toId="75">
</dataflow>
<dataflow id="303" from="layer7_out_V_5" to="call_ret5" fromId="71" toId="75">
</dataflow>
<dataflow id="304" from="layer7_out_V_6" to="call_ret5" fromId="72" toId="75">
</dataflow>
<dataflow id="305" from="dense_latency<ap_fixed<16, 7, 4, 0, 0>, ap_fixed<16, 6, 5, 3, 0>, config8>" to="call_ret5" fromId="280" toId="76">
</dataflow>
<dataflow id="306" from="layer7_out_V" to="call_ret5" fromId="66" toId="76">
</dataflow>
<dataflow id="307" from="layer7_out_V_1" to="call_ret5" fromId="67" toId="76">
</dataflow>
<dataflow id="308" from="layer7_out_V_2" to="call_ret5" fromId="68" toId="76">
</dataflow>
<dataflow id="309" from="layer7_out_V_3" to="call_ret5" fromId="69" toId="76">
</dataflow>
<dataflow id="310" from="layer7_out_V_4" to="call_ret5" fromId="70" toId="76">
</dataflow>
<dataflow id="311" from="layer7_out_V_5" to="call_ret5" fromId="71" toId="76">
</dataflow>
<dataflow id="312" from="layer7_out_V_6" to="call_ret5" fromId="72" toId="76">
</dataflow>
<dataflow id="313" from="dense_latency<ap_fixed<16, 7, 4, 0, 0>, ap_fixed<16, 6, 5, 3, 0>, config8>" to="call_ret5" fromId="280" toId="77">
</dataflow>
<dataflow id="314" from="layer7_out_V" to="call_ret5" fromId="66" toId="77">
</dataflow>
<dataflow id="315" from="layer7_out_V_1" to="call_ret5" fromId="67" toId="77">
</dataflow>
<dataflow id="316" from="layer7_out_V_2" to="call_ret5" fromId="68" toId="77">
</dataflow>
<dataflow id="317" from="layer7_out_V_3" to="call_ret5" fromId="69" toId="77">
</dataflow>
<dataflow id="318" from="layer7_out_V_4" to="call_ret5" fromId="70" toId="77">
</dataflow>
<dataflow id="319" from="layer7_out_V_5" to="call_ret5" fromId="71" toId="77">
</dataflow>
<dataflow id="320" from="layer7_out_V_6" to="call_ret5" fromId="72" toId="77">
</dataflow>
<dataflow id="321" from="call_ret5" to="layer8_out_V" fromId="77" toId="78">
</dataflow>
<dataflow id="322" from="call_ret5" to="layer8_out_V_1" fromId="77" toId="79">
</dataflow>
<dataflow id="323" from="call_ret5" to="layer8_out_V_2" fromId="77" toId="80">
</dataflow>
<dataflow id="324" from="call_ret5" to="layer8_out_V_3" fromId="77" toId="81">
</dataflow>
<dataflow id="325" from="call_ret5" to="layer8_out_V_4" fromId="77" toId="82">
</dataflow>
<dataflow id="326" from="call_ret5" to="layer8_out_V_5" fromId="77" toId="83">
</dataflow>
<dataflow id="327" from="call_ret5" to="layer8_out_V_6" fromId="77" toId="84">
</dataflow>
<dataflow id="328" from="call_ret5" to="layer8_out_V_7" fromId="77" toId="85">
</dataflow>
<dataflow id="329" from="call_ret5" to="layer8_out_V_8" fromId="77" toId="86">
</dataflow>
<dataflow id="331" from="linear<ap_fixed<16, 6, 5, 3, 0>, ap_fixed<16, 7, 4, 0, 0>, linear_config10>" to="call_ret6" fromId="330" toId="87">
</dataflow>
<dataflow id="332" from="layer8_out_V" to="call_ret6" fromId="78" toId="87">
</dataflow>
<dataflow id="333" from="layer8_out_V_1" to="call_ret6" fromId="79" toId="87">
</dataflow>
<dataflow id="334" from="layer8_out_V_2" to="call_ret6" fromId="80" toId="87">
</dataflow>
<dataflow id="335" from="layer8_out_V_3" to="call_ret6" fromId="81" toId="87">
</dataflow>
<dataflow id="336" from="layer8_out_V_4" to="call_ret6" fromId="82" toId="87">
</dataflow>
<dataflow id="337" from="layer8_out_V_5" to="call_ret6" fromId="83" toId="87">
</dataflow>
<dataflow id="338" from="layer8_out_V_6" to="call_ret6" fromId="84" toId="87">
</dataflow>
<dataflow id="339" from="layer8_out_V_7" to="call_ret6" fromId="85" toId="87">
</dataflow>
<dataflow id="340" from="layer8_out_V_8" to="call_ret6" fromId="86" toId="87">
</dataflow>
<dataflow id="341" from="call_ret6" to="layer10_out_V" fromId="87" toId="88">
</dataflow>
<dataflow id="342" from="call_ret6" to="layer10_out_V_1" fromId="87" toId="89">
</dataflow>
<dataflow id="343" from="layer10_out_V_1" to="empty" fromId="89" toId="90">
</dataflow>
<dataflow id="344" from="call_ret6" to="layer10_out_V_2" fromId="87" toId="91">
</dataflow>
<dataflow id="345" from="call_ret6" to="layer10_out_V_3" fromId="87" toId="92">
</dataflow>
<dataflow id="346" from="call_ret6" to="layer10_out_V_4" fromId="87" toId="93">
</dataflow>
<dataflow id="347" from="call_ret6" to="layer10_out_V_5" fromId="87" toId="94">
</dataflow>
<dataflow id="348" from="call_ret6" to="layer10_out_V_6" fromId="87" toId="95">
</dataflow>
<dataflow id="349" from="call_ret6" to="layer10_out_V_7" fromId="87" toId="96">
</dataflow>
<dataflow id="350" from="call_ret6" to="layer10_out_V_8" fromId="87" toId="97">
</dataflow>
<dataflow id="352" from="dense_latency<ap_fixed<16, 7, 4, 0, 0>, ap_fixed<16, 6, 5, 3, 0>, config11>" to="call_ret7" fromId="351" toId="98">
</dataflow>
<dataflow id="353" from="layer10_out_V" to="call_ret7" fromId="88" toId="98">
</dataflow>
<dataflow id="354" from="empty" to="call_ret7" fromId="90" toId="98">
</dataflow>
<dataflow id="355" from="layer10_out_V_2" to="call_ret7" fromId="91" toId="98">
</dataflow>
<dataflow id="356" from="layer10_out_V_3" to="call_ret7" fromId="92" toId="98">
</dataflow>
<dataflow id="357" from="layer10_out_V_4" to="call_ret7" fromId="93" toId="98">
</dataflow>
<dataflow id="358" from="layer10_out_V_5" to="call_ret7" fromId="94" toId="98">
</dataflow>
<dataflow id="359" from="layer10_out_V_6" to="call_ret7" fromId="95" toId="98">
</dataflow>
<dataflow id="360" from="layer10_out_V_7" to="call_ret7" fromId="96" toId="98">
</dataflow>
<dataflow id="361" from="layer10_out_V_8" to="call_ret7" fromId="97" toId="98">
</dataflow>
<dataflow id="362" from="dense_latency<ap_fixed<16, 7, 4, 0, 0>, ap_fixed<16, 6, 5, 3, 0>, config11>" to="call_ret7" fromId="351" toId="99">
</dataflow>
<dataflow id="363" from="layer10_out_V" to="call_ret7" fromId="88" toId="99">
</dataflow>
<dataflow id="364" from="empty" to="call_ret7" fromId="90" toId="99">
</dataflow>
<dataflow id="365" from="layer10_out_V_2" to="call_ret7" fromId="91" toId="99">
</dataflow>
<dataflow id="366" from="layer10_out_V_3" to="call_ret7" fromId="92" toId="99">
</dataflow>
<dataflow id="367" from="layer10_out_V_4" to="call_ret7" fromId="93" toId="99">
</dataflow>
<dataflow id="368" from="layer10_out_V_5" to="call_ret7" fromId="94" toId="99">
</dataflow>
<dataflow id="369" from="layer10_out_V_6" to="call_ret7" fromId="95" toId="99">
</dataflow>
<dataflow id="370" from="layer10_out_V_7" to="call_ret7" fromId="96" toId="99">
</dataflow>
<dataflow id="371" from="layer10_out_V_8" to="call_ret7" fromId="97" toId="99">
</dataflow>
<dataflow id="372" from="dense_latency<ap_fixed<16, 7, 4, 0, 0>, ap_fixed<16, 6, 5, 3, 0>, config11>" to="call_ret7" fromId="351" toId="100">
</dataflow>
<dataflow id="373" from="layer10_out_V" to="call_ret7" fromId="88" toId="100">
</dataflow>
<dataflow id="374" from="empty" to="call_ret7" fromId="90" toId="100">
</dataflow>
<dataflow id="375" from="layer10_out_V_2" to="call_ret7" fromId="91" toId="100">
</dataflow>
<dataflow id="376" from="layer10_out_V_3" to="call_ret7" fromId="92" toId="100">
</dataflow>
<dataflow id="377" from="layer10_out_V_4" to="call_ret7" fromId="93" toId="100">
</dataflow>
<dataflow id="378" from="layer10_out_V_5" to="call_ret7" fromId="94" toId="100">
</dataflow>
<dataflow id="379" from="layer10_out_V_6" to="call_ret7" fromId="95" toId="100">
</dataflow>
<dataflow id="380" from="layer10_out_V_7" to="call_ret7" fromId="96" toId="100">
</dataflow>
<dataflow id="381" from="layer10_out_V_8" to="call_ret7" fromId="97" toId="100">
</dataflow>
<dataflow id="382" from="dense_latency<ap_fixed<16, 7, 4, 0, 0>, ap_fixed<16, 6, 5, 3, 0>, config11>" to="call_ret7" fromId="351" toId="101">
</dataflow>
<dataflow id="383" from="layer10_out_V" to="call_ret7" fromId="88" toId="101">
</dataflow>
<dataflow id="384" from="empty" to="call_ret7" fromId="90" toId="101">
</dataflow>
<dataflow id="385" from="layer10_out_V_2" to="call_ret7" fromId="91" toId="101">
</dataflow>
<dataflow id="386" from="layer10_out_V_3" to="call_ret7" fromId="92" toId="101">
</dataflow>
<dataflow id="387" from="layer10_out_V_4" to="call_ret7" fromId="93" toId="101">
</dataflow>
<dataflow id="388" from="layer10_out_V_5" to="call_ret7" fromId="94" toId="101">
</dataflow>
<dataflow id="389" from="layer10_out_V_6" to="call_ret7" fromId="95" toId="101">
</dataflow>
<dataflow id="390" from="layer10_out_V_7" to="call_ret7" fromId="96" toId="101">
</dataflow>
<dataflow id="391" from="layer10_out_V_8" to="call_ret7" fromId="97" toId="101">
</dataflow>
<dataflow id="392" from="dense_latency<ap_fixed<16, 7, 4, 0, 0>, ap_fixed<16, 6, 5, 3, 0>, config11>" to="call_ret7" fromId="351" toId="102">
</dataflow>
<dataflow id="393" from="layer10_out_V" to="call_ret7" fromId="88" toId="102">
</dataflow>
<dataflow id="394" from="empty" to="call_ret7" fromId="90" toId="102">
</dataflow>
<dataflow id="395" from="layer10_out_V_2" to="call_ret7" fromId="91" toId="102">
</dataflow>
<dataflow id="396" from="layer10_out_V_3" to="call_ret7" fromId="92" toId="102">
</dataflow>
<dataflow id="397" from="layer10_out_V_4" to="call_ret7" fromId="93" toId="102">
</dataflow>
<dataflow id="398" from="layer10_out_V_5" to="call_ret7" fromId="94" toId="102">
</dataflow>
<dataflow id="399" from="layer10_out_V_6" to="call_ret7" fromId="95" toId="102">
</dataflow>
<dataflow id="400" from="layer10_out_V_7" to="call_ret7" fromId="96" toId="102">
</dataflow>
<dataflow id="401" from="layer10_out_V_8" to="call_ret7" fromId="97" toId="102">
</dataflow>
<dataflow id="402" from="call_ret7" to="layer11_out_V" fromId="102" toId="103">
</dataflow>
<dataflow id="403" from="call_ret7" to="layer11_out_V_1" fromId="102" toId="104">
</dataflow>
<dataflow id="405" from="sigmoid<ap_fixed<16, 6, 5, 3, 0>, ap_fixed<16, 6, 5, 3, 0>, sigmoid_config13>" to="call_ret" fromId="404" toId="105">
</dataflow>
<dataflow id="406" from="layer11_out_V" to="call_ret" fromId="103" toId="105">
</dataflow>
<dataflow id="407" from="layer11_out_V_1" to="call_ret" fromId="104" toId="105">
</dataflow>
<dataflow id="408" from="sigmoid_table" to="call_ret" fromId="186" toId="105">
</dataflow>
<dataflow id="409" from="sigmoid<ap_fixed<16, 6, 5, 3, 0>, ap_fixed<16, 6, 5, 3, 0>, sigmoid_config13>" to="call_ret" fromId="404" toId="106">
</dataflow>
<dataflow id="410" from="layer11_out_V" to="call_ret" fromId="103" toId="106">
</dataflow>
<dataflow id="411" from="layer11_out_V_1" to="call_ret" fromId="104" toId="106">
</dataflow>
<dataflow id="412" from="sigmoid_table" to="call_ret" fromId="186" toId="106">
</dataflow>
<dataflow id="413" from="sigmoid<ap_fixed<16, 6, 5, 3, 0>, ap_fixed<16, 6, 5, 3, 0>, sigmoid_config13>" to="call_ret" fromId="404" toId="107">
</dataflow>
<dataflow id="414" from="layer11_out_V" to="call_ret" fromId="103" toId="107">
</dataflow>
<dataflow id="415" from="layer11_out_V_1" to="call_ret" fromId="104" toId="107">
</dataflow>
<dataflow id="416" from="sigmoid_table" to="call_ret" fromId="186" toId="107">
</dataflow>
<dataflow id="418" from="_ssdm_op_SpecPipeline" to="specpipeline_ln0" fromId="417" toId="108">
</dataflow>
<dataflow id="420" from="StgValue_419" to="specpipeline_ln0" fromId="419" toId="108">
</dataflow>
<dataflow id="422" from="StgValue_421" to="specpipeline_ln0" fromId="421" toId="108">
</dataflow>
<dataflow id="423" from="StgValue_421" to="specpipeline_ln0" fromId="421" toId="108">
</dataflow>
<dataflow id="424" from="StgValue_421" to="specpipeline_ln0" fromId="421" toId="108">
</dataflow>
<dataflow id="426" from="empty_0" to="specpipeline_ln0" fromId="425" toId="108">
</dataflow>
<dataflow id="428" from="_ssdm_op_SpecTopModule" to="spectopmodule_ln0" fromId="427" toId="109">
</dataflow>
<dataflow id="430" from="empty_2" to="spectopmodule_ln0" fromId="429" toId="109">
</dataflow>
<dataflow id="432" from="_ssdm_op_SpecBitsMap" to="specbitsmap_ln0" fromId="431" toId="110">
</dataflow>
<dataflow id="433" from="fc1_input_input" to="specbitsmap_ln0" fromId="183" toId="110">
</dataflow>
<dataflow id="435" from="_ssdm_op_SpecInterface" to="specinterface_ln0" fromId="434" toId="111">
</dataflow>
<dataflow id="436" from="fc1_input_input" to="specinterface_ln0" fromId="183" toId="111">
</dataflow>
<dataflow id="438" from="empty" to="specinterface_ln0" fromId="437" toId="111">
</dataflow>
<dataflow id="439" from="StgValue_421" to="specinterface_ln0" fromId="421" toId="111">
</dataflow>
<dataflow id="440" from="StgValue_421" to="specinterface_ln0" fromId="421" toId="111">
</dataflow>
<dataflow id="441" from="empty_0" to="specinterface_ln0" fromId="425" toId="111">
</dataflow>
<dataflow id="442" from="StgValue_421" to="specinterface_ln0" fromId="421" toId="111">
</dataflow>
<dataflow id="443" from="StgValue_421" to="specinterface_ln0" fromId="421" toId="111">
</dataflow>
<dataflow id="444" from="empty_0" to="specinterface_ln0" fromId="425" toId="111">
</dataflow>
<dataflow id="445" from="empty_0" to="specinterface_ln0" fromId="425" toId="111">
</dataflow>
<dataflow id="446" from="empty_0" to="specinterface_ln0" fromId="425" toId="111">
</dataflow>
<dataflow id="447" from="StgValue_421" to="specinterface_ln0" fromId="421" toId="111">
</dataflow>
<dataflow id="448" from="StgValue_421" to="specinterface_ln0" fromId="421" toId="111">
</dataflow>
<dataflow id="449" from="StgValue_421" to="specinterface_ln0" fromId="421" toId="111">
</dataflow>
<dataflow id="450" from="StgValue_421" to="specinterface_ln0" fromId="421" toId="111">
</dataflow>
<dataflow id="451" from="empty_0" to="specinterface_ln0" fromId="425" toId="111">
</dataflow>
<dataflow id="452" from="empty_0" to="specinterface_ln0" fromId="425" toId="111">
</dataflow>
<dataflow id="453" from="StgValue_419" to="specinterface_ln0" fromId="419" toId="111">
</dataflow>
<dataflow id="454" from="StgValue_421" to="specinterface_ln0" fromId="421" toId="111">
</dataflow>
<dataflow id="455" from="_ssdm_op_SpecBitsMap" to="specbitsmap_ln0" fromId="431" toId="112">
</dataflow>
<dataflow id="456" from="layer13_out_0" to="specbitsmap_ln0" fromId="184" toId="112">
</dataflow>
<dataflow id="457" from="_ssdm_op_SpecInterface" to="specinterface_ln0" fromId="434" toId="113">
</dataflow>
<dataflow id="458" from="layer13_out_0" to="specinterface_ln0" fromId="184" toId="113">
</dataflow>
<dataflow id="459" from="empty" to="specinterface_ln0" fromId="437" toId="113">
</dataflow>
<dataflow id="460" from="StgValue_421" to="specinterface_ln0" fromId="421" toId="113">
</dataflow>
<dataflow id="461" from="StgValue_421" to="specinterface_ln0" fromId="421" toId="113">
</dataflow>
<dataflow id="462" from="empty_0" to="specinterface_ln0" fromId="425" toId="113">
</dataflow>
<dataflow id="463" from="StgValue_421" to="specinterface_ln0" fromId="421" toId="113">
</dataflow>
<dataflow id="464" from="StgValue_421" to="specinterface_ln0" fromId="421" toId="113">
</dataflow>
<dataflow id="465" from="empty_0" to="specinterface_ln0" fromId="425" toId="113">
</dataflow>
<dataflow id="466" from="empty_0" to="specinterface_ln0" fromId="425" toId="113">
</dataflow>
<dataflow id="467" from="empty_0" to="specinterface_ln0" fromId="425" toId="113">
</dataflow>
<dataflow id="468" from="StgValue_421" to="specinterface_ln0" fromId="421" toId="113">
</dataflow>
<dataflow id="469" from="StgValue_421" to="specinterface_ln0" fromId="421" toId="113">
</dataflow>
<dataflow id="470" from="StgValue_421" to="specinterface_ln0" fromId="421" toId="113">
</dataflow>
<dataflow id="471" from="StgValue_421" to="specinterface_ln0" fromId="421" toId="113">
</dataflow>
<dataflow id="472" from="empty_0" to="specinterface_ln0" fromId="425" toId="113">
</dataflow>
<dataflow id="473" from="empty_0" to="specinterface_ln0" fromId="425" toId="113">
</dataflow>
<dataflow id="474" from="StgValue_419" to="specinterface_ln0" fromId="419" toId="113">
</dataflow>
<dataflow id="475" from="StgValue_421" to="specinterface_ln0" fromId="421" toId="113">
</dataflow>
<dataflow id="476" from="_ssdm_op_SpecBitsMap" to="specbitsmap_ln0" fromId="431" toId="114">
</dataflow>
<dataflow id="477" from="layer13_out_1" to="specbitsmap_ln0" fromId="185" toId="114">
</dataflow>
<dataflow id="478" from="_ssdm_op_SpecInterface" to="specinterface_ln0" fromId="434" toId="115">
</dataflow>
<dataflow id="479" from="layer13_out_1" to="specinterface_ln0" fromId="185" toId="115">
</dataflow>
<dataflow id="480" from="empty" to="specinterface_ln0" fromId="437" toId="115">
</dataflow>
<dataflow id="481" from="StgValue_421" to="specinterface_ln0" fromId="421" toId="115">
</dataflow>
<dataflow id="482" from="StgValue_421" to="specinterface_ln0" fromId="421" toId="115">
</dataflow>
<dataflow id="483" from="empty_0" to="specinterface_ln0" fromId="425" toId="115">
</dataflow>
<dataflow id="484" from="StgValue_421" to="specinterface_ln0" fromId="421" toId="115">
</dataflow>
<dataflow id="485" from="StgValue_421" to="specinterface_ln0" fromId="421" toId="115">
</dataflow>
<dataflow id="486" from="empty_0" to="specinterface_ln0" fromId="425" toId="115">
</dataflow>
<dataflow id="487" from="empty_0" to="specinterface_ln0" fromId="425" toId="115">
</dataflow>
<dataflow id="488" from="empty_0" to="specinterface_ln0" fromId="425" toId="115">
</dataflow>
<dataflow id="489" from="StgValue_421" to="specinterface_ln0" fromId="421" toId="115">
</dataflow>
<dataflow id="490" from="StgValue_421" to="specinterface_ln0" fromId="421" toId="115">
</dataflow>
<dataflow id="491" from="StgValue_421" to="specinterface_ln0" fromId="421" toId="115">
</dataflow>
<dataflow id="492" from="StgValue_421" to="specinterface_ln0" fromId="421" toId="115">
</dataflow>
<dataflow id="493" from="empty_0" to="specinterface_ln0" fromId="425" toId="115">
</dataflow>
<dataflow id="494" from="empty_0" to="specinterface_ln0" fromId="425" toId="115">
</dataflow>
<dataflow id="495" from="StgValue_419" to="specinterface_ln0" fromId="419" toId="115">
</dataflow>
<dataflow id="496" from="StgValue_421" to="specinterface_ln0" fromId="421" toId="115">
</dataflow>
<dataflow id="497" from="sigmoid<ap_fixed<16, 6, 5, 3, 0>, ap_fixed<16, 6, 5, 3, 0>, sigmoid_config13>" to="call_ret" fromId="404" toId="116">
</dataflow>
<dataflow id="498" from="layer11_out_V" to="call_ret" fromId="103" toId="116">
</dataflow>
<dataflow id="499" from="layer11_out_V_1" to="call_ret" fromId="104" toId="116">
</dataflow>
<dataflow id="500" from="sigmoid_table" to="call_ret" fromId="186" toId="116">
</dataflow>
<dataflow id="501" from="call_ret" to="layer13_out_0_ret" fromId="116" toId="117">
</dataflow>
<dataflow id="503" from="_ssdm_op_Write.ap_vld.i16P0A" to="write_ln67" fromId="502" toId="118">
</dataflow>
<dataflow id="504" from="layer13_out_0" to="write_ln67" fromId="184" toId="118">
</dataflow>
<dataflow id="505" from="layer13_out_0_ret" to="write_ln67" fromId="117" toId="118">
</dataflow>
<dataflow id="506" from="call_ret" to="layer13_out_1_ret" fromId="116" toId="119">
</dataflow>
<dataflow id="507" from="_ssdm_op_Write.ap_vld.i16P0A" to="write_ln67" fromId="502" toId="120">
</dataflow>
<dataflow id="508" from="layer13_out_1" to="write_ln67" fromId="185" toId="120">
</dataflow>
<dataflow id="509" from="layer13_out_1_ret" to="write_ln67" fromId="119" toId="120">
</dataflow>
</dataflows>


</stg>
