<stg><name>sigmoid<ap_fixed<16, 6, 5, 3, 0>, ap_fixed<16, 6, 5, 3, 0>, sigmoid_config13></name>


<trans_list>

<trans id="63" from="1" to="2">
<condition id="-1">
<or_exp><and_exp></and_exp></or_exp>
</condition>
</trans>

<trans id="64" from="2" to="3">
<condition id="-1">
<or_exp><and_exp></and_exp></or_exp>
</condition>
</trans>

<trans id="65" from="3" to="4">
<condition id="-1">
<or_exp><and_exp></and_exp></or_exp>
</condition>
</trans>
</trans_list>



<state_list>

<state id="1" st_id="1">

<operation id="5" st_id="1" stage="1" lat="1">
<core>NULL</core>
<MemPortIdVec></MemPortIdVec>
<condition id="-1">
<or_exp><and_exp></and_exp></or_exp>
</condition>

<Node id="5" bw="16" op_0_bw="16" op_1_bw="16">
<![CDATA[
entry_ifconv:1 %p_read_1 = read i16 @_ssdm_op_Read.ap_auto.i16, i16 %p_read1

]]></Node>
<StgValue><ssdm name="p_read_1"/></StgValue>
</operation>

<operation id="6" st_id="1" stage="1" lat="1">
<core>NULL</core>
<MemPortIdVec></MemPortIdVec>
<condition id="-1">
<or_exp><and_exp></and_exp></or_exp>
</condition>

<Node id="6" bw="16" op_0_bw="16" op_1_bw="16">
<![CDATA[
entry_ifconv:2 %p_read_2 = read i16 @_ssdm_op_Read.ap_auto.i16, i16 %p_read

]]></Node>
<StgValue><ssdm name="p_read_2"/></StgValue>
</operation>

<operation id="7" st_id="1" stage="1" lat="1">
<core>NULL</core>
<MemPortIdVec></MemPortIdVec>
<condition id="-1">
<or_exp><and_exp></and_exp></or_exp>
</condition>

<Node id="7" bw="26" op_0_bw="26" op_1_bw="16" op_2_bw="10">
<![CDATA[
entry_ifconv:3 %r_V = bitconcatenate i26 @_ssdm_op_BitConcatenate.i26.i16.i10, i16 %p_read_2, i10 0

]]></Node>
<StgValue><ssdm name="r_V"/></StgValue>
</operation>

<operation id="8" st_id="1" stage="1" lat="1">
<core>NULL</core>
<MemPortIdVec></MemPortIdVec>
<condition id="-1">
<or_exp><and_exp></and_exp></or_exp>
</condition>

<Node id="8" bw="12" op_0_bw="12" op_1_bw="16" op_2_bw="32" op_3_bw="32">
<![CDATA[
entry_ifconv:4 %ret_V = partselect i12 @_ssdm_op_PartSelect.i12.i16.i32.i32, i16 %p_read_2, i32 4, i32 15

]]></Node>
<StgValue><ssdm name="ret_V"/></StgValue>
</operation>

<operation id="9" st_id="1" stage="1" lat="1">
<core>NULL</core>
<MemPortIdVec></MemPortIdVec>
<condition id="-1">
<or_exp><and_exp></and_exp></or_exp>
</condition>

<Node id="9" bw="13" op_0_bw="12">
<![CDATA[
entry_ifconv:5 %sext_ln983 = sext i12 %ret_V

]]></Node>
<StgValue><ssdm name="sext_ln983"/></StgValue>
</operation>

<operation id="10" st_id="1" stage="1" lat="1">
<core>Cmp</core>
<MemPortIdVec></MemPortIdVec>
<condition id="-1">
<or_exp><and_exp></and_exp></or_exp>
</condition>

<Node id="10" bw="1" op_0_bw="26" op_1_bw="26">
<![CDATA[
entry_ifconv:6 %p_Result_s = icmp_slt  i26 %r_V, i26 67108849

]]></Node>
<StgValue><ssdm name="p_Result_s"/></StgValue>
</operation>

<operation id="11" st_id="1" stage="1" lat="1">
<core>NULL</core>
<MemPortIdVec></MemPortIdVec>
<condition id="-1">
<or_exp><and_exp></and_exp></or_exp>
</condition>

<Node id="11" bw="4" op_0_bw="16">
<![CDATA[
entry_ifconv:7 %trunc_ln1003 = trunc i16 %p_read_2

]]></Node>
<StgValue><ssdm name="trunc_ln1003"/></StgValue>
</operation>

<operation id="12" st_id="1" stage="1" lat="1">
<core>NULL</core>
<MemPortIdVec></MemPortIdVec>
<condition id="-1">
<or_exp><and_exp></and_exp></or_exp>
</condition>

<Node id="12" bw="10" op_0_bw="10" op_1_bw="4" op_2_bw="6">
<![CDATA[
entry_ifconv:8 %tmp = bitconcatenate i10 @_ssdm_op_BitConcatenate.i10.i4.i6, i4 %trunc_ln1003, i6 0

]]></Node>
<StgValue><ssdm name="tmp"/></StgValue>
</operation>

<operation id="13" st_id="1" stage="1" lat="1">
<core>Cmp</core>
<MemPortIdVec></MemPortIdVec>
<condition id="-1">
<or_exp><and_exp></and_exp></or_exp>
</condition>

<Node id="13" bw="1" op_0_bw="10" op_1_bw="10">
<![CDATA[
entry_ifconv:9 %icmp_ln1003 = icmp_eq  i10 %tmp, i10 0

]]></Node>
<StgValue><ssdm name="icmp_ln1003"/></StgValue>
</operation>

<operation id="14" st_id="1" stage="1" lat="1">
<core>Adder</core>
<MemPortIdVec></MemPortIdVec>
<condition id="-1">
<or_exp><and_exp></and_exp></or_exp>
</condition>

<Node id="14" bw="13" op_0_bw="13" op_1_bw="13">
<![CDATA[
entry_ifconv:10 %ret_V_1 = add i13 %sext_ln983, i13 1

]]></Node>
<StgValue><ssdm name="ret_V_1"/></StgValue>
</operation>

<operation id="15" st_id="1" stage="1" lat="1">
<core>Sel</core>
<MemPortIdVec></MemPortIdVec>
<condition id="-1">
<or_exp><and_exp></and_exp></or_exp>
</condition>

<Node id="15" bw="13" op_0_bw="1" op_1_bw="13" op_2_bw="13">
<![CDATA[
entry_ifconv:11 %select_ln1002 = select i1 %icmp_ln1003, i13 %sext_ln983, i13 %ret_V_1

]]></Node>
<StgValue><ssdm name="select_ln1002"/></StgValue>
</operation>

<operation id="16" st_id="1" stage="1" lat="1">
<core>Sel</core>
<MemPortIdVec></MemPortIdVec>
<condition id="-1">
<or_exp><and_exp></and_exp></or_exp>
</condition>

<Node id="16" bw="13" op_0_bw="1" op_1_bw="13" op_2_bw="13">
<![CDATA[
entry_ifconv:12 %ret_V_6 = select i1 %p_Result_s, i13 %select_ln1002, i13 %sext_ln983

]]></Node>
<StgValue><ssdm name="ret_V_6"/></StgValue>
</operation>

<operation id="17" st_id="1" stage="1" lat="1">
<core>NULL</core>
<MemPortIdVec></MemPortIdVec>
<condition id="-1">
<or_exp><and_exp></and_exp></or_exp>
</condition>

<Node id="17" bw="12" op_0_bw="13">
<![CDATA[
entry_ifconv:13 %trunc_ln116 = trunc i13 %ret_V_6

]]></Node>
<StgValue><ssdm name="trunc_ln116"/></StgValue>
</operation>

<operation id="18" st_id="1" stage="1" lat="1">
<core>NULL</core>
<MemPortIdVec></MemPortIdVec>
<condition id="-1">
<or_exp><and_exp></and_exp></or_exp>
</condition>

<Node id="30" bw="26" op_0_bw="26" op_1_bw="16" op_2_bw="10">
<![CDATA[
entry_ifconv:26 %r_V_1 = bitconcatenate i26 @_ssdm_op_BitConcatenate.i26.i16.i10, i16 %p_read_1, i10 0

]]></Node>
<StgValue><ssdm name="r_V_1"/></StgValue>
</operation>

<operation id="19" st_id="1" stage="1" lat="1">
<core>NULL</core>
<MemPortIdVec></MemPortIdVec>
<condition id="-1">
<or_exp><and_exp></and_exp></or_exp>
</condition>

<Node id="31" bw="12" op_0_bw="12" op_1_bw="16" op_2_bw="32" op_3_bw="32">
<![CDATA[
entry_ifconv:27 %ret_V_3 = partselect i12 @_ssdm_op_PartSelect.i12.i16.i32.i32, i16 %p_read_1, i32 4, i32 15

]]></Node>
<StgValue><ssdm name="ret_V_3"/></StgValue>
</operation>

<operation id="20" st_id="1" stage="1" lat="1">
<core>NULL</core>
<MemPortIdVec></MemPortIdVec>
<condition id="-1">
<or_exp><and_exp></and_exp></or_exp>
</condition>

<Node id="32" bw="13" op_0_bw="12">
<![CDATA[
entry_ifconv:28 %sext_ln983_1 = sext i12 %ret_V_3

]]></Node>
<StgValue><ssdm name="sext_ln983_1"/></StgValue>
</operation>

<operation id="21" st_id="1" stage="1" lat="1">
<core>Cmp</core>
<MemPortIdVec></MemPortIdVec>
<condition id="-1">
<or_exp><and_exp></and_exp></or_exp>
</condition>

<Node id="33" bw="1" op_0_bw="26" op_1_bw="26">
<![CDATA[
entry_ifconv:29 %p_Result_1 = icmp_slt  i26 %r_V_1, i26 67108849

]]></Node>
<StgValue><ssdm name="p_Result_1"/></StgValue>
</operation>

<operation id="22" st_id="1" stage="1" lat="1">
<core>NULL</core>
<MemPortIdVec></MemPortIdVec>
<condition id="-1">
<or_exp><and_exp></and_exp></or_exp>
</condition>

<Node id="34" bw="4" op_0_bw="16">
<![CDATA[
entry_ifconv:30 %trunc_ln1003_1 = trunc i16 %p_read_1

]]></Node>
<StgValue><ssdm name="trunc_ln1003_1"/></StgValue>
</operation>

<operation id="23" st_id="1" stage="1" lat="1">
<core>NULL</core>
<MemPortIdVec></MemPortIdVec>
<condition id="-1">
<or_exp><and_exp></and_exp></or_exp>
</condition>

<Node id="35" bw="10" op_0_bw="10" op_1_bw="4" op_2_bw="6">
<![CDATA[
entry_ifconv:31 %tmp_2 = bitconcatenate i10 @_ssdm_op_BitConcatenate.i10.i4.i6, i4 %trunc_ln1003_1, i6 0

]]></Node>
<StgValue><ssdm name="tmp_2"/></StgValue>
</operation>

<operation id="24" st_id="1" stage="1" lat="1">
<core>Cmp</core>
<MemPortIdVec></MemPortIdVec>
<condition id="-1">
<or_exp><and_exp></and_exp></or_exp>
</condition>

<Node id="36" bw="1" op_0_bw="10" op_1_bw="10">
<![CDATA[
entry_ifconv:32 %icmp_ln1003_1 = icmp_eq  i10 %tmp_2, i10 0

]]></Node>
<StgValue><ssdm name="icmp_ln1003_1"/></StgValue>
</operation>

<operation id="25" st_id="1" stage="1" lat="1">
<core>Adder</core>
<MemPortIdVec></MemPortIdVec>
<condition id="-1">
<or_exp><and_exp></and_exp></or_exp>
</condition>

<Node id="37" bw="13" op_0_bw="13" op_1_bw="13">
<![CDATA[
entry_ifconv:33 %ret_V_4 = add i13 %sext_ln983_1, i13 1

]]></Node>
<StgValue><ssdm name="ret_V_4"/></StgValue>
</operation>

<operation id="26" st_id="1" stage="1" lat="1">
<core>Sel</core>
<MemPortIdVec></MemPortIdVec>
<condition id="-1">
<or_exp><and_exp></and_exp></or_exp>
</condition>

<Node id="38" bw="13" op_0_bw="1" op_1_bw="13" op_2_bw="13">
<![CDATA[
entry_ifconv:34 %select_ln1002_1 = select i1 %icmp_ln1003_1, i13 %sext_ln983_1, i13 %ret_V_4

]]></Node>
<StgValue><ssdm name="select_ln1002_1"/></StgValue>
</operation>

<operation id="27" st_id="1" stage="1" lat="1">
<core>Sel</core>
<MemPortIdVec></MemPortIdVec>
<condition id="-1">
<or_exp><and_exp></and_exp></or_exp>
</condition>

<Node id="39" bw="13" op_0_bw="1" op_1_bw="13" op_2_bw="13">
<![CDATA[
entry_ifconv:35 %ret_V_7 = select i1 %p_Result_1, i13 %select_ln1002_1, i13 %sext_ln983_1

]]></Node>
<StgValue><ssdm name="ret_V_7"/></StgValue>
</operation>

<operation id="28" st_id="1" stage="1" lat="1">
<core>NULL</core>
<MemPortIdVec></MemPortIdVec>
<condition id="-1">
<or_exp><and_exp></and_exp></or_exp>
</condition>

<Node id="40" bw="12" op_0_bw="13">
<![CDATA[
entry_ifconv:36 %trunc_ln116_1 = trunc i13 %ret_V_7

]]></Node>
<StgValue><ssdm name="trunc_ln116_1"/></StgValue>
</operation>
</state>

<state id="2" st_id="2">

<operation id="29" st_id="2" stage="1" lat="1">
<core>Adder</core>
<MemPortIdVec></MemPortIdVec>
<condition id="-1">
<or_exp><and_exp></and_exp></or_exp>
</condition>

<Node id="18" bw="13" op_0_bw="13" op_1_bw="13">
<![CDATA[
entry_ifconv:14 %index = add i13 %ret_V_6, i13 512

]]></Node>
<StgValue><ssdm name="index"/></StgValue>
</operation>

<operation id="30" st_id="2" stage="1" lat="1">
<core>Adder</core>
<MemPortIdVec></MemPortIdVec>
<condition id="-1">
<or_exp><and_exp></and_exp></or_exp>
</condition>

<Node id="19" bw="12" op_0_bw="12" op_1_bw="12">
<![CDATA[
entry_ifconv:15 %add_ln113 = add i12 %trunc_ln116, i12 512

]]></Node>
<StgValue><ssdm name="add_ln113"/></StgValue>
</operation>

<operation id="31" st_id="2" stage="1" lat="1">
<core>NULL</core>
<MemPortIdVec></MemPortIdVec>
<condition id="-1">
<or_exp><and_exp></and_exp></or_exp>
</condition>

<Node id="20" bw="1" op_0_bw="1" op_1_bw="13" op_2_bw="32">
<![CDATA[
entry_ifconv:16 %tmp_1 = bitselect i1 @_ssdm_op_BitSelect.i1.i13.i32, i13 %index, i32 12

]]></Node>
<StgValue><ssdm name="tmp_1"/></StgValue>
</operation>

<operation id="32" st_id="2" stage="1" lat="1">
<core>Sel</core>
<MemPortIdVec></MemPortIdVec>
<condition id="-1">
<or_exp><and_exp></and_exp></or_exp>
</condition>

<Node id="21" bw="12" op_0_bw="1" op_1_bw="12" op_2_bw="12">
<![CDATA[
entry_ifconv:17 %index_1 = select i1 %tmp_1, i12 0, i12 %add_ln113

]]></Node>
<StgValue><ssdm name="index_1"/></StgValue>
</operation>

<operation id="33" st_id="2" stage="1" lat="1">
<core>NULL</core>
<MemPortIdVec></MemPortIdVec>
<condition id="-1">
<or_exp><and_exp></and_exp></or_exp>
</condition>

<Node id="22" bw="10" op_0_bw="12">
<![CDATA[
entry_ifconv:18 %trunc_ln113 = trunc i12 %index_1

]]></Node>
<StgValue><ssdm name="trunc_ln113"/></StgValue>
</operation>

<operation id="34" st_id="2" stage="1" lat="1">
<core>NULL</core>
<MemPortIdVec></MemPortIdVec>
<condition id="-1">
<or_exp><and_exp></and_exp></or_exp>
</condition>

<Node id="23" bw="2" op_0_bw="2" op_1_bw="12" op_2_bw="32" op_3_bw="32">
<![CDATA[
entry_ifconv:19 %tmp_3 = partselect i2 @_ssdm_op_PartSelect.i2.i12.i32.i32, i12 %index_1, i32 10, i32 11

]]></Node>
<StgValue><ssdm name="tmp_3"/></StgValue>
</operation>

<operation id="35" st_id="2" stage="1" lat="1">
<core>Cmp</core>
<MemPortIdVec></MemPortIdVec>
<condition id="-1">
<or_exp><and_exp></and_exp></or_exp>
</condition>

<Node id="24" bw="1" op_0_bw="2" op_1_bw="2">
<![CDATA[
entry_ifconv:20 %icmp_ln119 = icmp_ne  i2 %tmp_3, i2 0

]]></Node>
<StgValue><ssdm name="icmp_ln119"/></StgValue>
</operation>

<operation id="36" st_id="2" stage="1" lat="1">
<core>Sel</core>
<MemPortIdVec></MemPortIdVec>
<condition id="-1">
<or_exp><and_exp></and_exp></or_exp>
</condition>

<Node id="25" bw="10" op_0_bw="1" op_1_bw="10" op_2_bw="10">
<![CDATA[
entry_ifconv:21 %index_2 = select i1 %icmp_ln119, i10 1023, i10 %trunc_ln113

]]></Node>
<StgValue><ssdm name="index_2"/></StgValue>
</operation>

<operation id="37" st_id="2" stage="1" lat="1">
<core>Adder</core>
<MemPortIdVec></MemPortIdVec>
<condition id="-1">
<or_exp><and_exp></and_exp></or_exp>
</condition>

<Node id="41" bw="13" op_0_bw="13" op_1_bw="13">
<![CDATA[
entry_ifconv:37 %index_3 = add i13 %ret_V_7, i13 512

]]></Node>
<StgValue><ssdm name="index_3"/></StgValue>
</operation>

<operation id="38" st_id="2" stage="1" lat="1">
<core>Adder</core>
<MemPortIdVec></MemPortIdVec>
<condition id="-1">
<or_exp><and_exp></and_exp></or_exp>
</condition>

<Node id="42" bw="12" op_0_bw="12" op_1_bw="12">
<![CDATA[
entry_ifconv:38 %add_ln113_1 = add i12 %trunc_ln116_1, i12 512

]]></Node>
<StgValue><ssdm name="add_ln113_1"/></StgValue>
</operation>

<operation id="39" st_id="2" stage="1" lat="1">
<core>NULL</core>
<MemPortIdVec></MemPortIdVec>
<condition id="-1">
<or_exp><and_exp></and_exp></or_exp>
</condition>

<Node id="43" bw="1" op_0_bw="1" op_1_bw="13" op_2_bw="32">
<![CDATA[
entry_ifconv:39 %tmp_4 = bitselect i1 @_ssdm_op_BitSelect.i1.i13.i32, i13 %index_3, i32 12

]]></Node>
<StgValue><ssdm name="tmp_4"/></StgValue>
</operation>

<operation id="40" st_id="2" stage="1" lat="1">
<core>Sel</core>
<MemPortIdVec></MemPortIdVec>
<condition id="-1">
<or_exp><and_exp></and_exp></or_exp>
</condition>

<Node id="44" bw="12" op_0_bw="1" op_1_bw="12" op_2_bw="12">
<![CDATA[
entry_ifconv:40 %index_4 = select i1 %tmp_4, i12 0, i12 %add_ln113_1

]]></Node>
<StgValue><ssdm name="index_4"/></StgValue>
</operation>

<operation id="41" st_id="2" stage="1" lat="1">
<core>NULL</core>
<MemPortIdVec></MemPortIdVec>
<condition id="-1">
<or_exp><and_exp></and_exp></or_exp>
</condition>

<Node id="45" bw="10" op_0_bw="12">
<![CDATA[
entry_ifconv:41 %trunc_ln113_1 = trunc i12 %index_4

]]></Node>
<StgValue><ssdm name="trunc_ln113_1"/></StgValue>
</operation>

<operation id="42" st_id="2" stage="1" lat="1">
<core>NULL</core>
<MemPortIdVec></MemPortIdVec>
<condition id="-1">
<or_exp><and_exp></and_exp></or_exp>
</condition>

<Node id="46" bw="2" op_0_bw="2" op_1_bw="12" op_2_bw="32" op_3_bw="32">
<![CDATA[
entry_ifconv:42 %tmp_5 = partselect i2 @_ssdm_op_PartSelect.i2.i12.i32.i32, i12 %index_4, i32 10, i32 11

]]></Node>
<StgValue><ssdm name="tmp_5"/></StgValue>
</operation>

<operation id="43" st_id="2" stage="1" lat="1">
<core>Cmp</core>
<MemPortIdVec></MemPortIdVec>
<condition id="-1">
<or_exp><and_exp></and_exp></or_exp>
</condition>

<Node id="47" bw="1" op_0_bw="2" op_1_bw="2">
<![CDATA[
entry_ifconv:43 %icmp_ln119_1 = icmp_ne  i2 %tmp_5, i2 0

]]></Node>
<StgValue><ssdm name="icmp_ln119_1"/></StgValue>
</operation>

<operation id="44" st_id="2" stage="1" lat="1">
<core>Sel</core>
<MemPortIdVec></MemPortIdVec>
<condition id="-1">
<or_exp><and_exp></and_exp></or_exp>
</condition>

<Node id="48" bw="10" op_0_bw="1" op_1_bw="10" op_2_bw="10">
<![CDATA[
entry_ifconv:44 %index_5 = select i1 %icmp_ln119_1, i10 1023, i10 %trunc_ln113_1

]]></Node>
<StgValue><ssdm name="index_5"/></StgValue>
</operation>
</state>

<state id="3" st_id="3">

<operation id="45" st_id="3" stage="1" lat="1">
<core>NULL</core>
<MemPortIdVec></MemPortIdVec>
<condition id="-1">
<or_exp><and_exp></and_exp></or_exp>
</condition>

<Node id="26" bw="64" op_0_bw="10">
<![CDATA[
entry_ifconv:22 %zext_ln121 = zext i10 %index_2

]]></Node>
<StgValue><ssdm name="zext_ln121"/></StgValue>
</operation>

<operation id="46" st_id="3" stage="1" lat="1">
<core>NULL</core>
<MemPortIdVec></MemPortIdVec>
<condition id="-1">
<or_exp><and_exp></and_exp></or_exp>
</condition>

<Node id="27" bw="10" op_0_bw="10" op_1_bw="64" op_2_bw="64">
<![CDATA[
entry_ifconv:23 %sigmoid_table_addr = getelementptr i10 %sigmoid_table, i64 0, i64 %zext_ln121

]]></Node>
<StgValue><ssdm name="sigmoid_table_addr"/></StgValue>
</operation>

<operation id="47" st_id="3" stage="2" lat="2">
<core>ROM</core>
<MemPortIdVec>1 </MemPortIdVec>
<condition id="-1">
<or_exp><and_exp></and_exp></or_exp>
</condition>

<Node id="28" bw="10" op_0_bw="10">
<![CDATA[
entry_ifconv:24 %sigmoid_table_load = load i10 %sigmoid_table_addr

]]></Node>
<StgValue><ssdm name="sigmoid_table_load"/></StgValue>
</operation>

<operation id="48" st_id="3" stage="1" lat="1">
<core>NULL</core>
<MemPortIdVec></MemPortIdVec>
<condition id="-1">
<or_exp><and_exp></and_exp></or_exp>
</condition>

<Node id="49" bw="64" op_0_bw="10">
<![CDATA[
entry_ifconv:45 %zext_ln121_1 = zext i10 %index_5

]]></Node>
<StgValue><ssdm name="zext_ln121_1"/></StgValue>
</operation>

<operation id="49" st_id="3" stage="1" lat="1">
<core>NULL</core>
<MemPortIdVec></MemPortIdVec>
<condition id="-1">
<or_exp><and_exp></and_exp></or_exp>
</condition>

<Node id="50" bw="10" op_0_bw="10" op_1_bw="64" op_2_bw="64">
<![CDATA[
entry_ifconv:46 %sigmoid_table_addr_1 = getelementptr i10 %sigmoid_table, i64 0, i64 %zext_ln121_1

]]></Node>
<StgValue><ssdm name="sigmoid_table_addr_1"/></StgValue>
</operation>

<operation id="50" st_id="3" stage="2" lat="2">
<core>ROM</core>
<MemPortIdVec>0 </MemPortIdVec>
<condition id="-1">
<or_exp><and_exp></and_exp></or_exp>
</condition>

<Node id="51" bw="10" op_0_bw="10">
<![CDATA[
entry_ifconv:47 %sigmoid_table_load_1 = load i10 %sigmoid_table_addr_1

]]></Node>
<StgValue><ssdm name="sigmoid_table_load_1"/></StgValue>
</operation>
</state>

<state id="4" st_id="4">

<operation id="51" st_id="4" stage="1" lat="1">
<core>NULL</core>
<MemPortIdVec></MemPortIdVec>
<condition id="-1">
<or_exp><and_exp></and_exp></or_exp>
</condition>

<Node id="4" bw="0" op_0_bw="0" op_1_bw="32" op_2_bw="32" op_3_bw="32" op_4_bw="32" op_5_bw="0">
<![CDATA[
entry_ifconv:0 %specpipeline_ln109 = specpipeline void @_ssdm_op_SpecPipeline, i32 4294967295, i32 0, i32 0, i32 0, void @empty_0

]]></Node>
<StgValue><ssdm name="specpipeline_ln109"/></StgValue>
</operation>

<operation id="52" st_id="4" stage="1" lat="2">
<core>ROM</core>
<MemPortIdVec>1 </MemPortIdVec>
<condition id="-1">
<or_exp><and_exp></and_exp></or_exp>
</condition>

<Node id="28" bw="10" op_0_bw="10">
<![CDATA[
entry_ifconv:24 %sigmoid_table_load = load i10 %sigmoid_table_addr

]]></Node>
<StgValue><ssdm name="sigmoid_table_load"/></StgValue>
</operation>

<operation id="53" st_id="4" stage="1" lat="1">
<core>NULL</core>
<MemPortIdVec></MemPortIdVec>
<condition id="-1">
<or_exp><and_exp></and_exp></or_exp>
</condition>

<Node id="29" bw="16" op_0_bw="10">
<![CDATA[
entry_ifconv:25 %zext_ln813 = zext i10 %sigmoid_table_load

]]></Node>
<StgValue><ssdm name="zext_ln813"/></StgValue>
</operation>

<operation id="54" st_id="4" stage="1" lat="2">
<core>ROM</core>
<MemPortIdVec>0 </MemPortIdVec>
<condition id="-1">
<or_exp><and_exp></and_exp></or_exp>
</condition>

<Node id="51" bw="10" op_0_bw="10">
<![CDATA[
entry_ifconv:47 %sigmoid_table_load_1 = load i10 %sigmoid_table_addr_1

]]></Node>
<StgValue><ssdm name="sigmoid_table_load_1"/></StgValue>
</operation>

<operation id="55" st_id="4" stage="1" lat="1">
<core>NULL</core>
<MemPortIdVec></MemPortIdVec>
<condition id="-1">
<or_exp><and_exp></and_exp></or_exp>
</condition>

<Node id="52" bw="16" op_0_bw="10">
<![CDATA[
entry_ifconv:48 %zext_ln813_1 = zext i10 %sigmoid_table_load_1

]]></Node>
<StgValue><ssdm name="zext_ln813_1"/></StgValue>
</operation>

<operation id="56" st_id="4" stage="1" lat="1">
<core>NULL</core>
<MemPortIdVec></MemPortIdVec>
<condition id="-1">
<or_exp><and_exp></and_exp></or_exp>
</condition>

<Node id="53" bw="32" op_0_bw="32" op_1_bw="16">
<![CDATA[
entry_ifconv:49 %mrv = insertvalue i32 <undef>, i16 %zext_ln813

]]></Node>
<StgValue><ssdm name="mrv"/></StgValue>
</operation>

<operation id="57" st_id="4" stage="1" lat="1">
<core>NULL</core>
<MemPortIdVec></MemPortIdVec>
<condition id="-1">
<or_exp><and_exp></and_exp></or_exp>
</condition>

<Node id="54" bw="32" op_0_bw="32" op_1_bw="16">
<![CDATA[
entry_ifconv:50 %mrv_1 = insertvalue i32 %mrv, i16 %zext_ln813_1

]]></Node>
<StgValue><ssdm name="mrv_1"/></StgValue>
</operation>

<operation id="58" st_id="4" stage="1" lat="1">
<core>NULL</core>
<MemPortIdVec></MemPortIdVec>
<condition id="-1">
<or_exp><and_exp></and_exp></or_exp>
</condition>

<Node id="55" bw="0" op_0_bw="32">
<![CDATA[
entry_ifconv:51 %ret_ln123 = ret i32 %mrv_1

]]></Node>
<StgValue><ssdm name="ret_ln123"/></StgValue>
</operation>
</state>
</state_list>


<ports>
<port id="66" name="p_read" dir="0" iftype="0">
<core>NULL</core><StgValue><ssdm name="p_read"/></StgValue>
</port>
<port id="67" name="p_read1" dir="0" iftype="0">
<core>NULL</core><StgValue><ssdm name="p_read1"/></StgValue>
</port>
<port id="68" name="sigmoid_table" dir="0" iftype="1">
<core>ROM</core><StgValue><ssdm name="sigmoid_table"/><MemPortTyVec>1 1 </MemPortTyVec>
</StgValue>
</port>
</ports>


<dataflows>
<dataflow id="70" from="_ssdm_op_Read.ap_auto.i16" to="p_read_1" fromId="69" toId="5">
</dataflow>
<dataflow id="71" from="p_read1" to="p_read_1" fromId="67" toId="5">
</dataflow>
<dataflow id="72" from="_ssdm_op_Read.ap_auto.i16" to="p_read_2" fromId="69" toId="6">
</dataflow>
<dataflow id="73" from="p_read" to="p_read_2" fromId="66" toId="6">
</dataflow>
<dataflow id="75" from="_ssdm_op_BitConcatenate.i26.i16.i10" to="r_V" fromId="74" toId="7">
</dataflow>
<dataflow id="76" from="p_read_2" to="r_V" fromId="6" toId="7">
</dataflow>
<dataflow id="78" from="StgValue_77" to="r_V" fromId="77" toId="7">
</dataflow>
<dataflow id="80" from="_ssdm_op_PartSelect.i12.i16.i32.i32" to="ret_V" fromId="79" toId="8">
</dataflow>
<dataflow id="81" from="p_read_2" to="ret_V" fromId="6" toId="8">
</dataflow>
<dataflow id="83" from="StgValue_82" to="ret_V" fromId="82" toId="8">
</dataflow>
<dataflow id="85" from="StgValue_84" to="ret_V" fromId="84" toId="8">
</dataflow>
<dataflow id="86" from="ret_V" to="sext_ln983" fromId="8" toId="9">
</dataflow>
<dataflow id="87" from="r_V" to="p_Result_s" fromId="7" toId="10">
</dataflow>
<dataflow id="89" from="StgValue_88" to="p_Result_s" fromId="88" toId="10">
</dataflow>
<dataflow id="90" from="p_read_2" to="trunc_ln1003" fromId="6" toId="11">
</dataflow>
<dataflow id="92" from="_ssdm_op_BitConcatenate.i10.i4.i6" to="tmp" fromId="91" toId="12">
</dataflow>
<dataflow id="93" from="trunc_ln1003" to="tmp" fromId="11" toId="12">
</dataflow>
<dataflow id="95" from="StgValue_94" to="tmp" fromId="94" toId="12">
</dataflow>
<dataflow id="96" from="tmp" to="icmp_ln1003" fromId="12" toId="13">
</dataflow>
<dataflow id="97" from="StgValue_77" to="icmp_ln1003" fromId="77" toId="13">
</dataflow>
<dataflow id="98" from="sext_ln983" to="ret_V_1" fromId="9" toId="14">
</dataflow>
<dataflow id="100" from="StgValue_99" to="ret_V_1" fromId="99" toId="14">
</dataflow>
<dataflow id="101" from="icmp_ln1003" to="select_ln1002" fromId="13" toId="15">
</dataflow>
<dataflow id="102" from="sext_ln983" to="select_ln1002" fromId="9" toId="15">
</dataflow>
<dataflow id="103" from="ret_V_1" to="select_ln1002" fromId="14" toId="15">
</dataflow>
<dataflow id="104" from="p_Result_s" to="ret_V_6" fromId="10" toId="16">
</dataflow>
<dataflow id="105" from="select_ln1002" to="ret_V_6" fromId="15" toId="16">
</dataflow>
<dataflow id="106" from="sext_ln983" to="ret_V_6" fromId="9" toId="16">
</dataflow>
<dataflow id="107" from="ret_V_6" to="trunc_ln116" fromId="16" toId="17">
</dataflow>
<dataflow id="108" from="_ssdm_op_BitConcatenate.i26.i16.i10" to="r_V_1" fromId="74" toId="18">
</dataflow>
<dataflow id="109" from="p_read_1" to="r_V_1" fromId="5" toId="18">
</dataflow>
<dataflow id="110" from="StgValue_77" to="r_V_1" fromId="77" toId="18">
</dataflow>
<dataflow id="111" from="_ssdm_op_PartSelect.i12.i16.i32.i32" to="ret_V_3" fromId="79" toId="19">
</dataflow>
<dataflow id="112" from="p_read_1" to="ret_V_3" fromId="5" toId="19">
</dataflow>
<dataflow id="113" from="StgValue_82" to="ret_V_3" fromId="82" toId="19">
</dataflow>
<dataflow id="114" from="StgValue_84" to="ret_V_3" fromId="84" toId="19">
</dataflow>
<dataflow id="115" from="ret_V_3" to="sext_ln983_1" fromId="19" toId="20">
</dataflow>
<dataflow id="116" from="r_V_1" to="p_Result_1" fromId="18" toId="21">
</dataflow>
<dataflow id="117" from="StgValue_88" to="p_Result_1" fromId="88" toId="21">
</dataflow>
<dataflow id="118" from="p_read_1" to="trunc_ln1003_1" fromId="5" toId="22">
</dataflow>
<dataflow id="119" from="_ssdm_op_BitConcatenate.i10.i4.i6" to="tmp_2" fromId="91" toId="23">
</dataflow>
<dataflow id="120" from="trunc_ln1003_1" to="tmp_2" fromId="22" toId="23">
</dataflow>
<dataflow id="121" from="StgValue_94" to="tmp_2" fromId="94" toId="23">
</dataflow>
<dataflow id="122" from="tmp_2" to="icmp_ln1003_1" fromId="23" toId="24">
</dataflow>
<dataflow id="123" from="StgValue_77" to="icmp_ln1003_1" fromId="77" toId="24">
</dataflow>
<dataflow id="124" from="sext_ln983_1" to="ret_V_4" fromId="20" toId="25">
</dataflow>
<dataflow id="125" from="StgValue_99" to="ret_V_4" fromId="99" toId="25">
</dataflow>
<dataflow id="126" from="icmp_ln1003_1" to="select_ln1002_1" fromId="24" toId="26">
</dataflow>
<dataflow id="127" from="sext_ln983_1" to="select_ln1002_1" fromId="20" toId="26">
</dataflow>
<dataflow id="128" from="ret_V_4" to="select_ln1002_1" fromId="25" toId="26">
</dataflow>
<dataflow id="129" from="p_Result_1" to="ret_V_7" fromId="21" toId="27">
</dataflow>
<dataflow id="130" from="select_ln1002_1" to="ret_V_7" fromId="26" toId="27">
</dataflow>
<dataflow id="131" from="sext_ln983_1" to="ret_V_7" fromId="20" toId="27">
</dataflow>
<dataflow id="132" from="ret_V_7" to="trunc_ln116_1" fromId="27" toId="28">
</dataflow>
<dataflow id="133" from="ret_V_6" to="index" fromId="16" toId="29">
</dataflow>
<dataflow id="135" from="StgValue_134" to="index" fromId="134" toId="29">
</dataflow>
<dataflow id="136" from="trunc_ln116" to="add_ln113" fromId="17" toId="30">
</dataflow>
<dataflow id="138" from="StgValue_137" to="add_ln113" fromId="137" toId="30">
</dataflow>
<dataflow id="140" from="_ssdm_op_BitSelect.i1.i13.i32" to="tmp_1" fromId="139" toId="31">
</dataflow>
<dataflow id="141" from="index" to="tmp_1" fromId="29" toId="31">
</dataflow>
<dataflow id="143" from="StgValue_142" to="tmp_1" fromId="142" toId="31">
</dataflow>
<dataflow id="144" from="tmp_1" to="index_1" fromId="31" toId="32">
</dataflow>
<dataflow id="146" from="StgValue_145" to="index_1" fromId="145" toId="32">
</dataflow>
<dataflow id="147" from="add_ln113" to="index_1" fromId="30" toId="32">
</dataflow>
<dataflow id="148" from="index_1" to="trunc_ln113" fromId="32" toId="33">
</dataflow>
<dataflow id="150" from="_ssdm_op_PartSelect.i2.i12.i32.i32" to="tmp_3" fromId="149" toId="34">
</dataflow>
<dataflow id="151" from="index_1" to="tmp_3" fromId="32" toId="34">
</dataflow>
<dataflow id="153" from="StgValue_152" to="tmp_3" fromId="152" toId="34">
</dataflow>
<dataflow id="155" from="StgValue_154" to="tmp_3" fromId="154" toId="34">
</dataflow>
<dataflow id="156" from="tmp_3" to="icmp_ln119" fromId="34" toId="35">
</dataflow>
<dataflow id="158" from="StgValue_157" to="icmp_ln119" fromId="157" toId="35">
</dataflow>
<dataflow id="159" from="icmp_ln119" to="index_2" fromId="35" toId="36">
</dataflow>
<dataflow id="161" from="StgValue_160" to="index_2" fromId="160" toId="36">
</dataflow>
<dataflow id="162" from="trunc_ln113" to="index_2" fromId="33" toId="36">
</dataflow>
<dataflow id="163" from="ret_V_7" to="index_3" fromId="27" toId="37">
</dataflow>
<dataflow id="164" from="StgValue_134" to="index_3" fromId="134" toId="37">
</dataflow>
<dataflow id="165" from="trunc_ln116_1" to="add_ln113_1" fromId="28" toId="38">
</dataflow>
<dataflow id="166" from="StgValue_137" to="add_ln113_1" fromId="137" toId="38">
</dataflow>
<dataflow id="167" from="_ssdm_op_BitSelect.i1.i13.i32" to="tmp_4" fromId="139" toId="39">
</dataflow>
<dataflow id="168" from="index_3" to="tmp_4" fromId="37" toId="39">
</dataflow>
<dataflow id="169" from="StgValue_142" to="tmp_4" fromId="142" toId="39">
</dataflow>
<dataflow id="170" from="tmp_4" to="index_4" fromId="39" toId="40">
</dataflow>
<dataflow id="171" from="StgValue_145" to="index_4" fromId="145" toId="40">
</dataflow>
<dataflow id="172" from="add_ln113_1" to="index_4" fromId="38" toId="40">
</dataflow>
<dataflow id="173" from="index_4" to="trunc_ln113_1" fromId="40" toId="41">
</dataflow>
<dataflow id="174" from="_ssdm_op_PartSelect.i2.i12.i32.i32" to="tmp_5" fromId="149" toId="42">
</dataflow>
<dataflow id="175" from="index_4" to="tmp_5" fromId="40" toId="42">
</dataflow>
<dataflow id="176" from="StgValue_152" to="tmp_5" fromId="152" toId="42">
</dataflow>
<dataflow id="177" from="StgValue_154" to="tmp_5" fromId="154" toId="42">
</dataflow>
<dataflow id="178" from="tmp_5" to="icmp_ln119_1" fromId="42" toId="43">
</dataflow>
<dataflow id="179" from="StgValue_157" to="icmp_ln119_1" fromId="157" toId="43">
</dataflow>
<dataflow id="180" from="icmp_ln119_1" to="index_5" fromId="43" toId="44">
</dataflow>
<dataflow id="181" from="StgValue_160" to="index_5" fromId="160" toId="44">
</dataflow>
<dataflow id="182" from="trunc_ln113_1" to="index_5" fromId="41" toId="44">
</dataflow>
<dataflow id="183" from="index_2" to="zext_ln121" fromId="36" toId="45">
</dataflow>
<dataflow id="184" from="sigmoid_table" to="sigmoid_table_addr" fromId="68" toId="46">
</dataflow>
<dataflow id="186" from="StgValue_185" to="sigmoid_table_addr" fromId="185" toId="46">
</dataflow>
<dataflow id="187" from="zext_ln121" to="sigmoid_table_addr" fromId="45" toId="46">
</dataflow>
<dataflow id="188" from="sigmoid_table_addr" to="sigmoid_table_load" fromId="46" toId="47">
</dataflow>
<dataflow id="189" from="index_5" to="zext_ln121_1" fromId="44" toId="48">
</dataflow>
<dataflow id="190" from="sigmoid_table" to="sigmoid_table_addr_1" fromId="68" toId="49">
</dataflow>
<dataflow id="191" from="StgValue_185" to="sigmoid_table_addr_1" fromId="185" toId="49">
</dataflow>
<dataflow id="192" from="zext_ln121_1" to="sigmoid_table_addr_1" fromId="48" toId="49">
</dataflow>
<dataflow id="193" from="sigmoid_table_addr_1" to="sigmoid_table_load_1" fromId="49" toId="50">
</dataflow>
<dataflow id="195" from="_ssdm_op_SpecPipeline" to="specpipeline_ln109" fromId="194" toId="51">
</dataflow>
<dataflow id="197" from="StgValue_196" to="specpipeline_ln109" fromId="196" toId="51">
</dataflow>
<dataflow id="199" from="StgValue_198" to="specpipeline_ln109" fromId="198" toId="51">
</dataflow>
<dataflow id="200" from="StgValue_198" to="specpipeline_ln109" fromId="198" toId="51">
</dataflow>
<dataflow id="201" from="StgValue_198" to="specpipeline_ln109" fromId="198" toId="51">
</dataflow>
<dataflow id="203" from="empty_0" to="specpipeline_ln109" fromId="202" toId="51">
</dataflow>
<dataflow id="204" from="sigmoid_table_addr" to="sigmoid_table_load" fromId="46" toId="52">
</dataflow>
<dataflow id="205" from="sigmoid_table_load" to="zext_ln813" fromId="52" toId="53">
</dataflow>
<dataflow id="206" from="sigmoid_table_addr_1" to="sigmoid_table_load_1" fromId="49" toId="54">
</dataflow>
<dataflow id="207" from="sigmoid_table_load_1" to="zext_ln813_1" fromId="54" toId="55">
</dataflow>
<dataflow id="209" from="StgValue_208" to="mrv" fromId="208" toId="56">
</dataflow>
<dataflow id="210" from="zext_ln813" to="mrv" fromId="53" toId="56">
</dataflow>
<dataflow id="211" from="mrv" to="mrv_1" fromId="56" toId="57">
</dataflow>
<dataflow id="212" from="zext_ln813_1" to="mrv_1" fromId="55" toId="57">
</dataflow>
<dataflow id="213" from="mrv_1" to="ret_ln123" fromId="57" toId="58">
</dataflow>
</dataflows>


</stg>
