<profile>

<section name = "Vitis HLS Report for 'sigmoid_ap_fixed_16_6_5_3_0_ap_fixed_16_6_5_3_0_sigmoid_config13_s'" level="0">
<item name = "Date">Thu Apr 10 01:00:37 2025
</item>
<item name = "Version">2022.2 (Build 3670227 on Oct 13 2022)</item>
<item name = "Project">myproject_prj</item>
<item name = "Solution">solution1 (Vivado IP Flow Target)</item>
<item name = "Product family">zynq</item>
<item name = "Target device">xc7z020-clg484-1</item>
</section>

<section name = "Performance Estimates" level="0">
<item name = "Timing">
<section name = "" level="1">
<item name = "Summary"><table name="" hasTotal="0">
<keys size="4">Clock, Target, Estimated, Uncertainty</keys>
<column name="ap_clk">5.00 ns, 4.022 ns, 0.62 ns</column>
</table>
</item>
</section>
</item>
<item name = "Latency">
<section name = "" level="1">
<item name = "Summary"><table name="" hasTotal="0">
<keys size="8">, min, max, min, max, min, max, Type</keys>
<column name="">3, 3, 15.000 ns, 15.000 ns, 1, 1, yes</column>
</table>
</item>
<item name = "Detail">
<section name = "" level="1">
<item name = "Instance"><table name="" hasTotal="0">
<keys size="9">Instance, Module, min, max, min, max, min, max, Type</keys>
</table>
</item>
<item name = "Loop"><table name="" hasTotal="0">
<keys size="8">Loop Name, min, max, Latency, achieved, target, Count, Pipelined</keys>
</table>
</item>
</section>
</item>
</section>
</item>
</section>

<section name = "Utilization Estimates" level="0">
<item name = "Summary"><table name="" hasTotal="1">
<keys size="6">Name, BRAM_18K, DSP, FF, LUT, URAM</keys>
<column name="DSP">-, -, -, -, -</column>
<column name="Expression">-, -, 0, 248, -</column>
<column name="FIFO">-, -, -, -, -</column>
<column name="Instance">-, -, -, -, -</column>
<column name="Memory">1, -, 0, 0, -</column>
<column name="Multiplexer">-, -, -, -, -</column>
<column name="Register">-, -, 74, -, -</column>
<specialColumn name="Available">280, 220, 106400, 53200, 0</specialColumn>
<specialColumn name="Utilization (%)">~0, 0, ~0, ~0, 0</specialColumn>
</table>
</item>
<item name = "Detail">
<section name = "" level="1">
<item name = "Instance"><table name="" hasTotal="1">
<keys size="7">Instance, Module, BRAM_18K, DSP, FF, LUT, URAM</keys>
</table>
</item>
<item name = "DSP"><table name="" hasTotal="0">
<keys size="3">Instance, Module, Expression</keys>
</table>
</item>
<item name = "Memory"><table name="" hasTotal="1">
<keys size="10">Memory, Module, BRAM_18K, FF, LUT, URAM, Words, Bits, Banks, W*Bits*Banks</keys>
<column name="sigmoid_table_U">sigmoid_ap_fixed_16_6_5_3_0_ap_fixed_16_6_5_3_0_sigmoid_config13_s_sigmoid_tabkb, 1, 0, 0, 0, 1024, 10, 1, 10240</column>
</table>
</item>
<item name = "FIFO"><table name="" hasTotal="1">
<keys size="8">Name, BRAM_18K, FF, LUT, URAM, Depth, Bits, Size:D*B</keys>
</table>
</item>
<item name = "Expression"><table name="" hasTotal="1">
<keys size="7">Variable Name, Operation, DSP, FF, LUT, Bitwidth P0, Bitwidth P1</keys>
<column name="add_ln113_1_fu_298_p2">+, 0, 0, 12, 12, 10</column>
<column name="add_ln113_fu_244_p2">+, 0, 0, 12, 12, 10</column>
<column name="index_3_fu_293_p2">+, 0, 0, 14, 13, 10</column>
<column name="index_fu_239_p2">+, 0, 0, 14, 13, 10</column>
<column name="ret_V_1_fu_141_p2">+, 0, 0, 14, 13, 1</column>
<column name="ret_V_4_fu_213_p2">+, 0, 0, 14, 13, 1</column>
<column name="icmp_ln1003_1_fu_207_p2">icmp, 0, 0, 11, 10, 1</column>
<column name="icmp_ln1003_fu_135_p2">icmp, 0, 0, 11, 10, 1</column>
<column name="icmp_ln119_1_fu_333_p2">icmp, 0, 0, 8, 2, 1</column>
<column name="icmp_ln119_fu_279_p2">icmp, 0, 0, 8, 2, 1</column>
<column name="p_Result_1_fu_189_p2">icmp, 0, 0, 16, 26, 5</column>
<column name="p_Result_s_fu_117_p2">icmp, 0, 0, 16, 26, 5</column>
<column name="index_1_fu_257_p3">select, 0, 0, 12, 1, 1</column>
<column name="index_2_fu_285_p3">select, 0, 0, 10, 1, 2</column>
<column name="index_4_fu_311_p3">select, 0, 0, 12, 1, 1</column>
<column name="index_5_fu_339_p3">select, 0, 0, 10, 1, 2</column>
<column name="ret_V_6_fu_155_p3">select, 0, 0, 13, 1, 13</column>
<column name="ret_V_7_fu_227_p3">select, 0, 0, 13, 1, 13</column>
<column name="select_ln1002_1_fu_219_p3">select, 0, 0, 13, 1, 13</column>
<column name="select_ln1002_fu_147_p3">select, 0, 0, 13, 1, 13</column>
<column name="ap_enable_pp0">xor, 0, 0, 2, 1, 2</column>
</table>
</item>
<item name = "Multiplexer"><table name="" hasTotal="1">
<keys size="5">Name, LUT, Input Size, Bits, Total Bits</keys>
</table>
</item>
<item name = "Register"><table name="" hasTotal="1">
<keys size="5">Name, FF, LUT, Bits, Const Bits</keys>
<column name="ap_CS_fsm">1, 0, 1, 0</column>
<column name="ap_enable_reg_pp0_iter1">1, 0, 1, 0</column>
<column name="ap_enable_reg_pp0_iter2">1, 0, 1, 0</column>
<column name="ap_enable_reg_pp0_iter3">1, 0, 1, 0</column>
<column name="index_2_reg_395">10, 0, 10, 0</column>
<column name="index_5_reg_400">10, 0, 10, 0</column>
<column name="ret_V_6_reg_375">13, 0, 13, 0</column>
<column name="ret_V_7_reg_385">13, 0, 13, 0</column>
<column name="trunc_ln116_1_reg_390">12, 0, 12, 0</column>
<column name="trunc_ln116_reg_380">12, 0, 12, 0</column>
</table>
</item>
</section>
</item>
</section>

<section name = "Interface" level="0">
<item name = "Summary"><table name="" hasTotal="0">
<keys size="6">RTL Ports, Dir, Bits, Protocol, Source Object, C Type</keys>
<column name="ap_clk">in, 1, ap_ctrl_hs, sigmoid&lt;ap_fixed&lt;16, 6, 5, 3, 0&gt;, ap_fixed&lt;16, 6, 5, 3, 0&gt;, sigmoid_config13&gt;, return value</column>
<column name="ap_rst">in, 1, ap_ctrl_hs, sigmoid&lt;ap_fixed&lt;16, 6, 5, 3, 0&gt;, ap_fixed&lt;16, 6, 5, 3, 0&gt;, sigmoid_config13&gt;, return value</column>
<column name="ap_start">in, 1, ap_ctrl_hs, sigmoid&lt;ap_fixed&lt;16, 6, 5, 3, 0&gt;, ap_fixed&lt;16, 6, 5, 3, 0&gt;, sigmoid_config13&gt;, return value</column>
<column name="ap_done">out, 1, ap_ctrl_hs, sigmoid&lt;ap_fixed&lt;16, 6, 5, 3, 0&gt;, ap_fixed&lt;16, 6, 5, 3, 0&gt;, sigmoid_config13&gt;, return value</column>
<column name="ap_idle">out, 1, ap_ctrl_hs, sigmoid&lt;ap_fixed&lt;16, 6, 5, 3, 0&gt;, ap_fixed&lt;16, 6, 5, 3, 0&gt;, sigmoid_config13&gt;, return value</column>
<column name="ap_ready">out, 1, ap_ctrl_hs, sigmoid&lt;ap_fixed&lt;16, 6, 5, 3, 0&gt;, ap_fixed&lt;16, 6, 5, 3, 0&gt;, sigmoid_config13&gt;, return value</column>
<column name="ap_ce">in, 1, ap_ctrl_hs, sigmoid&lt;ap_fixed&lt;16, 6, 5, 3, 0&gt;, ap_fixed&lt;16, 6, 5, 3, 0&gt;, sigmoid_config13&gt;, return value</column>
<column name="ap_return_0">out, 16, ap_ctrl_hs, sigmoid&lt;ap_fixed&lt;16, 6, 5, 3, 0&gt;, ap_fixed&lt;16, 6, 5, 3, 0&gt;, sigmoid_config13&gt;, return value</column>
<column name="ap_return_1">out, 16, ap_ctrl_hs, sigmoid&lt;ap_fixed&lt;16, 6, 5, 3, 0&gt;, ap_fixed&lt;16, 6, 5, 3, 0&gt;, sigmoid_config13&gt;, return value</column>
<column name="p_read">in, 16, ap_none, p_read, scalar</column>
<column name="p_read1">in, 16, ap_none, p_read1, scalar</column>
</table>
</item>
</section>
</profile>
