<stg><name>sigmoid<ap_fixed<16, 6, 5, 3, 0>, ap_fixed<16, 6, 5, 3, 0>, sigmoid_config13></name>


<trans_list>

<trans id="63" from="1" to="2">
<condition id="-1">
<or_exp><and_exp></and_exp></or_exp>
</condition>
</trans>

<trans id="64" from="2" to="3">
<condition id="-1">
<or_exp><and_exp></and_exp></or_exp>
</condition>
</trans>

<trans id="65" from="3" to="4">
<condition id="-1">
<or_exp><and_exp></and_exp></or_exp>
</condition>
</trans>
</trans_list>



<state_list>

<state id="1" st_id="1">

<operation id="5" st_id="1" stage="1" lat="1">
<core>NULL</core>
<MemPortIdVec></MemPortIdVec>
<condition id="-1">
<or_exp><and_exp></and_exp></or_exp>
</condition>

<Node id="5" bw="16" op_0_bw="16" op_1_bw="16">
<![CDATA[
entry_ifconv:1 %p_read_1 = read i16 @_ssdm_op_Read.ap_auto.i16, i16 %p_read1

]]></Node>
<StgValue><ssdm name="p_read_1"/></StgValue>
</operation>

<operation id="6" st_id="1" stage="1" lat="1">
<core>NULL</core>
<MemPortIdVec></MemPortIdVec>
<condition id="-1">
<or_exp><and_exp></and_exp></or_exp>
</condition>

<Node id="6" bw="16" op_0_bw="16" op_1_bw="16">
<![CDATA[
entry_ifconv:2 %p_read_2 = read i16 @_ssdm_op_Read.ap_auto.i16, i16 %p_read

]]></Node>
<StgValue><ssdm name="p_read_2"/></StgValue>
</operation>

<operation id="7" st_id="1" stage="1" lat="1">
<core>NULL</core>
<MemPortIdVec></MemPortIdVec>
<condition id="-1">
<or_exp><and_exp></and_exp></or_exp>
</condition>

<Node id="7" bw="26" op_0_bw="26" op_1_bw="16" op_2_bw="10">
<![CDATA[
entry_ifconv:3 %r_V = bitconcatenate i26 @_ssdm_op_BitConcatenate.i26.i16.i10, i16 %p_read_2, i10 0

]]></Node>
<StgValue><ssdm name="r_V"/></StgValue>
</operation>

<operation id="8" st_id="1" stage="1" lat="1">
<core>NULL</core>
<MemPortIdVec></MemPortIdVec>
<condition id="-1">
<or_exp><and_exp></and_exp></or_exp>
</condition>

<Node id="8" bw="12" op_0_bw="12" op_1_bw="16" op_2_bw="32" op_3_bw="32">
<![CDATA[
entry_ifconv:4 %ret_V = partselect i12 @_ssdm_op_PartSelect.i12.i16.i32.i32, i16 %p_read_2, i32 4, i32 15

]]></Node>
<StgValue><ssdm name="ret_V"/></StgValue>
</operation>

<operation id="9" st_id="1" stage="1" lat="1">
<core>NULL</core>
<MemPortIdVec></MemPortIdVec>
<condition id="-1">
<or_exp><and_exp></and_exp></or_exp>
</condition>

<Node id="9" bw="13" op_0_bw="12">
<![CDATA[
entry_ifconv:5 %sext_ln983 = sext i12 %ret_V

]]></Node>
<StgValue><ssdm name="sext_ln983"/></StgValue>
</operation>

<operation id="10" st_id="1" stage="1" lat="1">
<core>Cmp</core>
<MemPortIdVec></MemPortIdVec>
<condition id="-1">
<or_exp><and_exp></and_exp></or_exp>
</condition>

<Node id="10" bw="1" op_0_bw="26" op_1_bw="26">
<![CDATA[
entry_ifconv:6 %p_Result_s = icmp_slt  i26 %r_V, i26 67108849

]]></Node>
<StgValue><ssdm name="p_Result_s"/></StgValue>
</operation>

<operation id="11" st_id="1" stage="1" lat="1">
<core>NULL</core>
<MemPortIdVec></MemPortIdVec>
<condition id="-1">
<or_exp><and_exp></and_exp></or_exp>
</condition>

<Node id="11" bw="4" op_0_bw="16">
<![CDATA[
entry_ifconv:7 %trunc_ln1003 = trunc i16 %p_read_2

]]></Node>
<StgValue><ssdm name="trunc_ln1003"/></StgValue>
</operation>

<operation id="12" st_id="1" stage="1" lat="1">
<core>NULL</core>
<MemPortIdVec></MemPortIdVec>
<condition id="-1">
<or_exp><and_exp></and_exp></or_exp>
</condition>

<Node id="12" bw="10" op_0_bw="10" op_1_bw="4" op_2_bw="6">
<![CDATA[
entry_ifconv:8 %tmp = bitconcatenate i10 @_ssdm_op_BitConcatenate.i10.i4.i6, i4 %trunc_ln1003, i6 0

]]></Node>
<StgValue><ssdm name="tmp"/></StgValue>
</operation>

<operation id="13" st_id="1" stage="1" lat="1">
<core>Cmp</core>
<MemPortIdVec></MemPortIdVec>
<condition id="-1">
<or_exp><and_exp></and_exp></or_exp>
</condition>

<Node id="13" bw="1" op_0_bw="10" op_1_bw="10">
<![CDATA[
entry_ifconv:9 %icmp_ln1003 = icmp_eq  i10 %tmp, i10 0

]]></Node>
<StgValue><ssdm name="icmp_ln1003"/></StgValue>
</operation>

<operation id="14" st_id="1" stage="1" lat="1">
<core>Adder</core>
<MemPortIdVec></MemPortIdVec>
<condition id="-1">
<or_exp><and_exp></and_exp></or_exp>
</condition>

<Node id="14" bw="13" op_0_bw="13" op_1_bw="13">
<![CDATA[
entry_ifconv:10 %ret_V_1 = add i13 %sext_ln983, i13 1

]]></Node>
<StgValue><ssdm name="ret_V_1"/></StgValue>
</operation>

<operation id="15" st_id="1" stage="1" lat="1">
<core>Sel</core>
<MemPortIdVec></MemPortIdVec>
<condition id="-1">
<or_exp><and_exp></and_exp></or_exp>
</condition>

<Node id="15" bw="13" op_0_bw="1" op_1_bw="13" op_2_bw="13">
<![CDATA[
entry_ifconv:11 %select_ln1002 = select i1 %icmp_ln1003, i13 %sext_ln983, i13 %ret_V_1

]]></Node>
<StgValue><ssdm name="select_ln1002"/></StgValue>
</operation>

<operation id="16" st_id="1" stage="1" lat="1">
<core>Sel</core>
<MemPortIdVec></MemPortIdVec>
<condition id="-1">
<or_exp><and_exp></and_exp></or_exp>
</condition>

<Node id="16" bw="13" op_0_bw="1" op_1_bw="13" op_2_bw="13">
<![CDATA[
entry_ifconv:12 %ret_V_6 = select i1 %p_Result_s, i13 %select_ln1002, i13 %sext_ln983

]]></Node>
<StgValue><ssdm name="ret_V_6"/></StgValue>
</operation>

<operation id="17" st_id="1" stage="1" lat="1">
<core>NULL</core>
<MemPortIdVec></MemPortIdVec>
<condition id="-1">
<or_exp><and_exp></and_exp></or_exp>
</condition>

<Node id="17" bw="12" op_0_bw="13">
<![CDATA[
entry_ifconv:13 %trunc_ln116 = trunc i13 %ret_V_6

]]></Node>
<StgValue><ssdm name="trunc_ln116"/></StgValue>
</operation>

<operation id="18" st_id="1" stage="1" lat="1">
<core>NULL</core>
<MemPortIdVec></MemPortIdVec>
<condition id="-1">
<or_exp><and_exp></and_exp></or_exp>
</condition>

<Node id="30" bw="26" op_0_bw="26" op_1_bw="16" op_2_bw="10">
<![CDATA[
entry_ifconv:26 %r_V_1 = bitconcatenate i26 @_ssdm_op_BitConcatenate.i26.i16.i10, i16 %p_read_1, i10 0

]]></Node>
<StgValue><ssdm name="r_V_1"/></StgValue>
</operation>

<operation id="19" st_id="1" stage="1" lat="1">
<core>NULL</core>
<MemPortIdVec></MemPortIdVec>
<condition id="-1">
<or_exp><and_exp></and_exp></or_exp>
</condition>

<Node id="31" bw="12" op_0_bw="12" op_1_bw="16" op_2_bw="32" op_3_bw="32">
<![CDATA[
entry_ifconv:27 %ret_V_3 = partselect i12 @_ssdm_op_PartSelect.i12.i16.i32.i32, i16 %p_read_1, i32 4, i32 15

]]></Node>
<StgValue><ssdm name="ret_V_3"/></StgValue>
</operation>

<operation id="20" st_id="1" stage="1" lat="1">
<core>NULL</core>
<MemPortIdVec></MemPortIdVec>
<condition id="-1">
<or_exp><and_exp></and_exp></or_exp>
</condition>

<Node id="32" bw="13" op_0_bw="12">
<![CDATA[
entry_ifconv:28 %sext_ln983_1 = sext i12 %ret_V_3

]]></Node>
<StgValue><ssdm name="sext_ln983_1"/></StgValue>
</operation>

<operation id="21" st_id="1" stage="1" lat="1">
<core>Cmp</core>
<MemPortIdVec></MemPortIdVec>
<condition id="-1">
<or_exp><and_exp></and_exp></or_exp>
</condition>

<Node id="33" bw="1" op_0_bw="26" op_1_bw="26">
<![CDATA[
entry_ifconv:29 %p_Result_1 = icmp_slt  i26 %r_V_1, i26 67108849

]]></Node>
<StgValue><ssdm name="p_Result_1"/></StgValue>
</operation>

<operation id="22" st_id="1" stage="1" lat="1">
<core>NULL</core>
<MemPortIdVec></MemPortIdVec>
<condition id="-1">
<or_exp><and_exp></and_exp></or_exp>
</condition>

<Node id="34" bw="4" op_0_bw="16">
<![CDATA[
entry_ifconv:30 %trunc_ln1003_1 = trunc i16 %p_read_1

]]></Node>
<StgValue><ssdm name="trunc_ln1003_1"/></StgValue>
</operation>

<operation id="23" st_id="1" stage="1" lat="1">
<core>NULL</core>
<MemPortIdVec></MemPortIdVec>
<condition id="-1">
<or_exp><and_exp></and_exp></or_exp>
</condition>

<Node id="35" bw="10" op_0_bw="10" op_1_bw="4" op_2_bw="6">
<![CDATA[
entry_ifconv:31 %tmp_2 = bitconcatenate i10 @_ssdm_op_BitConcatenate.i10.i4.i6, i4 %trunc_ln1003_1, i6 0

]]></Node>
<StgValue><ssdm name="tmp_2"/></StgValue>
</operation>

<operation id="24" st_id="1" stage="1" lat="1">
<core>Cmp</core>
<MemPortIdVec></MemPortIdVec>
<condition id="-1">
<or_exp><and_exp></and_exp></or_exp>
</condition>

<Node id="36" bw="1" op_0_bw="10" op_1_bw="10">
<![CDATA[
entry_ifconv:32 %icmp_ln1003_1 = icmp_eq  i10 %tmp_2, i10 0

]]></Node>
<StgValue><ssdm name="icmp_ln1003_1"/></StgValue>
</operation>

<operation id="25" st_id="1" stage="1" lat="1">
<core>Adder</core>
<MemPortIdVec></MemPortIdVec>
<condition id="-1">
<or_exp><and_exp></and_exp></or_exp>
</condition>

<Node id="37" bw="13" op_0_bw="13" op_1_bw="13">
<![CDATA[
entry_ifconv:33 %ret_V_4 = add i13 %sext_ln983_1, i13 1

]]></Node>
<StgValue><ssdm name="ret_V_4"/></StgValue>
</operation>

<operation id="26" st_id="1" stage="1" lat="1">
<core>Sel</core>
<MemPortIdVec></MemPortIdVec>
<condition id="-1">
<or_exp><and_exp></and_exp></or_exp>
</condition>

<Node id="38" bw="13" op_0_bw="1" op_1_bw="13" op_2_bw="13">
<![CDATA[
entry_ifconv:34 %select_ln1002_1 = select i1 %icmp_ln1003_1, i13 %sext_ln983_1, i13 %ret_V_4

]]></Node>
<StgValue><ssdm name="select_ln1002_1"/></StgValue>
</operation>

<operation id="27" st_id="1" stage="1" lat="1">
<core>Sel</core>
<MemPortIdVec></MemPortIdVec>
<condition id="-1">
<or_exp><and_exp></and_exp></or_exp>
</condition>

<Node id="39" bw="13" op_0_bw="1" op_1_bw="13" op_2_bw="13">
<![CDATA[
entry_ifconv:35 %ret_V_7 = select i1 %p_Result_1, i13 %select_ln1002_1, i13 %sext_ln983_1

]]></Node>
<StgValue><ssdm name="ret_V_7"/></StgValue>
</operation>

<operation id="28" st_id="1" stage="1" lat="1">
<core>NULL</core>
<MemPortIdVec></MemPortIdVec>
<condition id="-1">
<or_exp><and_exp></and_exp></or_exp>
</condition>

<Node id="40" bw="12" op_0_bw="13">
<![CDATA[
entry_ifconv:36 %trunc_ln116_1 = trunc i13 %ret_V_7

]]></Node>
<StgValue><ssdm name="trunc_ln116_1"/></StgValue>
</operation>
</state>

<state id="2" st_id="2">

<operation id="29" st_id="2" stage="1" lat="1">
<core>Adder</core>
<MemPortIdVec></MemPortIdVec>
<condition id="-1">
<or_exp><and_exp></and_exp></or_exp>
</condition>

<Node id="18" bw="13" op_0_bw="13" op_1_bw="13">
<![CDATA[
entry_ifconv:14 %index = add i13 %ret_V_6, i13 512

]]></Node>
<StgValue><ssdm name="index"/></StgValue>
</operation>

<operation id="30" st_id="2" stage="1" lat="1">
<core>Adder</core>
<MemPortIdVec></MemPortIdVec>
<condition id="-1">
<or_exp><and_exp></and_exp></or_exp>
</condition>

<Node id="19" bw="12" op_0_bw="12" op_1_bw="12">
<![CDATA[
entry_ifconv:15 %add_ln113 = add i12 %trunc_ln116, i12 512

]]></Node>
<StgValue><ssdm name="add_ln113"/></StgValue>
</operation>

<operation id="31" st_id="2" stage="1" lat="1">
<core>NULL</core>
<MemPortIdVec></MemPortIdVec>
<condition id="-1">
<or_exp><and_exp></and_exp></or_exp>
</condition>

<Node id="20" bw="1" op_0_bw="1" op_1_bw="13" op_2_bw="32">
<![CDATA[
entry_ifconv:16 %tmp_1 = bitselect i1 @_ssdm_op_BitSelect.i1.i13.i32, i13 %index, i32 12

]]></Node>
<StgValue><ssdm name="tmp_1"/></StgValue>
</operation>

<operation id="32" st_id="2" stage="1" lat="1">
<core>Sel</core>
<MemPortIdVec></MemPortIdVec>
<condition id="-1">
<or_exp><and_exp></and_exp></or_exp>
</condition>

<Node id="21" bw="12" op_0_bw="1" op_1_bw="12" op_2_bw="12">
<![CDATA[
entry_ifconv:17 %index_1 = select i1 %tmp_1, i12 0, i12 %add_ln113

]]></Node>
<StgValue><ssdm name="index_1"/></StgValue>
</operation>

<operation id="33" st_id="2" stage="1" lat="1">
<core>NULL</core>
<MemPortIdVec></MemPortIdVec>
<condition id="-1">
<or_exp><and_exp></and_exp></or_exp>
</condition>

<Node id="22" bw="10" op_0_bw="12">
<![CDATA[
entry_ifconv:18 %trunc_ln113 = trunc i12 %index_1

]]></Node>
<StgValue><ssdm name="trunc_ln113"/></StgValue>
</operation>

<operation id="34" st_id="2" stage="1" lat="1">
<core>NULL</core>
<MemPortIdVec></MemPortIdVec>
<condition id="-1">
<or_exp><and_exp></and_exp></or_exp>
</condition>

<Node id="23" bw="2" op_0_bw="2" op_1_bw="12" op_2_bw="32" op_3_bw="32">
<![CDATA[
entry_ifconv:19 %tmp_3 = partselect i2 @_ssdm_op_PartSelect.i2.i12.i32.i32, i12 %index_1, i32 10, i32 11

]]></Node>
<StgValue><ssdm name="tmp_3"/></StgValue>
</operation>

<operation id="35" st_id="2" stage="1" lat="1">
<core>Cmp</core>
<MemPortIdVec></MemPortIdVec>
<condition id="-1">
<or_exp><and_exp></and_exp></or_exp>
</condition>

<Node id="24" bw="1" op_0_bw="2" op_1_bw="2">
<![CDATA[
entry_ifconv:20 %icmp_ln119 = icmp_ne  i2 %tmp_3, i2 0

]]></Node>
<StgValue><ssdm name="icmp_ln119"/></StgValue>
</operation>

<operation id="36" st_id="2" stage="1" lat="1">
<core>Sel</core>
<MemPortIdVec></MemPortIdVec>
<condition id="-1">
<or_exp><and_exp></and_exp></or_exp>
</condition>

<Node id="25" bw="10" op_0_bw="1" op_1_bw="10" op_2_bw="10">
<![CDATA[
entry_ifconv:21 %index_2 = select i1 %icmp_ln119, i10 1023, i10 %trunc_ln113

]]></Node>
<StgValue><ssdm name="index_2"/></StgValue>
</operation>

<operation id="37" st_id="2" stage="1" lat="1">
<core>Adder</core>
<MemPortIdVec></MemPortIdVec>
<condition id="-1">
<or_exp><and_exp></and_exp></or_exp>
</condition>

<Node id="41" bw="13" op_0_bw="13" op_1_bw="13">
<![CDATA[
entry_ifconv:37 %index_3 = add i13 %ret_V_7, i13 512

]]></Node>
<StgValue><ssdm name="index_3"/></StgValue>
</operation>

<operation id="38" st_id="2" stage="1" lat="1">
<core>Adder</core>
<MemPortIdVec></MemPortIdVec>
<condition id="-1">
<or_exp><and_exp></and_exp></or_exp>
</condition>

<Node id="42" bw="12" op_0_bw="12" op_1_bw="12">
<![CDATA[
entry_ifconv:38 %add_ln113_1 = add i12 %trunc_ln116_1, i12 512

]]></Node>
<StgValue><ssdm name="add_ln113_1"/></StgValue>
</operation>

<operation id="39" st_id="2" stage="1" lat="1">
<core>NULL</core>
<MemPortIdVec></MemPortIdVec>
<condition id="-1">
<or_exp><and_exp></and_exp></or_exp>
</condition>

<Node id="43" bw="1" op_0_bw="1" op_1_bw="13" op_2_bw="32">
<![CDATA[
entry_ifconv:39 %tmp_4 = bitselect i1 @_ssdm_op_BitSelect.i1.i13.i32, i13 %index_3, i32 12

]]></Node>
<StgValue><ssdm name="tmp_4"/></StgValue>
</operation>

<operation id="40" st_id="2" stage="1" lat="1">
<core>Sel</core>
<MemPortIdVec></MemPortIdVec>
<condition id="-1">
<or_exp><and_exp></and_exp></or_exp>
</condition>

<Node id="44" bw="12" op_0_bw="1" op_1_bw="12" op_2_bw="12">
<![CDATA[
entry_ifconv:40 %index_4 = select i1 %tmp_4, i12 0, i12 %add_ln113_1

]]></Node>
<StgValue><ssdm name="index_4"/></StgValue>
</operation>

<operation id="41" st_id="2" stage="1" lat="1">
<core>NULL</core>
<MemPortIdVec></MemPortIdVec>
<condition id="-1">
<or_exp><and_exp></and_exp></or_exp>
</condition>

<Node id="45" bw="10" op_0_bw="12">
<![CDATA[
entry_ifconv:41 %trunc_ln113_1 = trunc i12 %index_4

]]></Node>
<StgValue><ssdm name="trunc_ln113_1"/></StgValue>
</operation>

<operation id="42" st_id="2" stage="1" lat="1">
<core>NULL</core>
<MemPortIdVec></MemPortIdVec>
<condition id="-1">
<or_exp><and_exp></and_exp></or_exp>
</condition>

<Node id="46" bw="2" op_0_bw="2" op_1_bw="12" op_2_bw="32" op_3_bw="32">
<![CDATA[
entry_ifconv:42 %tmp_5 = partselect i2 @_ssdm_op_PartSelect.i2.i12.i32.i32, i12 %index_4, i32 10, i32 11

]]></Node>
<StgValue><ssdm name="tmp_5"/></StgValue>
</operation>

<operation id="43" st_id="2" stage="1" lat="1">
<core>Cmp</core>
<MemPortIdVec></MemPortIdVec>
<condition id="-1">
<or_exp><and_exp></and_exp></or_exp>
</condition>

<Node id="47" bw="1" op_0_bw="2" op_1_bw="2">
<![CDATA[
entry_ifconv:43 %icmp_ln119_1 = icmp_ne  i2 %tmp_5, i2 0

]]></Node>
<StgValue><ssdm name="icmp_ln119_1"/></StgValue>
</operation>

<operation id="44" st_id="2" stage="1" lat="1">
<core>Sel</core>
<MemPortIdVec></MemPortIdVec>
<condition id="-1">
<or_exp><and_exp></and_exp></or_exp>
</condition>

<Node id="48" bw="10" op_0_bw="1" op_1_bw="10" op_2_bw="10">
<![CDATA[
entry_ifconv:44 %index_5 = select i1 %icmp_ln119_1, i10 1023, i10 %trunc_ln113_1

]]></Node>
<StgValue><ssdm name="index_5"/></StgValue>
</operation>
</state>

<state id="3" st_id="3">

<operation id="45" st_id="3" stage="1" lat="1">
<core>NULL</core>
<MemPortIdVec></MemPortIdVec>
<condition id="-1">
<or_exp><and_exp></and_exp></or_exp>
</condition>

<Node id="26" bw="64" op_0_bw="10">
<![CDATA[
entry_ifconv:22 %zext_ln121 = zext i10 %index_2

]]></Node>
<StgValue><ssdm name="zext_ln121"/></StgValue>
</operation>

<operation id="46" st_id="3" stage="1" lat="1">
<core>NULL</core>
<MemPortIdVec></MemPortIdVec>
<condition id="-1">
<or_exp><and_exp></and_exp></or_exp>
</condition>

<Node id="27" bw="10" op_0_bw="10" op_1_bw="64" op_2_bw="64">
<![CDATA[
entry_ifconv:23 %sigmoid_table_addr = getelementptr i10 %sigmoid_table, i64 0, i64 %zext_ln121

]]></Node>
<StgValue><ssdm name="sigmoid_table_addr"/></StgValue>
</operation>

<operation id="47" st_id="3" stage="2" lat="2">
<core>ROM</core>
<MemPortIdVec></MemPortIdVec>
<condition id="-1">
<or_exp><and_exp></and_exp></or_exp>
</condition>

<Node id="28" bw="10" op_0_bw="10">
<![CDATA[
entry_ifconv:24 %sigmoid_table_load = load i10 %sigmoid_table_addr

]]></Node>
<StgValue><ssdm name="sigmoid_table_load"/></StgValue>
</operation>

<operation id="48" st_id="3" stage="1" lat="1">
<core>NULL</core>
<MemPortIdVec></MemPortIdVec>
<condition id="-1">
<or_exp><and_exp></and_exp></or_exp>
</condition>

<Node id="49" bw="64" op_0_bw="10">
<![CDATA[
entry_ifconv:45 %zext_ln121_1 = zext i10 %index_5

]]></Node>
<StgValue><ssdm name="zext_ln121_1"/></StgValue>
</operation>

<operation id="49" st_id="3" stage="1" lat="1">
<core>NULL</core>
<MemPortIdVec></MemPortIdVec>
<condition id="-1">
<or_exp><and_exp></and_exp></or_exp>
</condition>

<Node id="50" bw="10" op_0_bw="10" op_1_bw="64" op_2_bw="64">
<![CDATA[
entry_ifconv:46 %sigmoid_table_addr_1 = getelementptr i10 %sigmoid_table, i64 0, i64 %zext_ln121_1

]]></Node>
<StgValue><ssdm name="sigmoid_table_addr_1"/></StgValue>
</operation>

<operation id="50" st_id="3" stage="2" lat="2">
<core>ROM</core>
<MemPortIdVec></MemPortIdVec>
<condition id="-1">
<or_exp><and_exp></and_exp></or_exp>
</condition>

<Node id="51" bw="10" op_0_bw="10">
<![CDATA[
entry_ifconv:47 %sigmoid_table_load_1 = load i10 %sigmoid_table_addr_1

]]></Node>
<StgValue><ssdm name="sigmoid_table_load_1"/></StgValue>
</operation>
</state>

<state id="4" st_id="4">

<operation id="51" st_id="4" stage="1" lat="1">
<core>NULL</core>
<MemPortIdVec></MemPortIdVec>
<condition id="-1">
<or_exp><and_exp></and_exp></or_exp>
</condition>

<Node id="4" bw="0" op_0_bw="0" op_1_bw="32" op_2_bw="32" op_3_bw="32" op_4_bw="32" op_5_bw="0">
<![CDATA[
entry_ifconv:0 %specpipeline_ln109 = specpipeline void @_ssdm_op_SpecPipeline, i32 4294967295, i32 0, i32 0, i32 0, void @empty_0

]]></Node>
<StgValue><ssdm name="specpipeline_ln109"/></StgValue>
</operation>

<operation id="52" st_id="4" stage="1" lat="2">
<core>ROM</core>
<MemPortIdVec></MemPortIdVec>
<condition id="-1">
<or_exp><and_exp></and_exp></or_exp>
</condition>

<Node id="28" bw="10" op_0_bw="10">
<![CDATA[
entry_ifconv:24 %sigmoid_table_load = load i10 %sigmoid_table_addr

]]></Node>
<StgValue><ssdm name="sigmoid_table_load"/></StgValue>
</operation>

<operation id="53" st_id="4" stage="1" lat="1">
<core>NULL</core>
<MemPortIdVec></MemPortIdVec>
<condition id="-1">
<or_exp><and_exp></and_exp></or_exp>
</condition>

<Node id="29" bw="16" op_0_bw="10">
<![CDATA[
entry_ifconv:25 %zext_ln813 = zext i10 %sigmoid_table_load

]]></Node>
<StgValue><ssdm name="zext_ln813"/></StgValue>
</operation>

<operation id="54" st_id="4" stage="1" lat="2">
<core>ROM</core>
<MemPortIdVec></MemPortIdVec>
<condition id="-1">
<or_exp><and_exp></and_exp></or_exp>
</condition>

<Node id="51" bw="10" op_0_bw="10">
<![CDATA[
entry_ifconv:47 %sigmoid_table_load_1 = load i10 %sigmoid_table_addr_1

]]></Node>
<StgValue><ssdm name="sigmoid_table_load_1"/></StgValue>
</operation>

<operation id="55" st_id="4" stage="1" lat="1">
<core>NULL</core>
<MemPortIdVec></MemPortIdVec>
<condition id="-1">
<or_exp><and_exp></and_exp></or_exp>
</condition>

<Node id="52" bw="16" op_0_bw="10">
<![CDATA[
entry_ifconv:48 %zext_ln813_1 = zext i10 %sigmoid_table_load_1

]]></Node>
<StgValue><ssdm name="zext_ln813_1"/></StgValue>
</operation>

<operation id="56" st_id="4" stage="1" lat="1">
<core>NULL</core>
<MemPortIdVec></MemPortIdVec>
<condition id="-1">
<or_exp><and_exp></and_exp></or_exp>
</condition>

<Node id="53" bw="32" op_0_bw="32" op_1_bw="16">
<![CDATA[
entry_ifconv:49 %mrv = insertvalue i32 <undef>, i16 %zext_ln813

]]></Node>
<StgValue><ssdm name="mrv"/></StgValue>
</operation>

<operation id="57" st_id="4" stage="1" lat="1">
<core>NULL</core>
<MemPortIdVec></MemPortIdVec>
<condition id="-1">
<or_exp><and_exp></and_exp></or_exp>
</condition>

<Node id="54" bw="32" op_0_bw="32" op_1_bw="16">
<![CDATA[
entry_ifconv:50 %mrv_1 = insertvalue i32 %mrv, i16 %zext_ln813_1

]]></Node>
<StgValue><ssdm name="mrv_1"/></StgValue>
</operation>

<operation id="58" st_id="4" stage="1" lat="1">
<core>NULL</core>
<MemPortIdVec></MemPortIdVec>
<condition id="-1">
<or_exp><and_exp></and_exp></or_exp>
</condition>

<Node id="55" bw="0" op_0_bw="32">
<![CDATA[
entry_ifconv:51 %ret_ln123 = ret i32 %mrv_1

]]></Node>
<StgValue><ssdm name="ret_ln123"/></StgValue>
</operation>
</state>
</state_list>


<ports>
</ports>


<dataflows>
</dataflows>


</stg>
