<root versionMajor = "1" versionMinor = "5">
  <kernel src_name="myproject" language="c" hwCtrl="ap_ctrl_hs" mem_layout="fpga64-xilinx-none">
    <args>
      <arg id="0" access_type="r" src_name="fc1_input_input" src_type="ap_fixed&lt;16, 6, AP_TRN, AP_WRAP, 0&gt;*" src_isptr="1" src_bitwidth="16" src_size_or_depth="1">
        <hw hw_usage="data" hw_interface="Register" hw_name="fc1_input_input" hw_bitwidth="12544" hw_size_or_depth="1" hw_kernel_support="false">
          <constraint constraint_type="pragma interface" mode="ap_vld" register_option="0"/>
        </hw>
      </arg>
      <arg id="1" access_type="w" src_name="layer13_out" src_type="ap_fixed&lt;16, 6, AP_TRN, AP_WRAP, 0&gt;*" src_isptr="1" src_bitwidth="16" src_size_or_depth="2">
        <hw hw_usage="data" hw_interface="Register" hw_name="layer13_out_0" hw_bitwidth="16" hw_size_or_depth="1" hw_kernel_support="false">
          <constraint constraint_type="pragma interface" mode="ap_vld" register_option="0"/>
        </hw>
        <hw hw_usage="data" hw_interface="Register" hw_name="layer13_out_1" hw_bitwidth="16" hw_size_or_depth="1" hw_kernel_support="false">
          <constraint constraint_type="pragma interface" mode="ap_vld" register_option="0"/>
        </hw>
      </arg>
    </args>
    <return src_type="void" src_bitwidth="0" offset="0x0">
      <hw hw_usage="data" hw_interface="" hw_name="" hw_bitwidth="0" hw_kernel_support="true"/>
    </return>
  </kernel>
</root>
