{
  "Top": "myproject",
  "RtlTop": "myproject",
  "RtlPrefix": "",
  "RtlSubPrefix": "myproject_",
  "SourceLanguage": "cpp",
  "HostMachineBits": "64",
  "FunctionProtocol": "ap_ctrl_hs",
  "ResetStyle": "control",
  "Target": {
    "Family": "zynq",
    "Device": "xc7z020",
    "Package": "-clg484",
    "Speed": "-1",
    "Triple": "fpga64-xilinx-none"
  },
  "Args": {
    "fc1_input_input": {
      "index": "0",
      "direction": "in",
      "srcType": "ap_fixed<16, 6, AP_TRN, AP_WRAP, 0>*",
      "srcSize": "16",
      "hwRefs": [
        {
          "type": "port",
          "interface": "fc1_input_input_ap_vld",
          "name": "fc1_input_input_ap_vld",
          "usage": "control",
          "direction": "in"
        },
        {
          "type": "port",
          "interface": "fc1_input_input",
          "name": "fc1_input_input",
          "usage": "data",
          "direction": "in"
        }
      ]
    },
    "layer13_out": {
      "index": "1",
      "direction": "out",
      "srcType": "ap_fixed<16, 6, AP_TRN, AP_WRAP, 0>*",
      "srcSize": "16",
      "hwRefs": [
        {
          "type": "port",
          "interface": "layer13_out_0",
          "name": "layer13_out_0",
          "usage": "data",
          "direction": "out"
        },
        {
          "type": "port",
          "interface": "layer13_out_0_ap_vld",
          "name": "layer13_out_0_ap_vld",
          "usage": "control",
          "direction": "out"
        },
        {
          "type": "port",
          "interface": "layer13_out_1",
          "name": "layer13_out_1",
          "usage": "data",
          "direction": "out"
        },
        {
          "type": "port",
          "interface": "layer13_out_1_ap_vld",
          "name": "layer13_out_1_ap_vld",
          "usage": "control",
          "direction": "out"
        }
      ]
    }
  },
  "HlsSolution": {
    "FlowTarget": "vivado",
    "ConfigTcl": [
      "config_interface -m_axi_latency=0",
      "config_compile -name_max_length=80",
      "config_schedule -enable_dsp_full_reg=0"
    ],
    "DirectiveTcl": ["set_directive_top myproject -name myproject"],
    "ProfileOption": "0",
    "ProfileType": "none",
    "KernelName": "myproject"
  },
  "ClockInfo": {
    "ClockName": "ap_clk",
    "ClockPeriod": "5",
    "Uncertainty": "0.625",
    "IsCombinational": "0",
    "II": "1",
    "Latency": "30"
  },
  "Xdc": {"OocClocks": ["create_clock -name ap_clk -period 5.000 [get_ports ap_clk]"]},
  "Ipx": {
    "Vendor": "xilinx.com",
    "Library": "hls",
    "Name": "myproject",
    "Version": "1.0",
    "DisplayName": "Myproject",
    "Revision": "2114033160",
    "Description": "An IP generated by Vitis HLS",
    "Taxonomy": "\/VITIS_HLS_IP",
    "AutoFamilySupport": "",
    "ZipFile": "xilinx_com_hls_myproject_1_0.zip"
  },
  "Files": {
    "CSource": ["..\/..\/firmware\/myproject.cpp"],
    "Vhdl": [
      "impl\/vhdl\/myproject_dense_latency_ap_fixed_16_6_5_3_0_ap_fixed_16_6_5_3_0_config2_s.vhd",
      "impl\/vhdl\/myproject_dense_latency_ap_fixed_16_7_4_0_0_ap_fixed_16_6_5_3_0_config5_s.vhd",
      "impl\/vhdl\/myproject_dense_latency_ap_fixed_16_7_4_0_0_ap_fixed_16_6_5_3_0_config8_s.vhd",
      "impl\/vhdl\/myproject_dense_latency_ap_fixed_16_7_4_0_0_ap_fixed_16_6_5_3_0_config11_s.vhd",
      "impl\/vhdl\/myproject_linear_ap_fixed_16_6_5_3_0_ap_fixed_16_7_4_0_0_linear_config4_s.vhd",
      "impl\/vhdl\/myproject_linear_ap_fixed_16_6_5_3_0_ap_fixed_16_7_4_0_0_linear_config7_s.vhd",
      "impl\/vhdl\/myproject_linear_ap_fixed_16_6_5_3_0_ap_fixed_16_7_4_0_0_linear_config10_s.vhd",
      "impl\/vhdl\/myproject_mul_16s_5ns_17_2_0.vhd",
      "impl\/vhdl\/myproject_mul_16s_5s_17_2_0.vhd",
      "impl\/vhdl\/myproject_sigmoid_ap_fixed_16_6_5_3_0_ap_fixed_16_6_5_3_0_sigmoid_config13_s.vhd",
      "impl\/vhdl\/myproject_sigmoid_ap_fixed_16_6_5_3_0_ap_fixed_16_6_5_3_0_sigmoid_config13_s_sigmoid_tabkb.vhd",
      "impl\/vhdl\/myproject.vhd"
    ],
    "Verilog": [
      "impl\/verilog\/myproject_dense_latency_ap_fixed_16_6_5_3_0_ap_fixed_16_6_5_3_0_config2_s.v",
      "impl\/verilog\/myproject_dense_latency_ap_fixed_16_7_4_0_0_ap_fixed_16_6_5_3_0_config5_s.v",
      "impl\/verilog\/myproject_dense_latency_ap_fixed_16_7_4_0_0_ap_fixed_16_6_5_3_0_config8_s.v",
      "impl\/verilog\/myproject_dense_latency_ap_fixed_16_7_4_0_0_ap_fixed_16_6_5_3_0_config11_s.v",
      "impl\/verilog\/myproject_linear_ap_fixed_16_6_5_3_0_ap_fixed_16_7_4_0_0_linear_config4_s.v",
      "impl\/verilog\/myproject_linear_ap_fixed_16_6_5_3_0_ap_fixed_16_7_4_0_0_linear_config7_s.v",
      "impl\/verilog\/myproject_linear_ap_fixed_16_6_5_3_0_ap_fixed_16_7_4_0_0_linear_config10_s.v",
      "impl\/verilog\/myproject_mul_16s_5ns_17_2_0.v",
      "impl\/verilog\/myproject_mul_16s_5s_17_2_0.v",
      "impl\/verilog\/myproject_sigmoid_ap_fixed_16_6_5_3_0_ap_fixed_16_6_5_3_0_sigmoid_config13_s.v",
      "impl\/verilog\/myproject_sigmoid_ap_fixed_16_6_5_3_0_ap_fixed_16_6_5_3_0_sigmoid_config13_s_sigmoid_tabkb.dat",
      "impl\/verilog\/myproject_sigmoid_ap_fixed_16_6_5_3_0_ap_fixed_16_6_5_3_0_sigmoid_config13_s_sigmoid_tabkb.v",
      "impl\/verilog\/myproject.v"
    ],
    "IpMisc": ["impl\/misc\/logo.png"],
    "CsynthXml": "syn\/report\/csynth.xml",
    "DebugDir": ".debug",
    "KernelXml": ".autopilot\/db\/kernel.internal.xml",
    "Xo": "",
    "XoHlsDir": "",
    "ProtoInst": [".debug\/myproject.protoinst"]
  },
  "SubcoreInfo": {
    "HasXpmMemory": false,
    "HasClockedDsp": false,
    "Ip": []
  },
  "Interfaces": {
    "ap_clk": {
      "type": "clock",
      "busTypeName": "clock",
      "mode": "slave",
      "busParams": {"ASSOCIATED_RESET": "ap_rst"},
      "portMap": {"ap_clk": "CLK"},
      "ports": ["ap_clk"]
    },
    "ap_rst": {
      "type": "reset",
      "busTypeName": "reset",
      "mode": "slave",
      "busParams": {"POLARITY": "ACTIVE_HIGH"},
      "portMap": {"ap_rst": "RST"},
      "ports": ["ap_rst"]
    },
    "ap_ctrl": {
      "type": "ap_ctrl",
      "busTypeName": "acc_handshake",
      "mode": "slave",
      "portMap": {
        "ap_start": "start",
        "ap_done": "done",
        "ap_idle": "idle",
        "ap_ready": "ready"
      },
      "ports": [
        "ap_done",
        "ap_idle",
        "ap_ready",
        "ap_start"
      ]
    },
    "fc1_input_input": {
      "type": "data",
      "busTypeName": "data",
      "protocol": "ap_vld",
      "mode": "slave",
      "dataWidth": "12544",
      "portMap": {"fc1_input_input": "DATA"},
      "ports": ["fc1_input_input"],
      "constraints": [{
          "constraint_type": "pragma interface",
          "mode": "ap_vld",
          "register_option": "0",
          "argName": "fc1_input_input"
        }]
    },
    "layer13_out_0": {
      "type": "data",
      "busTypeName": "data",
      "protocol": "ap_vld",
      "mode": "master",
      "dataWidth": "16",
      "portMap": {"layer13_out_0": "DATA"},
      "ports": ["layer13_out_0"],
      "constraints": [{
          "constraint_type": "pragma interface",
          "mode": "ap_vld",
          "register_option": "0",
          "argName": "layer13_out"
        }]
    },
    "layer13_out_1": {
      "type": "data",
      "busTypeName": "data",
      "protocol": "ap_vld",
      "mode": "master",
      "dataWidth": "16",
      "portMap": {"layer13_out_1": "DATA"},
      "ports": ["layer13_out_1"],
      "constraints": [{
          "constraint_type": "pragma interface",
          "mode": "ap_vld",
          "register_option": "0",
          "argName": "layer13_out"
        }]
    }
  },
  "RtlPorts": {
    "ap_clk": {
      "dir": "in",
      "width": "1"
    },
    "ap_rst": {
      "dir": "in",
      "width": "1"
    },
    "ap_start": {
      "dir": "in",
      "width": "1"
    },
    "ap_done": {
      "dir": "out",
      "width": "1"
    },
    "ap_idle": {
      "dir": "out",
      "width": "1"
    },
    "ap_ready": {
      "dir": "out",
      "width": "1"
    },
    "fc1_input_input_ap_vld": {
      "dir": "in",
      "width": "1"
    },
    "fc1_input_input": {
      "dir": "in",
      "width": "12544"
    },
    "layer13_out_0": {
      "dir": "out",
      "width": "16"
    },
    "layer13_out_0_ap_vld": {
      "dir": "out",
      "width": "1"
    },
    "layer13_out_1": {
      "dir": "out",
      "width": "16"
    },
    "layer13_out_1_ap_vld": {
      "dir": "out",
      "width": "1"
    }
  },
  "ModuleInfo": {
    "Hierarchy": {
      "ModuleName": "myproject",
      "Instances": [
        {
          "ModuleName": "dense_latency_ap_fixed_16_6_5_3_0_ap_fixed_16_6_5_3_0_config2_s",
          "InstanceName": "grp_dense_latency_ap_fixed_16_6_5_3_0_ap_fixed_16_6_5_3_0_config2_s_fu_66"
        },
        {
          "ModuleName": "linear_ap_fixed_16_6_5_3_0_ap_fixed_16_7_4_0_0_linear_config4_s",
          "InstanceName": "call_ret2_linear_ap_fixed_16_6_5_3_0_ap_fixed_16_7_4_0_0_linear_config4_s_fu_72"
        },
        {
          "ModuleName": "dense_latency_ap_fixed_16_7_4_0_0_ap_fixed_16_6_5_3_0_config5_s",
          "InstanceName": "grp_dense_latency_ap_fixed_16_7_4_0_0_ap_fixed_16_6_5_3_0_config5_s_fu_81"
        },
        {
          "ModuleName": "linear_ap_fixed_16_6_5_3_0_ap_fixed_16_7_4_0_0_linear_config7_s",
          "InstanceName": "call_ret4_linear_ap_fixed_16_6_5_3_0_ap_fixed_16_7_4_0_0_linear_config7_s_fu_90"
        },
        {
          "ModuleName": "dense_latency_ap_fixed_16_7_4_0_0_ap_fixed_16_6_5_3_0_config8_s",
          "InstanceName": "grp_dense_latency_ap_fixed_16_7_4_0_0_ap_fixed_16_6_5_3_0_config8_s_fu_101"
        },
        {
          "ModuleName": "linear_ap_fixed_16_6_5_3_0_ap_fixed_16_7_4_0_0_linear_config10_s",
          "InstanceName": "call_ret6_linear_ap_fixed_16_6_5_3_0_ap_fixed_16_7_4_0_0_linear_config10_s_fu_112"
        },
        {
          "ModuleName": "dense_latency_ap_fixed_16_7_4_0_0_ap_fixed_16_6_5_3_0_config11_s",
          "InstanceName": "grp_dense_latency_ap_fixed_16_7_4_0_0_ap_fixed_16_6_5_3_0_config11_s_fu_125"
        },
        {
          "ModuleName": "sigmoid_ap_fixed_16_6_5_3_0_ap_fixed_16_6_5_3_0_sigmoid_config13_s",
          "InstanceName": "grp_sigmoid_ap_fixed_16_6_5_3_0_ap_fixed_16_6_5_3_0_sigmoid_config13_s_fu_138"
        }
      ]
    },
    "Info": {
      "dense_latency_ap_fixed_16_6_5_3_0_ap_fixed_16_6_5_3_0_config2_s": {
        "FunctionProtocol": "ap_ctrl_hs",
        "isTaskLevelControl": "0",
        "isPipelined": "1",
        "isCombinational": "0",
        "isOneStateSeq": "0"
      },
      "linear_ap_fixed_16_6_5_3_0_ap_fixed_16_7_4_0_0_linear_config4_s": {
        "FunctionProtocol": "ap_ctrl_hs",
        "isTaskLevelControl": "0",
        "isPipelined": "0",
        "isCombinational": "1",
        "isOneStateSeq": "0"
      },
      "dense_latency_ap_fixed_16_7_4_0_0_ap_fixed_16_6_5_3_0_config5_s": {
        "FunctionProtocol": "ap_ctrl_hs",
        "isTaskLevelControl": "0",
        "isPipelined": "1",
        "isCombinational": "0",
        "isOneStateSeq": "0"
      },
      "linear_ap_fixed_16_6_5_3_0_ap_fixed_16_7_4_0_0_linear_config7_s": {
        "FunctionProtocol": "ap_ctrl_hs",
        "isTaskLevelControl": "0",
        "isPipelined": "0",
        "isCombinational": "1",
        "isOneStateSeq": "0"
      },
      "dense_latency_ap_fixed_16_7_4_0_0_ap_fixed_16_6_5_3_0_config8_s": {
        "FunctionProtocol": "ap_ctrl_hs",
        "isTaskLevelControl": "0",
        "isPipelined": "1",
        "isCombinational": "0",
        "isOneStateSeq": "0"
      },
      "linear_ap_fixed_16_6_5_3_0_ap_fixed_16_7_4_0_0_linear_config10_s": {
        "FunctionProtocol": "ap_ctrl_hs",
        "isTaskLevelControl": "0",
        "isPipelined": "0",
        "isCombinational": "1",
        "isOneStateSeq": "0"
      },
      "dense_latency_ap_fixed_16_7_4_0_0_ap_fixed_16_6_5_3_0_config11_s": {
        "FunctionProtocol": "ap_ctrl_hs",
        "isTaskLevelControl": "0",
        "isPipelined": "1",
        "isCombinational": "0",
        "isOneStateSeq": "0"
      },
      "sigmoid_ap_fixed_16_6_5_3_0_ap_fixed_16_6_5_3_0_sigmoid_config13_s": {
        "FunctionProtocol": "ap_ctrl_hs",
        "isTaskLevelControl": "0",
        "isPipelined": "1",
        "isCombinational": "0",
        "isOneStateSeq": "0"
      },
      "myproject": {
        "FunctionProtocol": "ap_ctrl_hs",
        "isTaskLevelControl": "0",
        "isPipelined": "1",
        "isCombinational": "0",
        "isOneStateSeq": "0"
      }
    },
    "Metrics": {
      "dense_latency_ap_fixed_16_6_5_3_0_ap_fixed_16_6_5_3_0_config2_s": {
        "Latency": {
          "LatencyBest": "7",
          "LatencyAvg": "7",
          "LatencyWorst": "7",
          "PipelineII": "1",
          "PipelineDepth": "8",
          "PipelineType": "yes"
        },
        "Timing": {
          "Target": "5.00",
          "Uncertainty": "0.62",
          "Estimate": "3.947"
        },
        "Area": {
          "FF": "29482",
          "AVAIL_FF": "106400",
          "UTIL_FF": "27",
          "LUT": "33590",
          "AVAIL_LUT": "53200",
          "UTIL_LUT": "63",
          "BRAM_18K": "0",
          "AVAIL_BRAM": "280",
          "UTIL_BRAM": "0",
          "DSP": "0",
          "AVAIL_DSP": "220",
          "UTIL_DSP": "0",
          "URAM": "0",
          "AVAIL_URAM": "0",
          "UTIL_URAM": "0"
        }
      },
      "linear_ap_fixed_16_6_5_3_0_ap_fixed_16_7_4_0_0_linear_config4_s": {
        "Latency": {
          "LatencyBest": "0",
          "LatencyAvg": "0",
          "LatencyWorst": "0",
          "PipelineII": "1",
          "PipelineDepth": "1",
          "PipelineType": "yes"
        },
        "Timing": {
          "Target": "5.00",
          "Uncertainty": "0.62",
          "Estimate": "1.944"
        },
        "Area": {
          "FF": "0",
          "AVAIL_FF": "106400",
          "UTIL_FF": "0",
          "LUT": "125",
          "AVAIL_LUT": "53200",
          "UTIL_LUT": "~0",
          "BRAM_18K": "0",
          "AVAIL_BRAM": "280",
          "UTIL_BRAM": "0",
          "DSP": "0",
          "AVAIL_DSP": "220",
          "UTIL_DSP": "0",
          "URAM": "0",
          "AVAIL_URAM": "0",
          "UTIL_URAM": "0"
        }
      },
      "dense_latency_ap_fixed_16_7_4_0_0_ap_fixed_16_6_5_3_0_config5_s": {
        "Latency": {
          "LatencyBest": "3",
          "LatencyAvg": "3",
          "LatencyWorst": "3",
          "PipelineII": "1",
          "PipelineDepth": "4",
          "PipelineType": "yes"
        },
        "Timing": {
          "Target": "5.00",
          "Uncertainty": "0.62",
          "Estimate": "4.022"
        },
        "Area": {
          "DSP": "4",
          "AVAIL_DSP": "220",
          "UTIL_DSP": "1",
          "FF": "985",
          "AVAIL_FF": "106400",
          "UTIL_FF": "~0",
          "LUT": "839",
          "AVAIL_LUT": "53200",
          "UTIL_LUT": "1",
          "BRAM_18K": "0",
          "AVAIL_BRAM": "280",
          "UTIL_BRAM": "0",
          "URAM": "0",
          "AVAIL_URAM": "0",
          "UTIL_URAM": "0"
        }
      },
      "linear_ap_fixed_16_6_5_3_0_ap_fixed_16_7_4_0_0_linear_config7_s": {
        "Latency": {
          "LatencyBest": "0",
          "LatencyAvg": "0",
          "LatencyWorst": "0",
          "PipelineII": "1",
          "PipelineDepth": "1",
          "PipelineType": "yes"
        },
        "Timing": {
          "Target": "5.00",
          "Uncertainty": "0.62",
          "Estimate": "1.944"
        },
        "Area": {
          "FF": "0",
          "AVAIL_FF": "106400",
          "UTIL_FF": "0",
          "LUT": "175",
          "AVAIL_LUT": "53200",
          "UTIL_LUT": "~0",
          "BRAM_18K": "0",
          "AVAIL_BRAM": "280",
          "UTIL_BRAM": "0",
          "DSP": "0",
          "AVAIL_DSP": "220",
          "UTIL_DSP": "0",
          "URAM": "0",
          "AVAIL_URAM": "0",
          "UTIL_URAM": "0"
        }
      },
      "dense_latency_ap_fixed_16_7_4_0_0_ap_fixed_16_6_5_3_0_config8_s": {
        "Latency": {
          "LatencyBest": "3",
          "LatencyAvg": "3",
          "LatencyWorst": "3",
          "PipelineII": "1",
          "PipelineDepth": "4",
          "PipelineType": "yes"
        },
        "Timing": {
          "Target": "5.00",
          "Uncertainty": "0.62",
          "Estimate": "4.213"
        },
        "Area": {
          "FF": "872",
          "AVAIL_FF": "106400",
          "UTIL_FF": "~0",
          "LUT": "1497",
          "AVAIL_LUT": "53200",
          "UTIL_LUT": "2",
          "BRAM_18K": "0",
          "AVAIL_BRAM": "280",
          "UTIL_BRAM": "0",
          "DSP": "0",
          "AVAIL_DSP": "220",
          "UTIL_DSP": "0",
          "URAM": "0",
          "AVAIL_URAM": "0",
          "UTIL_URAM": "0"
        }
      },
      "linear_ap_fixed_16_6_5_3_0_ap_fixed_16_7_4_0_0_linear_config10_s": {
        "Latency": {
          "LatencyBest": "0",
          "LatencyAvg": "0",
          "LatencyWorst": "0",
          "PipelineII": "1",
          "PipelineDepth": "1",
          "PipelineType": "yes"
        },
        "Timing": {
          "Target": "5.00",
          "Uncertainty": "0.62",
          "Estimate": "1.944"
        },
        "Area": {
          "FF": "0",
          "AVAIL_FF": "106400",
          "UTIL_FF": "0",
          "LUT": "225",
          "AVAIL_LUT": "53200",
          "UTIL_LUT": "~0",
          "BRAM_18K": "0",
          "AVAIL_BRAM": "280",
          "UTIL_BRAM": "0",
          "DSP": "0",
          "AVAIL_DSP": "220",
          "UTIL_DSP": "0",
          "URAM": "0",
          "AVAIL_URAM": "0",
          "UTIL_URAM": "0"
        }
      },
      "dense_latency_ap_fixed_16_7_4_0_0_ap_fixed_16_6_5_3_0_config11_s": {
        "Latency": {
          "LatencyBest": "3",
          "LatencyAvg": "3",
          "LatencyWorst": "3",
          "PipelineII": "1",
          "PipelineDepth": "4",
          "PipelineType": "yes"
        },
        "Timing": {
          "Target": "5.00",
          "Uncertainty": "0.62",
          "Estimate": "4.022"
        },
        "Area": {
          "FF": "444",
          "AVAIL_FF": "106400",
          "UTIL_FF": "~0",
          "LUT": "520",
          "AVAIL_LUT": "53200",
          "UTIL_LUT": "~0",
          "BRAM_18K": "0",
          "AVAIL_BRAM": "280",
          "UTIL_BRAM": "0",
          "DSP": "0",
          "AVAIL_DSP": "220",
          "UTIL_DSP": "0",
          "URAM": "0",
          "AVAIL_URAM": "0",
          "UTIL_URAM": "0"
        }
      },
      "sigmoid_ap_fixed_16_6_5_3_0_ap_fixed_16_6_5_3_0_sigmoid_config13_s": {
        "Latency": {
          "LatencyBest": "3",
          "LatencyAvg": "3",
          "LatencyWorst": "3",
          "PipelineII": "1",
          "PipelineDepth": "4",
          "PipelineType": "yes"
        },
        "Timing": {
          "Target": "5.00",
          "Uncertainty": "0.62",
          "Estimate": "4.022"
        },
        "Area": {
          "BRAM_18K": "1",
          "AVAIL_BRAM": "280",
          "UTIL_BRAM": "~0",
          "FF": "74",
          "AVAIL_FF": "106400",
          "UTIL_FF": "~0",
          "LUT": "248",
          "AVAIL_LUT": "53200",
          "UTIL_LUT": "~0",
          "DSP": "0",
          "AVAIL_DSP": "220",
          "UTIL_DSP": "0",
          "URAM": "0",
          "AVAIL_URAM": "0",
          "UTIL_URAM": "0"
        }
      },
      "myproject": {
        "Latency": {
          "LatencyBest": "30",
          "LatencyAvg": "30",
          "LatencyWorst": "30",
          "PipelineII": "1",
          "PipelineDepth": "31",
          "PipelineType": "yes"
        },
        "Timing": {
          "Target": "5.00",
          "Uncertainty": "0.62",
          "Estimate": "4.213"
        },
        "Area": {
          "BRAM_18K": "1",
          "AVAIL_BRAM": "280",
          "UTIL_BRAM": "~0",
          "DSP": "4",
          "AVAIL_DSP": "220",
          "UTIL_DSP": "1",
          "FF": "45137",
          "AVAIL_FF": "106400",
          "UTIL_FF": "42",
          "LUT": "37259",
          "AVAIL_LUT": "53200",
          "UTIL_LUT": "70",
          "URAM": "0",
          "AVAIL_URAM": "0",
          "UTIL_URAM": "0"
        }
      }
    }
  },
  "GenerateBdFiles": "0",
  "GenData": {
    "DataVersion": "0.2",
    "Time": "2025-04-10 01:00:43 CEST",
    "ToolName": "vitis_hls",
    "ToolVersion": "2022.2"
  }
}
