{
  "Top": "myproject",
  "RtlTop": "myproject",
  "RtlPrefix": "",
  "RtlSubPrefix": "myproject_",
  "SourceLanguage": "cpp",
  "HostMachineBits": "64",
  "FunctionProtocol": "ap_ctrl_hs",
  "ResetStyle": "control",
  "Target": {
    "Family": "zynq",
    "Device": "xc7z020",
    "Package": "-clg484",
    "Speed": "-1",
    "Triple": "fpga64-xilinx-none"
  },
  "Args": {
    "fc1_input": {
      "index": "0",
      "direction": "in",
      "srcType": "stream<nnet::array<ap_fixed<16, 6, AP_TRN, AP_WRAP, 0>, 784>, 0>&",
      "srcSize": "12544",
      "hwRefs": [{
          "type": "interface",
          "interface": "fc1_input",
          "name": "",
          "usage": "data",
          "direction": "in"
        }]
    },
    "layer13_out": {
      "index": "1",
      "direction": "out",
      "srcType": "stream<nnet::array<ap_fixed<16, 6, AP_TRN, AP_WRAP, 0>, 10>, 0>&",
      "srcSize": "160",
      "hwRefs": [{
          "type": "interface",
          "interface": "layer13_out",
          "name": "",
          "usage": "data",
          "direction": "out"
        }]
    }
  },
  "HlsSolution": {
    "FlowTarget": "vivado",
    "ConfigTcl": [
      "config_interface -m_axi_latency=0",
      "config_compile -name_max_length=80",
      "config_compile -complex-mul-dsp=0",
      "config_schedule -enable_dsp_full_reg=0"
    ],
    "DirectiveTcl": ["set_directive_top myproject -name myproject"],
    "ProfileOption": "0",
    "ProfileType": "none",
    "KernelName": "myproject"
  },
  "ClockInfo": {
    "ClockName": "ap_clk",
    "ClockPeriod": "5",
    "Uncertainty": "0.625",
    "IsCombinational": "0",
    "II": "19",
    "Latency": "39"
  },
  "Xdc": {"OocClocks": ["create_clock -name ap_clk -period 5.000 [get_ports ap_clk]"]},
  "Ipx": {
    "Vendor": "xilinx.com",
    "Library": "hls",
    "Name": "myproject",
    "Version": "1.0",
    "DisplayName": "Myproject",
    "Revision": "2114035030",
    "Description": "An IP generated by Vitis HLS",
    "Taxonomy": "\/VITIS_HLS_IP",
    "AutoFamilySupport": "",
    "ZipFile": "xilinx_com_hls_myproject_1_0.zip"
  },
  "Files": {
    "CSource": ["..\/..\/firmware\/myproject.cpp"],
    "Vhdl": [
      "impl\/vhdl\/myproject_dense_array_ap_fixed_784u_array_ap_fixed_16_6_5_3_0_4u_config2_s.vhd",
      "impl\/vhdl\/myproject_dense_array_ap_int_4_2u_array_ap_fixed_16_6_5_3_0_10u_config11_s.vhd",
      "impl\/vhdl\/myproject_dense_array_ap_int_4_3u_array_ap_fixed_16_6_5_3_0_2u_config8_s.vhd",
      "impl\/vhdl\/myproject_dense_array_ap_int_4_4u_array_ap_fixed_16_6_5_3_0_3u_config5_s.vhd",
      "impl\/vhdl\/myproject_fifo_w8_d1_S.vhd",
      "impl\/vhdl\/myproject_fifo_w12_d1_S.vhd",
      "impl\/vhdl\/myproject_fifo_w16_d1_S.vhd",
      "impl\/vhdl\/myproject_fifo_w32_d1_S.vhd",
      "impl\/vhdl\/myproject_fifo_w48_d1_S.vhd",
      "impl\/vhdl\/myproject_fifo_w64_d1_S.vhd",
      "impl\/vhdl\/myproject_fifo_w160_d1_S.vhd",
      "impl\/vhdl\/myproject_linear_array_ap_fixed_2u_array_ap_int_4_2u_linear_config10_s.vhd",
      "impl\/vhdl\/myproject_linear_array_ap_fixed_3u_array_ap_int_4_3u_linear_config7_s.vhd",
      "impl\/vhdl\/myproject_linear_array_ap_fixed_4u_array_ap_int_4_4u_linear_config4_s.vhd",
      "impl\/vhdl\/myproject_mul_18s_17ns_26_2_1.vhd",
      "impl\/vhdl\/myproject_regslice_both.vhd",
      "impl\/vhdl\/myproject_softmax_array_array_ap_fixed_16_6_5_3_0_10u_softmax_config13_s.vhd",
      "impl\/vhdl\/myproject_softmax_stable_array_array_ap_fixed_16_6_5_3_0_10u_softmax_config13_s.vhd",
      "impl\/vhdl\/myproject_softmax_stable_array_array_ap_fixed_16_6_5_3_0_10u_softmax_config13_s_exp_tabbkb.vhd",
      "impl\/vhdl\/myproject_softmax_stable_array_array_ap_fixed_16_6_5_3_0_10u_softmax_config13_s_invert_cud.vhd",
      "impl\/vhdl\/myproject_start_for_dense_array_ap_int_4_2u_array_ap_fixed_16_6_5_3_0_10u_config11_U0.vhd",
      "impl\/vhdl\/myproject_start_for_dense_array_ap_int_4_3u_array_ap_fixed_16_6_5_3_0_2u_config8_U0.vhd",
      "impl\/vhdl\/myproject_start_for_dense_array_ap_int_4_4u_array_ap_fixed_16_6_5_3_0_3u_config5_U0.vhd",
      "impl\/vhdl\/myproject_start_for_linear_array_ap_fixed_2u_array_ap_int_4_2u_linear_config10_U0.vhd",
      "impl\/vhdl\/myproject_start_for_linear_array_ap_fixed_3u_array_ap_int_4_3u_linear_config7_U0.vhd",
      "impl\/vhdl\/myproject_start_for_linear_array_ap_fixed_4u_array_ap_int_4_4u_linear_config4_U0.vhd",
      "impl\/vhdl\/myproject_start_for_softmax_array_array_ap_fixed_16_6_5_3_0_10u_softmax_config13_U0.vhd",
      "impl\/vhdl\/myproject.vhd"
    ],
    "Verilog": [
      "impl\/verilog\/myproject_dense_array_ap_fixed_784u_array_ap_fixed_16_6_5_3_0_4u_config2_s.v",
      "impl\/verilog\/myproject_dense_array_ap_int_4_2u_array_ap_fixed_16_6_5_3_0_10u_config11_s.v",
      "impl\/verilog\/myproject_dense_array_ap_int_4_3u_array_ap_fixed_16_6_5_3_0_2u_config8_s.v",
      "impl\/verilog\/myproject_dense_array_ap_int_4_4u_array_ap_fixed_16_6_5_3_0_3u_config5_s.v",
      "impl\/verilog\/myproject_fifo_w8_d1_S.v",
      "impl\/verilog\/myproject_fifo_w12_d1_S.v",
      "impl\/verilog\/myproject_fifo_w16_d1_S.v",
      "impl\/verilog\/myproject_fifo_w32_d1_S.v",
      "impl\/verilog\/myproject_fifo_w48_d1_S.v",
      "impl\/verilog\/myproject_fifo_w64_d1_S.v",
      "impl\/verilog\/myproject_fifo_w160_d1_S.v",
      "impl\/verilog\/myproject_linear_array_ap_fixed_2u_array_ap_int_4_2u_linear_config10_s.v",
      "impl\/verilog\/myproject_linear_array_ap_fixed_3u_array_ap_int_4_3u_linear_config7_s.v",
      "impl\/verilog\/myproject_linear_array_ap_fixed_4u_array_ap_int_4_4u_linear_config4_s.v",
      "impl\/verilog\/myproject_mul_18s_17ns_26_2_1.v",
      "impl\/verilog\/myproject_regslice_both.v",
      "impl\/verilog\/myproject_softmax_array_array_ap_fixed_16_6_5_3_0_10u_softmax_config13_s.v",
      "impl\/verilog\/myproject_softmax_stable_array_array_ap_fixed_16_6_5_3_0_10u_softmax_config13_s.v",
      "impl\/verilog\/myproject_softmax_stable_array_array_ap_fixed_16_6_5_3_0_10u_softmax_config13_s_exp_tabbkb.dat",
      "impl\/verilog\/myproject_softmax_stable_array_array_ap_fixed_16_6_5_3_0_10u_softmax_config13_s_exp_tabbkb.v",
      "impl\/verilog\/myproject_softmax_stable_array_array_ap_fixed_16_6_5_3_0_10u_softmax_config13_s_invert_cud.dat",
      "impl\/verilog\/myproject_softmax_stable_array_array_ap_fixed_16_6_5_3_0_10u_softmax_config13_s_invert_cud.v",
      "impl\/verilog\/myproject_start_for_dense_array_ap_int_4_2u_array_ap_fixed_16_6_5_3_0_10u_config11_U0.v",
      "impl\/verilog\/myproject_start_for_dense_array_ap_int_4_3u_array_ap_fixed_16_6_5_3_0_2u_config8_U0.v",
      "impl\/verilog\/myproject_start_for_dense_array_ap_int_4_4u_array_ap_fixed_16_6_5_3_0_3u_config5_U0.v",
      "impl\/verilog\/myproject_start_for_linear_array_ap_fixed_2u_array_ap_int_4_2u_linear_config10_U0.v",
      "impl\/verilog\/myproject_start_for_linear_array_ap_fixed_3u_array_ap_int_4_3u_linear_config7_U0.v",
      "impl\/verilog\/myproject_start_for_linear_array_ap_fixed_4u_array_ap_int_4_4u_linear_config4_U0.v",
      "impl\/verilog\/myproject_start_for_softmax_array_array_ap_fixed_16_6_5_3_0_10u_softmax_config13_U0.v",
      "impl\/verilog\/myproject.v"
    ],
    "IpMisc": ["impl\/misc\/logo.png"],
    "CsynthXml": "syn\/report\/csynth.xml",
    "DebugDir": ".debug",
    "KernelXml": ".autopilot\/db\/kernel.internal.xml",
    "Xo": "",
    "XoHlsDir": "",
    "ProtoInst": [".debug\/myproject.protoinst"]
  },
  "SubcoreInfo": {
    "HasXpmMemory": false,
    "HasClockedDsp": false,
    "Ip": []
  },
  "Interfaces": {
    "fc1_input": {
      "type": "axi4stream",
      "busTypeName": "axis",
      "mode": "slave",
      "dataWidth": "12544",
      "portPrefix": "fc1_input_",
      "ports": [
        "fc1_input_TDATA",
        "fc1_input_TREADY",
        "fc1_input_TVALID"
      ],
      "constraints": [{
          "constraint_type": "pragma interface",
          "mode": "axis",
          "register_option": "0",
          "register_mode": "both",
          "argName": "fc1_input"
        }]
    },
    "layer13_out": {
      "type": "axi4stream",
      "busTypeName": "axis",
      "mode": "master",
      "dataWidth": "160",
      "portPrefix": "layer13_out_",
      "ports": [
        "layer13_out_TDATA",
        "layer13_out_TREADY",
        "layer13_out_TVALID"
      ],
      "constraints": [{
          "constraint_type": "pragma interface",
          "mode": "axis",
          "register_option": "0",
          "register_mode": "both",
          "argName": "layer13_out"
        }]
    },
    "ap_clk": {
      "type": "clock",
      "busTypeName": "clock",
      "mode": "slave",
      "busParams": {
        "ASSOCIATED_BUSIF": "fc1_input:layer13_out",
        "ASSOCIATED_RESET": "ap_rst_n"
      },
      "portMap": {"ap_clk": "CLK"},
      "ports": ["ap_clk"]
    },
    "ap_rst_n": {
      "type": "reset",
      "busTypeName": "reset",
      "mode": "slave",
      "busParams": {"POLARITY": "ACTIVE_LOW"},
      "portMap": {"ap_rst_n": "RST"},
      "ports": ["ap_rst_n"]
    },
    "ap_ctrl": {
      "type": "ap_ctrl",
      "busTypeName": "acc_handshake",
      "mode": "slave",
      "portMap": {
        "ap_start": "start",
        "ap_done": "done",
        "ap_ready": "ready",
        "ap_idle": "idle"
      },
      "ports": [
        "ap_done",
        "ap_idle",
        "ap_ready",
        "ap_start"
      ]
    }
  },
  "RtlPorts": {
    "fc1_input_TDATA": {
      "dir": "in",
      "width": "12544"
    },
    "fc1_input_TVALID": {
      "dir": "in",
      "width": "1"
    },
    "fc1_input_TREADY": {
      "dir": "out",
      "width": "1"
    },
    "layer13_out_TDATA": {
      "dir": "out",
      "width": "160"
    },
    "layer13_out_TVALID": {
      "dir": "out",
      "width": "1"
    },
    "layer13_out_TREADY": {
      "dir": "in",
      "width": "1"
    },
    "ap_clk": {
      "dir": "in",
      "width": "1"
    },
    "ap_rst_n": {
      "dir": "in",
      "width": "1"
    },
    "ap_start": {
      "dir": "in",
      "width": "1"
    },
    "ap_done": {
      "dir": "out",
      "width": "1"
    },
    "ap_ready": {
      "dir": "out",
      "width": "1"
    },
    "ap_idle": {
      "dir": "out",
      "width": "1"
    }
  },
  "ModuleInfo": {
    "Hierarchy": {
      "ModuleName": "myproject",
      "Instances": [
        {
          "ModuleName": "dense_array_ap_fixed_784u_array_ap_fixed_16_6_5_3_0_4u_config2_s",
          "InstanceName": "dense_array_ap_fixed_784u_array_ap_fixed_16_6_5_3_0_4u_config2_U0"
        },
        {
          "ModuleName": "linear_array_ap_fixed_4u_array_ap_int_4_4u_linear_config4_s",
          "InstanceName": "linear_array_ap_fixed_4u_array_ap_int_4_4u_linear_config4_U0"
        },
        {
          "ModuleName": "dense_array_ap_int_4_4u_array_ap_fixed_16_6_5_3_0_3u_config5_s",
          "InstanceName": "dense_array_ap_int_4_4u_array_ap_fixed_16_6_5_3_0_3u_config5_U0"
        },
        {
          "ModuleName": "linear_array_ap_fixed_3u_array_ap_int_4_3u_linear_config7_s",
          "InstanceName": "linear_array_ap_fixed_3u_array_ap_int_4_3u_linear_config7_U0"
        },
        {
          "ModuleName": "dense_array_ap_int_4_3u_array_ap_fixed_16_6_5_3_0_2u_config8_s",
          "InstanceName": "dense_array_ap_int_4_3u_array_ap_fixed_16_6_5_3_0_2u_config8_U0"
        },
        {
          "ModuleName": "linear_array_ap_fixed_2u_array_ap_int_4_2u_linear_config10_s",
          "InstanceName": "linear_array_ap_fixed_2u_array_ap_int_4_2u_linear_config10_U0"
        },
        {
          "ModuleName": "dense_array_ap_int_4_2u_array_ap_fixed_16_6_5_3_0_10u_config11_s",
          "InstanceName": "dense_array_ap_int_4_2u_array_ap_fixed_16_6_5_3_0_10u_config11_U0"
        },
        {
          "ModuleName": "softmax_array_array_ap_fixed_16_6_5_3_0_10u_softmax_config13_s",
          "InstanceName": "softmax_array_array_ap_fixed_16_6_5_3_0_10u_softmax_config13_U0",
          "Instances": [{
              "ModuleName": "softmax_stable_array_array_ap_fixed_16_6_5_3_0_10u_softmax_config13_s",
              "InstanceName": "grp_softmax_stable_array_array_ap_fixed_16_6_5_3_0_10u_softmax_config13_s_fu_26"
            }]
        }
      ]
    },
    "Info": {
      "dense_array_ap_fixed_784u_array_ap_fixed_16_6_5_3_0_4u_config2_s": {
        "FunctionProtocol": "ap_ctrl_hs",
        "isTaskLevelControl": "0",
        "isPipelined": "0",
        "isCombinational": "0",
        "isOneStateSeq": "0"
      },
      "linear_array_ap_fixed_4u_array_ap_int_4_4u_linear_config4_s": {
        "FunctionProtocol": "ap_ctrl_hs",
        "isTaskLevelControl": "0",
        "isPipelined": "0",
        "isCombinational": "0",
        "isOneStateSeq": "0"
      },
      "dense_array_ap_int_4_4u_array_ap_fixed_16_6_5_3_0_3u_config5_s": {
        "FunctionProtocol": "ap_ctrl_hs",
        "isTaskLevelControl": "0",
        "isPipelined": "0",
        "isCombinational": "0",
        "isOneStateSeq": "0"
      },
      "linear_array_ap_fixed_3u_array_ap_int_4_3u_linear_config7_s": {
        "FunctionProtocol": "ap_ctrl_hs",
        "isTaskLevelControl": "0",
        "isPipelined": "0",
        "isCombinational": "0",
        "isOneStateSeq": "0"
      },
      "dense_array_ap_int_4_3u_array_ap_fixed_16_6_5_3_0_2u_config8_s": {
        "FunctionProtocol": "ap_ctrl_hs",
        "isTaskLevelControl": "0",
        "isPipelined": "0",
        "isCombinational": "0",
        "isOneStateSeq": "0"
      },
      "linear_array_ap_fixed_2u_array_ap_int_4_2u_linear_config10_s": {
        "FunctionProtocol": "ap_ctrl_hs",
        "isTaskLevelControl": "0",
        "isPipelined": "0",
        "isCombinational": "0",
        "isOneStateSeq": "0"
      },
      "dense_array_ap_int_4_2u_array_ap_fixed_16_6_5_3_0_10u_config11_s": {
        "FunctionProtocol": "ap_ctrl_hs",
        "isTaskLevelControl": "0",
        "isPipelined": "0",
        "isCombinational": "0",
        "isOneStateSeq": "0"
      },
      "softmax_stable_array_array_ap_fixed_16_6_5_3_0_10u_softmax_config13_s": {
        "FunctionProtocol": "ap_ctrl_hs",
        "isTaskLevelControl": "0",
        "isPipelined": "0",
        "isCombinational": "0",
        "isOneStateSeq": "0"
      },
      "softmax_array_array_ap_fixed_16_6_5_3_0_10u_softmax_config13_s": {
        "FunctionProtocol": "ap_ctrl_hs",
        "isTaskLevelControl": "0",
        "isPipelined": "0",
        "isCombinational": "0",
        "isOneStateSeq": "0"
      },
      "myproject": {
        "FunctionProtocol": "ap_ctrl_hs",
        "isTaskLevelControl": "0",
        "isPipelined": "1",
        "isCombinational": "0",
        "isOneStateSeq": "0"
      }
    },
    "Metrics": {
      "dense_array_ap_fixed_784u_array_ap_fixed_16_6_5_3_0_4u_config2_s": {
        "Latency": {
          "LatencyBest": "7",
          "LatencyAvg": "7",
          "LatencyWorst": "7",
          "PipelineII": "7",
          "PipelineDepth": "",
          "PipelineType": "no"
        },
        "Timing": {
          "Target": "5.00",
          "Uncertainty": "0.62",
          "Estimate": "4.372"
        },
        "Area": {
          "FF": "976",
          "AVAIL_FF": "106400",
          "UTIL_FF": "~0",
          "LUT": "4588",
          "AVAIL_LUT": "53200",
          "UTIL_LUT": "8",
          "BRAM_18K": "0",
          "AVAIL_BRAM": "280",
          "UTIL_BRAM": "0",
          "DSP": "0",
          "AVAIL_DSP": "220",
          "UTIL_DSP": "0",
          "URAM": "0",
          "AVAIL_URAM": "0",
          "UTIL_URAM": "0"
        }
      },
      "linear_array_ap_fixed_4u_array_ap_int_4_4u_linear_config4_s": {
        "Latency": {
          "LatencyBest": "1",
          "LatencyAvg": "1",
          "LatencyWorst": "1",
          "PipelineII": "1",
          "PipelineDepth": "",
          "PipelineType": "no"
        },
        "Timing": {
          "Target": "5.00",
          "Uncertainty": "0.62",
          "Estimate": "3.958"
        },
        "Area": {
          "FF": "104",
          "AVAIL_FF": "106400",
          "UTIL_FF": "~0",
          "LUT": "180",
          "AVAIL_LUT": "53200",
          "UTIL_LUT": "~0",
          "BRAM_18K": "0",
          "AVAIL_BRAM": "280",
          "UTIL_BRAM": "0",
          "DSP": "0",
          "AVAIL_DSP": "220",
          "UTIL_DSP": "0",
          "URAM": "0",
          "AVAIL_URAM": "0",
          "UTIL_URAM": "0"
        }
      },
      "dense_array_ap_int_4_4u_array_ap_fixed_16_6_5_3_0_3u_config5_s": {
        "Latency": {
          "LatencyBest": "2",
          "LatencyAvg": "2",
          "LatencyWorst": "2",
          "PipelineII": "2",
          "PipelineDepth": "",
          "PipelineType": "no"
        },
        "Timing": {
          "Target": "5.00",
          "Uncertainty": "0.62",
          "Estimate": "4.343"
        },
        "Area": {
          "FF": "21",
          "AVAIL_FF": "106400",
          "UTIL_FF": "~0",
          "LUT": "117",
          "AVAIL_LUT": "53200",
          "UTIL_LUT": "~0",
          "BRAM_18K": "0",
          "AVAIL_BRAM": "280",
          "UTIL_BRAM": "0",
          "DSP": "0",
          "AVAIL_DSP": "220",
          "UTIL_DSP": "0",
          "URAM": "0",
          "AVAIL_URAM": "0",
          "UTIL_URAM": "0"
        }
      },
      "linear_array_ap_fixed_3u_array_ap_int_4_3u_linear_config7_s": {
        "Latency": {
          "LatencyBest": "1",
          "LatencyAvg": "1",
          "LatencyWorst": "1",
          "PipelineII": "1",
          "PipelineDepth": "",
          "PipelineType": "no"
        },
        "Timing": {
          "Target": "5.00",
          "Uncertainty": "0.62",
          "Estimate": "3.958"
        },
        "Area": {
          "FF": "79",
          "AVAIL_FF": "106400",
          "UTIL_FF": "~0",
          "LUT": "148",
          "AVAIL_LUT": "53200",
          "UTIL_LUT": "~0",
          "BRAM_18K": "0",
          "AVAIL_BRAM": "280",
          "UTIL_BRAM": "0",
          "DSP": "0",
          "AVAIL_DSP": "220",
          "UTIL_DSP": "0",
          "URAM": "0",
          "AVAIL_URAM": "0",
          "UTIL_URAM": "0"
        }
      },
      "dense_array_ap_int_4_3u_array_ap_fixed_16_6_5_3_0_2u_config8_s": {
        "Latency": {
          "LatencyBest": "1",
          "LatencyAvg": "1",
          "LatencyWorst": "1",
          "PipelineII": "1",
          "PipelineDepth": "",
          "PipelineType": "no"
        },
        "Timing": {
          "Target": "5.00",
          "Uncertainty": "0.62",
          "Estimate": "4.258"
        },
        "Area": {
          "FF": "6",
          "AVAIL_FF": "106400",
          "UTIL_FF": "~0",
          "LUT": "56",
          "AVAIL_LUT": "53200",
          "UTIL_LUT": "~0",
          "BRAM_18K": "0",
          "AVAIL_BRAM": "280",
          "UTIL_BRAM": "0",
          "DSP": "0",
          "AVAIL_DSP": "220",
          "UTIL_DSP": "0",
          "URAM": "0",
          "AVAIL_URAM": "0",
          "UTIL_URAM": "0"
        }
      },
      "linear_array_ap_fixed_2u_array_ap_int_4_2u_linear_config10_s": {
        "Latency": {
          "LatencyBest": "1",
          "LatencyAvg": "1",
          "LatencyWorst": "1",
          "PipelineII": "1",
          "PipelineDepth": "",
          "PipelineType": "no"
        },
        "Timing": {
          "Target": "5.00",
          "Uncertainty": "0.62",
          "Estimate": "3.958"
        },
        "Area": {
          "FF": "54",
          "AVAIL_FF": "106400",
          "UTIL_FF": "~0",
          "LUT": "116",
          "AVAIL_LUT": "53200",
          "UTIL_LUT": "~0",
          "BRAM_18K": "0",
          "AVAIL_BRAM": "280",
          "UTIL_BRAM": "0",
          "DSP": "0",
          "AVAIL_DSP": "220",
          "UTIL_DSP": "0",
          "URAM": "0",
          "AVAIL_URAM": "0",
          "UTIL_URAM": "0"
        }
      },
      "dense_array_ap_int_4_2u_array_ap_fixed_16_6_5_3_0_10u_config11_s": {
        "Latency": {
          "LatencyBest": "1",
          "LatencyAvg": "1",
          "LatencyWorst": "1",
          "PipelineII": "1",
          "PipelineDepth": "",
          "PipelineType": "no"
        },
        "Timing": {
          "Target": "5.00",
          "Uncertainty": "0.62",
          "Estimate": "3.837"
        },
        "Area": {
          "FF": "6",
          "AVAIL_FF": "106400",
          "UTIL_FF": "~0",
          "LUT": "355",
          "AVAIL_LUT": "53200",
          "UTIL_LUT": "~0",
          "BRAM_18K": "0",
          "AVAIL_BRAM": "280",
          "UTIL_BRAM": "0",
          "DSP": "0",
          "AVAIL_DSP": "220",
          "UTIL_DSP": "0",
          "URAM": "0",
          "AVAIL_URAM": "0",
          "UTIL_URAM": "0"
        }
      },
      "softmax_stable_array_array_ap_fixed_16_6_5_3_0_10u_softmax_config13_s": {
        "Latency": {
          "LatencyBest": "16",
          "LatencyAvg": "16",
          "LatencyWorst": "16",
          "PipelineII": "16",
          "PipelineDepth": "",
          "PipelineType": "no"
        },
        "Timing": {
          "Target": "5.00",
          "Uncertainty": "0.62",
          "Estimate": "4.092"
        },
        "Area": {
          "BRAM_18K": "5",
          "AVAIL_BRAM": "280",
          "UTIL_BRAM": "1",
          "DSP": "10",
          "AVAIL_DSP": "220",
          "UTIL_DSP": "4",
          "FF": "1505",
          "AVAIL_FF": "106400",
          "UTIL_FF": "1",
          "LUT": "1688",
          "AVAIL_LUT": "53200",
          "UTIL_LUT": "3",
          "URAM": "0",
          "AVAIL_URAM": "0",
          "UTIL_URAM": "0"
        }
      },
      "softmax_array_array_ap_fixed_16_6_5_3_0_10u_softmax_config13_s": {
        "Latency": {
          "LatencyBest": "18",
          "LatencyAvg": "18",
          "LatencyWorst": "18",
          "PipelineII": "18",
          "PipelineDepth": "",
          "PipelineType": "no"
        },
        "Timing": {
          "Target": "5.00",
          "Uncertainty": "0.62",
          "Estimate": "4.092"
        },
        "Area": {
          "BRAM_18K": "5",
          "AVAIL_BRAM": "280",
          "UTIL_BRAM": "1",
          "DSP": "10",
          "AVAIL_DSP": "220",
          "UTIL_DSP": "4",
          "FF": "1510",
          "AVAIL_FF": "106400",
          "UTIL_FF": "1",
          "LUT": "1730",
          "AVAIL_LUT": "53200",
          "UTIL_LUT": "3",
          "URAM": "0",
          "AVAIL_URAM": "0",
          "UTIL_URAM": "0"
        }
      },
      "myproject": {
        "Latency": {
          "LatencyBest": "39",
          "LatencyAvg": "39",
          "LatencyWorst": "39",
          "PipelineII": "19",
          "PipelineDepth": "",
          "PipelineType": "dataflow"
        },
        "Timing": {
          "Target": "5.00",
          "Uncertainty": "0.62",
          "Estimate": "4.372"
        },
        "Area": {
          "BRAM_18K": "5",
          "AVAIL_BRAM": "280",
          "UTIL_BRAM": "1",
          "DSP": "10",
          "AVAIL_DSP": "220",
          "UTIL_DSP": "4",
          "FF": "3449",
          "AVAIL_FF": "106400",
          "UTIL_FF": "3",
          "LUT": "7768",
          "AVAIL_LUT": "53200",
          "UTIL_LUT": "14",
          "URAM": "0",
          "AVAIL_URAM": "0",
          "UTIL_URAM": "0"
        }
      }
    }
  },
  "GenerateBdFiles": "0",
  "GenData": {
    "DataVersion": "0.2",
    "Time": "2025-04-11 08:10:54 CEST",
    "ToolName": "vitis_hls",
    "ToolVersion": "2022.2"
  }
}
